
Cell sky130_fd_sc_hd__fill_2 (0) disconnected node: VGND
Cell sky130_fd_sc_hd__fill_2 (0) disconnected node: VNB
Cell sky130_fd_sc_hd__fill_2 (0) disconnected node: VPB
Cell sky130_fd_sc_hd__fill_2 (0) disconnected node: VPWR
Cell sky130_fd_sc_hd__fill_2 (1) disconnected node: VGND
Cell sky130_fd_sc_hd__fill_2 (1) disconnected node: VNB
Cell sky130_fd_sc_hd__fill_2 (1) disconnected node: VPB
Cell sky130_fd_sc_hd__fill_2 (1) disconnected node: VPWR

Subcircuit pins:
Circuit 1: sky130_fd_sc_hd__fill_2         |Circuit 2: sky130_fd_sc_hd__fill_2         
-------------------------------------------|-------------------------------------------
VGND                                       |VGND                                       
VNB                                        |VNB                                        
VPB                                        |VPB                                        
VPWR                                       |VPWR                                       
---------------------------------------------------------------------------------------
Cell pin lists are equivalent.
Device classes sky130_fd_sc_hd__fill_2 and sky130_fd_sc_hd__fill_2 are equivalent.

Cell sky130_fd_sc_hd__decap_3 (0) disconnected node: VGND
Cell sky130_fd_sc_hd__decap_3 (0) disconnected node: VNB
Cell sky130_fd_sc_hd__decap_3 (0) disconnected node: VPB
Cell sky130_fd_sc_hd__decap_3 (0) disconnected node: VPWR

Subcircuit pins:
Circuit 1: sky130_fd_sc_hd__decap_3        |Circuit 2: sky130_fd_sc_hd__decap_3        
-------------------------------------------|-------------------------------------------
VGND                                       |VGND                                       
VNB                                        |VNB                                        
VPB                                        |VPB                                        
VPWR                                       |VPWR                                       
---------------------------------------------------------------------------------------
Cell pin lists are equivalent.
Device classes sky130_fd_sc_hd__decap_3 and sky130_fd_sc_hd__decap_3 are equivalent.

Cell sky130_fd_sc_hd__fill_1 (0) disconnected node: VGND
Cell sky130_fd_sc_hd__fill_1 (0) disconnected node: VNB
Cell sky130_fd_sc_hd__fill_1 (0) disconnected node: VPB
Cell sky130_fd_sc_hd__fill_1 (0) disconnected node: VPWR
Cell sky130_fd_sc_hd__fill_1 (1) disconnected node: VGND
Cell sky130_fd_sc_hd__fill_1 (1) disconnected node: VNB
Cell sky130_fd_sc_hd__fill_1 (1) disconnected node: VPB
Cell sky130_fd_sc_hd__fill_1 (1) disconnected node: VPWR

Subcircuit pins:
Circuit 1: sky130_fd_sc_hd__fill_1         |Circuit 2: sky130_fd_sc_hd__fill_1         
-------------------------------------------|-------------------------------------------
VGND                                       |VGND                                       
VNB                                        |VNB                                        
VPB                                        |VPB                                        
VPWR                                       |VPWR                                       
---------------------------------------------------------------------------------------
Cell pin lists are equivalent.
Device classes sky130_fd_sc_hd__fill_1 and sky130_fd_sc_hd__fill_1 are equivalent.

Cell sky130_fd_sc_hd__dfxtp_2 (0) disconnected node: CLK
Cell sky130_fd_sc_hd__dfxtp_2 (0) disconnected node: D
Cell sky130_fd_sc_hd__dfxtp_2 (0) disconnected node: VGND
Cell sky130_fd_sc_hd__dfxtp_2 (0) disconnected node: VNB
Cell sky130_fd_sc_hd__dfxtp_2 (0) disconnected node: VPB
Cell sky130_fd_sc_hd__dfxtp_2 (0) disconnected node: VPWR
Cell sky130_fd_sc_hd__dfxtp_2 (0) disconnected node: Q

Subcircuit pins:
Circuit 1: sky130_fd_sc_hd__dfxtp_2        |Circuit 2: sky130_fd_sc_hd__dfxtp_2        
-------------------------------------------|-------------------------------------------
CLK                                        |CLK                                        
D                                          |D                                          
VGND                                       |VGND                                       
VNB                                        |VNB                                        
VPB                                        |VPB                                        
VPWR                                       |VPWR                                       
Q                                          |Q                                          
---------------------------------------------------------------------------------------
Cell pin lists are equivalent.
Device classes sky130_fd_sc_hd__dfxtp_2 and sky130_fd_sc_hd__dfxtp_2 are equivalent.

Cell sky130_fd_sc_hd__nand2_2 (0) disconnected node: A
Cell sky130_fd_sc_hd__nand2_2 (0) disconnected node: B
Cell sky130_fd_sc_hd__nand2_2 (0) disconnected node: VGND
Cell sky130_fd_sc_hd__nand2_2 (0) disconnected node: VNB
Cell sky130_fd_sc_hd__nand2_2 (0) disconnected node: VPB
Cell sky130_fd_sc_hd__nand2_2 (0) disconnected node: VPWR
Cell sky130_fd_sc_hd__nand2_2 (0) disconnected node: Y

Subcircuit pins:
Circuit 1: sky130_fd_sc_hd__nand2_2        |Circuit 2: sky130_fd_sc_hd__nand2_2        
-------------------------------------------|-------------------------------------------
A                                          |A                                          
B                                          |B                                          
VGND                                       |VGND                                       
VNB                                        |VNB                                        
VPB                                        |VPB                                        
VPWR                                       |VPWR                                       
Y                                          |Y                                          
---------------------------------------------------------------------------------------
Cell pin lists are equivalent.
Device classes sky130_fd_sc_hd__nand2_2 and sky130_fd_sc_hd__nand2_2 are equivalent.

Cell sky130_fd_sc_hd__tapvpwrvgnd_1 (0) disconnected node: VGND
Cell sky130_fd_sc_hd__tapvpwrvgnd_1 (0) disconnected node: VPWR
Cell sky130_fd_sc_hd__tapvpwrvgnd_1 (1) disconnected node: VGND
Cell sky130_fd_sc_hd__tapvpwrvgnd_1 (1) disconnected node: VPWR

Subcircuit pins:
Circuit 1: sky130_fd_sc_hd__tapvpwrvgnd_1  |Circuit 2: sky130_fd_sc_hd__tapvpwrvgnd_1  
-------------------------------------------|-------------------------------------------
VGND                                       |VGND                                       
VPWR                                       |VPWR                                       
---------------------------------------------------------------------------------------
Cell pin lists are equivalent.
Device classes sky130_fd_sc_hd__tapvpwrvgnd_1 and sky130_fd_sc_hd__tapvpwrvgnd_1 are equivalent.

Cell sky130_fd_sc_hd__mux2_2 (0) disconnected node: A0
Cell sky130_fd_sc_hd__mux2_2 (0) disconnected node: A1
Cell sky130_fd_sc_hd__mux2_2 (0) disconnected node: S
Cell sky130_fd_sc_hd__mux2_2 (0) disconnected node: VGND
Cell sky130_fd_sc_hd__mux2_2 (0) disconnected node: VNB
Cell sky130_fd_sc_hd__mux2_2 (0) disconnected node: VPB
Cell sky130_fd_sc_hd__mux2_2 (0) disconnected node: VPWR
Cell sky130_fd_sc_hd__mux2_2 (0) disconnected node: X

Subcircuit pins:
Circuit 1: sky130_fd_sc_hd__mux2_2         |Circuit 2: sky130_fd_sc_hd__mux2_2         
-------------------------------------------|-------------------------------------------
A0                                         |A0                                         
A1                                         |A1                                         
S                                          |S                                          
VGND                                       |VGND                                       
VNB                                        |VNB                                        
VPB                                        |VPB                                        
VPWR                                       |VPWR                                       
X                                          |X                                          
---------------------------------------------------------------------------------------
Cell pin lists are equivalent.
Device classes sky130_fd_sc_hd__mux2_2 and sky130_fd_sc_hd__mux2_2 are equivalent.

Cell sky130_fd_sc_hd__or3_2 (0) disconnected node: A
Cell sky130_fd_sc_hd__or3_2 (0) disconnected node: B
Cell sky130_fd_sc_hd__or3_2 (0) disconnected node: C
Cell sky130_fd_sc_hd__or3_2 (0) disconnected node: VGND
Cell sky130_fd_sc_hd__or3_2 (0) disconnected node: VNB
Cell sky130_fd_sc_hd__or3_2 (0) disconnected node: VPB
Cell sky130_fd_sc_hd__or3_2 (0) disconnected node: VPWR
Cell sky130_fd_sc_hd__or3_2 (0) disconnected node: X

Subcircuit pins:
Circuit 1: sky130_fd_sc_hd__or3_2          |Circuit 2: sky130_fd_sc_hd__or3_2          
-------------------------------------------|-------------------------------------------
A                                          |A                                          
B                                          |B                                          
C                                          |C                                          
VGND                                       |VGND                                       
VNB                                        |VNB                                        
VPB                                        |VPB                                        
VPWR                                       |VPWR                                       
X                                          |X                                          
---------------------------------------------------------------------------------------
Cell pin lists are equivalent.
Device classes sky130_fd_sc_hd__or3_2 and sky130_fd_sc_hd__or3_2 are equivalent.

Cell sky130_fd_sc_hd__dfrtp_2 (0) disconnected node: CLK
Cell sky130_fd_sc_hd__dfrtp_2 (0) disconnected node: D
Cell sky130_fd_sc_hd__dfrtp_2 (0) disconnected node: RESET_B
Cell sky130_fd_sc_hd__dfrtp_2 (0) disconnected node: VGND
Cell sky130_fd_sc_hd__dfrtp_2 (0) disconnected node: VNB
Cell sky130_fd_sc_hd__dfrtp_2 (0) disconnected node: VPB
Cell sky130_fd_sc_hd__dfrtp_2 (0) disconnected node: VPWR
Cell sky130_fd_sc_hd__dfrtp_2 (0) disconnected node: Q

Subcircuit pins:
Circuit 1: sky130_fd_sc_hd__dfrtp_2        |Circuit 2: sky130_fd_sc_hd__dfrtp_2        
-------------------------------------------|-------------------------------------------
CLK                                        |CLK                                        
D                                          |D                                          
RESET_B                                    |RESET_B                                    
VGND                                       |VGND                                       
VNB                                        |VNB                                        
VPB                                        |VPB                                        
VPWR                                       |VPWR                                       
Q                                          |Q                                          
---------------------------------------------------------------------------------------
Cell pin lists are equivalent.
Device classes sky130_fd_sc_hd__dfrtp_2 and sky130_fd_sc_hd__dfrtp_2 are equivalent.

Cell sky130_fd_sc_hd__buf_6 (0) disconnected node: A
Cell sky130_fd_sc_hd__buf_6 (0) disconnected node: VGND
Cell sky130_fd_sc_hd__buf_6 (0) disconnected node: VNB
Cell sky130_fd_sc_hd__buf_6 (0) disconnected node: VPB
Cell sky130_fd_sc_hd__buf_6 (0) disconnected node: VPWR
Cell sky130_fd_sc_hd__buf_6 (0) disconnected node: X

Subcircuit pins:
Circuit 1: sky130_fd_sc_hd__buf_6          |Circuit 2: sky130_fd_sc_hd__buf_6          
-------------------------------------------|-------------------------------------------
A                                          |A                                          
VGND                                       |VGND                                       
VNB                                        |VNB                                        
VPB                                        |VPB                                        
VPWR                                       |VPWR                                       
X                                          |X                                          
---------------------------------------------------------------------------------------
Cell pin lists are equivalent.
Device classes sky130_fd_sc_hd__buf_6 and sky130_fd_sc_hd__buf_6 are equivalent.

Cell sky130_fd_sc_hd__buf_2 (0) disconnected node: A
Cell sky130_fd_sc_hd__buf_2 (0) disconnected node: VGND
Cell sky130_fd_sc_hd__buf_2 (0) disconnected node: VNB
Cell sky130_fd_sc_hd__buf_2 (0) disconnected node: VPB
Cell sky130_fd_sc_hd__buf_2 (0) disconnected node: VPWR
Cell sky130_fd_sc_hd__buf_2 (0) disconnected node: X

Subcircuit pins:
Circuit 1: sky130_fd_sc_hd__buf_2          |Circuit 2: sky130_fd_sc_hd__buf_2          
-------------------------------------------|-------------------------------------------
A                                          |A                                          
VGND                                       |VGND                                       
VNB                                        |VNB                                        
VPB                                        |VPB                                        
VPWR                                       |VPWR                                       
X                                          |X                                          
---------------------------------------------------------------------------------------
Cell pin lists are equivalent.
Device classes sky130_fd_sc_hd__buf_2 and sky130_fd_sc_hd__buf_2 are equivalent.

Cell sky130_fd_sc_hd__a21oi_2 (0) disconnected node: A1
Cell sky130_fd_sc_hd__a21oi_2 (0) disconnected node: A2
Cell sky130_fd_sc_hd__a21oi_2 (0) disconnected node: B1
Cell sky130_fd_sc_hd__a21oi_2 (0) disconnected node: VGND
Cell sky130_fd_sc_hd__a21oi_2 (0) disconnected node: VNB
Cell sky130_fd_sc_hd__a21oi_2 (0) disconnected node: VPB
Cell sky130_fd_sc_hd__a21oi_2 (0) disconnected node: VPWR
Cell sky130_fd_sc_hd__a21oi_2 (0) disconnected node: Y

Subcircuit pins:
Circuit 1: sky130_fd_sc_hd__a21oi_2        |Circuit 2: sky130_fd_sc_hd__a21oi_2        
-------------------------------------------|-------------------------------------------
A1                                         |A1                                         
A2                                         |A2                                         
B1                                         |B1                                         
VGND                                       |VGND                                       
VNB                                        |VNB                                        
VPB                                        |VPB                                        
VPWR                                       |VPWR                                       
Y                                          |Y                                          
---------------------------------------------------------------------------------------
Cell pin lists are equivalent.
Device classes sky130_fd_sc_hd__a21oi_2 and sky130_fd_sc_hd__a21oi_2 are equivalent.

Cell sky130_fd_sc_hd__and3_2 (0) disconnected node: A
Cell sky130_fd_sc_hd__and3_2 (0) disconnected node: B
Cell sky130_fd_sc_hd__and3_2 (0) disconnected node: C
Cell sky130_fd_sc_hd__and3_2 (0) disconnected node: VGND
Cell sky130_fd_sc_hd__and3_2 (0) disconnected node: VNB
Cell sky130_fd_sc_hd__and3_2 (0) disconnected node: VPB
Cell sky130_fd_sc_hd__and3_2 (0) disconnected node: VPWR
Cell sky130_fd_sc_hd__and3_2 (0) disconnected node: X

Subcircuit pins:
Circuit 1: sky130_fd_sc_hd__and3_2         |Circuit 2: sky130_fd_sc_hd__and3_2         
-------------------------------------------|-------------------------------------------
A                                          |A                                          
B                                          |B                                          
C                                          |C                                          
VGND                                       |VGND                                       
VNB                                        |VNB                                        
VPB                                        |VPB                                        
VPWR                                       |VPWR                                       
X                                          |X                                          
---------------------------------------------------------------------------------------
Cell pin lists are equivalent.
Device classes sky130_fd_sc_hd__and3_2 and sky130_fd_sc_hd__and3_2 are equivalent.

Cell sky130_fd_sc_hd__nor2_2 (0) disconnected node: A
Cell sky130_fd_sc_hd__nor2_2 (0) disconnected node: B
Cell sky130_fd_sc_hd__nor2_2 (0) disconnected node: VGND
Cell sky130_fd_sc_hd__nor2_2 (0) disconnected node: VNB
Cell sky130_fd_sc_hd__nor2_2 (0) disconnected node: VPB
Cell sky130_fd_sc_hd__nor2_2 (0) disconnected node: VPWR
Cell sky130_fd_sc_hd__nor2_2 (0) disconnected node: Y

Subcircuit pins:
Circuit 1: sky130_fd_sc_hd__nor2_2         |Circuit 2: sky130_fd_sc_hd__nor2_2         
-------------------------------------------|-------------------------------------------
A                                          |A                                          
B                                          |B                                          
VGND                                       |VGND                                       
VNB                                        |VNB                                        
VPB                                        |VPB                                        
VPWR                                       |VPWR                                       
Y                                          |Y                                          
---------------------------------------------------------------------------------------
Cell pin lists are equivalent.
Device classes sky130_fd_sc_hd__nor2_2 and sky130_fd_sc_hd__nor2_2 are equivalent.

Cell sky130_fd_sc_hd__o311a_2 (0) disconnected node: A1
Cell sky130_fd_sc_hd__o311a_2 (0) disconnected node: A2
Cell sky130_fd_sc_hd__o311a_2 (0) disconnected node: A3
Cell sky130_fd_sc_hd__o311a_2 (0) disconnected node: B1
Cell sky130_fd_sc_hd__o311a_2 (0) disconnected node: C1
Cell sky130_fd_sc_hd__o311a_2 (0) disconnected node: VGND
Cell sky130_fd_sc_hd__o311a_2 (0) disconnected node: VNB
Cell sky130_fd_sc_hd__o311a_2 (0) disconnected node: VPB
Cell sky130_fd_sc_hd__o311a_2 (0) disconnected node: VPWR
Cell sky130_fd_sc_hd__o311a_2 (0) disconnected node: X

Subcircuit pins:
Circuit 1: sky130_fd_sc_hd__o311a_2        |Circuit 2: sky130_fd_sc_hd__o311a_2        
-------------------------------------------|-------------------------------------------
A1                                         |A1                                         
A2                                         |A2                                         
A3                                         |A3                                         
B1                                         |B1                                         
C1                                         |C1                                         
VGND                                       |VGND                                       
VNB                                        |VNB                                        
VPB                                        |VPB                                        
VPWR                                       |VPWR                                       
X                                          |X                                          
---------------------------------------------------------------------------------------
Cell pin lists are equivalent.
Device classes sky130_fd_sc_hd__o311a_2 and sky130_fd_sc_hd__o311a_2 are equivalent.

Cell sky130_fd_sc_hd__and2_2 (0) disconnected node: A
Cell sky130_fd_sc_hd__and2_2 (0) disconnected node: B
Cell sky130_fd_sc_hd__and2_2 (0) disconnected node: VGND
Cell sky130_fd_sc_hd__and2_2 (0) disconnected node: VNB
Cell sky130_fd_sc_hd__and2_2 (0) disconnected node: VPB
Cell sky130_fd_sc_hd__and2_2 (0) disconnected node: VPWR
Cell sky130_fd_sc_hd__and2_2 (0) disconnected node: X

Subcircuit pins:
Circuit 1: sky130_fd_sc_hd__and2_2         |Circuit 2: sky130_fd_sc_hd__and2_2         
-------------------------------------------|-------------------------------------------
A                                          |A                                          
B                                          |B                                          
VGND                                       |VGND                                       
VNB                                        |VNB                                        
VPB                                        |VPB                                        
VPWR                                       |VPWR                                       
X                                          |X                                          
---------------------------------------------------------------------------------------
Cell pin lists are equivalent.
Device classes sky130_fd_sc_hd__and2_2 and sky130_fd_sc_hd__and2_2 are equivalent.

Cell sky130_fd_sc_hd__a32o_2 (0) disconnected node: A1
Cell sky130_fd_sc_hd__a32o_2 (0) disconnected node: A2
Cell sky130_fd_sc_hd__a32o_2 (0) disconnected node: A3
Cell sky130_fd_sc_hd__a32o_2 (0) disconnected node: B1
Cell sky130_fd_sc_hd__a32o_2 (0) disconnected node: B2
Cell sky130_fd_sc_hd__a32o_2 (0) disconnected node: VGND
Cell sky130_fd_sc_hd__a32o_2 (0) disconnected node: VNB
Cell sky130_fd_sc_hd__a32o_2 (0) disconnected node: VPB
Cell sky130_fd_sc_hd__a32o_2 (0) disconnected node: VPWR
Cell sky130_fd_sc_hd__a32o_2 (0) disconnected node: X

Subcircuit pins:
Circuit 1: sky130_fd_sc_hd__a32o_2         |Circuit 2: sky130_fd_sc_hd__a32o_2         
-------------------------------------------|-------------------------------------------
A1                                         |A1                                         
A2                                         |A2                                         
A3                                         |A3                                         
B1                                         |B1                                         
B2                                         |B2                                         
VGND                                       |VGND                                       
VNB                                        |VNB                                        
VPB                                        |VPB                                        
VPWR                                       |VPWR                                       
X                                          |X                                          
---------------------------------------------------------------------------------------
Cell pin lists are equivalent.
Device classes sky130_fd_sc_hd__a32o_2 and sky130_fd_sc_hd__a32o_2 are equivalent.

Cell sky130_fd_sc_hd__mux2_4 (0) disconnected node: A0
Cell sky130_fd_sc_hd__mux2_4 (0) disconnected node: A1
Cell sky130_fd_sc_hd__mux2_4 (0) disconnected node: S
Cell sky130_fd_sc_hd__mux2_4 (0) disconnected node: VGND
Cell sky130_fd_sc_hd__mux2_4 (0) disconnected node: VNB
Cell sky130_fd_sc_hd__mux2_4 (0) disconnected node: VPB
Cell sky130_fd_sc_hd__mux2_4 (0) disconnected node: VPWR
Cell sky130_fd_sc_hd__mux2_4 (0) disconnected node: X

Subcircuit pins:
Circuit 1: sky130_fd_sc_hd__mux2_4         |Circuit 2: sky130_fd_sc_hd__mux2_4         
-------------------------------------------|-------------------------------------------
A0                                         |A0                                         
A1                                         |A1                                         
S                                          |S                                          
VGND                                       |VGND                                       
VNB                                        |VNB                                        
VPB                                        |VPB                                        
VPWR                                       |VPWR                                       
X                                          |X                                          
---------------------------------------------------------------------------------------
Cell pin lists are equivalent.
Device classes sky130_fd_sc_hd__mux2_4 and sky130_fd_sc_hd__mux2_4 are equivalent.

Cell sky130_fd_sc_hd__a221o_2 (0) disconnected node: A1
Cell sky130_fd_sc_hd__a221o_2 (0) disconnected node: A2
Cell sky130_fd_sc_hd__a221o_2 (0) disconnected node: B1
Cell sky130_fd_sc_hd__a221o_2 (0) disconnected node: B2
Cell sky130_fd_sc_hd__a221o_2 (0) disconnected node: C1
Cell sky130_fd_sc_hd__a221o_2 (0) disconnected node: VGND
Cell sky130_fd_sc_hd__a221o_2 (0) disconnected node: VNB
Cell sky130_fd_sc_hd__a221o_2 (0) disconnected node: VPB
Cell sky130_fd_sc_hd__a221o_2 (0) disconnected node: VPWR
Cell sky130_fd_sc_hd__a221o_2 (0) disconnected node: X

Subcircuit pins:
Circuit 1: sky130_fd_sc_hd__a221o_2        |Circuit 2: sky130_fd_sc_hd__a221o_2        
-------------------------------------------|-------------------------------------------
A1                                         |A1                                         
A2                                         |A2                                         
B1                                         |B1                                         
B2                                         |B2                                         
C1                                         |C1                                         
VGND                                       |VGND                                       
VNB                                        |VNB                                        
VPB                                        |VPB                                        
VPWR                                       |VPWR                                       
X                                          |X                                          
---------------------------------------------------------------------------------------
Cell pin lists are equivalent.
Device classes sky130_fd_sc_hd__a221o_2 and sky130_fd_sc_hd__a221o_2 are equivalent.

Cell sky130_fd_sc_hd__a31o_2 (0) disconnected node: A1
Cell sky130_fd_sc_hd__a31o_2 (0) disconnected node: A2
Cell sky130_fd_sc_hd__a31o_2 (0) disconnected node: A3
Cell sky130_fd_sc_hd__a31o_2 (0) disconnected node: B1
Cell sky130_fd_sc_hd__a31o_2 (0) disconnected node: VGND
Cell sky130_fd_sc_hd__a31o_2 (0) disconnected node: VNB
Cell sky130_fd_sc_hd__a31o_2 (0) disconnected node: VPB
Cell sky130_fd_sc_hd__a31o_2 (0) disconnected node: VPWR
Cell sky130_fd_sc_hd__a31o_2 (0) disconnected node: X

Subcircuit pins:
Circuit 1: sky130_fd_sc_hd__a31o_2         |Circuit 2: sky130_fd_sc_hd__a31o_2         
-------------------------------------------|-------------------------------------------
A1                                         |A1                                         
A2                                         |A2                                         
A3                                         |A3                                         
B1                                         |B1                                         
VGND                                       |VGND                                       
VNB                                        |VNB                                        
VPB                                        |VPB                                        
VPWR                                       |VPWR                                       
X                                          |X                                          
---------------------------------------------------------------------------------------
Cell pin lists are equivalent.
Device classes sky130_fd_sc_hd__a31o_2 and sky130_fd_sc_hd__a31o_2 are equivalent.

Cell sky130_fd_sc_hd__o211ai_4 (0) disconnected node: A1
Cell sky130_fd_sc_hd__o211ai_4 (0) disconnected node: A2
Cell sky130_fd_sc_hd__o211ai_4 (0) disconnected node: B1
Cell sky130_fd_sc_hd__o211ai_4 (0) disconnected node: C1
Cell sky130_fd_sc_hd__o211ai_4 (0) disconnected node: VGND
Cell sky130_fd_sc_hd__o211ai_4 (0) disconnected node: VNB
Cell sky130_fd_sc_hd__o211ai_4 (0) disconnected node: VPB
Cell sky130_fd_sc_hd__o211ai_4 (0) disconnected node: VPWR
Cell sky130_fd_sc_hd__o211ai_4 (0) disconnected node: Y

Subcircuit pins:
Circuit 1: sky130_fd_sc_hd__o211ai_4       |Circuit 2: sky130_fd_sc_hd__o211ai_4       
-------------------------------------------|-------------------------------------------
A1                                         |A1                                         
A2                                         |A2                                         
B1                                         |B1                                         
C1                                         |C1                                         
VGND                                       |VGND                                       
VNB                                        |VNB                                        
VPB                                        |VPB                                        
VPWR                                       |VPWR                                       
Y                                          |Y                                          
---------------------------------------------------------------------------------------
Cell pin lists are equivalent.
Device classes sky130_fd_sc_hd__o211ai_4 and sky130_fd_sc_hd__o211ai_4 are equivalent.

Cell sky130_fd_sc_hd__and4_2 (0) disconnected node: A
Cell sky130_fd_sc_hd__and4_2 (0) disconnected node: B
Cell sky130_fd_sc_hd__and4_2 (0) disconnected node: C
Cell sky130_fd_sc_hd__and4_2 (0) disconnected node: D
Cell sky130_fd_sc_hd__and4_2 (0) disconnected node: VGND
Cell sky130_fd_sc_hd__and4_2 (0) disconnected node: VNB
Cell sky130_fd_sc_hd__and4_2 (0) disconnected node: VPB
Cell sky130_fd_sc_hd__and4_2 (0) disconnected node: VPWR
Cell sky130_fd_sc_hd__and4_2 (0) disconnected node: X

Subcircuit pins:
Circuit 1: sky130_fd_sc_hd__and4_2         |Circuit 2: sky130_fd_sc_hd__and4_2         
-------------------------------------------|-------------------------------------------
A                                          |A                                          
B                                          |B                                          
C                                          |C                                          
D                                          |D                                          
VGND                                       |VGND                                       
VNB                                        |VNB                                        
VPB                                        |VPB                                        
VPWR                                       |VPWR                                       
X                                          |X                                          
---------------------------------------------------------------------------------------
Cell pin lists are equivalent.
Device classes sky130_fd_sc_hd__and4_2 and sky130_fd_sc_hd__and4_2 are equivalent.

Cell sky130_fd_sc_hd__nand2b_2 (0) disconnected node: A_N
Cell sky130_fd_sc_hd__nand2b_2 (0) disconnected node: B
Cell sky130_fd_sc_hd__nand2b_2 (0) disconnected node: VGND
Cell sky130_fd_sc_hd__nand2b_2 (0) disconnected node: VNB
Cell sky130_fd_sc_hd__nand2b_2 (0) disconnected node: VPB
Cell sky130_fd_sc_hd__nand2b_2 (0) disconnected node: VPWR
Cell sky130_fd_sc_hd__nand2b_2 (0) disconnected node: Y

Subcircuit pins:
Circuit 1: sky130_fd_sc_hd__nand2b_2       |Circuit 2: sky130_fd_sc_hd__nand2b_2       
-------------------------------------------|-------------------------------------------
A_N                                        |A_N                                        
B                                          |B                                          
VGND                                       |VGND                                       
VNB                                        |VNB                                        
VPB                                        |VPB                                        
VPWR                                       |VPWR                                       
Y                                          |Y                                          
---------------------------------------------------------------------------------------
Cell pin lists are equivalent.
Device classes sky130_fd_sc_hd__nand2b_2 and sky130_fd_sc_hd__nand2b_2 are equivalent.

Cell sky130_fd_sc_hd__dlygate4sd3_1 (0) disconnected node: A
Cell sky130_fd_sc_hd__dlygate4sd3_1 (0) disconnected node: VGND
Cell sky130_fd_sc_hd__dlygate4sd3_1 (0) disconnected node: VNB
Cell sky130_fd_sc_hd__dlygate4sd3_1 (0) disconnected node: VPB
Cell sky130_fd_sc_hd__dlygate4sd3_1 (0) disconnected node: VPWR
Cell sky130_fd_sc_hd__dlygate4sd3_1 (0) disconnected node: X

Subcircuit pins:
Circuit 1: sky130_fd_sc_hd__dlygate4sd3_1  |Circuit 2: sky130_fd_sc_hd__dlygate4sd3_1  
-------------------------------------------|-------------------------------------------
A                                          |A                                          
VGND                                       |VGND                                       
VNB                                        |VNB                                        
VPB                                        |VPB                                        
VPWR                                       |VPWR                                       
X                                          |X                                          
---------------------------------------------------------------------------------------
Cell pin lists are equivalent.
Device classes sky130_fd_sc_hd__dlygate4sd3_1 and sky130_fd_sc_hd__dlygate4sd3_1 are equivalent.

Cell sky130_fd_sc_hd__o22a_2 (0) disconnected node: A1
Cell sky130_fd_sc_hd__o22a_2 (0) disconnected node: A2
Cell sky130_fd_sc_hd__o22a_2 (0) disconnected node: B1
Cell sky130_fd_sc_hd__o22a_2 (0) disconnected node: B2
Cell sky130_fd_sc_hd__o22a_2 (0) disconnected node: VGND
Cell sky130_fd_sc_hd__o22a_2 (0) disconnected node: VNB
Cell sky130_fd_sc_hd__o22a_2 (0) disconnected node: VPB
Cell sky130_fd_sc_hd__o22a_2 (0) disconnected node: VPWR
Cell sky130_fd_sc_hd__o22a_2 (0) disconnected node: X

Subcircuit pins:
Circuit 1: sky130_fd_sc_hd__o22a_2         |Circuit 2: sky130_fd_sc_hd__o22a_2         
-------------------------------------------|-------------------------------------------
A1                                         |A1                                         
A2                                         |A2                                         
B1                                         |B1                                         
B2                                         |B2                                         
VGND                                       |VGND                                       
VNB                                        |VNB                                        
VPB                                        |VPB                                        
VPWR                                       |VPWR                                       
X                                          |X                                          
---------------------------------------------------------------------------------------
Cell pin lists are equivalent.
Device classes sky130_fd_sc_hd__o22a_2 and sky130_fd_sc_hd__o22a_2 are equivalent.

Cell sky130_fd_sc_hd__o22ai_2 (0) disconnected node: A1
Cell sky130_fd_sc_hd__o22ai_2 (0) disconnected node: A2
Cell sky130_fd_sc_hd__o22ai_2 (0) disconnected node: B1
Cell sky130_fd_sc_hd__o22ai_2 (0) disconnected node: B2
Cell sky130_fd_sc_hd__o22ai_2 (0) disconnected node: VGND
Cell sky130_fd_sc_hd__o22ai_2 (0) disconnected node: VNB
Cell sky130_fd_sc_hd__o22ai_2 (0) disconnected node: VPB
Cell sky130_fd_sc_hd__o22ai_2 (0) disconnected node: VPWR
Cell sky130_fd_sc_hd__o22ai_2 (0) disconnected node: Y

Subcircuit pins:
Circuit 1: sky130_fd_sc_hd__o22ai_2        |Circuit 2: sky130_fd_sc_hd__o22ai_2        
-------------------------------------------|-------------------------------------------
A1                                         |A1                                         
A2                                         |A2                                         
B1                                         |B1                                         
B2                                         |B2                                         
VGND                                       |VGND                                       
VNB                                        |VNB                                        
VPB                                        |VPB                                        
VPWR                                       |VPWR                                       
Y                                          |Y                                          
---------------------------------------------------------------------------------------
Cell pin lists are equivalent.
Device classes sky130_fd_sc_hd__o22ai_2 and sky130_fd_sc_hd__o22ai_2 are equivalent.

Cell sky130_fd_sc_hd__o21ai_2 (0) disconnected node: A1
Cell sky130_fd_sc_hd__o21ai_2 (0) disconnected node: A2
Cell sky130_fd_sc_hd__o21ai_2 (0) disconnected node: B1
Cell sky130_fd_sc_hd__o21ai_2 (0) disconnected node: VGND
Cell sky130_fd_sc_hd__o21ai_2 (0) disconnected node: VNB
Cell sky130_fd_sc_hd__o21ai_2 (0) disconnected node: VPB
Cell sky130_fd_sc_hd__o21ai_2 (0) disconnected node: VPWR
Cell sky130_fd_sc_hd__o21ai_2 (0) disconnected node: Y

Subcircuit pins:
Circuit 1: sky130_fd_sc_hd__o21ai_2        |Circuit 2: sky130_fd_sc_hd__o21ai_2        
-------------------------------------------|-------------------------------------------
A1                                         |A1                                         
A2                                         |A2                                         
B1                                         |B1                                         
VGND                                       |VGND                                       
VNB                                        |VNB                                        
VPB                                        |VPB                                        
VPWR                                       |VPWR                                       
Y                                          |Y                                          
---------------------------------------------------------------------------------------
Cell pin lists are equivalent.
Device classes sky130_fd_sc_hd__o21ai_2 and sky130_fd_sc_hd__o21ai_2 are equivalent.

Cell sky130_fd_sc_hd__o21ai_4 (0) disconnected node: A1
Cell sky130_fd_sc_hd__o21ai_4 (0) disconnected node: A2
Cell sky130_fd_sc_hd__o21ai_4 (0) disconnected node: B1
Cell sky130_fd_sc_hd__o21ai_4 (0) disconnected node: VGND
Cell sky130_fd_sc_hd__o21ai_4 (0) disconnected node: VNB
Cell sky130_fd_sc_hd__o21ai_4 (0) disconnected node: VPB
Cell sky130_fd_sc_hd__o21ai_4 (0) disconnected node: VPWR
Cell sky130_fd_sc_hd__o21ai_4 (0) disconnected node: Y

Subcircuit pins:
Circuit 1: sky130_fd_sc_hd__o21ai_4        |Circuit 2: sky130_fd_sc_hd__o21ai_4        
-------------------------------------------|-------------------------------------------
A1                                         |A1                                         
A2                                         |A2                                         
B1                                         |B1                                         
VGND                                       |VGND                                       
VNB                                        |VNB                                        
VPB                                        |VPB                                        
VPWR                                       |VPWR                                       
Y                                          |Y                                          
---------------------------------------------------------------------------------------
Cell pin lists are equivalent.
Device classes sky130_fd_sc_hd__o21ai_4 and sky130_fd_sc_hd__o21ai_4 are equivalent.

Cell sky130_fd_sc_hd__o221a_2 (0) disconnected node: A1
Cell sky130_fd_sc_hd__o221a_2 (0) disconnected node: A2
Cell sky130_fd_sc_hd__o221a_2 (0) disconnected node: B1
Cell sky130_fd_sc_hd__o221a_2 (0) disconnected node: B2
Cell sky130_fd_sc_hd__o221a_2 (0) disconnected node: C1
Cell sky130_fd_sc_hd__o221a_2 (0) disconnected node: VGND
Cell sky130_fd_sc_hd__o221a_2 (0) disconnected node: VNB
Cell sky130_fd_sc_hd__o221a_2 (0) disconnected node: VPB
Cell sky130_fd_sc_hd__o221a_2 (0) disconnected node: VPWR
Cell sky130_fd_sc_hd__o221a_2 (0) disconnected node: X

Subcircuit pins:
Circuit 1: sky130_fd_sc_hd__o221a_2        |Circuit 2: sky130_fd_sc_hd__o221a_2        
-------------------------------------------|-------------------------------------------
A1                                         |A1                                         
A2                                         |A2                                         
B1                                         |B1                                         
B2                                         |B2                                         
C1                                         |C1                                         
VGND                                       |VGND                                       
VNB                                        |VNB                                        
VPB                                        |VPB                                        
VPWR                                       |VPWR                                       
X                                          |X                                          
---------------------------------------------------------------------------------------
Cell pin lists are equivalent.
Device classes sky130_fd_sc_hd__o221a_2 and sky130_fd_sc_hd__o221a_2 are equivalent.

Cell sky130_fd_sc_hd__nand4_2 (0) disconnected node: A
Cell sky130_fd_sc_hd__nand4_2 (0) disconnected node: B
Cell sky130_fd_sc_hd__nand4_2 (0) disconnected node: C
Cell sky130_fd_sc_hd__nand4_2 (0) disconnected node: D
Cell sky130_fd_sc_hd__nand4_2 (0) disconnected node: VGND
Cell sky130_fd_sc_hd__nand4_2 (0) disconnected node: VNB
Cell sky130_fd_sc_hd__nand4_2 (0) disconnected node: VPB
Cell sky130_fd_sc_hd__nand4_2 (0) disconnected node: VPWR
Cell sky130_fd_sc_hd__nand4_2 (0) disconnected node: Y

Subcircuit pins:
Circuit 1: sky130_fd_sc_hd__nand4_2        |Circuit 2: sky130_fd_sc_hd__nand4_2        
-------------------------------------------|-------------------------------------------
A                                          |A                                          
B                                          |B                                          
C                                          |C                                          
D                                          |D                                          
VGND                                       |VGND                                       
VNB                                        |VNB                                        
VPB                                        |VPB                                        
VPWR                                       |VPWR                                       
Y                                          |Y                                          
---------------------------------------------------------------------------------------
Cell pin lists are equivalent.
Device classes sky130_fd_sc_hd__nand4_2 and sky130_fd_sc_hd__nand4_2 are equivalent.

Cell sky130_fd_sc_hd__a41o_2 (0) disconnected node: A1
Cell sky130_fd_sc_hd__a41o_2 (0) disconnected node: A2
Cell sky130_fd_sc_hd__a41o_2 (0) disconnected node: A3
Cell sky130_fd_sc_hd__a41o_2 (0) disconnected node: A4
Cell sky130_fd_sc_hd__a41o_2 (0) disconnected node: B1
Cell sky130_fd_sc_hd__a41o_2 (0) disconnected node: VGND
Cell sky130_fd_sc_hd__a41o_2 (0) disconnected node: VNB
Cell sky130_fd_sc_hd__a41o_2 (0) disconnected node: VPB
Cell sky130_fd_sc_hd__a41o_2 (0) disconnected node: VPWR
Cell sky130_fd_sc_hd__a41o_2 (0) disconnected node: X

Subcircuit pins:
Circuit 1: sky130_fd_sc_hd__a41o_2         |Circuit 2: sky130_fd_sc_hd__a41o_2         
-------------------------------------------|-------------------------------------------
A1                                         |A1                                         
A2                                         |A2                                         
A3                                         |A3                                         
A4                                         |A4                                         
B1                                         |B1                                         
VGND                                       |VGND                                       
VNB                                        |VNB                                        
VPB                                        |VPB                                        
VPWR                                       |VPWR                                       
X                                          |X                                          
---------------------------------------------------------------------------------------
Cell pin lists are equivalent.
Device classes sky130_fd_sc_hd__a41o_2 and sky130_fd_sc_hd__a41o_2 are equivalent.

Cell sky130_fd_sc_hd__nand4_4 (0) disconnected node: A
Cell sky130_fd_sc_hd__nand4_4 (0) disconnected node: B
Cell sky130_fd_sc_hd__nand4_4 (0) disconnected node: C
Cell sky130_fd_sc_hd__nand4_4 (0) disconnected node: D
Cell sky130_fd_sc_hd__nand4_4 (0) disconnected node: VGND
Cell sky130_fd_sc_hd__nand4_4 (0) disconnected node: VNB
Cell sky130_fd_sc_hd__nand4_4 (0) disconnected node: VPB
Cell sky130_fd_sc_hd__nand4_4 (0) disconnected node: VPWR
Cell sky130_fd_sc_hd__nand4_4 (0) disconnected node: Y

Subcircuit pins:
Circuit 1: sky130_fd_sc_hd__nand4_4        |Circuit 2: sky130_fd_sc_hd__nand4_4        
-------------------------------------------|-------------------------------------------
A                                          |A                                          
B                                          |B                                          
C                                          |C                                          
D                                          |D                                          
VGND                                       |VGND                                       
VNB                                        |VNB                                        
VPB                                        |VPB                                        
VPWR                                       |VPWR                                       
Y                                          |Y                                          
---------------------------------------------------------------------------------------
Cell pin lists are equivalent.
Device classes sky130_fd_sc_hd__nand4_4 and sky130_fd_sc_hd__nand4_4 are equivalent.

Cell sky130_fd_sc_hd__or4_2 (0) disconnected node: A
Cell sky130_fd_sc_hd__or4_2 (0) disconnected node: B
Cell sky130_fd_sc_hd__or4_2 (0) disconnected node: C
Cell sky130_fd_sc_hd__or4_2 (0) disconnected node: D
Cell sky130_fd_sc_hd__or4_2 (0) disconnected node: VGND
Cell sky130_fd_sc_hd__or4_2 (0) disconnected node: VNB
Cell sky130_fd_sc_hd__or4_2 (0) disconnected node: VPB
Cell sky130_fd_sc_hd__or4_2 (0) disconnected node: VPWR
Cell sky130_fd_sc_hd__or4_2 (0) disconnected node: X

Subcircuit pins:
Circuit 1: sky130_fd_sc_hd__or4_2          |Circuit 2: sky130_fd_sc_hd__or4_2          
-------------------------------------------|-------------------------------------------
A                                          |A                                          
B                                          |B                                          
C                                          |C                                          
D                                          |D                                          
VGND                                       |VGND                                       
VNB                                        |VNB                                        
VPB                                        |VPB                                        
VPWR                                       |VPWR                                       
X                                          |X                                          
---------------------------------------------------------------------------------------
Cell pin lists are equivalent.
Device classes sky130_fd_sc_hd__or4_2 and sky130_fd_sc_hd__or4_2 are equivalent.

Cell sky130_fd_sc_hd__a22oi_2 (0) disconnected node: A1
Cell sky130_fd_sc_hd__a22oi_2 (0) disconnected node: A2
Cell sky130_fd_sc_hd__a22oi_2 (0) disconnected node: B1
Cell sky130_fd_sc_hd__a22oi_2 (0) disconnected node: B2
Cell sky130_fd_sc_hd__a22oi_2 (0) disconnected node: VGND
Cell sky130_fd_sc_hd__a22oi_2 (0) disconnected node: VNB
Cell sky130_fd_sc_hd__a22oi_2 (0) disconnected node: VPB
Cell sky130_fd_sc_hd__a22oi_2 (0) disconnected node: VPWR
Cell sky130_fd_sc_hd__a22oi_2 (0) disconnected node: Y

Subcircuit pins:
Circuit 1: sky130_fd_sc_hd__a22oi_2        |Circuit 2: sky130_fd_sc_hd__a22oi_2        
-------------------------------------------|-------------------------------------------
A1                                         |A1                                         
A2                                         |A2                                         
B1                                         |B1                                         
B2                                         |B2                                         
VGND                                       |VGND                                       
VNB                                        |VNB                                        
VPB                                        |VPB                                        
VPWR                                       |VPWR                                       
Y                                          |Y                                          
---------------------------------------------------------------------------------------
Cell pin lists are equivalent.
Device classes sky130_fd_sc_hd__a22oi_2 and sky130_fd_sc_hd__a22oi_2 are equivalent.

Cell sky130_fd_sc_hd__a211o_2 (0) disconnected node: A1
Cell sky130_fd_sc_hd__a211o_2 (0) disconnected node: A2
Cell sky130_fd_sc_hd__a211o_2 (0) disconnected node: B1
Cell sky130_fd_sc_hd__a211o_2 (0) disconnected node: C1
Cell sky130_fd_sc_hd__a211o_2 (0) disconnected node: VGND
Cell sky130_fd_sc_hd__a211o_2 (0) disconnected node: VNB
Cell sky130_fd_sc_hd__a211o_2 (0) disconnected node: VPB
Cell sky130_fd_sc_hd__a211o_2 (0) disconnected node: VPWR
Cell sky130_fd_sc_hd__a211o_2 (0) disconnected node: X

Subcircuit pins:
Circuit 1: sky130_fd_sc_hd__a211o_2        |Circuit 2: sky130_fd_sc_hd__a211o_2        
-------------------------------------------|-------------------------------------------
A1                                         |A1                                         
A2                                         |A2                                         
B1                                         |B1                                         
C1                                         |C1                                         
VGND                                       |VGND                                       
VNB                                        |VNB                                        
VPB                                        |VPB                                        
VPWR                                       |VPWR                                       
X                                          |X                                          
---------------------------------------------------------------------------------------
Cell pin lists are equivalent.
Device classes sky130_fd_sc_hd__a211o_2 and sky130_fd_sc_hd__a211o_2 are equivalent.

Cell sky130_fd_sc_hd__diode_2 (0) disconnected node: DIODE
Cell sky130_fd_sc_hd__diode_2 (0) disconnected node: VGND
Cell sky130_fd_sc_hd__diode_2 (0) disconnected node: VNB
Cell sky130_fd_sc_hd__diode_2 (0) disconnected node: VPB
Cell sky130_fd_sc_hd__diode_2 (0) disconnected node: VPWR
Cell sky130_fd_sc_hd__diode_2 (1) disconnected node: VGND
Cell sky130_fd_sc_hd__diode_2 (1) disconnected node: VPB
Cell sky130_fd_sc_hd__diode_2 (1) disconnected node: VPWR

Subcircuit pins:
Circuit 1: sky130_fd_sc_hd__diode_2        |Circuit 2: sky130_fd_sc_hd__diode_2        
-------------------------------------------|-------------------------------------------
DIODE                                      |DIODE                                      
VGND                                       |VGND                                       
VNB                                        |VNB                                        
VPB                                        |VPB                                        
VPWR                                       |VPWR                                       
---------------------------------------------------------------------------------------
Cell pin lists are equivalent.
Device classes sky130_fd_sc_hd__diode_2 and sky130_fd_sc_hd__diode_2 are equivalent.

Cell sky130_fd_sc_hd__a22o_2 (0) disconnected node: A1
Cell sky130_fd_sc_hd__a22o_2 (0) disconnected node: A2
Cell sky130_fd_sc_hd__a22o_2 (0) disconnected node: B1
Cell sky130_fd_sc_hd__a22o_2 (0) disconnected node: B2
Cell sky130_fd_sc_hd__a22o_2 (0) disconnected node: VGND
Cell sky130_fd_sc_hd__a22o_2 (0) disconnected node: VNB
Cell sky130_fd_sc_hd__a22o_2 (0) disconnected node: VPB
Cell sky130_fd_sc_hd__a22o_2 (0) disconnected node: VPWR
Cell sky130_fd_sc_hd__a22o_2 (0) disconnected node: X

Subcircuit pins:
Circuit 1: sky130_fd_sc_hd__a22o_2         |Circuit 2: sky130_fd_sc_hd__a22o_2         
-------------------------------------------|-------------------------------------------
A1                                         |A1                                         
A2                                         |A2                                         
B1                                         |B1                                         
B2                                         |B2                                         
VGND                                       |VGND                                       
VNB                                        |VNB                                        
VPB                                        |VPB                                        
VPWR                                       |VPWR                                       
X                                          |X                                          
---------------------------------------------------------------------------------------
Cell pin lists are equivalent.
Device classes sky130_fd_sc_hd__a22o_2 and sky130_fd_sc_hd__a22o_2 are equivalent.

Cell sky130_fd_sc_hd__buf_4 (0) disconnected node: A
Cell sky130_fd_sc_hd__buf_4 (0) disconnected node: VGND
Cell sky130_fd_sc_hd__buf_4 (0) disconnected node: VNB
Cell sky130_fd_sc_hd__buf_4 (0) disconnected node: VPB
Cell sky130_fd_sc_hd__buf_4 (0) disconnected node: VPWR
Cell sky130_fd_sc_hd__buf_4 (0) disconnected node: X

Subcircuit pins:
Circuit 1: sky130_fd_sc_hd__buf_4          |Circuit 2: sky130_fd_sc_hd__buf_4          
-------------------------------------------|-------------------------------------------
A                                          |A                                          
VGND                                       |VGND                                       
VNB                                        |VNB                                        
VPB                                        |VPB                                        
VPWR                                       |VPWR                                       
X                                          |X                                          
---------------------------------------------------------------------------------------
Cell pin lists are equivalent.
Device classes sky130_fd_sc_hd__buf_4 and sky130_fd_sc_hd__buf_4 are equivalent.

Cell sky130_fd_sc_hd__a31o_4 (0) disconnected node: A1
Cell sky130_fd_sc_hd__a31o_4 (0) disconnected node: A2
Cell sky130_fd_sc_hd__a31o_4 (0) disconnected node: A3
Cell sky130_fd_sc_hd__a31o_4 (0) disconnected node: B1
Cell sky130_fd_sc_hd__a31o_4 (0) disconnected node: VGND
Cell sky130_fd_sc_hd__a31o_4 (0) disconnected node: VNB
Cell sky130_fd_sc_hd__a31o_4 (0) disconnected node: VPB
Cell sky130_fd_sc_hd__a31o_4 (0) disconnected node: VPWR
Cell sky130_fd_sc_hd__a31o_4 (0) disconnected node: X

Subcircuit pins:
Circuit 1: sky130_fd_sc_hd__a31o_4         |Circuit 2: sky130_fd_sc_hd__a31o_4         
-------------------------------------------|-------------------------------------------
A1                                         |A1                                         
A2                                         |A2                                         
A3                                         |A3                                         
B1                                         |B1                                         
VGND                                       |VGND                                       
VNB                                        |VNB                                        
VPB                                        |VPB                                        
VPWR                                       |VPWR                                       
X                                          |X                                          
---------------------------------------------------------------------------------------
Cell pin lists are equivalent.
Device classes sky130_fd_sc_hd__a31o_4 and sky130_fd_sc_hd__a31o_4 are equivalent.

Cell sky130_fd_sc_hd__or3b_2 (0) disconnected node: A
Cell sky130_fd_sc_hd__or3b_2 (0) disconnected node: B
Cell sky130_fd_sc_hd__or3b_2 (0) disconnected node: C_N
Cell sky130_fd_sc_hd__or3b_2 (0) disconnected node: VGND
Cell sky130_fd_sc_hd__or3b_2 (0) disconnected node: VNB
Cell sky130_fd_sc_hd__or3b_2 (0) disconnected node: VPB
Cell sky130_fd_sc_hd__or3b_2 (0) disconnected node: VPWR
Cell sky130_fd_sc_hd__or3b_2 (0) disconnected node: X

Subcircuit pins:
Circuit 1: sky130_fd_sc_hd__or3b_2         |Circuit 2: sky130_fd_sc_hd__or3b_2         
-------------------------------------------|-------------------------------------------
A                                          |A                                          
B                                          |B                                          
C_N                                        |C_N                                        
VGND                                       |VGND                                       
VNB                                        |VNB                                        
VPB                                        |VPB                                        
VPWR                                       |VPWR                                       
X                                          |X                                          
---------------------------------------------------------------------------------------
Cell pin lists are equivalent.
Device classes sky130_fd_sc_hd__or3b_2 and sky130_fd_sc_hd__or3b_2 are equivalent.

Cell sky130_fd_sc_hd__o31a_2 (0) disconnected node: A1
Cell sky130_fd_sc_hd__o31a_2 (0) disconnected node: A2
Cell sky130_fd_sc_hd__o31a_2 (0) disconnected node: A3
Cell sky130_fd_sc_hd__o31a_2 (0) disconnected node: B1
Cell sky130_fd_sc_hd__o31a_2 (0) disconnected node: VGND
Cell sky130_fd_sc_hd__o31a_2 (0) disconnected node: VNB
Cell sky130_fd_sc_hd__o31a_2 (0) disconnected node: VPB
Cell sky130_fd_sc_hd__o31a_2 (0) disconnected node: VPWR
Cell sky130_fd_sc_hd__o31a_2 (0) disconnected node: X

Subcircuit pins:
Circuit 1: sky130_fd_sc_hd__o31a_2         |Circuit 2: sky130_fd_sc_hd__o31a_2         
-------------------------------------------|-------------------------------------------
A1                                         |A1                                         
A2                                         |A2                                         
A3                                         |A3                                         
B1                                         |B1                                         
VGND                                       |VGND                                       
VNB                                        |VNB                                        
VPB                                        |VPB                                        
VPWR                                       |VPWR                                       
X                                          |X                                          
---------------------------------------------------------------------------------------
Cell pin lists are equivalent.
Device classes sky130_fd_sc_hd__o31a_2 and sky130_fd_sc_hd__o31a_2 are equivalent.

Cell sky130_fd_sc_hd__o21a_2 (0) disconnected node: A1
Cell sky130_fd_sc_hd__o21a_2 (0) disconnected node: A2
Cell sky130_fd_sc_hd__o21a_2 (0) disconnected node: B1
Cell sky130_fd_sc_hd__o21a_2 (0) disconnected node: VGND
Cell sky130_fd_sc_hd__o21a_2 (0) disconnected node: VNB
Cell sky130_fd_sc_hd__o21a_2 (0) disconnected node: VPB
Cell sky130_fd_sc_hd__o21a_2 (0) disconnected node: VPWR
Cell sky130_fd_sc_hd__o21a_2 (0) disconnected node: X

Subcircuit pins:
Circuit 1: sky130_fd_sc_hd__o21a_2         |Circuit 2: sky130_fd_sc_hd__o21a_2         
-------------------------------------------|-------------------------------------------
A1                                         |A1                                         
A2                                         |A2                                         
B1                                         |B1                                         
VGND                                       |VGND                                       
VNB                                        |VNB                                        
VPB                                        |VPB                                        
VPWR                                       |VPWR                                       
X                                          |X                                          
---------------------------------------------------------------------------------------
Cell pin lists are equivalent.
Device classes sky130_fd_sc_hd__o21a_2 and sky130_fd_sc_hd__o21a_2 are equivalent.

Cell sky130_fd_sc_hd__nand3_4 (0) disconnected node: A
Cell sky130_fd_sc_hd__nand3_4 (0) disconnected node: B
Cell sky130_fd_sc_hd__nand3_4 (0) disconnected node: C
Cell sky130_fd_sc_hd__nand3_4 (0) disconnected node: VGND
Cell sky130_fd_sc_hd__nand3_4 (0) disconnected node: VNB
Cell sky130_fd_sc_hd__nand3_4 (0) disconnected node: VPB
Cell sky130_fd_sc_hd__nand3_4 (0) disconnected node: VPWR
Cell sky130_fd_sc_hd__nand3_4 (0) disconnected node: Y

Subcircuit pins:
Circuit 1: sky130_fd_sc_hd__nand3_4        |Circuit 2: sky130_fd_sc_hd__nand3_4        
-------------------------------------------|-------------------------------------------
A                                          |A                                          
B                                          |B                                          
C                                          |C                                          
VGND                                       |VGND                                       
VNB                                        |VNB                                        
VPB                                        |VPB                                        
VPWR                                       |VPWR                                       
Y                                          |Y                                          
---------------------------------------------------------------------------------------
Cell pin lists are equivalent.
Device classes sky130_fd_sc_hd__nand3_4 and sky130_fd_sc_hd__nand3_4 are equivalent.

Cell sky130_fd_sc_hd__a21o_2 (0) disconnected node: A1
Cell sky130_fd_sc_hd__a21o_2 (0) disconnected node: A2
Cell sky130_fd_sc_hd__a21o_2 (0) disconnected node: B1
Cell sky130_fd_sc_hd__a21o_2 (0) disconnected node: VGND
Cell sky130_fd_sc_hd__a21o_2 (0) disconnected node: VNB
Cell sky130_fd_sc_hd__a21o_2 (0) disconnected node: VPB
Cell sky130_fd_sc_hd__a21o_2 (0) disconnected node: VPWR
Cell sky130_fd_sc_hd__a21o_2 (0) disconnected node: X

Subcircuit pins:
Circuit 1: sky130_fd_sc_hd__a21o_2         |Circuit 2: sky130_fd_sc_hd__a21o_2         
-------------------------------------------|-------------------------------------------
A1                                         |A1                                         
A2                                         |A2                                         
B1                                         |B1                                         
VGND                                       |VGND                                       
VNB                                        |VNB                                        
VPB                                        |VPB                                        
VPWR                                       |VPWR                                       
X                                          |X                                          
---------------------------------------------------------------------------------------
Cell pin lists are equivalent.
Device classes sky130_fd_sc_hd__a21o_2 and sky130_fd_sc_hd__a21o_2 are equivalent.

Cell sky130_fd_sc_hd__clkbuf_8 (0) disconnected node: A
Cell sky130_fd_sc_hd__clkbuf_8 (0) disconnected node: VGND
Cell sky130_fd_sc_hd__clkbuf_8 (0) disconnected node: VNB
Cell sky130_fd_sc_hd__clkbuf_8 (0) disconnected node: VPB
Cell sky130_fd_sc_hd__clkbuf_8 (0) disconnected node: VPWR
Cell sky130_fd_sc_hd__clkbuf_8 (0) disconnected node: X

Subcircuit pins:
Circuit 1: sky130_fd_sc_hd__clkbuf_8       |Circuit 2: sky130_fd_sc_hd__clkbuf_8       
-------------------------------------------|-------------------------------------------
A                                          |A                                          
VGND                                       |VGND                                       
VNB                                        |VNB                                        
VPB                                        |VPB                                        
VPWR                                       |VPWR                                       
X                                          |X                                          
---------------------------------------------------------------------------------------
Cell pin lists are equivalent.
Device classes sky130_fd_sc_hd__clkbuf_8 and sky130_fd_sc_hd__clkbuf_8 are equivalent.

Cell sky130_fd_sc_hd__xor2_2 (0) disconnected node: A
Cell sky130_fd_sc_hd__xor2_2 (0) disconnected node: B
Cell sky130_fd_sc_hd__xor2_2 (0) disconnected node: VGND
Cell sky130_fd_sc_hd__xor2_2 (0) disconnected node: VNB
Cell sky130_fd_sc_hd__xor2_2 (0) disconnected node: VPB
Cell sky130_fd_sc_hd__xor2_2 (0) disconnected node: VPWR
Cell sky130_fd_sc_hd__xor2_2 (0) disconnected node: X

Subcircuit pins:
Circuit 1: sky130_fd_sc_hd__xor2_2         |Circuit 2: sky130_fd_sc_hd__xor2_2         
-------------------------------------------|-------------------------------------------
A                                          |A                                          
B                                          |B                                          
VGND                                       |VGND                                       
VNB                                        |VNB                                        
VPB                                        |VPB                                        
VPWR                                       |VPWR                                       
X                                          |X                                          
---------------------------------------------------------------------------------------
Cell pin lists are equivalent.
Device classes sky130_fd_sc_hd__xor2_2 and sky130_fd_sc_hd__xor2_2 are equivalent.

Cell sky130_fd_sc_hd__clkdlybuf4s25_1 (0) disconnected node: A
Cell sky130_fd_sc_hd__clkdlybuf4s25_1 (0) disconnected node: VGND
Cell sky130_fd_sc_hd__clkdlybuf4s25_1 (0) disconnected node: VNB
Cell sky130_fd_sc_hd__clkdlybuf4s25_1 (0) disconnected node: VPB
Cell sky130_fd_sc_hd__clkdlybuf4s25_1 (0) disconnected node: VPWR
Cell sky130_fd_sc_hd__clkdlybuf4s25_1 (0) disconnected node: X

Subcircuit pins:
Circuit 1: sky130_fd_sc_hd__clkdlybuf4s25_ |Circuit 2: sky130_fd_sc_hd__clkdlybuf4s25_ 
-------------------------------------------|-------------------------------------------
A                                          |A                                          
VGND                                       |VGND                                       
VNB                                        |VNB                                        
VPB                                        |VPB                                        
VPWR                                       |VPWR                                       
X                                          |X                                          
---------------------------------------------------------------------------------------
Cell pin lists are equivalent.
Device classes sky130_fd_sc_hd__clkdlybuf4s25_1 and sky130_fd_sc_hd__clkdlybuf4s25_1 are equivalent.

Cell sky130_fd_sc_hd__o21bai_4 (0) disconnected node: A1
Cell sky130_fd_sc_hd__o21bai_4 (0) disconnected node: A2
Cell sky130_fd_sc_hd__o21bai_4 (0) disconnected node: B1_N
Cell sky130_fd_sc_hd__o21bai_4 (0) disconnected node: VGND
Cell sky130_fd_sc_hd__o21bai_4 (0) disconnected node: VNB
Cell sky130_fd_sc_hd__o21bai_4 (0) disconnected node: VPB
Cell sky130_fd_sc_hd__o21bai_4 (0) disconnected node: VPWR
Cell sky130_fd_sc_hd__o21bai_4 (0) disconnected node: Y

Subcircuit pins:
Circuit 1: sky130_fd_sc_hd__o21bai_4       |Circuit 2: sky130_fd_sc_hd__o21bai_4       
-------------------------------------------|-------------------------------------------
A1                                         |A1                                         
A2                                         |A2                                         
B1_N                                       |B1_N                                       
VGND                                       |VGND                                       
VNB                                        |VNB                                        
VPB                                        |VPB                                        
VPWR                                       |VPWR                                       
Y                                          |Y                                          
---------------------------------------------------------------------------------------
Cell pin lists are equivalent.
Device classes sky130_fd_sc_hd__o21bai_4 and sky130_fd_sc_hd__o21bai_4 are equivalent.

Cell sky130_fd_sc_hd__or3_4 (0) disconnected node: A
Cell sky130_fd_sc_hd__or3_4 (0) disconnected node: B
Cell sky130_fd_sc_hd__or3_4 (0) disconnected node: C
Cell sky130_fd_sc_hd__or3_4 (0) disconnected node: VGND
Cell sky130_fd_sc_hd__or3_4 (0) disconnected node: VNB
Cell sky130_fd_sc_hd__or3_4 (0) disconnected node: VPB
Cell sky130_fd_sc_hd__or3_4 (0) disconnected node: VPWR
Cell sky130_fd_sc_hd__or3_4 (0) disconnected node: X

Subcircuit pins:
Circuit 1: sky130_fd_sc_hd__or3_4          |Circuit 2: sky130_fd_sc_hd__or3_4          
-------------------------------------------|-------------------------------------------
A                                          |A                                          
B                                          |B                                          
C                                          |C                                          
VGND                                       |VGND                                       
VNB                                        |VNB                                        
VPB                                        |VPB                                        
VPWR                                       |VPWR                                       
X                                          |X                                          
---------------------------------------------------------------------------------------
Cell pin lists are equivalent.
Device classes sky130_fd_sc_hd__or3_4 and sky130_fd_sc_hd__or3_4 are equivalent.

Cell sky130_fd_sc_hd__o21bai_2 (0) disconnected node: A1
Cell sky130_fd_sc_hd__o21bai_2 (0) disconnected node: A2
Cell sky130_fd_sc_hd__o21bai_2 (0) disconnected node: B1_N
Cell sky130_fd_sc_hd__o21bai_2 (0) disconnected node: VGND
Cell sky130_fd_sc_hd__o21bai_2 (0) disconnected node: VNB
Cell sky130_fd_sc_hd__o21bai_2 (0) disconnected node: VPB
Cell sky130_fd_sc_hd__o21bai_2 (0) disconnected node: VPWR
Cell sky130_fd_sc_hd__o21bai_2 (0) disconnected node: Y

Subcircuit pins:
Circuit 1: sky130_fd_sc_hd__o21bai_2       |Circuit 2: sky130_fd_sc_hd__o21bai_2       
-------------------------------------------|-------------------------------------------
A1                                         |A1                                         
A2                                         |A2                                         
B1_N                                       |B1_N                                       
VGND                                       |VGND                                       
VNB                                        |VNB                                        
VPB                                        |VPB                                        
VPWR                                       |VPWR                                       
Y                                          |Y                                          
---------------------------------------------------------------------------------------
Cell pin lists are equivalent.
Device classes sky130_fd_sc_hd__o21bai_2 and sky130_fd_sc_hd__o21bai_2 are equivalent.

Cell sky130_fd_sc_hd__nand4b_2 (0) disconnected node: A_N
Cell sky130_fd_sc_hd__nand4b_2 (0) disconnected node: B
Cell sky130_fd_sc_hd__nand4b_2 (0) disconnected node: C
Cell sky130_fd_sc_hd__nand4b_2 (0) disconnected node: D
Cell sky130_fd_sc_hd__nand4b_2 (0) disconnected node: VGND
Cell sky130_fd_sc_hd__nand4b_2 (0) disconnected node: VNB
Cell sky130_fd_sc_hd__nand4b_2 (0) disconnected node: VPB
Cell sky130_fd_sc_hd__nand4b_2 (0) disconnected node: VPWR
Cell sky130_fd_sc_hd__nand4b_2 (0) disconnected node: Y

Subcircuit pins:
Circuit 1: sky130_fd_sc_hd__nand4b_2       |Circuit 2: sky130_fd_sc_hd__nand4b_2       
-------------------------------------------|-------------------------------------------
A_N                                        |A_N                                        
B                                          |B                                          
C                                          |C                                          
D                                          |D                                          
VGND                                       |VGND                                       
VNB                                        |VNB                                        
VPB                                        |VPB                                        
VPWR                                       |VPWR                                       
Y                                          |Y                                          
---------------------------------------------------------------------------------------
Cell pin lists are equivalent.
Device classes sky130_fd_sc_hd__nand4b_2 and sky130_fd_sc_hd__nand4b_2 are equivalent.

Cell sky130_fd_sc_hd__or2_2 (0) disconnected node: A
Cell sky130_fd_sc_hd__or2_2 (0) disconnected node: B
Cell sky130_fd_sc_hd__or2_2 (0) disconnected node: VGND
Cell sky130_fd_sc_hd__or2_2 (0) disconnected node: VNB
Cell sky130_fd_sc_hd__or2_2 (0) disconnected node: VPB
Cell sky130_fd_sc_hd__or2_2 (0) disconnected node: VPWR
Cell sky130_fd_sc_hd__or2_2 (0) disconnected node: X

Subcircuit pins:
Circuit 1: sky130_fd_sc_hd__or2_2          |Circuit 2: sky130_fd_sc_hd__or2_2          
-------------------------------------------|-------------------------------------------
A                                          |A                                          
B                                          |B                                          
VGND                                       |VGND                                       
VNB                                        |VNB                                        
VPB                                        |VPB                                        
VPWR                                       |VPWR                                       
X                                          |X                                          
---------------------------------------------------------------------------------------
Cell pin lists are equivalent.
Device classes sky130_fd_sc_hd__or2_2 and sky130_fd_sc_hd__or2_2 are equivalent.

Cell sky130_fd_sc_hd__or4_4 (0) disconnected node: A
Cell sky130_fd_sc_hd__or4_4 (0) disconnected node: B
Cell sky130_fd_sc_hd__or4_4 (0) disconnected node: C
Cell sky130_fd_sc_hd__or4_4 (0) disconnected node: D
Cell sky130_fd_sc_hd__or4_4 (0) disconnected node: VGND
Cell sky130_fd_sc_hd__or4_4 (0) disconnected node: VNB
Cell sky130_fd_sc_hd__or4_4 (0) disconnected node: VPB
Cell sky130_fd_sc_hd__or4_4 (0) disconnected node: VPWR
Cell sky130_fd_sc_hd__or4_4 (0) disconnected node: X

Subcircuit pins:
Circuit 1: sky130_fd_sc_hd__or4_4          |Circuit 2: sky130_fd_sc_hd__or4_4          
-------------------------------------------|-------------------------------------------
A                                          |A                                          
B                                          |B                                          
C                                          |C                                          
D                                          |D                                          
VGND                                       |VGND                                       
VNB                                        |VNB                                        
VPB                                        |VPB                                        
VPWR                                       |VPWR                                       
X                                          |X                                          
---------------------------------------------------------------------------------------
Cell pin lists are equivalent.
Device classes sky130_fd_sc_hd__or4_4 and sky130_fd_sc_hd__or4_4 are equivalent.

Cell sky130_fd_sc_hd__o41a_4 (0) disconnected node: A1
Cell sky130_fd_sc_hd__o41a_4 (0) disconnected node: A2
Cell sky130_fd_sc_hd__o41a_4 (0) disconnected node: A3
Cell sky130_fd_sc_hd__o41a_4 (0) disconnected node: A4
Cell sky130_fd_sc_hd__o41a_4 (0) disconnected node: B1
Cell sky130_fd_sc_hd__o41a_4 (0) disconnected node: VGND
Cell sky130_fd_sc_hd__o41a_4 (0) disconnected node: VNB
Cell sky130_fd_sc_hd__o41a_4 (0) disconnected node: VPB
Cell sky130_fd_sc_hd__o41a_4 (0) disconnected node: VPWR
Cell sky130_fd_sc_hd__o41a_4 (0) disconnected node: X

Subcircuit pins:
Circuit 1: sky130_fd_sc_hd__o41a_4         |Circuit 2: sky130_fd_sc_hd__o41a_4         
-------------------------------------------|-------------------------------------------
A1                                         |A1                                         
A2                                         |A2                                         
A3                                         |A3                                         
A4                                         |A4                                         
B1                                         |B1                                         
VGND                                       |VGND                                       
VNB                                        |VNB                                        
VPB                                        |VPB                                        
VPWR                                       |VPWR                                       
X                                          |X                                          
---------------------------------------------------------------------------------------
Cell pin lists are equivalent.
Device classes sky130_fd_sc_hd__o41a_4 and sky130_fd_sc_hd__o41a_4 are equivalent.

Cell sky130_fd_sc_hd__o2111ai_2 (0) disconnected node: A1
Cell sky130_fd_sc_hd__o2111ai_2 (0) disconnected node: A2
Cell sky130_fd_sc_hd__o2111ai_2 (0) disconnected node: B1
Cell sky130_fd_sc_hd__o2111ai_2 (0) disconnected node: C1
Cell sky130_fd_sc_hd__o2111ai_2 (0) disconnected node: D1
Cell sky130_fd_sc_hd__o2111ai_2 (0) disconnected node: VGND
Cell sky130_fd_sc_hd__o2111ai_2 (0) disconnected node: VNB
Cell sky130_fd_sc_hd__o2111ai_2 (0) disconnected node: VPB
Cell sky130_fd_sc_hd__o2111ai_2 (0) disconnected node: VPWR
Cell sky130_fd_sc_hd__o2111ai_2 (0) disconnected node: Y

Subcircuit pins:
Circuit 1: sky130_fd_sc_hd__o2111ai_2      |Circuit 2: sky130_fd_sc_hd__o2111ai_2      
-------------------------------------------|-------------------------------------------
A1                                         |A1                                         
A2                                         |A2                                         
B1                                         |B1                                         
C1                                         |C1                                         
D1                                         |D1                                         
VGND                                       |VGND                                       
VNB                                        |VNB                                        
VPB                                        |VPB                                        
VPWR                                       |VPWR                                       
Y                                          |Y                                          
---------------------------------------------------------------------------------------
Cell pin lists are equivalent.
Device classes sky130_fd_sc_hd__o2111ai_2 and sky130_fd_sc_hd__o2111ai_2 are equivalent.

Cell sky130_fd_sc_hd__and4bb_2 (0) disconnected node: A_N
Cell sky130_fd_sc_hd__and4bb_2 (0) disconnected node: B_N
Cell sky130_fd_sc_hd__and4bb_2 (0) disconnected node: C
Cell sky130_fd_sc_hd__and4bb_2 (0) disconnected node: D
Cell sky130_fd_sc_hd__and4bb_2 (0) disconnected node: VGND
Cell sky130_fd_sc_hd__and4bb_2 (0) disconnected node: VNB
Cell sky130_fd_sc_hd__and4bb_2 (0) disconnected node: VPB
Cell sky130_fd_sc_hd__and4bb_2 (0) disconnected node: VPWR
Cell sky130_fd_sc_hd__and4bb_2 (0) disconnected node: X

Subcircuit pins:
Circuit 1: sky130_fd_sc_hd__and4bb_2       |Circuit 2: sky130_fd_sc_hd__and4bb_2       
-------------------------------------------|-------------------------------------------
A_N                                        |A_N                                        
B_N                                        |B_N                                        
C                                          |C                                          
D                                          |D                                          
VGND                                       |VGND                                       
VNB                                        |VNB                                        
VPB                                        |VPB                                        
VPWR                                       |VPWR                                       
X                                          |X                                          
---------------------------------------------------------------------------------------
Cell pin lists are equivalent.
Device classes sky130_fd_sc_hd__and4bb_2 and sky130_fd_sc_hd__and4bb_2 are equivalent.

Cell sky130_fd_sc_hd__a2bb2o_2 (0) disconnected node: A1_N
Cell sky130_fd_sc_hd__a2bb2o_2 (0) disconnected node: A2_N
Cell sky130_fd_sc_hd__a2bb2o_2 (0) disconnected node: B1
Cell sky130_fd_sc_hd__a2bb2o_2 (0) disconnected node: B2
Cell sky130_fd_sc_hd__a2bb2o_2 (0) disconnected node: VGND
Cell sky130_fd_sc_hd__a2bb2o_2 (0) disconnected node: VNB
Cell sky130_fd_sc_hd__a2bb2o_2 (0) disconnected node: VPB
Cell sky130_fd_sc_hd__a2bb2o_2 (0) disconnected node: VPWR
Cell sky130_fd_sc_hd__a2bb2o_2 (0) disconnected node: X

Subcircuit pins:
Circuit 1: sky130_fd_sc_hd__a2bb2o_2       |Circuit 2: sky130_fd_sc_hd__a2bb2o_2       
-------------------------------------------|-------------------------------------------
A1_N                                       |A1_N                                       
A2_N                                       |A2_N                                       
B1                                         |B1                                         
B2                                         |B2                                         
VGND                                       |VGND                                       
VNB                                        |VNB                                        
VPB                                        |VPB                                        
VPWR                                       |VPWR                                       
X                                          |X                                          
---------------------------------------------------------------------------------------
Cell pin lists are equivalent.
Device classes sky130_fd_sc_hd__a2bb2o_2 and sky130_fd_sc_hd__a2bb2o_2 are equivalent.

Cell sky130_fd_sc_hd__inv_2 (0) disconnected node: A
Cell sky130_fd_sc_hd__inv_2 (0) disconnected node: VGND
Cell sky130_fd_sc_hd__inv_2 (0) disconnected node: VNB
Cell sky130_fd_sc_hd__inv_2 (0) disconnected node: VPB
Cell sky130_fd_sc_hd__inv_2 (0) disconnected node: VPWR
Cell sky130_fd_sc_hd__inv_2 (0) disconnected node: Y

Subcircuit pins:
Circuit 1: sky130_fd_sc_hd__inv_2          |Circuit 2: sky130_fd_sc_hd__inv_2          
-------------------------------------------|-------------------------------------------
A                                          |A                                          
VGND                                       |VGND                                       
VNB                                        |VNB                                        
VPB                                        |VPB                                        
VPWR                                       |VPWR                                       
Y                                          |Y                                          
---------------------------------------------------------------------------------------
Cell pin lists are equivalent.
Device classes sky130_fd_sc_hd__inv_2 and sky130_fd_sc_hd__inv_2 are equivalent.

Cell sky130_fd_sc_hd__nand3_2 (0) disconnected node: A
Cell sky130_fd_sc_hd__nand3_2 (0) disconnected node: B
Cell sky130_fd_sc_hd__nand3_2 (0) disconnected node: C
Cell sky130_fd_sc_hd__nand3_2 (0) disconnected node: VGND
Cell sky130_fd_sc_hd__nand3_2 (0) disconnected node: VNB
Cell sky130_fd_sc_hd__nand3_2 (0) disconnected node: VPB
Cell sky130_fd_sc_hd__nand3_2 (0) disconnected node: VPWR
Cell sky130_fd_sc_hd__nand3_2 (0) disconnected node: Y

Subcircuit pins:
Circuit 1: sky130_fd_sc_hd__nand3_2        |Circuit 2: sky130_fd_sc_hd__nand3_2        
-------------------------------------------|-------------------------------------------
A                                          |A                                          
B                                          |B                                          
C                                          |C                                          
VGND                                       |VGND                                       
VNB                                        |VNB                                        
VPB                                        |VPB                                        
VPWR                                       |VPWR                                       
Y                                          |Y                                          
---------------------------------------------------------------------------------------
Cell pin lists are equivalent.
Device classes sky130_fd_sc_hd__nand3_2 and sky130_fd_sc_hd__nand3_2 are equivalent.

Cell sky130_fd_sc_hd__o211ai_2 (0) disconnected node: A1
Cell sky130_fd_sc_hd__o211ai_2 (0) disconnected node: A2
Cell sky130_fd_sc_hd__o211ai_2 (0) disconnected node: B1
Cell sky130_fd_sc_hd__o211ai_2 (0) disconnected node: C1
Cell sky130_fd_sc_hd__o211ai_2 (0) disconnected node: VGND
Cell sky130_fd_sc_hd__o211ai_2 (0) disconnected node: VNB
Cell sky130_fd_sc_hd__o211ai_2 (0) disconnected node: VPB
Cell sky130_fd_sc_hd__o211ai_2 (0) disconnected node: VPWR
Cell sky130_fd_sc_hd__o211ai_2 (0) disconnected node: Y

Subcircuit pins:
Circuit 1: sky130_fd_sc_hd__o211ai_2       |Circuit 2: sky130_fd_sc_hd__o211ai_2       
-------------------------------------------|-------------------------------------------
A1                                         |A1                                         
A2                                         |A2                                         
B1                                         |B1                                         
C1                                         |C1                                         
VGND                                       |VGND                                       
VNB                                        |VNB                                        
VPB                                        |VPB                                        
VPWR                                       |VPWR                                       
Y                                          |Y                                          
---------------------------------------------------------------------------------------
Cell pin lists are equivalent.
Device classes sky130_fd_sc_hd__o211ai_2 and sky130_fd_sc_hd__o211ai_2 are equivalent.

Cell sky130_fd_sc_hd__o31ai_2 (0) disconnected node: A1
Cell sky130_fd_sc_hd__o31ai_2 (0) disconnected node: A2
Cell sky130_fd_sc_hd__o31ai_2 (0) disconnected node: A3
Cell sky130_fd_sc_hd__o31ai_2 (0) disconnected node: B1
Cell sky130_fd_sc_hd__o31ai_2 (0) disconnected node: VGND
Cell sky130_fd_sc_hd__o31ai_2 (0) disconnected node: VNB
Cell sky130_fd_sc_hd__o31ai_2 (0) disconnected node: VPB
Cell sky130_fd_sc_hd__o31ai_2 (0) disconnected node: VPWR
Cell sky130_fd_sc_hd__o31ai_2 (0) disconnected node: Y

Subcircuit pins:
Circuit 1: sky130_fd_sc_hd__o31ai_2        |Circuit 2: sky130_fd_sc_hd__o31ai_2        
-------------------------------------------|-------------------------------------------
A1                                         |A1                                         
A2                                         |A2                                         
A3                                         |A3                                         
B1                                         |B1                                         
VGND                                       |VGND                                       
VNB                                        |VNB                                        
VPB                                        |VPB                                        
VPWR                                       |VPWR                                       
Y                                          |Y                                          
---------------------------------------------------------------------------------------
Cell pin lists are equivalent.
Device classes sky130_fd_sc_hd__o31ai_2 and sky130_fd_sc_hd__o31ai_2 are equivalent.

Cell sky130_fd_sc_hd__o221ai_2 (0) disconnected node: A1
Cell sky130_fd_sc_hd__o221ai_2 (0) disconnected node: A2
Cell sky130_fd_sc_hd__o221ai_2 (0) disconnected node: B1
Cell sky130_fd_sc_hd__o221ai_2 (0) disconnected node: B2
Cell sky130_fd_sc_hd__o221ai_2 (0) disconnected node: C1
Cell sky130_fd_sc_hd__o221ai_2 (0) disconnected node: VGND
Cell sky130_fd_sc_hd__o221ai_2 (0) disconnected node: VNB
Cell sky130_fd_sc_hd__o221ai_2 (0) disconnected node: VPB
Cell sky130_fd_sc_hd__o221ai_2 (0) disconnected node: VPWR
Cell sky130_fd_sc_hd__o221ai_2 (0) disconnected node: Y

Subcircuit pins:
Circuit 1: sky130_fd_sc_hd__o221ai_2       |Circuit 2: sky130_fd_sc_hd__o221ai_2       
-------------------------------------------|-------------------------------------------
A1                                         |A1                                         
A2                                         |A2                                         
B1                                         |B1                                         
B2                                         |B2                                         
C1                                         |C1                                         
VGND                                       |VGND                                       
VNB                                        |VNB                                        
VPB                                        |VPB                                        
VPWR                                       |VPWR                                       
Y                                          |Y                                          
---------------------------------------------------------------------------------------
Cell pin lists are equivalent.
Device classes sky130_fd_sc_hd__o221ai_2 and sky130_fd_sc_hd__o221ai_2 are equivalent.

Cell sky130_fd_sc_hd__a211oi_2 (0) disconnected node: A1
Cell sky130_fd_sc_hd__a211oi_2 (0) disconnected node: A2
Cell sky130_fd_sc_hd__a211oi_2 (0) disconnected node: B1
Cell sky130_fd_sc_hd__a211oi_2 (0) disconnected node: C1
Cell sky130_fd_sc_hd__a211oi_2 (0) disconnected node: VGND
Cell sky130_fd_sc_hd__a211oi_2 (0) disconnected node: VNB
Cell sky130_fd_sc_hd__a211oi_2 (0) disconnected node: VPB
Cell sky130_fd_sc_hd__a211oi_2 (0) disconnected node: VPWR
Cell sky130_fd_sc_hd__a211oi_2 (0) disconnected node: Y

Subcircuit pins:
Circuit 1: sky130_fd_sc_hd__a211oi_2       |Circuit 2: sky130_fd_sc_hd__a211oi_2       
-------------------------------------------|-------------------------------------------
A1                                         |A1                                         
A2                                         |A2                                         
B1                                         |B1                                         
C1                                         |C1                                         
VGND                                       |VGND                                       
VNB                                        |VNB                                        
VPB                                        |VPB                                        
VPWR                                       |VPWR                                       
Y                                          |Y                                          
---------------------------------------------------------------------------------------
Cell pin lists are equivalent.
Device classes sky130_fd_sc_hd__a211oi_2 and sky130_fd_sc_hd__a211oi_2 are equivalent.

Cell sky130_fd_sc_hd__buf_8 (0) disconnected node: A
Cell sky130_fd_sc_hd__buf_8 (0) disconnected node: VGND
Cell sky130_fd_sc_hd__buf_8 (0) disconnected node: VNB
Cell sky130_fd_sc_hd__buf_8 (0) disconnected node: VPB
Cell sky130_fd_sc_hd__buf_8 (0) disconnected node: VPWR
Cell sky130_fd_sc_hd__buf_8 (0) disconnected node: X

Subcircuit pins:
Circuit 1: sky130_fd_sc_hd__buf_8          |Circuit 2: sky130_fd_sc_hd__buf_8          
-------------------------------------------|-------------------------------------------
A                                          |A                                          
VGND                                       |VGND                                       
VNB                                        |VNB                                        
VPB                                        |VPB                                        
VPWR                                       |VPWR                                       
X                                          |X                                          
---------------------------------------------------------------------------------------
Cell pin lists are equivalent.
Device classes sky130_fd_sc_hd__buf_8 and sky130_fd_sc_hd__buf_8 are equivalent.

Cell sky130_fd_sc_hd__a41oi_4 (0) disconnected node: A1
Cell sky130_fd_sc_hd__a41oi_4 (0) disconnected node: A2
Cell sky130_fd_sc_hd__a41oi_4 (0) disconnected node: A3
Cell sky130_fd_sc_hd__a41oi_4 (0) disconnected node: A4
Cell sky130_fd_sc_hd__a41oi_4 (0) disconnected node: B1
Cell sky130_fd_sc_hd__a41oi_4 (0) disconnected node: VGND
Cell sky130_fd_sc_hd__a41oi_4 (0) disconnected node: VNB
Cell sky130_fd_sc_hd__a41oi_4 (0) disconnected node: VPB
Cell sky130_fd_sc_hd__a41oi_4 (0) disconnected node: VPWR
Cell sky130_fd_sc_hd__a41oi_4 (0) disconnected node: Y

Subcircuit pins:
Circuit 1: sky130_fd_sc_hd__a41oi_4        |Circuit 2: sky130_fd_sc_hd__a41oi_4        
-------------------------------------------|-------------------------------------------
A1                                         |A1                                         
A2                                         |A2                                         
A3                                         |A3                                         
A4                                         |A4                                         
B1                                         |B1                                         
VGND                                       |VGND                                       
VNB                                        |VNB                                        
VPB                                        |VPB                                        
VPWR                                       |VPWR                                       
Y                                          |Y                                          
---------------------------------------------------------------------------------------
Cell pin lists are equivalent.
Device classes sky130_fd_sc_hd__a41oi_4 and sky130_fd_sc_hd__a41oi_4 are equivalent.

Cell sky130_fd_sc_hd__o221a_4 (0) disconnected node: A1
Cell sky130_fd_sc_hd__o221a_4 (0) disconnected node: A2
Cell sky130_fd_sc_hd__o221a_4 (0) disconnected node: B1
Cell sky130_fd_sc_hd__o221a_4 (0) disconnected node: B2
Cell sky130_fd_sc_hd__o221a_4 (0) disconnected node: C1
Cell sky130_fd_sc_hd__o221a_4 (0) disconnected node: VGND
Cell sky130_fd_sc_hd__o221a_4 (0) disconnected node: VNB
Cell sky130_fd_sc_hd__o221a_4 (0) disconnected node: VPB
Cell sky130_fd_sc_hd__o221a_4 (0) disconnected node: VPWR
Cell sky130_fd_sc_hd__o221a_4 (0) disconnected node: X

Subcircuit pins:
Circuit 1: sky130_fd_sc_hd__o221a_4        |Circuit 2: sky130_fd_sc_hd__o221a_4        
-------------------------------------------|-------------------------------------------
A1                                         |A1                                         
A2                                         |A2                                         
B1                                         |B1                                         
B2                                         |B2                                         
C1                                         |C1                                         
VGND                                       |VGND                                       
VNB                                        |VNB                                        
VPB                                        |VPB                                        
VPWR                                       |VPWR                                       
X                                          |X                                          
---------------------------------------------------------------------------------------
Cell pin lists are equivalent.
Device classes sky130_fd_sc_hd__o221a_4 and sky130_fd_sc_hd__o221a_4 are equivalent.

Cell sky130_fd_sc_hd__buf_1 (0) disconnected node: A
Cell sky130_fd_sc_hd__buf_1 (0) disconnected node: VGND
Cell sky130_fd_sc_hd__buf_1 (0) disconnected node: VNB
Cell sky130_fd_sc_hd__buf_1 (0) disconnected node: VPB
Cell sky130_fd_sc_hd__buf_1 (0) disconnected node: VPWR
Cell sky130_fd_sc_hd__buf_1 (0) disconnected node: X

Subcircuit pins:
Circuit 1: sky130_fd_sc_hd__buf_1          |Circuit 2: sky130_fd_sc_hd__buf_1          
-------------------------------------------|-------------------------------------------
A                                          |A                                          
VGND                                       |VGND                                       
VNB                                        |VNB                                        
VPB                                        |VPB                                        
VPWR                                       |VPWR                                       
X                                          |X                                          
---------------------------------------------------------------------------------------
Cell pin lists are equivalent.
Device classes sky130_fd_sc_hd__buf_1 and sky130_fd_sc_hd__buf_1 are equivalent.

Cell sky130_fd_sc_hd__a31oi_4 (0) disconnected node: A1
Cell sky130_fd_sc_hd__a31oi_4 (0) disconnected node: A2
Cell sky130_fd_sc_hd__a31oi_4 (0) disconnected node: A3
Cell sky130_fd_sc_hd__a31oi_4 (0) disconnected node: B1
Cell sky130_fd_sc_hd__a31oi_4 (0) disconnected node: VGND
Cell sky130_fd_sc_hd__a31oi_4 (0) disconnected node: VNB
Cell sky130_fd_sc_hd__a31oi_4 (0) disconnected node: VPB
Cell sky130_fd_sc_hd__a31oi_4 (0) disconnected node: VPWR
Cell sky130_fd_sc_hd__a31oi_4 (0) disconnected node: Y

Subcircuit pins:
Circuit 1: sky130_fd_sc_hd__a31oi_4        |Circuit 2: sky130_fd_sc_hd__a31oi_4        
-------------------------------------------|-------------------------------------------
A1                                         |A1                                         
A2                                         |A2                                         
A3                                         |A3                                         
B1                                         |B1                                         
VGND                                       |VGND                                       
VNB                                        |VNB                                        
VPB                                        |VPB                                        
VPWR                                       |VPWR                                       
Y                                          |Y                                          
---------------------------------------------------------------------------------------
Cell pin lists are equivalent.
Device classes sky130_fd_sc_hd__a31oi_4 and sky130_fd_sc_hd__a31oi_4 are equivalent.

Cell sky130_fd_sc_hd__o211a_2 (0) disconnected node: A1
Cell sky130_fd_sc_hd__o211a_2 (0) disconnected node: A2
Cell sky130_fd_sc_hd__o211a_2 (0) disconnected node: B1
Cell sky130_fd_sc_hd__o211a_2 (0) disconnected node: C1
Cell sky130_fd_sc_hd__o211a_2 (0) disconnected node: VGND
Cell sky130_fd_sc_hd__o211a_2 (0) disconnected node: VNB
Cell sky130_fd_sc_hd__o211a_2 (0) disconnected node: VPB
Cell sky130_fd_sc_hd__o211a_2 (0) disconnected node: VPWR
Cell sky130_fd_sc_hd__o211a_2 (0) disconnected node: X

Subcircuit pins:
Circuit 1: sky130_fd_sc_hd__o211a_2        |Circuit 2: sky130_fd_sc_hd__o211a_2        
-------------------------------------------|-------------------------------------------
A1                                         |A1                                         
A2                                         |A2                                         
B1                                         |B1                                         
C1                                         |C1                                         
VGND                                       |VGND                                       
VNB                                        |VNB                                        
VPB                                        |VPB                                        
VPWR                                       |VPWR                                       
X                                          |X                                          
---------------------------------------------------------------------------------------
Cell pin lists are equivalent.
Device classes sky130_fd_sc_hd__o211a_2 and sky130_fd_sc_hd__o211a_2 are equivalent.

Cell sky130_fd_sc_hd__or4b_4 (0) disconnected node: A
Cell sky130_fd_sc_hd__or4b_4 (0) disconnected node: B
Cell sky130_fd_sc_hd__or4b_4 (0) disconnected node: C
Cell sky130_fd_sc_hd__or4b_4 (0) disconnected node: D_N
Cell sky130_fd_sc_hd__or4b_4 (0) disconnected node: VGND
Cell sky130_fd_sc_hd__or4b_4 (0) disconnected node: VNB
Cell sky130_fd_sc_hd__or4b_4 (0) disconnected node: VPB
Cell sky130_fd_sc_hd__or4b_4 (0) disconnected node: VPWR
Cell sky130_fd_sc_hd__or4b_4 (0) disconnected node: X

Subcircuit pins:
Circuit 1: sky130_fd_sc_hd__or4b_4         |Circuit 2: sky130_fd_sc_hd__or4b_4         
-------------------------------------------|-------------------------------------------
A                                          |A                                          
B                                          |B                                          
C                                          |C                                          
D_N                                        |D_N                                        
VGND                                       |VGND                                       
VNB                                        |VNB                                        
VPB                                        |VPB                                        
VPWR                                       |VPWR                                       
X                                          |X                                          
---------------------------------------------------------------------------------------
Cell pin lists are equivalent.
Device classes sky130_fd_sc_hd__or4b_4 and sky130_fd_sc_hd__or4b_4 are equivalent.

Cell sky130_fd_sc_hd__nor4_2 (0) disconnected node: A
Cell sky130_fd_sc_hd__nor4_2 (0) disconnected node: B
Cell sky130_fd_sc_hd__nor4_2 (0) disconnected node: C
Cell sky130_fd_sc_hd__nor4_2 (0) disconnected node: D
Cell sky130_fd_sc_hd__nor4_2 (0) disconnected node: VGND
Cell sky130_fd_sc_hd__nor4_2 (0) disconnected node: VNB
Cell sky130_fd_sc_hd__nor4_2 (0) disconnected node: VPB
Cell sky130_fd_sc_hd__nor4_2 (0) disconnected node: VPWR
Cell sky130_fd_sc_hd__nor4_2 (0) disconnected node: Y

Subcircuit pins:
Circuit 1: sky130_fd_sc_hd__nor4_2         |Circuit 2: sky130_fd_sc_hd__nor4_2         
-------------------------------------------|-------------------------------------------
A                                          |A                                          
B                                          |B                                          
C                                          |C                                          
D                                          |D                                          
VGND                                       |VGND                                       
VNB                                        |VNB                                        
VPB                                        |VPB                                        
VPWR                                       |VPWR                                       
Y                                          |Y                                          
---------------------------------------------------------------------------------------
Cell pin lists are equivalent.
Device classes sky130_fd_sc_hd__nor4_2 and sky130_fd_sc_hd__nor4_2 are equivalent.

Cell sky130_fd_sc_hd__o41a_2 (0) disconnected node: A1
Cell sky130_fd_sc_hd__o41a_2 (0) disconnected node: A2
Cell sky130_fd_sc_hd__o41a_2 (0) disconnected node: A3
Cell sky130_fd_sc_hd__o41a_2 (0) disconnected node: A4
Cell sky130_fd_sc_hd__o41a_2 (0) disconnected node: B1
Cell sky130_fd_sc_hd__o41a_2 (0) disconnected node: VGND
Cell sky130_fd_sc_hd__o41a_2 (0) disconnected node: VNB
Cell sky130_fd_sc_hd__o41a_2 (0) disconnected node: VPB
Cell sky130_fd_sc_hd__o41a_2 (0) disconnected node: VPWR
Cell sky130_fd_sc_hd__o41a_2 (0) disconnected node: X

Subcircuit pins:
Circuit 1: sky130_fd_sc_hd__o41a_2         |Circuit 2: sky130_fd_sc_hd__o41a_2         
-------------------------------------------|-------------------------------------------
A1                                         |A1                                         
A2                                         |A2                                         
A3                                         |A3                                         
A4                                         |A4                                         
B1                                         |B1                                         
VGND                                       |VGND                                       
VNB                                        |VNB                                        
VPB                                        |VPB                                        
VPWR                                       |VPWR                                       
X                                          |X                                          
---------------------------------------------------------------------------------------
Cell pin lists are equivalent.
Device classes sky130_fd_sc_hd__o41a_2 and sky130_fd_sc_hd__o41a_2 are equivalent.

Cell sky130_fd_sc_hd__a2111oi_2 (0) disconnected node: A1
Cell sky130_fd_sc_hd__a2111oi_2 (0) disconnected node: A2
Cell sky130_fd_sc_hd__a2111oi_2 (0) disconnected node: B1
Cell sky130_fd_sc_hd__a2111oi_2 (0) disconnected node: C1
Cell sky130_fd_sc_hd__a2111oi_2 (0) disconnected node: D1
Cell sky130_fd_sc_hd__a2111oi_2 (0) disconnected node: VGND
Cell sky130_fd_sc_hd__a2111oi_2 (0) disconnected node: VNB
Cell sky130_fd_sc_hd__a2111oi_2 (0) disconnected node: VPB
Cell sky130_fd_sc_hd__a2111oi_2 (0) disconnected node: VPWR
Cell sky130_fd_sc_hd__a2111oi_2 (0) disconnected node: Y

Subcircuit pins:
Circuit 1: sky130_fd_sc_hd__a2111oi_2      |Circuit 2: sky130_fd_sc_hd__a2111oi_2      
-------------------------------------------|-------------------------------------------
A1                                         |A1                                         
A2                                         |A2                                         
B1                                         |B1                                         
C1                                         |C1                                         
D1                                         |D1                                         
VGND                                       |VGND                                       
VNB                                        |VNB                                        
VPB                                        |VPB                                        
VPWR                                       |VPWR                                       
Y                                          |Y                                          
---------------------------------------------------------------------------------------
Cell pin lists are equivalent.
Device classes sky130_fd_sc_hd__a2111oi_2 and sky130_fd_sc_hd__a2111oi_2 are equivalent.

Cell sky130_fd_sc_hd__and3_4 (0) disconnected node: A
Cell sky130_fd_sc_hd__and3_4 (0) disconnected node: B
Cell sky130_fd_sc_hd__and3_4 (0) disconnected node: C
Cell sky130_fd_sc_hd__and3_4 (0) disconnected node: VGND
Cell sky130_fd_sc_hd__and3_4 (0) disconnected node: VNB
Cell sky130_fd_sc_hd__and3_4 (0) disconnected node: VPB
Cell sky130_fd_sc_hd__and3_4 (0) disconnected node: VPWR
Cell sky130_fd_sc_hd__and3_4 (0) disconnected node: X

Subcircuit pins:
Circuit 1: sky130_fd_sc_hd__and3_4         |Circuit 2: sky130_fd_sc_hd__and3_4         
-------------------------------------------|-------------------------------------------
A                                          |A                                          
B                                          |B                                          
C                                          |C                                          
VGND                                       |VGND                                       
VNB                                        |VNB                                        
VPB                                        |VPB                                        
VPWR                                       |VPWR                                       
X                                          |X                                          
---------------------------------------------------------------------------------------
Cell pin lists are equivalent.
Device classes sky130_fd_sc_hd__and3_4 and sky130_fd_sc_hd__and3_4 are equivalent.

Cell sky130_fd_sc_hd__o2bb2a_2 (0) disconnected node: A1_N
Cell sky130_fd_sc_hd__o2bb2a_2 (0) disconnected node: A2_N
Cell sky130_fd_sc_hd__o2bb2a_2 (0) disconnected node: B1
Cell sky130_fd_sc_hd__o2bb2a_2 (0) disconnected node: B2
Cell sky130_fd_sc_hd__o2bb2a_2 (0) disconnected node: VGND
Cell sky130_fd_sc_hd__o2bb2a_2 (0) disconnected node: VNB
Cell sky130_fd_sc_hd__o2bb2a_2 (0) disconnected node: VPB
Cell sky130_fd_sc_hd__o2bb2a_2 (0) disconnected node: VPWR
Cell sky130_fd_sc_hd__o2bb2a_2 (0) disconnected node: X

Subcircuit pins:
Circuit 1: sky130_fd_sc_hd__o2bb2a_2       |Circuit 2: sky130_fd_sc_hd__o2bb2a_2       
-------------------------------------------|-------------------------------------------
A1_N                                       |A1_N                                       
A2_N                                       |A2_N                                       
B1                                         |B1                                         
B2                                         |B2                                         
VGND                                       |VGND                                       
VNB                                        |VNB                                        
VPB                                        |VPB                                        
VPWR                                       |VPWR                                       
X                                          |X                                          
---------------------------------------------------------------------------------------
Cell pin lists are equivalent.
Device classes sky130_fd_sc_hd__o2bb2a_2 and sky130_fd_sc_hd__o2bb2a_2 are equivalent.

Cell sky130_fd_sc_hd__a21oi_4 (0) disconnected node: A1
Cell sky130_fd_sc_hd__a21oi_4 (0) disconnected node: A2
Cell sky130_fd_sc_hd__a21oi_4 (0) disconnected node: B1
Cell sky130_fd_sc_hd__a21oi_4 (0) disconnected node: VGND
Cell sky130_fd_sc_hd__a21oi_4 (0) disconnected node: VNB
Cell sky130_fd_sc_hd__a21oi_4 (0) disconnected node: VPB
Cell sky130_fd_sc_hd__a21oi_4 (0) disconnected node: VPWR
Cell sky130_fd_sc_hd__a21oi_4 (0) disconnected node: Y

Subcircuit pins:
Circuit 1: sky130_fd_sc_hd__a21oi_4        |Circuit 2: sky130_fd_sc_hd__a21oi_4        
-------------------------------------------|-------------------------------------------
A1                                         |A1                                         
A2                                         |A2                                         
B1                                         |B1                                         
VGND                                       |VGND                                       
VNB                                        |VNB                                        
VPB                                        |VPB                                        
VPWR                                       |VPWR                                       
Y                                          |Y                                          
---------------------------------------------------------------------------------------
Cell pin lists are equivalent.
Device classes sky130_fd_sc_hd__a21oi_4 and sky130_fd_sc_hd__a21oi_4 are equivalent.

Cell sky130_fd_sc_hd__o32a_4 (0) disconnected node: A1
Cell sky130_fd_sc_hd__o32a_4 (0) disconnected node: A2
Cell sky130_fd_sc_hd__o32a_4 (0) disconnected node: A3
Cell sky130_fd_sc_hd__o32a_4 (0) disconnected node: B1
Cell sky130_fd_sc_hd__o32a_4 (0) disconnected node: B2
Cell sky130_fd_sc_hd__o32a_4 (0) disconnected node: VGND
Cell sky130_fd_sc_hd__o32a_4 (0) disconnected node: VNB
Cell sky130_fd_sc_hd__o32a_4 (0) disconnected node: VPB
Cell sky130_fd_sc_hd__o32a_4 (0) disconnected node: VPWR
Cell sky130_fd_sc_hd__o32a_4 (0) disconnected node: X

Subcircuit pins:
Circuit 1: sky130_fd_sc_hd__o32a_4         |Circuit 2: sky130_fd_sc_hd__o32a_4         
-------------------------------------------|-------------------------------------------
A1                                         |A1                                         
A2                                         |A2                                         
A3                                         |A3                                         
B1                                         |B1                                         
B2                                         |B2                                         
VGND                                       |VGND                                       
VNB                                        |VNB                                        
VPB                                        |VPB                                        
VPWR                                       |VPWR                                       
X                                          |X                                          
---------------------------------------------------------------------------------------
Cell pin lists are equivalent.
Device classes sky130_fd_sc_hd__o32a_4 and sky130_fd_sc_hd__o32a_4 are equivalent.

Cell sky130_fd_sc_hd__a31oi_2 (0) disconnected node: A1
Cell sky130_fd_sc_hd__a31oi_2 (0) disconnected node: A2
Cell sky130_fd_sc_hd__a31oi_2 (0) disconnected node: A3
Cell sky130_fd_sc_hd__a31oi_2 (0) disconnected node: B1
Cell sky130_fd_sc_hd__a31oi_2 (0) disconnected node: VGND
Cell sky130_fd_sc_hd__a31oi_2 (0) disconnected node: VNB
Cell sky130_fd_sc_hd__a31oi_2 (0) disconnected node: VPB
Cell sky130_fd_sc_hd__a31oi_2 (0) disconnected node: VPWR
Cell sky130_fd_sc_hd__a31oi_2 (0) disconnected node: Y

Subcircuit pins:
Circuit 1: sky130_fd_sc_hd__a31oi_2        |Circuit 2: sky130_fd_sc_hd__a31oi_2        
-------------------------------------------|-------------------------------------------
A1                                         |A1                                         
A2                                         |A2                                         
A3                                         |A3                                         
B1                                         |B1                                         
VGND                                       |VGND                                       
VNB                                        |VNB                                        
VPB                                        |VPB                                        
VPWR                                       |VPWR                                       
Y                                          |Y                                          
---------------------------------------------------------------------------------------
Cell pin lists are equivalent.
Device classes sky130_fd_sc_hd__a31oi_2 and sky130_fd_sc_hd__a31oi_2 are equivalent.

Cell sky130_fd_sc_hd__a211o_4 (0) disconnected node: A1
Cell sky130_fd_sc_hd__a211o_4 (0) disconnected node: A2
Cell sky130_fd_sc_hd__a211o_4 (0) disconnected node: B1
Cell sky130_fd_sc_hd__a211o_4 (0) disconnected node: C1
Cell sky130_fd_sc_hd__a211o_4 (0) disconnected node: VGND
Cell sky130_fd_sc_hd__a211o_4 (0) disconnected node: VNB
Cell sky130_fd_sc_hd__a211o_4 (0) disconnected node: VPB
Cell sky130_fd_sc_hd__a211o_4 (0) disconnected node: VPWR
Cell sky130_fd_sc_hd__a211o_4 (0) disconnected node: X

Subcircuit pins:
Circuit 1: sky130_fd_sc_hd__a211o_4        |Circuit 2: sky130_fd_sc_hd__a211o_4        
-------------------------------------------|-------------------------------------------
A1                                         |A1                                         
A2                                         |A2                                         
B1                                         |B1                                         
C1                                         |C1                                         
VGND                                       |VGND                                       
VNB                                        |VNB                                        
VPB                                        |VPB                                        
VPWR                                       |VPWR                                       
X                                          |X                                          
---------------------------------------------------------------------------------------
Cell pin lists are equivalent.
Device classes sky130_fd_sc_hd__a211o_4 and sky130_fd_sc_hd__a211o_4 are equivalent.

Cell sky130_fd_sc_hd__a311o_2 (0) disconnected node: A1
Cell sky130_fd_sc_hd__a311o_2 (0) disconnected node: A2
Cell sky130_fd_sc_hd__a311o_2 (0) disconnected node: A3
Cell sky130_fd_sc_hd__a311o_2 (0) disconnected node: B1
Cell sky130_fd_sc_hd__a311o_2 (0) disconnected node: C1
Cell sky130_fd_sc_hd__a311o_2 (0) disconnected node: VGND
Cell sky130_fd_sc_hd__a311o_2 (0) disconnected node: VNB
Cell sky130_fd_sc_hd__a311o_2 (0) disconnected node: VPB
Cell sky130_fd_sc_hd__a311o_2 (0) disconnected node: VPWR
Cell sky130_fd_sc_hd__a311o_2 (0) disconnected node: X

Subcircuit pins:
Circuit 1: sky130_fd_sc_hd__a311o_2        |Circuit 2: sky130_fd_sc_hd__a311o_2        
-------------------------------------------|-------------------------------------------
A1                                         |A1                                         
A2                                         |A2                                         
A3                                         |A3                                         
B1                                         |B1                                         
C1                                         |C1                                         
VGND                                       |VGND                                       
VNB                                        |VNB                                        
VPB                                        |VPB                                        
VPWR                                       |VPWR                                       
X                                          |X                                          
---------------------------------------------------------------------------------------
Cell pin lists are equivalent.
Device classes sky130_fd_sc_hd__a311o_2 and sky130_fd_sc_hd__a311o_2 are equivalent.

Cell sky130_fd_sc_hd__nor2_4 (0) disconnected node: A
Cell sky130_fd_sc_hd__nor2_4 (0) disconnected node: B
Cell sky130_fd_sc_hd__nor2_4 (0) disconnected node: VGND
Cell sky130_fd_sc_hd__nor2_4 (0) disconnected node: VNB
Cell sky130_fd_sc_hd__nor2_4 (0) disconnected node: VPB
Cell sky130_fd_sc_hd__nor2_4 (0) disconnected node: VPWR
Cell sky130_fd_sc_hd__nor2_4 (0) disconnected node: Y

Subcircuit pins:
Circuit 1: sky130_fd_sc_hd__nor2_4         |Circuit 2: sky130_fd_sc_hd__nor2_4         
-------------------------------------------|-------------------------------------------
A                                          |A                                          
B                                          |B                                          
VGND                                       |VGND                                       
VNB                                        |VNB                                        
VPB                                        |VPB                                        
VPWR                                       |VPWR                                       
Y                                          |Y                                          
---------------------------------------------------------------------------------------
Cell pin lists are equivalent.
Device classes sky130_fd_sc_hd__nor2_4 and sky130_fd_sc_hd__nor2_4 are equivalent.

Cell sky130_fd_sc_hd__a311oi_4 (0) disconnected node: A1
Cell sky130_fd_sc_hd__a311oi_4 (0) disconnected node: A2
Cell sky130_fd_sc_hd__a311oi_4 (0) disconnected node: A3
Cell sky130_fd_sc_hd__a311oi_4 (0) disconnected node: B1
Cell sky130_fd_sc_hd__a311oi_4 (0) disconnected node: C1
Cell sky130_fd_sc_hd__a311oi_4 (0) disconnected node: VGND
Cell sky130_fd_sc_hd__a311oi_4 (0) disconnected node: VNB
Cell sky130_fd_sc_hd__a311oi_4 (0) disconnected node: VPB
Cell sky130_fd_sc_hd__a311oi_4 (0) disconnected node: VPWR
Cell sky130_fd_sc_hd__a311oi_4 (0) disconnected node: Y

Subcircuit pins:
Circuit 1: sky130_fd_sc_hd__a311oi_4       |Circuit 2: sky130_fd_sc_hd__a311oi_4       
-------------------------------------------|-------------------------------------------
A1                                         |A1                                         
A2                                         |A2                                         
A3                                         |A3                                         
B1                                         |B1                                         
C1                                         |C1                                         
VGND                                       |VGND                                       
VNB                                        |VNB                                        
VPB                                        |VPB                                        
VPWR                                       |VPWR                                       
Y                                          |Y                                          
---------------------------------------------------------------------------------------
Cell pin lists are equivalent.
Device classes sky130_fd_sc_hd__a311oi_4 and sky130_fd_sc_hd__a311oi_4 are equivalent.

Cell sky130_fd_sc_hd__clkbuf_16 (0) disconnected node: A
Cell sky130_fd_sc_hd__clkbuf_16 (0) disconnected node: VGND
Cell sky130_fd_sc_hd__clkbuf_16 (0) disconnected node: VNB
Cell sky130_fd_sc_hd__clkbuf_16 (0) disconnected node: VPB
Cell sky130_fd_sc_hd__clkbuf_16 (0) disconnected node: VPWR
Cell sky130_fd_sc_hd__clkbuf_16 (0) disconnected node: X

Subcircuit pins:
Circuit 1: sky130_fd_sc_hd__clkbuf_16      |Circuit 2: sky130_fd_sc_hd__clkbuf_16      
-------------------------------------------|-------------------------------------------
A                                          |A                                          
VGND                                       |VGND                                       
VNB                                        |VNB                                        
VPB                                        |VPB                                        
VPWR                                       |VPWR                                       
X                                          |X                                          
---------------------------------------------------------------------------------------
Cell pin lists are equivalent.
Device classes sky130_fd_sc_hd__clkbuf_16 and sky130_fd_sc_hd__clkbuf_16 are equivalent.

Cell sky130_fd_sc_hd__nor3_2 (0) disconnected node: A
Cell sky130_fd_sc_hd__nor3_2 (0) disconnected node: B
Cell sky130_fd_sc_hd__nor3_2 (0) disconnected node: C
Cell sky130_fd_sc_hd__nor3_2 (0) disconnected node: VGND
Cell sky130_fd_sc_hd__nor3_2 (0) disconnected node: VNB
Cell sky130_fd_sc_hd__nor3_2 (0) disconnected node: VPB
Cell sky130_fd_sc_hd__nor3_2 (0) disconnected node: VPWR
Cell sky130_fd_sc_hd__nor3_2 (0) disconnected node: Y

Subcircuit pins:
Circuit 1: sky130_fd_sc_hd__nor3_2         |Circuit 2: sky130_fd_sc_hd__nor3_2         
-------------------------------------------|-------------------------------------------
A                                          |A                                          
B                                          |B                                          
C                                          |C                                          
VGND                                       |VGND                                       
VNB                                        |VNB                                        
VPB                                        |VPB                                        
VPWR                                       |VPWR                                       
Y                                          |Y                                          
---------------------------------------------------------------------------------------
Cell pin lists are equivalent.
Device classes sky130_fd_sc_hd__nor3_2 and sky130_fd_sc_hd__nor3_2 are equivalent.

Cell sky130_fd_sc_hd__a22o_4 (0) disconnected node: A1
Cell sky130_fd_sc_hd__a22o_4 (0) disconnected node: A2
Cell sky130_fd_sc_hd__a22o_4 (0) disconnected node: B1
Cell sky130_fd_sc_hd__a22o_4 (0) disconnected node: B2
Cell sky130_fd_sc_hd__a22o_4 (0) disconnected node: VGND
Cell sky130_fd_sc_hd__a22o_4 (0) disconnected node: VNB
Cell sky130_fd_sc_hd__a22o_4 (0) disconnected node: VPB
Cell sky130_fd_sc_hd__a22o_4 (0) disconnected node: VPWR
Cell sky130_fd_sc_hd__a22o_4 (0) disconnected node: X

Subcircuit pins:
Circuit 1: sky130_fd_sc_hd__a22o_4         |Circuit 2: sky130_fd_sc_hd__a22o_4         
-------------------------------------------|-------------------------------------------
A1                                         |A1                                         
A2                                         |A2                                         
B1                                         |B1                                         
B2                                         |B2                                         
VGND                                       |VGND                                       
VNB                                        |VNB                                        
VPB                                        |VPB                                        
VPWR                                       |VPWR                                       
X                                          |X                                          
---------------------------------------------------------------------------------------
Cell pin lists are equivalent.
Device classes sky130_fd_sc_hd__a22o_4 and sky130_fd_sc_hd__a22o_4 are equivalent.

Cell sky130_fd_sc_hd__clkbuf_4 (0) disconnected node: A
Cell sky130_fd_sc_hd__clkbuf_4 (0) disconnected node: VGND
Cell sky130_fd_sc_hd__clkbuf_4 (0) disconnected node: VNB
Cell sky130_fd_sc_hd__clkbuf_4 (0) disconnected node: VPB
Cell sky130_fd_sc_hd__clkbuf_4 (0) disconnected node: VPWR
Cell sky130_fd_sc_hd__clkbuf_4 (0) disconnected node: X

Subcircuit pins:
Circuit 1: sky130_fd_sc_hd__clkbuf_4       |Circuit 2: sky130_fd_sc_hd__clkbuf_4       
-------------------------------------------|-------------------------------------------
A                                          |A                                          
VGND                                       |VGND                                       
VNB                                        |VNB                                        
VPB                                        |VPB                                        
VPWR                                       |VPWR                                       
X                                          |X                                          
---------------------------------------------------------------------------------------
Cell pin lists are equivalent.
Device classes sky130_fd_sc_hd__clkbuf_4 and sky130_fd_sc_hd__clkbuf_4 are equivalent.

Cell sky130_fd_sc_hd__a21bo_2 (0) disconnected node: A1
Cell sky130_fd_sc_hd__a21bo_2 (0) disconnected node: A2
Cell sky130_fd_sc_hd__a21bo_2 (0) disconnected node: B1_N
Cell sky130_fd_sc_hd__a21bo_2 (0) disconnected node: VGND
Cell sky130_fd_sc_hd__a21bo_2 (0) disconnected node: VNB
Cell sky130_fd_sc_hd__a21bo_2 (0) disconnected node: VPB
Cell sky130_fd_sc_hd__a21bo_2 (0) disconnected node: VPWR
Cell sky130_fd_sc_hd__a21bo_2 (0) disconnected node: X

Subcircuit pins:
Circuit 1: sky130_fd_sc_hd__a21bo_2        |Circuit 2: sky130_fd_sc_hd__a21bo_2        
-------------------------------------------|-------------------------------------------
A1                                         |A1                                         
A2                                         |A2                                         
B1_N                                       |B1_N                                       
VGND                                       |VGND                                       
VNB                                        |VNB                                        
VPB                                        |VPB                                        
VPWR                                       |VPWR                                       
X                                          |X                                          
---------------------------------------------------------------------------------------
Cell pin lists are equivalent.
Device classes sky130_fd_sc_hd__a21bo_2 and sky130_fd_sc_hd__a21bo_2 are equivalent.

Cell sky130_fd_sc_hd__a221oi_4 (0) disconnected node: A1
Cell sky130_fd_sc_hd__a221oi_4 (0) disconnected node: A2
Cell sky130_fd_sc_hd__a221oi_4 (0) disconnected node: B1
Cell sky130_fd_sc_hd__a221oi_4 (0) disconnected node: B2
Cell sky130_fd_sc_hd__a221oi_4 (0) disconnected node: C1
Cell sky130_fd_sc_hd__a221oi_4 (0) disconnected node: VGND
Cell sky130_fd_sc_hd__a221oi_4 (0) disconnected node: VNB
Cell sky130_fd_sc_hd__a221oi_4 (0) disconnected node: VPB
Cell sky130_fd_sc_hd__a221oi_4 (0) disconnected node: VPWR
Cell sky130_fd_sc_hd__a221oi_4 (0) disconnected node: Y

Subcircuit pins:
Circuit 1: sky130_fd_sc_hd__a221oi_4       |Circuit 2: sky130_fd_sc_hd__a221oi_4       
-------------------------------------------|-------------------------------------------
A1                                         |A1                                         
A2                                         |A2                                         
B1                                         |B1                                         
B2                                         |B2                                         
C1                                         |C1                                         
VGND                                       |VGND                                       
VNB                                        |VNB                                        
VPB                                        |VPB                                        
VPWR                                       |VPWR                                       
Y                                          |Y                                          
---------------------------------------------------------------------------------------
Cell pin lists are equivalent.
Device classes sky130_fd_sc_hd__a221oi_4 and sky130_fd_sc_hd__a221oi_4 are equivalent.

Cell sky130_fd_sc_hd__a21boi_2 (0) disconnected node: A1
Cell sky130_fd_sc_hd__a21boi_2 (0) disconnected node: A2
Cell sky130_fd_sc_hd__a21boi_2 (0) disconnected node: B1_N
Cell sky130_fd_sc_hd__a21boi_2 (0) disconnected node: VGND
Cell sky130_fd_sc_hd__a21boi_2 (0) disconnected node: VNB
Cell sky130_fd_sc_hd__a21boi_2 (0) disconnected node: VPB
Cell sky130_fd_sc_hd__a21boi_2 (0) disconnected node: VPWR
Cell sky130_fd_sc_hd__a21boi_2 (0) disconnected node: Y

Subcircuit pins:
Circuit 1: sky130_fd_sc_hd__a21boi_2       |Circuit 2: sky130_fd_sc_hd__a21boi_2       
-------------------------------------------|-------------------------------------------
A1                                         |A1                                         
A2                                         |A2                                         
B1_N                                       |B1_N                                       
VGND                                       |VGND                                       
VNB                                        |VNB                                        
VPB                                        |VPB                                        
VPWR                                       |VPWR                                       
Y                                          |Y                                          
---------------------------------------------------------------------------------------
Cell pin lists are equivalent.
Device classes sky130_fd_sc_hd__a21boi_2 and sky130_fd_sc_hd__a21boi_2 are equivalent.

Cell sky130_fd_sc_hd__nand2_4 (0) disconnected node: A
Cell sky130_fd_sc_hd__nand2_4 (0) disconnected node: B
Cell sky130_fd_sc_hd__nand2_4 (0) disconnected node: VGND
Cell sky130_fd_sc_hd__nand2_4 (0) disconnected node: VNB
Cell sky130_fd_sc_hd__nand2_4 (0) disconnected node: VPB
Cell sky130_fd_sc_hd__nand2_4 (0) disconnected node: VPWR
Cell sky130_fd_sc_hd__nand2_4 (0) disconnected node: Y

Subcircuit pins:
Circuit 1: sky130_fd_sc_hd__nand2_4        |Circuit 2: sky130_fd_sc_hd__nand2_4        
-------------------------------------------|-------------------------------------------
A                                          |A                                          
B                                          |B                                          
VGND                                       |VGND                                       
VNB                                        |VNB                                        
VPB                                        |VPB                                        
VPWR                                       |VPWR                                       
Y                                          |Y                                          
---------------------------------------------------------------------------------------
Cell pin lists are equivalent.
Device classes sky130_fd_sc_hd__nand2_4 and sky130_fd_sc_hd__nand2_4 are equivalent.

Cell sky130_fd_sc_hd__a41oi_2 (0) disconnected node: A1
Cell sky130_fd_sc_hd__a41oi_2 (0) disconnected node: A2
Cell sky130_fd_sc_hd__a41oi_2 (0) disconnected node: A3
Cell sky130_fd_sc_hd__a41oi_2 (0) disconnected node: A4
Cell sky130_fd_sc_hd__a41oi_2 (0) disconnected node: B1
Cell sky130_fd_sc_hd__a41oi_2 (0) disconnected node: VGND
Cell sky130_fd_sc_hd__a41oi_2 (0) disconnected node: VNB
Cell sky130_fd_sc_hd__a41oi_2 (0) disconnected node: VPB
Cell sky130_fd_sc_hd__a41oi_2 (0) disconnected node: VPWR
Cell sky130_fd_sc_hd__a41oi_2 (0) disconnected node: Y

Subcircuit pins:
Circuit 1: sky130_fd_sc_hd__a41oi_2        |Circuit 2: sky130_fd_sc_hd__a41oi_2        
-------------------------------------------|-------------------------------------------
A1                                         |A1                                         
A2                                         |A2                                         
A3                                         |A3                                         
A4                                         |A4                                         
B1                                         |B1                                         
VGND                                       |VGND                                       
VNB                                        |VNB                                        
VPB                                        |VPB                                        
VPWR                                       |VPWR                                       
Y                                          |Y                                          
---------------------------------------------------------------------------------------
Cell pin lists are equivalent.
Device classes sky130_fd_sc_hd__a41oi_2 and sky130_fd_sc_hd__a41oi_2 are equivalent.

Cell sky130_fd_sc_hd__o22a_4 (0) disconnected node: A1
Cell sky130_fd_sc_hd__o22a_4 (0) disconnected node: A2
Cell sky130_fd_sc_hd__o22a_4 (0) disconnected node: B1
Cell sky130_fd_sc_hd__o22a_4 (0) disconnected node: B2
Cell sky130_fd_sc_hd__o22a_4 (0) disconnected node: VGND
Cell sky130_fd_sc_hd__o22a_4 (0) disconnected node: VNB
Cell sky130_fd_sc_hd__o22a_4 (0) disconnected node: VPB
Cell sky130_fd_sc_hd__o22a_4 (0) disconnected node: VPWR
Cell sky130_fd_sc_hd__o22a_4 (0) disconnected node: X

Subcircuit pins:
Circuit 1: sky130_fd_sc_hd__o22a_4         |Circuit 2: sky130_fd_sc_hd__o22a_4         
-------------------------------------------|-------------------------------------------
A1                                         |A1                                         
A2                                         |A2                                         
B1                                         |B1                                         
B2                                         |B2                                         
VGND                                       |VGND                                       
VNB                                        |VNB                                        
VPB                                        |VPB                                        
VPWR                                       |VPWR                                       
X                                          |X                                          
---------------------------------------------------------------------------------------
Cell pin lists are equivalent.
Device classes sky130_fd_sc_hd__o22a_4 and sky130_fd_sc_hd__o22a_4 are equivalent.

Cell sky130_fd_sc_hd__o22ai_4 (0) disconnected node: A1
Cell sky130_fd_sc_hd__o22ai_4 (0) disconnected node: A2
Cell sky130_fd_sc_hd__o22ai_4 (0) disconnected node: B1
Cell sky130_fd_sc_hd__o22ai_4 (0) disconnected node: B2
Cell sky130_fd_sc_hd__o22ai_4 (0) disconnected node: VGND
Cell sky130_fd_sc_hd__o22ai_4 (0) disconnected node: VNB
Cell sky130_fd_sc_hd__o22ai_4 (0) disconnected node: VPB
Cell sky130_fd_sc_hd__o22ai_4 (0) disconnected node: VPWR
Cell sky130_fd_sc_hd__o22ai_4 (0) disconnected node: Y

Subcircuit pins:
Circuit 1: sky130_fd_sc_hd__o22ai_4        |Circuit 2: sky130_fd_sc_hd__o22ai_4        
-------------------------------------------|-------------------------------------------
A1                                         |A1                                         
A2                                         |A2                                         
B1                                         |B1                                         
B2                                         |B2                                         
VGND                                       |VGND                                       
VNB                                        |VNB                                        
VPB                                        |VPB                                        
VPWR                                       |VPWR                                       
Y                                          |Y                                          
---------------------------------------------------------------------------------------
Cell pin lists are equivalent.
Device classes sky130_fd_sc_hd__o22ai_4 and sky130_fd_sc_hd__o22ai_4 are equivalent.

Cell sky130_fd_sc_hd__or4b_2 (0) disconnected node: A
Cell sky130_fd_sc_hd__or4b_2 (0) disconnected node: B
Cell sky130_fd_sc_hd__or4b_2 (0) disconnected node: C
Cell sky130_fd_sc_hd__or4b_2 (0) disconnected node: D_N
Cell sky130_fd_sc_hd__or4b_2 (0) disconnected node: VGND
Cell sky130_fd_sc_hd__or4b_2 (0) disconnected node: VNB
Cell sky130_fd_sc_hd__or4b_2 (0) disconnected node: VPB
Cell sky130_fd_sc_hd__or4b_2 (0) disconnected node: VPWR
Cell sky130_fd_sc_hd__or4b_2 (0) disconnected node: X

Subcircuit pins:
Circuit 1: sky130_fd_sc_hd__or4b_2         |Circuit 2: sky130_fd_sc_hd__or4b_2         
-------------------------------------------|-------------------------------------------
A                                          |A                                          
B                                          |B                                          
C                                          |C                                          
D_N                                        |D_N                                        
VGND                                       |VGND                                       
VNB                                        |VNB                                        
VPB                                        |VPB                                        
VPWR                                       |VPWR                                       
X                                          |X                                          
---------------------------------------------------------------------------------------
Cell pin lists are equivalent.
Device classes sky130_fd_sc_hd__or4b_2 and sky130_fd_sc_hd__or4b_2 are equivalent.

Cell sky130_fd_sc_hd__o2111a_2 (0) disconnected node: A1
Cell sky130_fd_sc_hd__o2111a_2 (0) disconnected node: A2
Cell sky130_fd_sc_hd__o2111a_2 (0) disconnected node: B1
Cell sky130_fd_sc_hd__o2111a_2 (0) disconnected node: C1
Cell sky130_fd_sc_hd__o2111a_2 (0) disconnected node: D1
Cell sky130_fd_sc_hd__o2111a_2 (0) disconnected node: VGND
Cell sky130_fd_sc_hd__o2111a_2 (0) disconnected node: VNB
Cell sky130_fd_sc_hd__o2111a_2 (0) disconnected node: VPB
Cell sky130_fd_sc_hd__o2111a_2 (0) disconnected node: VPWR
Cell sky130_fd_sc_hd__o2111a_2 (0) disconnected node: X

Subcircuit pins:
Circuit 1: sky130_fd_sc_hd__o2111a_2       |Circuit 2: sky130_fd_sc_hd__o2111a_2       
-------------------------------------------|-------------------------------------------
A1                                         |A1                                         
A2                                         |A2                                         
B1                                         |B1                                         
C1                                         |C1                                         
D1                                         |D1                                         
VGND                                       |VGND                                       
VNB                                        |VNB                                        
VPB                                        |VPB                                        
VPWR                                       |VPWR                                       
X                                          |X                                          
---------------------------------------------------------------------------------------
Cell pin lists are equivalent.
Device classes sky130_fd_sc_hd__o2111a_2 and sky130_fd_sc_hd__o2111a_2 are equivalent.

Cell sky130_fd_sc_hd__and4b_2 (0) disconnected node: A_N
Cell sky130_fd_sc_hd__and4b_2 (0) disconnected node: B
Cell sky130_fd_sc_hd__and4b_2 (0) disconnected node: C
Cell sky130_fd_sc_hd__and4b_2 (0) disconnected node: D
Cell sky130_fd_sc_hd__and4b_2 (0) disconnected node: VGND
Cell sky130_fd_sc_hd__and4b_2 (0) disconnected node: VNB
Cell sky130_fd_sc_hd__and4b_2 (0) disconnected node: VPB
Cell sky130_fd_sc_hd__and4b_2 (0) disconnected node: VPWR
Cell sky130_fd_sc_hd__and4b_2 (0) disconnected node: X

Subcircuit pins:
Circuit 1: sky130_fd_sc_hd__and4b_2        |Circuit 2: sky130_fd_sc_hd__and4b_2        
-------------------------------------------|-------------------------------------------
A_N                                        |A_N                                        
B                                          |B                                          
C                                          |C                                          
D                                          |D                                          
VGND                                       |VGND                                       
VNB                                        |VNB                                        
VPB                                        |VPB                                        
VPWR                                       |VPWR                                       
X                                          |X                                          
---------------------------------------------------------------------------------------
Cell pin lists are equivalent.
Device classes sky130_fd_sc_hd__and4b_2 and sky130_fd_sc_hd__and4b_2 are equivalent.

Cell sky130_fd_sc_hd__and2b_2 (0) disconnected node: A_N
Cell sky130_fd_sc_hd__and2b_2 (0) disconnected node: B
Cell sky130_fd_sc_hd__and2b_2 (0) disconnected node: VGND
Cell sky130_fd_sc_hd__and2b_2 (0) disconnected node: VNB
Cell sky130_fd_sc_hd__and2b_2 (0) disconnected node: VPB
Cell sky130_fd_sc_hd__and2b_2 (0) disconnected node: VPWR
Cell sky130_fd_sc_hd__and2b_2 (0) disconnected node: X

Subcircuit pins:
Circuit 1: sky130_fd_sc_hd__and2b_2        |Circuit 2: sky130_fd_sc_hd__and2b_2        
-------------------------------------------|-------------------------------------------
A_N                                        |A_N                                        
B                                          |B                                          
VGND                                       |VGND                                       
VNB                                        |VNB                                        
VPB                                        |VPB                                        
VPWR                                       |VPWR                                       
X                                          |X                                          
---------------------------------------------------------------------------------------
Cell pin lists are equivalent.
Device classes sky130_fd_sc_hd__and2b_2 and sky130_fd_sc_hd__and2b_2 are equivalent.

Cell sky130_fd_sc_hd__inv_6 (0) disconnected node: A
Cell sky130_fd_sc_hd__inv_6 (0) disconnected node: VGND
Cell sky130_fd_sc_hd__inv_6 (0) disconnected node: VNB
Cell sky130_fd_sc_hd__inv_6 (0) disconnected node: VPB
Cell sky130_fd_sc_hd__inv_6 (0) disconnected node: VPWR
Cell sky130_fd_sc_hd__inv_6 (0) disconnected node: Y

Subcircuit pins:
Circuit 1: sky130_fd_sc_hd__inv_6          |Circuit 2: sky130_fd_sc_hd__inv_6          
-------------------------------------------|-------------------------------------------
A                                          |A                                          
VGND                                       |VGND                                       
VNB                                        |VNB                                        
VPB                                        |VPB                                        
VPWR                                       |VPWR                                       
Y                                          |Y                                          
---------------------------------------------------------------------------------------
Cell pin lists are equivalent.
Device classes sky130_fd_sc_hd__inv_6 and sky130_fd_sc_hd__inv_6 are equivalent.

Cell sky130_fd_sc_hd__a32oi_2 (0) disconnected node: A1
Cell sky130_fd_sc_hd__a32oi_2 (0) disconnected node: A2
Cell sky130_fd_sc_hd__a32oi_2 (0) disconnected node: A3
Cell sky130_fd_sc_hd__a32oi_2 (0) disconnected node: B1
Cell sky130_fd_sc_hd__a32oi_2 (0) disconnected node: B2
Cell sky130_fd_sc_hd__a32oi_2 (0) disconnected node: VGND
Cell sky130_fd_sc_hd__a32oi_2 (0) disconnected node: VNB
Cell sky130_fd_sc_hd__a32oi_2 (0) disconnected node: VPB
Cell sky130_fd_sc_hd__a32oi_2 (0) disconnected node: VPWR
Cell sky130_fd_sc_hd__a32oi_2 (0) disconnected node: Y

Subcircuit pins:
Circuit 1: sky130_fd_sc_hd__a32oi_2        |Circuit 2: sky130_fd_sc_hd__a32oi_2        
-------------------------------------------|-------------------------------------------
A1                                         |A1                                         
A2                                         |A2                                         
A3                                         |A3                                         
B1                                         |B1                                         
B2                                         |B2                                         
VGND                                       |VGND                                       
VNB                                        |VNB                                        
VPB                                        |VPB                                        
VPWR                                       |VPWR                                       
Y                                          |Y                                          
---------------------------------------------------------------------------------------
Cell pin lists are equivalent.
Device classes sky130_fd_sc_hd__a32oi_2 and sky130_fd_sc_hd__a32oi_2 are equivalent.

Cell sky130_fd_sc_hd__o32a_2 (0) disconnected node: A1
Cell sky130_fd_sc_hd__o32a_2 (0) disconnected node: A2
Cell sky130_fd_sc_hd__o32a_2 (0) disconnected node: A3
Cell sky130_fd_sc_hd__o32a_2 (0) disconnected node: B1
Cell sky130_fd_sc_hd__o32a_2 (0) disconnected node: B2
Cell sky130_fd_sc_hd__o32a_2 (0) disconnected node: VGND
Cell sky130_fd_sc_hd__o32a_2 (0) disconnected node: VNB
Cell sky130_fd_sc_hd__o32a_2 (0) disconnected node: VPB
Cell sky130_fd_sc_hd__o32a_2 (0) disconnected node: VPWR
Cell sky130_fd_sc_hd__o32a_2 (0) disconnected node: X

Subcircuit pins:
Circuit 1: sky130_fd_sc_hd__o32a_2         |Circuit 2: sky130_fd_sc_hd__o32a_2         
-------------------------------------------|-------------------------------------------
A1                                         |A1                                         
A2                                         |A2                                         
A3                                         |A3                                         
B1                                         |B1                                         
B2                                         |B2                                         
VGND                                       |VGND                                       
VNB                                        |VNB                                        
VPB                                        |VPB                                        
VPWR                                       |VPWR                                       
X                                          |X                                          
---------------------------------------------------------------------------------------
Cell pin lists are equivalent.
Device classes sky130_fd_sc_hd__o32a_2 and sky130_fd_sc_hd__o32a_2 are equivalent.

Cell sky130_fd_sc_hd__a221oi_2 (0) disconnected node: A1
Cell sky130_fd_sc_hd__a221oi_2 (0) disconnected node: A2
Cell sky130_fd_sc_hd__a221oi_2 (0) disconnected node: B1
Cell sky130_fd_sc_hd__a221oi_2 (0) disconnected node: B2
Cell sky130_fd_sc_hd__a221oi_2 (0) disconnected node: C1
Cell sky130_fd_sc_hd__a221oi_2 (0) disconnected node: VGND
Cell sky130_fd_sc_hd__a221oi_2 (0) disconnected node: VNB
Cell sky130_fd_sc_hd__a221oi_2 (0) disconnected node: VPB
Cell sky130_fd_sc_hd__a221oi_2 (0) disconnected node: VPWR
Cell sky130_fd_sc_hd__a221oi_2 (0) disconnected node: Y

Subcircuit pins:
Circuit 1: sky130_fd_sc_hd__a221oi_2       |Circuit 2: sky130_fd_sc_hd__a221oi_2       
-------------------------------------------|-------------------------------------------
A1                                         |A1                                         
A2                                         |A2                                         
B1                                         |B1                                         
B2                                         |B2                                         
C1                                         |C1                                         
VGND                                       |VGND                                       
VNB                                        |VNB                                        
VPB                                        |VPB                                        
VPWR                                       |VPWR                                       
Y                                          |Y                                          
---------------------------------------------------------------------------------------
Cell pin lists are equivalent.
Device classes sky130_fd_sc_hd__a221oi_2 and sky130_fd_sc_hd__a221oi_2 are equivalent.

Cell sky130_fd_sc_hd__nand3b_2 (0) disconnected node: A_N
Cell sky130_fd_sc_hd__nand3b_2 (0) disconnected node: B
Cell sky130_fd_sc_hd__nand3b_2 (0) disconnected node: C
Cell sky130_fd_sc_hd__nand3b_2 (0) disconnected node: VGND
Cell sky130_fd_sc_hd__nand3b_2 (0) disconnected node: VNB
Cell sky130_fd_sc_hd__nand3b_2 (0) disconnected node: VPB
Cell sky130_fd_sc_hd__nand3b_2 (0) disconnected node: VPWR
Cell sky130_fd_sc_hd__nand3b_2 (0) disconnected node: Y

Subcircuit pins:
Circuit 1: sky130_fd_sc_hd__nand3b_2       |Circuit 2: sky130_fd_sc_hd__nand3b_2       
-------------------------------------------|-------------------------------------------
A_N                                        |A_N                                        
B                                          |B                                          
C                                          |C                                          
VGND                                       |VGND                                       
VNB                                        |VNB                                        
VPB                                        |VPB                                        
VPWR                                       |VPWR                                       
Y                                          |Y                                          
---------------------------------------------------------------------------------------
Cell pin lists are equivalent.
Device classes sky130_fd_sc_hd__nand3b_2 and sky130_fd_sc_hd__nand3b_2 are equivalent.

Cell sky130_fd_sc_hd__nor3_4 (0) disconnected node: A
Cell sky130_fd_sc_hd__nor3_4 (0) disconnected node: B
Cell sky130_fd_sc_hd__nor3_4 (0) disconnected node: C
Cell sky130_fd_sc_hd__nor3_4 (0) disconnected node: VGND
Cell sky130_fd_sc_hd__nor3_4 (0) disconnected node: VNB
Cell sky130_fd_sc_hd__nor3_4 (0) disconnected node: VPB
Cell sky130_fd_sc_hd__nor3_4 (0) disconnected node: VPWR
Cell sky130_fd_sc_hd__nor3_4 (0) disconnected node: Y

Subcircuit pins:
Circuit 1: sky130_fd_sc_hd__nor3_4         |Circuit 2: sky130_fd_sc_hd__nor3_4         
-------------------------------------------|-------------------------------------------
A                                          |A                                          
B                                          |B                                          
C                                          |C                                          
VGND                                       |VGND                                       
VNB                                        |VNB                                        
VPB                                        |VPB                                        
VPWR                                       |VPWR                                       
Y                                          |Y                                          
---------------------------------------------------------------------------------------
Cell pin lists are equivalent.
Device classes sky130_fd_sc_hd__nor3_4 and sky130_fd_sc_hd__nor3_4 are equivalent.

Cell sky130_fd_sc_hd__a32oi_4 (0) disconnected node: A1
Cell sky130_fd_sc_hd__a32oi_4 (0) disconnected node: A2
Cell sky130_fd_sc_hd__a32oi_4 (0) disconnected node: A3
Cell sky130_fd_sc_hd__a32oi_4 (0) disconnected node: B1
Cell sky130_fd_sc_hd__a32oi_4 (0) disconnected node: B2
Cell sky130_fd_sc_hd__a32oi_4 (0) disconnected node: VGND
Cell sky130_fd_sc_hd__a32oi_4 (0) disconnected node: VNB
Cell sky130_fd_sc_hd__a32oi_4 (0) disconnected node: VPB
Cell sky130_fd_sc_hd__a32oi_4 (0) disconnected node: VPWR
Cell sky130_fd_sc_hd__a32oi_4 (0) disconnected node: Y

Subcircuit pins:
Circuit 1: sky130_fd_sc_hd__a32oi_4        |Circuit 2: sky130_fd_sc_hd__a32oi_4        
-------------------------------------------|-------------------------------------------
A1                                         |A1                                         
A2                                         |A2                                         
A3                                         |A3                                         
B1                                         |B1                                         
B2                                         |B2                                         
VGND                                       |VGND                                       
VNB                                        |VNB                                        
VPB                                        |VPB                                        
VPWR                                       |VPWR                                       
Y                                          |Y                                          
---------------------------------------------------------------------------------------
Cell pin lists are equivalent.
Device classes sky130_fd_sc_hd__a32oi_4 and sky130_fd_sc_hd__a32oi_4 are equivalent.

Cell sky130_fd_sc_hd__clkinv_2 (0) disconnected node: A
Cell sky130_fd_sc_hd__clkinv_2 (0) disconnected node: VGND
Cell sky130_fd_sc_hd__clkinv_2 (0) disconnected node: VNB
Cell sky130_fd_sc_hd__clkinv_2 (0) disconnected node: VPB
Cell sky130_fd_sc_hd__clkinv_2 (0) disconnected node: VPWR
Cell sky130_fd_sc_hd__clkinv_2 (0) disconnected node: Y

Subcircuit pins:
Circuit 1: sky130_fd_sc_hd__clkinv_2       |Circuit 2: sky130_fd_sc_hd__clkinv_2       
-------------------------------------------|-------------------------------------------
A                                          |A                                          
VGND                                       |VGND                                       
VNB                                        |VNB                                        
VPB                                        |VPB                                        
VPWR                                       |VPWR                                       
Y                                          |Y                                          
---------------------------------------------------------------------------------------
Cell pin lists are equivalent.
Device classes sky130_fd_sc_hd__clkinv_2 and sky130_fd_sc_hd__clkinv_2 are equivalent.

Cell sky130_fd_sc_hd__inv_4 (0) disconnected node: A
Cell sky130_fd_sc_hd__inv_4 (0) disconnected node: VGND
Cell sky130_fd_sc_hd__inv_4 (0) disconnected node: VNB
Cell sky130_fd_sc_hd__inv_4 (0) disconnected node: VPB
Cell sky130_fd_sc_hd__inv_4 (0) disconnected node: VPWR
Cell sky130_fd_sc_hd__inv_4 (0) disconnected node: Y

Subcircuit pins:
Circuit 1: sky130_fd_sc_hd__inv_4          |Circuit 2: sky130_fd_sc_hd__inv_4          
-------------------------------------------|-------------------------------------------
A                                          |A                                          
VGND                                       |VGND                                       
VNB                                        |VNB                                        
VPB                                        |VPB                                        
VPWR                                       |VPWR                                       
Y                                          |Y                                          
---------------------------------------------------------------------------------------
Cell pin lists are equivalent.
Device classes sky130_fd_sc_hd__inv_4 and sky130_fd_sc_hd__inv_4 are equivalent.

Cell sky130_fd_sc_hd__clkinvlp_4 (0) disconnected node: A
Cell sky130_fd_sc_hd__clkinvlp_4 (0) disconnected node: VGND
Cell sky130_fd_sc_hd__clkinvlp_4 (0) disconnected node: VNB
Cell sky130_fd_sc_hd__clkinvlp_4 (0) disconnected node: VPB
Cell sky130_fd_sc_hd__clkinvlp_4 (0) disconnected node: VPWR
Cell sky130_fd_sc_hd__clkinvlp_4 (0) disconnected node: Y

Subcircuit pins:
Circuit 1: sky130_fd_sc_hd__clkinvlp_4     |Circuit 2: sky130_fd_sc_hd__clkinvlp_4     
-------------------------------------------|-------------------------------------------
A                                          |A                                          
VGND                                       |VGND                                       
VNB                                        |VNB                                        
VPB                                        |VPB                                        
VPWR                                       |VPWR                                       
Y                                          |Y                                          
---------------------------------------------------------------------------------------
Cell pin lists are equivalent.
Device classes sky130_fd_sc_hd__clkinvlp_4 and sky130_fd_sc_hd__clkinvlp_4 are equivalent.

Cell sky130_fd_sc_hd__clkinv_1 (0) disconnected node: A
Cell sky130_fd_sc_hd__clkinv_1 (0) disconnected node: VGND
Cell sky130_fd_sc_hd__clkinv_1 (0) disconnected node: VNB
Cell sky130_fd_sc_hd__clkinv_1 (0) disconnected node: VPB
Cell sky130_fd_sc_hd__clkinv_1 (0) disconnected node: VPWR
Cell sky130_fd_sc_hd__clkinv_1 (0) disconnected node: Y

Subcircuit pins:
Circuit 1: sky130_fd_sc_hd__clkinv_1       |Circuit 2: sky130_fd_sc_hd__clkinv_1       
-------------------------------------------|-------------------------------------------
A                                          |A                                          
VGND                                       |VGND                                       
VNB                                        |VNB                                        
VPB                                        |VPB                                        
VPWR                                       |VPWR                                       
Y                                          |Y                                          
---------------------------------------------------------------------------------------
Cell pin lists are equivalent.
Device classes sky130_fd_sc_hd__clkinv_1 and sky130_fd_sc_hd__clkinv_1 are equivalent.

Cell sky130_fd_sc_hd__o32ai_2 (0) disconnected node: A1
Cell sky130_fd_sc_hd__o32ai_2 (0) disconnected node: A2
Cell sky130_fd_sc_hd__o32ai_2 (0) disconnected node: A3
Cell sky130_fd_sc_hd__o32ai_2 (0) disconnected node: B1
Cell sky130_fd_sc_hd__o32ai_2 (0) disconnected node: B2
Cell sky130_fd_sc_hd__o32ai_2 (0) disconnected node: VGND
Cell sky130_fd_sc_hd__o32ai_2 (0) disconnected node: VNB
Cell sky130_fd_sc_hd__o32ai_2 (0) disconnected node: VPB
Cell sky130_fd_sc_hd__o32ai_2 (0) disconnected node: VPWR
Cell sky130_fd_sc_hd__o32ai_2 (0) disconnected node: Y

Subcircuit pins:
Circuit 1: sky130_fd_sc_hd__o32ai_2        |Circuit 2: sky130_fd_sc_hd__o32ai_2        
-------------------------------------------|-------------------------------------------
A1                                         |A1                                         
A2                                         |A2                                         
A3                                         |A3                                         
B1                                         |B1                                         
B2                                         |B2                                         
VGND                                       |VGND                                       
VNB                                        |VNB                                        
VPB                                        |VPB                                        
VPWR                                       |VPWR                                       
Y                                          |Y                                          
---------------------------------------------------------------------------------------
Cell pin lists are equivalent.
Device classes sky130_fd_sc_hd__o32ai_2 and sky130_fd_sc_hd__o32ai_2 are equivalent.

Cell sky130_fd_sc_hd__clkinv_4 (0) disconnected node: A
Cell sky130_fd_sc_hd__clkinv_4 (0) disconnected node: VGND
Cell sky130_fd_sc_hd__clkinv_4 (0) disconnected node: VNB
Cell sky130_fd_sc_hd__clkinv_4 (0) disconnected node: VPB
Cell sky130_fd_sc_hd__clkinv_4 (0) disconnected node: VPWR
Cell sky130_fd_sc_hd__clkinv_4 (0) disconnected node: Y

Subcircuit pins:
Circuit 1: sky130_fd_sc_hd__clkinv_4       |Circuit 2: sky130_fd_sc_hd__clkinv_4       
-------------------------------------------|-------------------------------------------
A                                          |A                                          
VGND                                       |VGND                                       
VNB                                        |VNB                                        
VPB                                        |VPB                                        
VPWR                                       |VPWR                                       
Y                                          |Y                                          
---------------------------------------------------------------------------------------
Cell pin lists are equivalent.
Device classes sky130_fd_sc_hd__clkinv_4 and sky130_fd_sc_hd__clkinv_4 are equivalent.

Cell sky130_fd_sc_hd__a311oi_2 (0) disconnected node: A1
Cell sky130_fd_sc_hd__a311oi_2 (0) disconnected node: A2
Cell sky130_fd_sc_hd__a311oi_2 (0) disconnected node: A3
Cell sky130_fd_sc_hd__a311oi_2 (0) disconnected node: B1
Cell sky130_fd_sc_hd__a311oi_2 (0) disconnected node: C1
Cell sky130_fd_sc_hd__a311oi_2 (0) disconnected node: VGND
Cell sky130_fd_sc_hd__a311oi_2 (0) disconnected node: VNB
Cell sky130_fd_sc_hd__a311oi_2 (0) disconnected node: VPB
Cell sky130_fd_sc_hd__a311oi_2 (0) disconnected node: VPWR
Cell sky130_fd_sc_hd__a311oi_2 (0) disconnected node: Y

Subcircuit pins:
Circuit 1: sky130_fd_sc_hd__a311oi_2       |Circuit 2: sky130_fd_sc_hd__a311oi_2       
-------------------------------------------|-------------------------------------------
A1                                         |A1                                         
A2                                         |A2                                         
A3                                         |A3                                         
B1                                         |B1                                         
C1                                         |C1                                         
VGND                                       |VGND                                       
VNB                                        |VNB                                        
VPB                                        |VPB                                        
VPWR                                       |VPWR                                       
Y                                          |Y                                          
---------------------------------------------------------------------------------------
Cell pin lists are equivalent.
Device classes sky130_fd_sc_hd__a311oi_2 and sky130_fd_sc_hd__a311oi_2 are equivalent.

Cell sky130_fd_sc_hd__o311a_4 (0) disconnected node: A1
Cell sky130_fd_sc_hd__o311a_4 (0) disconnected node: A2
Cell sky130_fd_sc_hd__o311a_4 (0) disconnected node: A3
Cell sky130_fd_sc_hd__o311a_4 (0) disconnected node: B1
Cell sky130_fd_sc_hd__o311a_4 (0) disconnected node: C1
Cell sky130_fd_sc_hd__o311a_4 (0) disconnected node: VGND
Cell sky130_fd_sc_hd__o311a_4 (0) disconnected node: VNB
Cell sky130_fd_sc_hd__o311a_4 (0) disconnected node: VPB
Cell sky130_fd_sc_hd__o311a_4 (0) disconnected node: VPWR
Cell sky130_fd_sc_hd__o311a_4 (0) disconnected node: X

Subcircuit pins:
Circuit 1: sky130_fd_sc_hd__o311a_4        |Circuit 2: sky130_fd_sc_hd__o311a_4        
-------------------------------------------|-------------------------------------------
A1                                         |A1                                         
A2                                         |A2                                         
A3                                         |A3                                         
B1                                         |B1                                         
C1                                         |C1                                         
VGND                                       |VGND                                       
VNB                                        |VNB                                        
VPB                                        |VPB                                        
VPWR                                       |VPWR                                       
X                                          |X                                          
---------------------------------------------------------------------------------------
Cell pin lists are equivalent.
Device classes sky130_fd_sc_hd__o311a_4 and sky130_fd_sc_hd__o311a_4 are equivalent.

Cell sky130_fd_sc_hd__nor2b_2 (0) disconnected node: A
Cell sky130_fd_sc_hd__nor2b_2 (0) disconnected node: B_N
Cell sky130_fd_sc_hd__nor2b_2 (0) disconnected node: VGND
Cell sky130_fd_sc_hd__nor2b_2 (0) disconnected node: VNB
Cell sky130_fd_sc_hd__nor2b_2 (0) disconnected node: VPB
Cell sky130_fd_sc_hd__nor2b_2 (0) disconnected node: VPWR
Cell sky130_fd_sc_hd__nor2b_2 (0) disconnected node: Y

Subcircuit pins:
Circuit 1: sky130_fd_sc_hd__nor2b_2        |Circuit 2: sky130_fd_sc_hd__nor2b_2        
-------------------------------------------|-------------------------------------------
A                                          |A                                          
B_N                                        |B_N                                        
VGND                                       |VGND                                       
VNB                                        |VNB                                        
VPB                                        |VPB                                        
VPWR                                       |VPWR                                       
Y                                          |Y                                          
---------------------------------------------------------------------------------------
Cell pin lists are equivalent.
Device classes sky130_fd_sc_hd__nor2b_2 and sky130_fd_sc_hd__nor2b_2 are equivalent.

Cell sky130_fd_sc_hd__bufinv_16 (0) disconnected node: A
Cell sky130_fd_sc_hd__bufinv_16 (0) disconnected node: VGND
Cell sky130_fd_sc_hd__bufinv_16 (0) disconnected node: VNB
Cell sky130_fd_sc_hd__bufinv_16 (0) disconnected node: VPB
Cell sky130_fd_sc_hd__bufinv_16 (0) disconnected node: VPWR
Cell sky130_fd_sc_hd__bufinv_16 (0) disconnected node: Y

Subcircuit pins:
Circuit 1: sky130_fd_sc_hd__bufinv_16      |Circuit 2: sky130_fd_sc_hd__bufinv_16      
-------------------------------------------|-------------------------------------------
A                                          |A                                          
VGND                                       |VGND                                       
VNB                                        |VNB                                        
VPB                                        |VPB                                        
VPWR                                       |VPWR                                       
Y                                          |Y                                          
---------------------------------------------------------------------------------------
Cell pin lists are equivalent.
Device classes sky130_fd_sc_hd__bufinv_16 and sky130_fd_sc_hd__bufinv_16 are equivalent.

Cell sky130_fd_sc_hd__xnor2_2 (0) disconnected node: A
Cell sky130_fd_sc_hd__xnor2_2 (0) disconnected node: B
Cell sky130_fd_sc_hd__xnor2_2 (0) disconnected node: VGND
Cell sky130_fd_sc_hd__xnor2_2 (0) disconnected node: VNB
Cell sky130_fd_sc_hd__xnor2_2 (0) disconnected node: VPB
Cell sky130_fd_sc_hd__xnor2_2 (0) disconnected node: VPWR
Cell sky130_fd_sc_hd__xnor2_2 (0) disconnected node: Y

Subcircuit pins:
Circuit 1: sky130_fd_sc_hd__xnor2_2        |Circuit 2: sky130_fd_sc_hd__xnor2_2        
-------------------------------------------|-------------------------------------------
A                                          |A                                          
B                                          |B                                          
VGND                                       |VGND                                       
VNB                                        |VNB                                        
VPB                                        |VPB                                        
VPWR                                       |VPWR                                       
Y                                          |Y                                          
---------------------------------------------------------------------------------------
Cell pin lists are equivalent.
Device classes sky130_fd_sc_hd__xnor2_2 and sky130_fd_sc_hd__xnor2_2 are equivalent.

Cell sky130_fd_sc_hd__o2111ai_4 (0) disconnected node: A1
Cell sky130_fd_sc_hd__o2111ai_4 (0) disconnected node: A2
Cell sky130_fd_sc_hd__o2111ai_4 (0) disconnected node: B1
Cell sky130_fd_sc_hd__o2111ai_4 (0) disconnected node: C1
Cell sky130_fd_sc_hd__o2111ai_4 (0) disconnected node: D1
Cell sky130_fd_sc_hd__o2111ai_4 (0) disconnected node: VGND
Cell sky130_fd_sc_hd__o2111ai_4 (0) disconnected node: VNB
Cell sky130_fd_sc_hd__o2111ai_4 (0) disconnected node: VPB
Cell sky130_fd_sc_hd__o2111ai_4 (0) disconnected node: VPWR
Cell sky130_fd_sc_hd__o2111ai_4 (0) disconnected node: Y

Subcircuit pins:
Circuit 1: sky130_fd_sc_hd__o2111ai_4      |Circuit 2: sky130_fd_sc_hd__o2111ai_4      
-------------------------------------------|-------------------------------------------
A1                                         |A1                                         
A2                                         |A2                                         
B1                                         |B1                                         
C1                                         |C1                                         
D1                                         |D1                                         
VGND                                       |VGND                                       
VNB                                        |VNB                                        
VPB                                        |VPB                                        
VPWR                                       |VPWR                                       
Y                                          |Y                                          
---------------------------------------------------------------------------------------
Cell pin lists are equivalent.
Device classes sky130_fd_sc_hd__o2111ai_4 and sky130_fd_sc_hd__o2111ai_4 are equivalent.

Cell sky130_fd_sc_hd__clkbuf_1 (0) disconnected node: A
Cell sky130_fd_sc_hd__clkbuf_1 (0) disconnected node: VGND
Cell sky130_fd_sc_hd__clkbuf_1 (0) disconnected node: VNB
Cell sky130_fd_sc_hd__clkbuf_1 (0) disconnected node: VPB
Cell sky130_fd_sc_hd__clkbuf_1 (0) disconnected node: VPWR
Cell sky130_fd_sc_hd__clkbuf_1 (0) disconnected node: X

Subcircuit pins:
Circuit 1: sky130_fd_sc_hd__clkbuf_1       |Circuit 2: sky130_fd_sc_hd__clkbuf_1       
-------------------------------------------|-------------------------------------------
A                                          |A                                          
VGND                                       |VGND                                       
VNB                                        |VNB                                        
VPB                                        |VPB                                        
VPWR                                       |VPWR                                       
X                                          |X                                          
---------------------------------------------------------------------------------------
Cell pin lists are equivalent.
Device classes sky130_fd_sc_hd__clkbuf_1 and sky130_fd_sc_hd__clkbuf_1 are equivalent.

Cell sky130_fd_sc_hd__clkbuf_2 (0) disconnected node: A
Cell sky130_fd_sc_hd__clkbuf_2 (0) disconnected node: VGND
Cell sky130_fd_sc_hd__clkbuf_2 (0) disconnected node: VNB
Cell sky130_fd_sc_hd__clkbuf_2 (0) disconnected node: VPB
Cell sky130_fd_sc_hd__clkbuf_2 (0) disconnected node: VPWR
Cell sky130_fd_sc_hd__clkbuf_2 (0) disconnected node: X

Subcircuit pins:
Circuit 1: sky130_fd_sc_hd__clkbuf_2       |Circuit 2: sky130_fd_sc_hd__clkbuf_2       
-------------------------------------------|-------------------------------------------
A                                          |A                                          
VGND                                       |VGND                                       
VNB                                        |VNB                                        
VPB                                        |VPB                                        
VPWR                                       |VPWR                                       
X                                          |X                                          
---------------------------------------------------------------------------------------
Cell pin lists are equivalent.
Device classes sky130_fd_sc_hd__clkbuf_2 and sky130_fd_sc_hd__clkbuf_2 are equivalent.

Cell sky130_fd_sc_hd__o41ai_2 (0) disconnected node: A1
Cell sky130_fd_sc_hd__o41ai_2 (0) disconnected node: A2
Cell sky130_fd_sc_hd__o41ai_2 (0) disconnected node: A3
Cell sky130_fd_sc_hd__o41ai_2 (0) disconnected node: A4
Cell sky130_fd_sc_hd__o41ai_2 (0) disconnected node: B1
Cell sky130_fd_sc_hd__o41ai_2 (0) disconnected node: VGND
Cell sky130_fd_sc_hd__o41ai_2 (0) disconnected node: VNB
Cell sky130_fd_sc_hd__o41ai_2 (0) disconnected node: VPB
Cell sky130_fd_sc_hd__o41ai_2 (0) disconnected node: VPWR
Cell sky130_fd_sc_hd__o41ai_2 (0) disconnected node: Y

Subcircuit pins:
Circuit 1: sky130_fd_sc_hd__o41ai_2        |Circuit 2: sky130_fd_sc_hd__o41ai_2        
-------------------------------------------|-------------------------------------------
A1                                         |A1                                         
A2                                         |A2                                         
A3                                         |A3                                         
A4                                         |A4                                         
B1                                         |B1                                         
VGND                                       |VGND                                       
VNB                                        |VNB                                        
VPB                                        |VPB                                        
VPWR                                       |VPWR                                       
Y                                          |Y                                          
---------------------------------------------------------------------------------------
Cell pin lists are equivalent.
Device classes sky130_fd_sc_hd__o41ai_2 and sky130_fd_sc_hd__o41ai_2 are equivalent.

Cell sky130_fd_sc_hd__inv_8 (0) disconnected node: A
Cell sky130_fd_sc_hd__inv_8 (0) disconnected node: VGND
Cell sky130_fd_sc_hd__inv_8 (0) disconnected node: VNB
Cell sky130_fd_sc_hd__inv_8 (0) disconnected node: VPB
Cell sky130_fd_sc_hd__inv_8 (0) disconnected node: VPWR
Cell sky130_fd_sc_hd__inv_8 (0) disconnected node: Y

Subcircuit pins:
Circuit 1: sky130_fd_sc_hd__inv_8          |Circuit 2: sky130_fd_sc_hd__inv_8          
-------------------------------------------|-------------------------------------------
A                                          |A                                          
VGND                                       |VGND                                       
VNB                                        |VNB                                        
VPB                                        |VPB                                        
VPWR                                       |VPWR                                       
Y                                          |Y                                          
---------------------------------------------------------------------------------------
Cell pin lists are equivalent.
Device classes sky130_fd_sc_hd__inv_8 and sky130_fd_sc_hd__inv_8 are equivalent.

Cell sky130_fd_sc_hd__or2b_2 (0) disconnected node: A
Cell sky130_fd_sc_hd__or2b_2 (0) disconnected node: B_N
Cell sky130_fd_sc_hd__or2b_2 (0) disconnected node: VGND
Cell sky130_fd_sc_hd__or2b_2 (0) disconnected node: VNB
Cell sky130_fd_sc_hd__or2b_2 (0) disconnected node: VPB
Cell sky130_fd_sc_hd__or2b_2 (0) disconnected node: VPWR
Cell sky130_fd_sc_hd__or2b_2 (0) disconnected node: X

Subcircuit pins:
Circuit 1: sky130_fd_sc_hd__or2b_2         |Circuit 2: sky130_fd_sc_hd__or2b_2         
-------------------------------------------|-------------------------------------------
A                                          |A                                          
B_N                                        |B_N                                        
VGND                                       |VGND                                       
VNB                                        |VNB                                        
VPB                                        |VPB                                        
VPWR                                       |VPWR                                       
X                                          |X                                          
---------------------------------------------------------------------------------------
Cell pin lists are equivalent.
Device classes sky130_fd_sc_hd__or2b_2 and sky130_fd_sc_hd__or2b_2 are equivalent.

Cell sky130_fd_sc_hd__and4_4 (0) disconnected node: A
Cell sky130_fd_sc_hd__and4_4 (0) disconnected node: B
Cell sky130_fd_sc_hd__and4_4 (0) disconnected node: C
Cell sky130_fd_sc_hd__and4_4 (0) disconnected node: D
Cell sky130_fd_sc_hd__and4_4 (0) disconnected node: VGND
Cell sky130_fd_sc_hd__and4_4 (0) disconnected node: VNB
Cell sky130_fd_sc_hd__and4_4 (0) disconnected node: VPB
Cell sky130_fd_sc_hd__and4_4 (0) disconnected node: VPWR
Cell sky130_fd_sc_hd__and4_4 (0) disconnected node: X

Subcircuit pins:
Circuit 1: sky130_fd_sc_hd__and4_4         |Circuit 2: sky130_fd_sc_hd__and4_4         
-------------------------------------------|-------------------------------------------
A                                          |A                                          
B                                          |B                                          
C                                          |C                                          
D                                          |D                                          
VGND                                       |VGND                                       
VNB                                        |VNB                                        
VPB                                        |VPB                                        
VPWR                                       |VPWR                                       
X                                          |X                                          
---------------------------------------------------------------------------------------
Cell pin lists are equivalent.
Device classes sky130_fd_sc_hd__and4_4 and sky130_fd_sc_hd__and4_4 are equivalent.

Cell sky130_fd_sc_hd__o31a_4 (0) disconnected node: A1
Cell sky130_fd_sc_hd__o31a_4 (0) disconnected node: A2
Cell sky130_fd_sc_hd__o31a_4 (0) disconnected node: A3
Cell sky130_fd_sc_hd__o31a_4 (0) disconnected node: B1
Cell sky130_fd_sc_hd__o31a_4 (0) disconnected node: VGND
Cell sky130_fd_sc_hd__o31a_4 (0) disconnected node: VNB
Cell sky130_fd_sc_hd__o31a_4 (0) disconnected node: VPB
Cell sky130_fd_sc_hd__o31a_4 (0) disconnected node: VPWR
Cell sky130_fd_sc_hd__o31a_4 (0) disconnected node: X

Subcircuit pins:
Circuit 1: sky130_fd_sc_hd__o31a_4         |Circuit 2: sky130_fd_sc_hd__o31a_4         
-------------------------------------------|-------------------------------------------
A1                                         |A1                                         
A2                                         |A2                                         
A3                                         |A3                                         
B1                                         |B1                                         
VGND                                       |VGND                                       
VNB                                        |VNB                                        
VPB                                        |VPB                                        
VPWR                                       |VPWR                                       
X                                          |X                                          
---------------------------------------------------------------------------------------
Cell pin lists are equivalent.
Device classes sky130_fd_sc_hd__o31a_4 and sky130_fd_sc_hd__o31a_4 are equivalent.

Cell sky130_fd_sc_hd__nor4b_2 (0) disconnected node: A
Cell sky130_fd_sc_hd__nor4b_2 (0) disconnected node: B
Cell sky130_fd_sc_hd__nor4b_2 (0) disconnected node: C
Cell sky130_fd_sc_hd__nor4b_2 (0) disconnected node: D_N
Cell sky130_fd_sc_hd__nor4b_2 (0) disconnected node: VGND
Cell sky130_fd_sc_hd__nor4b_2 (0) disconnected node: VNB
Cell sky130_fd_sc_hd__nor4b_2 (0) disconnected node: VPB
Cell sky130_fd_sc_hd__nor4b_2 (0) disconnected node: VPWR
Cell sky130_fd_sc_hd__nor4b_2 (0) disconnected node: Y

Subcircuit pins:
Circuit 1: sky130_fd_sc_hd__nor4b_2        |Circuit 2: sky130_fd_sc_hd__nor4b_2        
-------------------------------------------|-------------------------------------------
A                                          |A                                          
B                                          |B                                          
C                                          |C                                          
D_N                                        |D_N                                        
VGND                                       |VGND                                       
VNB                                        |VNB                                        
VPB                                        |VPB                                        
VPWR                                       |VPWR                                       
Y                                          |Y                                          
---------------------------------------------------------------------------------------
Cell pin lists are equivalent.
Device classes sky130_fd_sc_hd__nor4b_2 and sky130_fd_sc_hd__nor4b_2 are equivalent.

Cell sky130_fd_sc_hd__a211oi_4 (0) disconnected node: A1
Cell sky130_fd_sc_hd__a211oi_4 (0) disconnected node: A2
Cell sky130_fd_sc_hd__a211oi_4 (0) disconnected node: B1
Cell sky130_fd_sc_hd__a211oi_4 (0) disconnected node: C1
Cell sky130_fd_sc_hd__a211oi_4 (0) disconnected node: VGND
Cell sky130_fd_sc_hd__a211oi_4 (0) disconnected node: VNB
Cell sky130_fd_sc_hd__a211oi_4 (0) disconnected node: VPB
Cell sky130_fd_sc_hd__a211oi_4 (0) disconnected node: VPWR
Cell sky130_fd_sc_hd__a211oi_4 (0) disconnected node: Y

Subcircuit pins:
Circuit 1: sky130_fd_sc_hd__a211oi_4       |Circuit 2: sky130_fd_sc_hd__a211oi_4       
-------------------------------------------|-------------------------------------------
A1                                         |A1                                         
A2                                         |A2                                         
B1                                         |B1                                         
C1                                         |C1                                         
VGND                                       |VGND                                       
VNB                                        |VNB                                        
VPB                                        |VPB                                        
VPWR                                       |VPWR                                       
Y                                          |Y                                          
---------------------------------------------------------------------------------------
Cell pin lists are equivalent.
Device classes sky130_fd_sc_hd__a211oi_4 and sky130_fd_sc_hd__a211oi_4 are equivalent.

Cell sky130_fd_sc_hd__or2_4 (0) disconnected node: A
Cell sky130_fd_sc_hd__or2_4 (0) disconnected node: B
Cell sky130_fd_sc_hd__or2_4 (0) disconnected node: VGND
Cell sky130_fd_sc_hd__or2_4 (0) disconnected node: VNB
Cell sky130_fd_sc_hd__or2_4 (0) disconnected node: VPB
Cell sky130_fd_sc_hd__or2_4 (0) disconnected node: VPWR
Cell sky130_fd_sc_hd__or2_4 (0) disconnected node: X

Subcircuit pins:
Circuit 1: sky130_fd_sc_hd__or2_4          |Circuit 2: sky130_fd_sc_hd__or2_4          
-------------------------------------------|-------------------------------------------
A                                          |A                                          
B                                          |B                                          
VGND                                       |VGND                                       
VNB                                        |VNB                                        
VPB                                        |VPB                                        
VPWR                                       |VPWR                                       
X                                          |X                                          
---------------------------------------------------------------------------------------
Cell pin lists are equivalent.
Device classes sky130_fd_sc_hd__or2_4 and sky130_fd_sc_hd__or2_4 are equivalent.

Cell sky130_fd_sc_hd__a2111oi_4 (0) disconnected node: A1
Cell sky130_fd_sc_hd__a2111oi_4 (0) disconnected node: A2
Cell sky130_fd_sc_hd__a2111oi_4 (0) disconnected node: B1
Cell sky130_fd_sc_hd__a2111oi_4 (0) disconnected node: C1
Cell sky130_fd_sc_hd__a2111oi_4 (0) disconnected node: D1
Cell sky130_fd_sc_hd__a2111oi_4 (0) disconnected node: VGND
Cell sky130_fd_sc_hd__a2111oi_4 (0) disconnected node: VNB
Cell sky130_fd_sc_hd__a2111oi_4 (0) disconnected node: VPB
Cell sky130_fd_sc_hd__a2111oi_4 (0) disconnected node: VPWR
Cell sky130_fd_sc_hd__a2111oi_4 (0) disconnected node: Y

Subcircuit pins:
Circuit 1: sky130_fd_sc_hd__a2111oi_4      |Circuit 2: sky130_fd_sc_hd__a2111oi_4      
-------------------------------------------|-------------------------------------------
A1                                         |A1                                         
A2                                         |A2                                         
B1                                         |B1                                         
C1                                         |C1                                         
D1                                         |D1                                         
VGND                                       |VGND                                       
VNB                                        |VNB                                        
VPB                                        |VPB                                        
VPWR                                       |VPWR                                       
Y                                          |Y                                          
---------------------------------------------------------------------------------------
Cell pin lists are equivalent.
Device classes sky130_fd_sc_hd__a2111oi_4 and sky130_fd_sc_hd__a2111oi_4 are equivalent.

Cell sky130_fd_sc_hd__nor4_4 (0) disconnected node: A
Cell sky130_fd_sc_hd__nor4_4 (0) disconnected node: B
Cell sky130_fd_sc_hd__nor4_4 (0) disconnected node: C
Cell sky130_fd_sc_hd__nor4_4 (0) disconnected node: D
Cell sky130_fd_sc_hd__nor4_4 (0) disconnected node: VGND
Cell sky130_fd_sc_hd__nor4_4 (0) disconnected node: VNB
Cell sky130_fd_sc_hd__nor4_4 (0) disconnected node: VPB
Cell sky130_fd_sc_hd__nor4_4 (0) disconnected node: VPWR
Cell sky130_fd_sc_hd__nor4_4 (0) disconnected node: Y

Subcircuit pins:
Circuit 1: sky130_fd_sc_hd__nor4_4         |Circuit 2: sky130_fd_sc_hd__nor4_4         
-------------------------------------------|-------------------------------------------
A                                          |A                                          
B                                          |B                                          
C                                          |C                                          
D                                          |D                                          
VGND                                       |VGND                                       
VNB                                        |VNB                                        
VPB                                        |VPB                                        
VPWR                                       |VPWR                                       
Y                                          |Y                                          
---------------------------------------------------------------------------------------
Cell pin lists are equivalent.
Device classes sky130_fd_sc_hd__nor4_4 and sky130_fd_sc_hd__nor4_4 are equivalent.

Cell sky130_fd_sc_hd__a2bb2oi_2 (0) disconnected node: A1_N
Cell sky130_fd_sc_hd__a2bb2oi_2 (0) disconnected node: A2_N
Cell sky130_fd_sc_hd__a2bb2oi_2 (0) disconnected node: B1
Cell sky130_fd_sc_hd__a2bb2oi_2 (0) disconnected node: B2
Cell sky130_fd_sc_hd__a2bb2oi_2 (0) disconnected node: VGND
Cell sky130_fd_sc_hd__a2bb2oi_2 (0) disconnected node: VNB
Cell sky130_fd_sc_hd__a2bb2oi_2 (0) disconnected node: VPB
Cell sky130_fd_sc_hd__a2bb2oi_2 (0) disconnected node: VPWR
Cell sky130_fd_sc_hd__a2bb2oi_2 (0) disconnected node: Y

Subcircuit pins:
Circuit 1: sky130_fd_sc_hd__a2bb2oi_2      |Circuit 2: sky130_fd_sc_hd__a2bb2oi_2      
-------------------------------------------|-------------------------------------------
A1_N                                       |A1_N                                       
A2_N                                       |A2_N                                       
B1                                         |B1                                         
B2                                         |B2                                         
VGND                                       |VGND                                       
VNB                                        |VNB                                        
VPB                                        |VPB                                        
VPWR                                       |VPWR                                       
Y                                          |Y                                          
---------------------------------------------------------------------------------------
Cell pin lists are equivalent.
Device classes sky130_fd_sc_hd__a2bb2oi_2 and sky130_fd_sc_hd__a2bb2oi_2 are equivalent.

Cell sky130_fd_sc_hd__a22oi_4 (0) disconnected node: A1
Cell sky130_fd_sc_hd__a22oi_4 (0) disconnected node: A2
Cell sky130_fd_sc_hd__a22oi_4 (0) disconnected node: B1
Cell sky130_fd_sc_hd__a22oi_4 (0) disconnected node: B2
Cell sky130_fd_sc_hd__a22oi_4 (0) disconnected node: VGND
Cell sky130_fd_sc_hd__a22oi_4 (0) disconnected node: VNB
Cell sky130_fd_sc_hd__a22oi_4 (0) disconnected node: VPB
Cell sky130_fd_sc_hd__a22oi_4 (0) disconnected node: VPWR
Cell sky130_fd_sc_hd__a22oi_4 (0) disconnected node: Y

Subcircuit pins:
Circuit 1: sky130_fd_sc_hd__a22oi_4        |Circuit 2: sky130_fd_sc_hd__a22oi_4        
-------------------------------------------|-------------------------------------------
A1                                         |A1                                         
A2                                         |A2                                         
B1                                         |B1                                         
B2                                         |B2                                         
VGND                                       |VGND                                       
VNB                                        |VNB                                        
VPB                                        |VPB                                        
VPWR                                       |VPWR                                       
Y                                          |Y                                          
---------------------------------------------------------------------------------------
Cell pin lists are equivalent.
Device classes sky130_fd_sc_hd__a22oi_4 and sky130_fd_sc_hd__a22oi_4 are equivalent.

Cell sky130_fd_sc_hd__o311ai_2 (0) disconnected node: A1
Cell sky130_fd_sc_hd__o311ai_2 (0) disconnected node: A2
Cell sky130_fd_sc_hd__o311ai_2 (0) disconnected node: A3
Cell sky130_fd_sc_hd__o311ai_2 (0) disconnected node: B1
Cell sky130_fd_sc_hd__o311ai_2 (0) disconnected node: C1
Cell sky130_fd_sc_hd__o311ai_2 (0) disconnected node: VGND
Cell sky130_fd_sc_hd__o311ai_2 (0) disconnected node: VNB
Cell sky130_fd_sc_hd__o311ai_2 (0) disconnected node: VPB
Cell sky130_fd_sc_hd__o311ai_2 (0) disconnected node: VPWR
Cell sky130_fd_sc_hd__o311ai_2 (0) disconnected node: Y

Subcircuit pins:
Circuit 1: sky130_fd_sc_hd__o311ai_2       |Circuit 2: sky130_fd_sc_hd__o311ai_2       
-------------------------------------------|-------------------------------------------
A1                                         |A1                                         
A2                                         |A2                                         
A3                                         |A3                                         
B1                                         |B1                                         
C1                                         |C1                                         
VGND                                       |VGND                                       
VNB                                        |VNB                                        
VPB                                        |VPB                                        
VPWR                                       |VPWR                                       
Y                                          |Y                                          
---------------------------------------------------------------------------------------
Cell pin lists are equivalent.
Device classes sky130_fd_sc_hd__o311ai_2 and sky130_fd_sc_hd__o311ai_2 are equivalent.

Cell sky130_fd_sc_hd__o31ai_4 (0) disconnected node: A1
Cell sky130_fd_sc_hd__o31ai_4 (0) disconnected node: A2
Cell sky130_fd_sc_hd__o31ai_4 (0) disconnected node: A3
Cell sky130_fd_sc_hd__o31ai_4 (0) disconnected node: B1
Cell sky130_fd_sc_hd__o31ai_4 (0) disconnected node: VGND
Cell sky130_fd_sc_hd__o31ai_4 (0) disconnected node: VNB
Cell sky130_fd_sc_hd__o31ai_4 (0) disconnected node: VPB
Cell sky130_fd_sc_hd__o31ai_4 (0) disconnected node: VPWR
Cell sky130_fd_sc_hd__o31ai_4 (0) disconnected node: Y

Subcircuit pins:
Circuit 1: sky130_fd_sc_hd__o31ai_4        |Circuit 2: sky130_fd_sc_hd__o31ai_4        
-------------------------------------------|-------------------------------------------
A1                                         |A1                                         
A2                                         |A2                                         
A3                                         |A3                                         
B1                                         |B1                                         
VGND                                       |VGND                                       
VNB                                        |VNB                                        
VPB                                        |VPB                                        
VPWR                                       |VPWR                                       
Y                                          |Y                                          
---------------------------------------------------------------------------------------
Cell pin lists are equivalent.
Device classes sky130_fd_sc_hd__o31ai_4 and sky130_fd_sc_hd__o31ai_4 are equivalent.

Cell sky130_fd_sc_hd__dlymetal6s4s_1 (0) disconnected node: A
Cell sky130_fd_sc_hd__dlymetal6s4s_1 (0) disconnected node: VGND
Cell sky130_fd_sc_hd__dlymetal6s4s_1 (0) disconnected node: VNB
Cell sky130_fd_sc_hd__dlymetal6s4s_1 (0) disconnected node: VPB
Cell sky130_fd_sc_hd__dlymetal6s4s_1 (0) disconnected node: VPWR
Cell sky130_fd_sc_hd__dlymetal6s4s_1 (0) disconnected node: X

Subcircuit pins:
Circuit 1: sky130_fd_sc_hd__dlymetal6s4s_1 |Circuit 2: sky130_fd_sc_hd__dlymetal6s4s_1 
-------------------------------------------|-------------------------------------------
A                                          |A                                          
VGND                                       |VGND                                       
VNB                                        |VNB                                        
VPB                                        |VPB                                        
VPWR                                       |VPWR                                       
X                                          |X                                          
---------------------------------------------------------------------------------------
Cell pin lists are equivalent.
Device classes sky130_fd_sc_hd__dlymetal6s4s_1 and sky130_fd_sc_hd__dlymetal6s4s_1 are equivalent.

Cell sky130_fd_sc_hd__dlymetal6s2s_1 (0) disconnected node: A
Cell sky130_fd_sc_hd__dlymetal6s2s_1 (0) disconnected node: VGND
Cell sky130_fd_sc_hd__dlymetal6s2s_1 (0) disconnected node: VNB
Cell sky130_fd_sc_hd__dlymetal6s2s_1 (0) disconnected node: VPB
Cell sky130_fd_sc_hd__dlymetal6s2s_1 (0) disconnected node: VPWR
Cell sky130_fd_sc_hd__dlymetal6s2s_1 (0) disconnected node: X

Subcircuit pins:
Circuit 1: sky130_fd_sc_hd__dlymetal6s2s_1 |Circuit 2: sky130_fd_sc_hd__dlymetal6s2s_1 
-------------------------------------------|-------------------------------------------
A                                          |A                                          
VGND                                       |VGND                                       
VNB                                        |VNB                                        
VPB                                        |VPB                                        
VPWR                                       |VPWR                                       
X                                          |X                                          
---------------------------------------------------------------------------------------
Cell pin lists are equivalent.
Device classes sky130_fd_sc_hd__dlymetal6s2s_1 and sky130_fd_sc_hd__dlymetal6s2s_1 are equivalent.

Cell sky130_fd_sc_hd__a2111o_2 (0) disconnected node: A1
Cell sky130_fd_sc_hd__a2111o_2 (0) disconnected node: A2
Cell sky130_fd_sc_hd__a2111o_2 (0) disconnected node: B1
Cell sky130_fd_sc_hd__a2111o_2 (0) disconnected node: C1
Cell sky130_fd_sc_hd__a2111o_2 (0) disconnected node: D1
Cell sky130_fd_sc_hd__a2111o_2 (0) disconnected node: VGND
Cell sky130_fd_sc_hd__a2111o_2 (0) disconnected node: VNB
Cell sky130_fd_sc_hd__a2111o_2 (0) disconnected node: VPB
Cell sky130_fd_sc_hd__a2111o_2 (0) disconnected node: VPWR
Cell sky130_fd_sc_hd__a2111o_2 (0) disconnected node: X

Subcircuit pins:
Circuit 1: sky130_fd_sc_hd__a2111o_2       |Circuit 2: sky130_fd_sc_hd__a2111o_2       
-------------------------------------------|-------------------------------------------
A1                                         |A1                                         
A2                                         |A2                                         
B1                                         |B1                                         
C1                                         |C1                                         
D1                                         |D1                                         
VGND                                       |VGND                                       
VNB                                        |VNB                                        
VPB                                        |VPB                                        
VPWR                                       |VPWR                                       
X                                          |X                                          
---------------------------------------------------------------------------------------
Cell pin lists are equivalent.
Device classes sky130_fd_sc_hd__a2111o_2 and sky130_fd_sc_hd__a2111o_2 are equivalent.

Cell sky130_fd_sc_hd__nand4b_4 (0) disconnected node: A_N
Cell sky130_fd_sc_hd__nand4b_4 (0) disconnected node: B
Cell sky130_fd_sc_hd__nand4b_4 (0) disconnected node: C
Cell sky130_fd_sc_hd__nand4b_4 (0) disconnected node: D
Cell sky130_fd_sc_hd__nand4b_4 (0) disconnected node: VGND
Cell sky130_fd_sc_hd__nand4b_4 (0) disconnected node: VNB
Cell sky130_fd_sc_hd__nand4b_4 (0) disconnected node: VPB
Cell sky130_fd_sc_hd__nand4b_4 (0) disconnected node: VPWR
Cell sky130_fd_sc_hd__nand4b_4 (0) disconnected node: Y

Subcircuit pins:
Circuit 1: sky130_fd_sc_hd__nand4b_4       |Circuit 2: sky130_fd_sc_hd__nand4b_4       
-------------------------------------------|-------------------------------------------
A_N                                        |A_N                                        
B                                          |B                                          
C                                          |C                                          
D                                          |D                                          
VGND                                       |VGND                                       
VNB                                        |VNB                                        
VPB                                        |VPB                                        
VPWR                                       |VPWR                                       
Y                                          |Y                                          
---------------------------------------------------------------------------------------
Cell pin lists are equivalent.
Device classes sky130_fd_sc_hd__nand4b_4 and sky130_fd_sc_hd__nand4b_4 are equivalent.

Cell sky130_fd_sc_hd__or3b_4 (0) disconnected node: A
Cell sky130_fd_sc_hd__or3b_4 (0) disconnected node: B
Cell sky130_fd_sc_hd__or3b_4 (0) disconnected node: C_N
Cell sky130_fd_sc_hd__or3b_4 (0) disconnected node: VGND
Cell sky130_fd_sc_hd__or3b_4 (0) disconnected node: VNB
Cell sky130_fd_sc_hd__or3b_4 (0) disconnected node: VPB
Cell sky130_fd_sc_hd__or3b_4 (0) disconnected node: VPWR
Cell sky130_fd_sc_hd__or3b_4 (0) disconnected node: X

Subcircuit pins:
Circuit 1: sky130_fd_sc_hd__or3b_4         |Circuit 2: sky130_fd_sc_hd__or3b_4         
-------------------------------------------|-------------------------------------------
A                                          |A                                          
B                                          |B                                          
C_N                                        |C_N                                        
VGND                                       |VGND                                       
VNB                                        |VNB                                        
VPB                                        |VPB                                        
VPWR                                       |VPWR                                       
X                                          |X                                          
---------------------------------------------------------------------------------------
Cell pin lists are equivalent.
Device classes sky130_fd_sc_hd__or3b_4 and sky130_fd_sc_hd__or3b_4 are equivalent.

Cell sky130_fd_sc_hd__dlygate4sd1_1 (0) disconnected node: A
Cell sky130_fd_sc_hd__dlygate4sd1_1 (0) disconnected node: VGND
Cell sky130_fd_sc_hd__dlygate4sd1_1 (0) disconnected node: VNB
Cell sky130_fd_sc_hd__dlygate4sd1_1 (0) disconnected node: VPB
Cell sky130_fd_sc_hd__dlygate4sd1_1 (0) disconnected node: VPWR
Cell sky130_fd_sc_hd__dlygate4sd1_1 (0) disconnected node: X

Subcircuit pins:
Circuit 1: sky130_fd_sc_hd__dlygate4sd1_1  |Circuit 2: sky130_fd_sc_hd__dlygate4sd1_1  
-------------------------------------------|-------------------------------------------
A                                          |A                                          
VGND                                       |VGND                                       
VNB                                        |VNB                                        
VPB                                        |VPB                                        
VPWR                                       |VPWR                                       
X                                          |X                                          
---------------------------------------------------------------------------------------
Cell pin lists are equivalent.
Device classes sky130_fd_sc_hd__dlygate4sd1_1 and sky130_fd_sc_hd__dlygate4sd1_1 are equivalent.

Cell sky130_fd_sc_hd__and3b_2 (0) disconnected node: A_N
Cell sky130_fd_sc_hd__and3b_2 (0) disconnected node: B
Cell sky130_fd_sc_hd__and3b_2 (0) disconnected node: C
Cell sky130_fd_sc_hd__and3b_2 (0) disconnected node: VGND
Cell sky130_fd_sc_hd__and3b_2 (0) disconnected node: VNB
Cell sky130_fd_sc_hd__and3b_2 (0) disconnected node: VPB
Cell sky130_fd_sc_hd__and3b_2 (0) disconnected node: VPWR
Cell sky130_fd_sc_hd__and3b_2 (0) disconnected node: X

Subcircuit pins:
Circuit 1: sky130_fd_sc_hd__and3b_2        |Circuit 2: sky130_fd_sc_hd__and3b_2        
-------------------------------------------|-------------------------------------------
A_N                                        |A_N                                        
B                                          |B                                          
C                                          |C                                          
VGND                                       |VGND                                       
VNB                                        |VNB                                        
VPB                                        |VPB                                        
VPWR                                       |VPWR                                       
X                                          |X                                          
---------------------------------------------------------------------------------------
Cell pin lists are equivalent.
Device classes sky130_fd_sc_hd__and3b_2 and sky130_fd_sc_hd__and3b_2 are equivalent.

Cell sky130_fd_sc_hd__a21o_4 (0) disconnected node: A1
Cell sky130_fd_sc_hd__a21o_4 (0) disconnected node: A2
Cell sky130_fd_sc_hd__a21o_4 (0) disconnected node: B1
Cell sky130_fd_sc_hd__a21o_4 (0) disconnected node: VGND
Cell sky130_fd_sc_hd__a21o_4 (0) disconnected node: VNB
Cell sky130_fd_sc_hd__a21o_4 (0) disconnected node: VPB
Cell sky130_fd_sc_hd__a21o_4 (0) disconnected node: VPWR
Cell sky130_fd_sc_hd__a21o_4 (0) disconnected node: X

Subcircuit pins:
Circuit 1: sky130_fd_sc_hd__a21o_4         |Circuit 2: sky130_fd_sc_hd__a21o_4         
-------------------------------------------|-------------------------------------------
A1                                         |A1                                         
A2                                         |A2                                         
B1                                         |B1                                         
VGND                                       |VGND                                       
VNB                                        |VNB                                        
VPB                                        |VPB                                        
VPWR                                       |VPWR                                       
X                                          |X                                          
---------------------------------------------------------------------------------------
Cell pin lists are equivalent.
Device classes sky130_fd_sc_hd__a21o_4 and sky130_fd_sc_hd__a21o_4 are equivalent.

Cell sky130_fd_sc_hd__nor3b_2 (0) disconnected node: A
Cell sky130_fd_sc_hd__nor3b_2 (0) disconnected node: B
Cell sky130_fd_sc_hd__nor3b_2 (0) disconnected node: C_N
Cell sky130_fd_sc_hd__nor3b_2 (0) disconnected node: VGND
Cell sky130_fd_sc_hd__nor3b_2 (0) disconnected node: VNB
Cell sky130_fd_sc_hd__nor3b_2 (0) disconnected node: VPB
Cell sky130_fd_sc_hd__nor3b_2 (0) disconnected node: VPWR
Cell sky130_fd_sc_hd__nor3b_2 (0) disconnected node: Y

Subcircuit pins:
Circuit 1: sky130_fd_sc_hd__nor3b_2        |Circuit 2: sky130_fd_sc_hd__nor3b_2        
-------------------------------------------|-------------------------------------------
A                                          |A                                          
B                                          |B                                          
C_N                                        |C_N                                        
VGND                                       |VGND                                       
VNB                                        |VNB                                        
VPB                                        |VPB                                        
VPWR                                       |VPWR                                       
Y                                          |Y                                          
---------------------------------------------------------------------------------------
Cell pin lists are equivalent.
Device classes sky130_fd_sc_hd__nor3b_2 and sky130_fd_sc_hd__nor3b_2 are equivalent.

Cell sky130_fd_sc_hd__and2_4 (0) disconnected node: A
Cell sky130_fd_sc_hd__and2_4 (0) disconnected node: B
Cell sky130_fd_sc_hd__and2_4 (0) disconnected node: VGND
Cell sky130_fd_sc_hd__and2_4 (0) disconnected node: VNB
Cell sky130_fd_sc_hd__and2_4 (0) disconnected node: VPB
Cell sky130_fd_sc_hd__and2_4 (0) disconnected node: VPWR
Cell sky130_fd_sc_hd__and2_4 (0) disconnected node: X

Subcircuit pins:
Circuit 1: sky130_fd_sc_hd__and2_4         |Circuit 2: sky130_fd_sc_hd__and2_4         
-------------------------------------------|-------------------------------------------
A                                          |A                                          
B                                          |B                                          
VGND                                       |VGND                                       
VNB                                        |VNB                                        
VPB                                        |VPB                                        
VPWR                                       |VPWR                                       
X                                          |X                                          
---------------------------------------------------------------------------------------
Cell pin lists are equivalent.
Device classes sky130_fd_sc_hd__and2_4 and sky130_fd_sc_hd__and2_4 are equivalent.

Cell sky130_fd_sc_hd__o2bb2ai_2 (0) disconnected node: A1_N
Cell sky130_fd_sc_hd__o2bb2ai_2 (0) disconnected node: A2_N
Cell sky130_fd_sc_hd__o2bb2ai_2 (0) disconnected node: B1
Cell sky130_fd_sc_hd__o2bb2ai_2 (0) disconnected node: B2
Cell sky130_fd_sc_hd__o2bb2ai_2 (0) disconnected node: VGND
Cell sky130_fd_sc_hd__o2bb2ai_2 (0) disconnected node: VNB
Cell sky130_fd_sc_hd__o2bb2ai_2 (0) disconnected node: VPB
Cell sky130_fd_sc_hd__o2bb2ai_2 (0) disconnected node: VPWR
Cell sky130_fd_sc_hd__o2bb2ai_2 (0) disconnected node: Y

Subcircuit pins:
Circuit 1: sky130_fd_sc_hd__o2bb2ai_2      |Circuit 2: sky130_fd_sc_hd__o2bb2ai_2      
-------------------------------------------|-------------------------------------------
A1_N                                       |A1_N                                       
A2_N                                       |A2_N                                       
B1                                         |B1                                         
B2                                         |B2                                         
VGND                                       |VGND                                       
VNB                                        |VNB                                        
VPB                                        |VPB                                        
VPWR                                       |VPWR                                       
Y                                          |Y                                          
---------------------------------------------------------------------------------------
Cell pin lists are equivalent.
Device classes sky130_fd_sc_hd__o2bb2ai_2 and sky130_fd_sc_hd__o2bb2ai_2 are equivalent.

Cell sky130_fd_sc_hd__or2b_4 (0) disconnected node: A
Cell sky130_fd_sc_hd__or2b_4 (0) disconnected node: B_N
Cell sky130_fd_sc_hd__or2b_4 (0) disconnected node: VGND
Cell sky130_fd_sc_hd__or2b_4 (0) disconnected node: VNB
Cell sky130_fd_sc_hd__or2b_4 (0) disconnected node: VPB
Cell sky130_fd_sc_hd__or2b_4 (0) disconnected node: VPWR
Cell sky130_fd_sc_hd__or2b_4 (0) disconnected node: X

Subcircuit pins:
Circuit 1: sky130_fd_sc_hd__or2b_4         |Circuit 2: sky130_fd_sc_hd__or2b_4         
-------------------------------------------|-------------------------------------------
A                                          |A                                          
B_N                                        |B_N                                        
VGND                                       |VGND                                       
VNB                                        |VNB                                        
VPB                                        |VPB                                        
VPWR                                       |VPWR                                       
X                                          |X                                          
---------------------------------------------------------------------------------------
Cell pin lists are equivalent.
Device classes sky130_fd_sc_hd__or2b_4 and sky130_fd_sc_hd__or2b_4 are equivalent.

Cell sky130_fd_sc_hd__o211a_4 (0) disconnected node: A1
Cell sky130_fd_sc_hd__o211a_4 (0) disconnected node: A2
Cell sky130_fd_sc_hd__o211a_4 (0) disconnected node: B1
Cell sky130_fd_sc_hd__o211a_4 (0) disconnected node: C1
Cell sky130_fd_sc_hd__o211a_4 (0) disconnected node: VGND
Cell sky130_fd_sc_hd__o211a_4 (0) disconnected node: VNB
Cell sky130_fd_sc_hd__o211a_4 (0) disconnected node: VPB
Cell sky130_fd_sc_hd__o211a_4 (0) disconnected node: VPWR
Cell sky130_fd_sc_hd__o211a_4 (0) disconnected node: X

Subcircuit pins:
Circuit 1: sky130_fd_sc_hd__o211a_4        |Circuit 2: sky130_fd_sc_hd__o211a_4        
-------------------------------------------|-------------------------------------------
A1                                         |A1                                         
A2                                         |A2                                         
B1                                         |B1                                         
C1                                         |C1                                         
VGND                                       |VGND                                       
VNB                                        |VNB                                        
VPB                                        |VPB                                        
VPWR                                       |VPWR                                       
X                                          |X                                          
---------------------------------------------------------------------------------------
Cell pin lists are equivalent.
Device classes sky130_fd_sc_hd__o211a_4 and sky130_fd_sc_hd__o211a_4 are equivalent.

Class topmodule (0):  Merged 7584 parallel devices.
Class topmodule (1):  Merged 7584 parallel devices.
Subcircuit summary:
Circuit 1: topmodule                       |Circuit 2: topmodule                       
-------------------------------------------|-------------------------------------------
sky130_fd_sc_hd__fill_2 (966->1)           |sky130_fd_sc_hd__fill_2 (966->1)           
sky130_fd_sc_hd__decap_3 (4348->1)         |sky130_fd_sc_hd__decap_3 (4348->1)         
sky130_fd_sc_hd__fill_1 (1152->1)          |sky130_fd_sc_hd__fill_1 (1152->1)          
sky130_fd_sc_hd__dfxtp_2 (448)             |sky130_fd_sc_hd__dfxtp_2 (448)             
sky130_fd_sc_hd__nand2_2 (75)              |sky130_fd_sc_hd__nand2_2 (75)              
sky130_fd_sc_hd__tapvpwrvgnd_1 (1113->1)   |sky130_fd_sc_hd__tapvpwrvgnd_1 (1113->1)   
sky130_fd_sc_hd__mux2_2 (589)              |sky130_fd_sc_hd__mux2_2 (589)              
sky130_fd_sc_hd__or3_2 (15)                |sky130_fd_sc_hd__or3_2 (15)                
sky130_fd_sc_hd__dfrtp_2 (320)             |sky130_fd_sc_hd__dfrtp_2 (320)             
sky130_fd_sc_hd__buf_6 (69)                |sky130_fd_sc_hd__buf_6 (69)                
sky130_fd_sc_hd__buf_2 (925)               |sky130_fd_sc_hd__buf_2 (925)               
sky130_fd_sc_hd__a21oi_2 (128)             |sky130_fd_sc_hd__a21oi_2 (128)             
sky130_fd_sc_hd__and3_2 (67)               |sky130_fd_sc_hd__and3_2 (67)               
sky130_fd_sc_hd__nor2_2 (62)               |sky130_fd_sc_hd__nor2_2 (62)               
sky130_fd_sc_hd__o311a_2 (21)              |sky130_fd_sc_hd__o311a_2 (21)              
sky130_fd_sc_hd__and2_2 (74)               |sky130_fd_sc_hd__and2_2 (74)               
sky130_fd_sc_hd__a32o_2 (115)              |sky130_fd_sc_hd__a32o_2 (115)              
sky130_fd_sc_hd__mux2_4 (12)               |sky130_fd_sc_hd__mux2_4 (12)               
sky130_fd_sc_hd__a221o_2 (43)              |sky130_fd_sc_hd__a221o_2 (43)              
sky130_fd_sc_hd__a31o_2 (62)               |sky130_fd_sc_hd__a31o_2 (62)               
sky130_fd_sc_hd__o211ai_4 (4)              |sky130_fd_sc_hd__o211ai_4 (4)              
sky130_fd_sc_hd__and4_2 (17)               |sky130_fd_sc_hd__and4_2 (17)               
sky130_fd_sc_hd__nand2b_2 (1)              |sky130_fd_sc_hd__nand2b_2 (1)              
sky130_fd_sc_hd__dlygate4sd3_1 (681)       |sky130_fd_sc_hd__dlygate4sd3_1 (681)       
sky130_fd_sc_hd__o22a_2 (190)              |sky130_fd_sc_hd__o22a_2 (190)              
sky130_fd_sc_hd__o22ai_2 (16)              |sky130_fd_sc_hd__o22ai_2 (16)              
sky130_fd_sc_hd__o21ai_2 (48)              |sky130_fd_sc_hd__o21ai_2 (48)              
sky130_fd_sc_hd__o21ai_4 (8)               |sky130_fd_sc_hd__o21ai_4 (8)               
sky130_fd_sc_hd__o221a_2 (49)              |sky130_fd_sc_hd__o221a_2 (49)              
sky130_fd_sc_hd__nand4_2 (16)              |sky130_fd_sc_hd__nand4_2 (16)              
sky130_fd_sc_hd__a41o_2 (14)               |sky130_fd_sc_hd__a41o_2 (14)               
sky130_fd_sc_hd__nand4_4 (9)               |sky130_fd_sc_hd__nand4_4 (9)               
sky130_fd_sc_hd__or4_2 (21)                |sky130_fd_sc_hd__or4_2 (21)                
sky130_fd_sc_hd__a22oi_2 (49)              |sky130_fd_sc_hd__a22oi_2 (49)              
sky130_fd_sc_hd__a211o_2 (49)              |sky130_fd_sc_hd__a211o_2 (49)              
sky130_fd_sc_hd__diode_2 (56->47)          |sky130_fd_sc_hd__diode_2 (56->47)          
sky130_fd_sc_hd__a22o_2 (26)               |sky130_fd_sc_hd__a22o_2 (26)               
sky130_fd_sc_hd__buf_4 (62)                |sky130_fd_sc_hd__buf_4 (62)                
sky130_fd_sc_hd__a31o_4 (3)                |sky130_fd_sc_hd__a31o_4 (3)                
sky130_fd_sc_hd__or3b_2 (5)                |sky130_fd_sc_hd__or3b_2 (5)                
sky130_fd_sc_hd__o31a_2 (23)               |sky130_fd_sc_hd__o31a_2 (23)               
sky130_fd_sc_hd__o21a_2 (17)               |sky130_fd_sc_hd__o21a_2 (17)               
sky130_fd_sc_hd__nand3_4 (7)               |sky130_fd_sc_hd__nand3_4 (7)               
sky130_fd_sc_hd__a21o_2 (27)               |sky130_fd_sc_hd__a21o_2 (27)               
sky130_fd_sc_hd__clkbuf_8 (15)             |sky130_fd_sc_hd__clkbuf_8 (15)             
sky130_fd_sc_hd__xor2_2 (16)               |sky130_fd_sc_hd__xor2_2 (16)               
sky130_fd_sc_hd__clkdlybuf4s25_1 (18)      |sky130_fd_sc_hd__clkdlybuf4s25_1 (18)      
sky130_fd_sc_hd__o21bai_4 (6)              |sky130_fd_sc_hd__o21bai_4 (6)              
sky130_fd_sc_hd__or3_4 (9)                 |sky130_fd_sc_hd__or3_4 (9)                 
sky130_fd_sc_hd__o21bai_2 (7)              |sky130_fd_sc_hd__o21bai_2 (7)              
sky130_fd_sc_hd__nand4b_2 (4)              |sky130_fd_sc_hd__nand4b_2 (4)              
sky130_fd_sc_hd__or2_2 (8)                 |sky130_fd_sc_hd__or2_2 (8)                 
sky130_fd_sc_hd__or4_4 (11)                |sky130_fd_sc_hd__or4_4 (11)                
sky130_fd_sc_hd__o41a_4 (4)                |sky130_fd_sc_hd__o41a_4 (4)                
sky130_fd_sc_hd__o2111ai_2 (11)            |sky130_fd_sc_hd__o2111ai_2 (11)            
sky130_fd_sc_hd__and4bb_2 (4)              |sky130_fd_sc_hd__and4bb_2 (4)              
sky130_fd_sc_hd__a2bb2o_2 (16)             |sky130_fd_sc_hd__a2bb2o_2 (16)             
sky130_fd_sc_hd__inv_2 (29)                |sky130_fd_sc_hd__inv_2 (29)                
sky130_fd_sc_hd__nand3_2 (21)              |sky130_fd_sc_hd__nand3_2 (21)              
sky130_fd_sc_hd__o211ai_2 (14)             |sky130_fd_sc_hd__o211ai_2 (14)             
sky130_fd_sc_hd__o31ai_2 (5)               |sky130_fd_sc_hd__o31ai_2 (5)               
sky130_fd_sc_hd__o221ai_2 (1)              |sky130_fd_sc_hd__o221ai_2 (1)              
sky130_fd_sc_hd__a211oi_2 (8)              |sky130_fd_sc_hd__a211oi_2 (8)              
sky130_fd_sc_hd__buf_8 (26)                |sky130_fd_sc_hd__buf_8 (26)                
sky130_fd_sc_hd__a41oi_4 (3)               |sky130_fd_sc_hd__a41oi_4 (3)               
sky130_fd_sc_hd__o221a_4 (14)              |sky130_fd_sc_hd__o221a_4 (14)              
sky130_fd_sc_hd__buf_1 (1)                 |sky130_fd_sc_hd__buf_1 (1)                 
sky130_fd_sc_hd__a31oi_4 (5)               |sky130_fd_sc_hd__a31oi_4 (5)               
sky130_fd_sc_hd__o211a_2 (29)              |sky130_fd_sc_hd__o211a_2 (29)              
sky130_fd_sc_hd__or4b_4 (6)                |sky130_fd_sc_hd__or4b_4 (6)                
sky130_fd_sc_hd__nor4_2 (1)                |sky130_fd_sc_hd__nor4_2 (1)                
sky130_fd_sc_hd__o41a_2 (10)               |sky130_fd_sc_hd__o41a_2 (10)               
sky130_fd_sc_hd__a2111oi_2 (3)             |sky130_fd_sc_hd__a2111oi_2 (3)             
sky130_fd_sc_hd__and3_4 (7)                |sky130_fd_sc_hd__and3_4 (7)                
sky130_fd_sc_hd__o2bb2a_2 (10)             |sky130_fd_sc_hd__o2bb2a_2 (10)             
sky130_fd_sc_hd__a21oi_4 (15)              |sky130_fd_sc_hd__a21oi_4 (15)              
sky130_fd_sc_hd__o32a_4 (1)                |sky130_fd_sc_hd__o32a_4 (1)                
sky130_fd_sc_hd__a31oi_2 (10)              |sky130_fd_sc_hd__a31oi_2 (10)              
sky130_fd_sc_hd__a211o_4 (10)              |sky130_fd_sc_hd__a211o_4 (10)              
sky130_fd_sc_hd__a311o_2 (27)              |sky130_fd_sc_hd__a311o_2 (27)              
sky130_fd_sc_hd__nor2_4 (4)                |sky130_fd_sc_hd__nor2_4 (4)                
sky130_fd_sc_hd__a311oi_4 (2)              |sky130_fd_sc_hd__a311oi_4 (2)              
sky130_fd_sc_hd__clkbuf_16 (48)            |sky130_fd_sc_hd__clkbuf_16 (48)            
sky130_fd_sc_hd__nor3_2 (7)                |sky130_fd_sc_hd__nor3_2 (7)                
sky130_fd_sc_hd__a22o_4 (1)                |sky130_fd_sc_hd__a22o_4 (1)                
sky130_fd_sc_hd__clkbuf_4 (19)             |sky130_fd_sc_hd__clkbuf_4 (19)             
sky130_fd_sc_hd__a21bo_2 (5)               |sky130_fd_sc_hd__a21bo_2 (5)               
sky130_fd_sc_hd__a221oi_4 (3)              |sky130_fd_sc_hd__a221oi_4 (3)              
sky130_fd_sc_hd__a21boi_2 (6)              |sky130_fd_sc_hd__a21boi_2 (6)              
sky130_fd_sc_hd__nand2_4 (4)               |sky130_fd_sc_hd__nand2_4 (4)               
sky130_fd_sc_hd__a41oi_2 (2)               |sky130_fd_sc_hd__a41oi_2 (2)               
sky130_fd_sc_hd__o22a_4 (5)                |sky130_fd_sc_hd__o22a_4 (5)                
sky130_fd_sc_hd__o22ai_4 (5)               |sky130_fd_sc_hd__o22ai_4 (5)               
sky130_fd_sc_hd__or4b_2 (9)                |sky130_fd_sc_hd__or4b_2 (9)                
sky130_fd_sc_hd__o2111a_2 (4)              |sky130_fd_sc_hd__o2111a_2 (4)              
sky130_fd_sc_hd__and4b_2 (9)               |sky130_fd_sc_hd__and4b_2 (9)               
sky130_fd_sc_hd__and2b_2 (3)               |sky130_fd_sc_hd__and2b_2 (3)               
sky130_fd_sc_hd__inv_6 (5)                 |sky130_fd_sc_hd__inv_6 (5)                 
sky130_fd_sc_hd__a32oi_2 (2)               |sky130_fd_sc_hd__a32oi_2 (2)               
sky130_fd_sc_hd__o32a_2 (7)                |sky130_fd_sc_hd__o32a_2 (7)                
sky130_fd_sc_hd__a221oi_2 (9)              |sky130_fd_sc_hd__a221oi_2 (9)              
sky130_fd_sc_hd__nand3b_2 (8)              |sky130_fd_sc_hd__nand3b_2 (8)              
sky130_fd_sc_hd__nor3_4 (4)                |sky130_fd_sc_hd__nor3_4 (4)                
sky130_fd_sc_hd__a32oi_4 (1)               |sky130_fd_sc_hd__a32oi_4 (1)               
sky130_fd_sc_hd__clkinv_2 (6)              |sky130_fd_sc_hd__clkinv_2 (6)              
sky130_fd_sc_hd__inv_4 (3)                 |sky130_fd_sc_hd__inv_4 (3)                 
sky130_fd_sc_hd__clkinvlp_4 (1)            |sky130_fd_sc_hd__clkinvlp_4 (1)            
sky130_fd_sc_hd__clkinv_1 (1)              |sky130_fd_sc_hd__clkinv_1 (1)              
sky130_fd_sc_hd__o32ai_2 (3)               |sky130_fd_sc_hd__o32ai_2 (3)               
sky130_fd_sc_hd__clkinv_4 (1)              |sky130_fd_sc_hd__clkinv_4 (1)              
sky130_fd_sc_hd__a311oi_2 (3)              |sky130_fd_sc_hd__a311oi_2 (3)              
sky130_fd_sc_hd__o311a_4 (3)               |sky130_fd_sc_hd__o311a_4 (3)               
sky130_fd_sc_hd__nor2b_2 (2)               |sky130_fd_sc_hd__nor2b_2 (2)               
sky130_fd_sc_hd__bufinv_16 (3)             |sky130_fd_sc_hd__bufinv_16 (3)             
sky130_fd_sc_hd__xnor2_2 (6)               |sky130_fd_sc_hd__xnor2_2 (6)               
sky130_fd_sc_hd__o2111ai_4 (4)             |sky130_fd_sc_hd__o2111ai_4 (4)             
sky130_fd_sc_hd__clkbuf_1 (1)              |sky130_fd_sc_hd__clkbuf_1 (1)              
sky130_fd_sc_hd__clkbuf_2 (7)              |sky130_fd_sc_hd__clkbuf_2 (7)              
sky130_fd_sc_hd__o41ai_2 (4)               |sky130_fd_sc_hd__o41ai_2 (4)               
sky130_fd_sc_hd__inv_8 (1)                 |sky130_fd_sc_hd__inv_8 (1)                 
sky130_fd_sc_hd__or2b_2 (3)                |sky130_fd_sc_hd__or2b_2 (3)                
sky130_fd_sc_hd__and4_4 (2)                |sky130_fd_sc_hd__and4_4 (2)                
sky130_fd_sc_hd__o31a_4 (2)                |sky130_fd_sc_hd__o31a_4 (2)                
sky130_fd_sc_hd__nor4b_2 (1)               |sky130_fd_sc_hd__nor4b_2 (1)               
sky130_fd_sc_hd__a211oi_4 (2)              |sky130_fd_sc_hd__a211oi_4 (2)              
sky130_fd_sc_hd__or2_4 (3)                 |sky130_fd_sc_hd__or2_4 (3)                 
sky130_fd_sc_hd__a2111oi_4 (1)             |sky130_fd_sc_hd__a2111oi_4 (1)             
sky130_fd_sc_hd__nor4_4 (2)                |sky130_fd_sc_hd__nor4_4 (2)                
sky130_fd_sc_hd__a2bb2oi_2 (1)             |sky130_fd_sc_hd__a2bb2oi_2 (1)             
sky130_fd_sc_hd__a22oi_4 (1)               |sky130_fd_sc_hd__a22oi_4 (1)               
sky130_fd_sc_hd__o311ai_2 (1)              |sky130_fd_sc_hd__o311ai_2 (1)              
sky130_fd_sc_hd__o31ai_4 (1)               |sky130_fd_sc_hd__o31ai_4 (1)               
sky130_fd_sc_hd__dlymetal6s4s_1 (4)        |sky130_fd_sc_hd__dlymetal6s4s_1 (4)        
sky130_fd_sc_hd__dlymetal6s2s_1 (2)        |sky130_fd_sc_hd__dlymetal6s2s_1 (2)        
sky130_fd_sc_hd__a2111o_2 (2)              |sky130_fd_sc_hd__a2111o_2 (2)              
sky130_fd_sc_hd__nand4b_4 (2)              |sky130_fd_sc_hd__nand4b_4 (2)              
sky130_fd_sc_hd__or3b_4 (1)                |sky130_fd_sc_hd__or3b_4 (1)                
sky130_fd_sc_hd__dlygate4sd1_1 (1)         |sky130_fd_sc_hd__dlygate4sd1_1 (1)         
sky130_fd_sc_hd__and3b_2 (1)               |sky130_fd_sc_hd__and3b_2 (1)               
sky130_fd_sc_hd__a21o_4 (1)                |sky130_fd_sc_hd__a21o_4 (1)                
sky130_fd_sc_hd__nor3b_2 (1)               |sky130_fd_sc_hd__nor3b_2 (1)               
sky130_fd_sc_hd__and2_4 (1)                |sky130_fd_sc_hd__and2_4 (1)                
sky130_fd_sc_hd__o2bb2ai_2 (1)             |sky130_fd_sc_hd__o2bb2ai_2 (1)             
sky130_fd_sc_hd__or2b_4 (2)                |sky130_fd_sc_hd__or2b_4 (2)                
sky130_fd_sc_hd__o211a_4 (1)               |sky130_fd_sc_hd__o211a_4 (1)               
Number of devices: 5064                    |Number of devices: 5064                    
Number of nets: 5018                       |Number of nets: 5018                       
---------------------------------------------------------------------------------------
Netlists match uniquely.

Subcircuit pins:
Circuit 1: topmodule                       |Circuit 2: topmodule                       
-------------------------------------------|-------------------------------------------
instruct_en                                |instruct_en                                
result[14]                                 |result[14]                                 
result[15]                                 |result[15]                                 
result[18]                                 |result[18]                                 
result[21]                                 |result[21]                                 
result[17]                                 |result[17]                                 
result[22]                                 |result[22]                                 
result[24]                                 |result[24]                                 
result[20]                                 |result[20]                                 
result[26]                                 |result[26]                                 
result[23]                                 |result[23]                                 
result[25]                                 |result[25]                                 
result[19]                                 |result[19]                                 
result[30]                                 |result[30]                                 
result[29]                                 |result[29]                                 
result[27]                                 |result[27]                                 
result[31]                                 |result[31]                                 
result[28]                                 |result[28]                                 
result[5]                                  |result[5]                                  
result[4]                                  |result[4]                                  
result[11]                                 |result[11]                                 
result[8]                                  |result[8]                                  
result[7]                                  |result[7]                                  
result[16]                                 |result[16]                                 
result[6]                                  |result[6]                                  
result[13]                                 |result[13]                                 
result[12]                                 |result[12]                                 
result[10]                                 |result[10]                                 
result[2]                                  |result[2]                                  
result[1]                                  |result[1]                                  
result[0]                                  |result[0]                                  
result[3]                                  |result[3]                                  
result[9]                                  |result[9]                                  
rst                                        |rst                                        
clk                                        |clk                                        
VGND                                       |VGND                                       
VPWR                                       |VPWR                                       
---------------------------------------------------------------------------------------
Cell pin lists are equivalent.
Device classes topmodule and topmodule are equivalent.

Final result: Circuits match uniquely.
.
