Net: U_rf0.rd\[7\]\[20\]
  Pin:   _3776_/B2 (sky130_fd_sc_hd__a32o_2)
    Layer: mcon
      Partial area ratio:    0.12
      Required ratio:    3.00 (Gate area) 
      Cumulative area ratio:    0.12
      Required ratio:    0.00 (Cumulative area) 

    Layer: met1
      Partial area ratio:    2.28
      Required ratio:    0.00 (Gate area) 
      Cumulative area ratio:    2.28
      Required ratio:    0.00 (Cumulative area) 
      Partial area ratio:   10.66
      Required ratio:  400.00 (Side area) 
      Cumulative area ratio:   10.66
      Required ratio:    0.00 (Cumulative side area) 

    Layer: via
      Partial area ratio:    0.18
      Required ratio:    6.00 (Gate area) 
      Cumulative area ratio:    0.30
      Required ratio:    0.00 (Cumulative area) 

    Layer: met2
      Partial area ratio:    0.75
      Required ratio:    0.00 (Gate area) 
      Cumulative area ratio:    3.04
      Required ratio:    0.00 (Cumulative area) 
      Partial area ratio:    3.48
      Required ratio:  400.00 (Side area) 
      Cumulative area ratio:   14.14
      Required ratio:    0.00 (Cumulative side area) 

    Layer: via2
      Partial area ratio:    0.16
      Required ratio:    6.00 (Gate area) 
      Cumulative area ratio:    0.46
      Required ratio:    0.00 (Cumulative area) 

    Layer: met3
      Partial area ratio:   75.77
      Required ratio:    0.00 (Gate area) 
      Cumulative area ratio:   78.81
      Required ratio:    0.00 (Cumulative area) 
      Partial area ratio:  406.01
      Required ratio:  400.00 (Side area) (VIOLATED)
      Cumulative area ratio:  420.15
      Required ratio:    0.00 (Cumulative side area) 

    Layer: via3
      Partial area ratio:    0.16
      Required ratio:    6.00 (Gate area) 
      Cumulative area ratio:    0.62
      Required ratio:    0.00 (Cumulative area) 

    Layer: met4
      Partial area ratio:   29.25
      Required ratio:    0.00 (Gate area) 
      Cumulative area ratio:  108.06
      Required ratio:    0.00 (Cumulative area) 
      Partial area ratio:  156.92
      Required ratio: 2778.20 (Side area) 
      Cumulative area ratio:  577.07
      Required ratio:    0.00 (Cumulative side area) 


  Pin:   hold3024/A (sky130_fd_sc_hd__dlygate4sd3_1)
    Layer: mcon
      Partial area ratio:    0.23
      Required ratio:    3.00 (Gate area) 
      Cumulative area ratio:    0.23
      Required ratio:    0.00 (Cumulative area) 

    Layer: met1
      Partial area ratio:    5.92
      Required ratio:    0.00 (Gate area) 
      Cumulative area ratio:    5.92
      Required ratio:    0.00 (Cumulative area) 
      Partial area ratio:   28.11
      Required ratio:  400.00 (Side area) 
      Cumulative area ratio:   28.11
      Required ratio:    0.00 (Cumulative side area) 

    Layer: via
      Partial area ratio:    0.36
      Required ratio:    6.00 (Gate area) 
      Cumulative area ratio:    0.59
      Required ratio:    0.00 (Cumulative area) 

    Layer: met2
      Partial area ratio:    9.36
      Required ratio:    0.00 (Gate area) 
      Cumulative area ratio:   15.28
      Required ratio:    0.00 (Cumulative area) 
      Partial area ratio:   45.57
      Required ratio: 2778.20 (Side area) 
      Cumulative area ratio:   73.68
      Required ratio:    0.00 (Cumulative side area) 

    Layer: via2
      Partial area ratio:    0.16
      Required ratio:   22.04 (Gate area) 
      Cumulative area ratio:    0.75
      Required ratio:    0.00 (Cumulative area) 

    Layer: met3
      Partial area ratio:    0.50
      Required ratio:    0.00 (Gate area) 
      Cumulative area ratio:   15.77
      Required ratio:    0.00 (Cumulative area) 
      Partial area ratio:    4.51
      Required ratio: 2778.20 (Side area) 
      Cumulative area ratio:   78.19
      Required ratio:    0.00 (Cumulative side area) 

    Layer: via3
      Partial area ratio:    0.16
      Required ratio:   22.04 (Gate area) 
      Cumulative area ratio:    0.90
      Required ratio:    0.00 (Cumulative area) 

    Layer: met4
      Partial area ratio:   29.25
      Required ratio:    0.00 (Gate area) 
      Cumulative area ratio:   45.02
      Required ratio:    0.00 (Cumulative area) 
      Partial area ratio:  156.92
      Required ratio: 2778.20 (Side area) 
      Cumulative area ratio:  235.11
      Required ratio:    0.00 (Cumulative side area) 


  Pin:   hold3048/A (sky130_fd_sc_hd__dlygate4sd3_1)
    Layer: mcon
      Partial area ratio:    0.23
      Required ratio:    3.00 (Gate area) 
      Cumulative area ratio:    0.23
      Required ratio:    0.00 (Cumulative area) 

    Layer: met1
      Partial area ratio:   11.66
      Required ratio:    0.00 (Gate area) 
      Cumulative area ratio:   11.66
      Required ratio:    0.00 (Cumulative area) 
      Partial area ratio:   56.83
      Required ratio:  400.00 (Side area) 
      Cumulative area ratio:   56.83
      Required ratio:    0.00 (Cumulative side area) 

    Layer: via
      Partial area ratio:    0.36
      Required ratio:    6.00 (Gate area) 
      Cumulative area ratio:    0.59
      Required ratio:    0.00 (Cumulative area) 

    Layer: met2
      Partial area ratio:    9.36
      Required ratio:    0.00 (Gate area) 
      Cumulative area ratio:   21.02
      Required ratio:    0.00 (Cumulative area) 
      Partial area ratio:   45.57
      Required ratio: 2778.20 (Side area) 
      Cumulative area ratio:  102.40
      Required ratio:    0.00 (Cumulative side area) 

    Layer: via2
      Partial area ratio:    0.16
      Required ratio:   22.04 (Gate area) 
      Cumulative area ratio:    0.75
      Required ratio:    0.00 (Cumulative area) 

    Layer: met3
      Partial area ratio:    0.50
      Required ratio:    0.00 (Gate area) 
      Cumulative area ratio:   21.52
      Required ratio:    0.00 (Cumulative area) 
      Partial area ratio:    4.51
      Required ratio: 2778.20 (Side area) 
      Cumulative area ratio:  106.91
      Required ratio:    0.00 (Cumulative side area) 

    Layer: via3
      Partial area ratio:    0.16
      Required ratio:   22.04 (Gate area) 
      Cumulative area ratio:    0.90
      Required ratio:    0.00 (Cumulative area) 

    Layer: met4
      Partial area ratio:   29.25
      Required ratio:    0.00 (Gate area) 
      Cumulative area ratio:   50.76
      Required ratio:    0.00 (Cumulative area) 
      Partial area ratio:  156.92
      Required ratio: 2778.20 (Side area) 
      Cumulative area ratio:  263.84
      Required ratio:    0.00 (Cumulative side area) 



Net: U_rf0.rd\[7\]\[21\]
  Pin:   _3745_/B2 (sky130_fd_sc_hd__a32o_2)
    Layer: mcon
      Partial area ratio:    0.12
      Required ratio:    3.00 (Gate area) 
      Cumulative area ratio:    0.12
      Required ratio:    0.00 (Cumulative area) 

    Layer: met1
      Partial area ratio:    4.32
      Required ratio:    0.00 (Gate area) 
      Cumulative area ratio:    4.32
      Required ratio:    0.00 (Cumulative area) 
      Partial area ratio:   20.84
      Required ratio:  400.00 (Side area) 
      Cumulative area ratio:   20.84
      Required ratio:    0.00 (Cumulative side area) 

    Layer: via
      Partial area ratio:    0.18
      Required ratio:    6.00 (Gate area) 
      Cumulative area ratio:    0.30
      Required ratio:    0.00 (Cumulative area) 

    Layer: met2
      Partial area ratio:    0.75
      Required ratio:    0.00 (Gate area) 
      Cumulative area ratio:    5.07
      Required ratio:    0.00 (Cumulative area) 
      Partial area ratio:    3.48
      Required ratio:  400.00 (Side area) 
      Cumulative area ratio:   24.32
      Required ratio:    0.00 (Cumulative side area) 

    Layer: via2
      Partial area ratio:    0.16
      Required ratio:    6.00 (Gate area) 
      Cumulative area ratio:    0.46
      Required ratio:    0.00 (Cumulative area) 

    Layer: met3
      Partial area ratio:   84.14
      Required ratio:    0.00 (Gate area) 
      Cumulative area ratio:   89.21
      Required ratio:    0.00 (Cumulative area) 
      Partial area ratio:  450.62
      Required ratio:  400.00 (Side area) (VIOLATED)
      Cumulative area ratio:  474.94
      Required ratio:    0.00 (Cumulative side area) 

    Layer: via3
      Partial area ratio:    0.16
      Required ratio:    6.00 (Gate area) 
      Cumulative area ratio:    0.62
      Required ratio:    0.00 (Cumulative area) 

    Layer: met4
      Partial area ratio:   20.19
      Required ratio:    0.00 (Gate area) 
      Cumulative area ratio:  109.40
      Required ratio:    0.00 (Cumulative area) 
      Partial area ratio:  108.44
      Required ratio: 2778.20 (Side area) 
      Cumulative area ratio:  583.38
      Required ratio:    0.00 (Cumulative side area) 


  Pin:   _4510_/D_N (sky130_fd_sc_hd__or4b_2)
    Layer: mcon
      Partial area ratio:    0.23
      Required ratio:    3.00 (Gate area) 
      Cumulative area ratio:    0.23
      Required ratio:    0.00 (Cumulative area) 

    Layer: met1
      Partial area ratio:    6.31
      Required ratio:    0.00 (Gate area) 
      Cumulative area ratio:    6.31
      Required ratio:    0.00 (Cumulative area) 
      Partial area ratio:   30.08
      Required ratio:  400.00 (Side area) 
      Cumulative area ratio:   30.08
      Required ratio:    0.00 (Cumulative side area) 

    Layer: via
      Partial area ratio:    0.36
      Required ratio:    6.00 (Gate area) 
      Cumulative area ratio:    0.59
      Required ratio:    0.00 (Cumulative area) 

    Layer: met2
      Partial area ratio:    9.12
      Required ratio:    0.00 (Gate area) 
      Cumulative area ratio:   15.43
      Required ratio:    0.00 (Cumulative area) 
      Partial area ratio:   44.76
      Required ratio: 2778.20 (Side area) 
      Cumulative area ratio:   74.85
      Required ratio:    0.00 (Cumulative side area) 

    Layer: via2
      Partial area ratio:    0.11
      Required ratio:   22.04 (Gate area) 
      Cumulative area ratio:    0.69
      Required ratio:    0.00 (Cumulative area) 

    Layer: met3
      Partial area ratio:   33.59
      Required ratio:    0.00 (Gate area) 
      Cumulative area ratio:   49.02
      Required ratio:    0.00 (Cumulative area) 
      Partial area ratio:  180.37
      Required ratio: 2778.20 (Side area) 
      Cumulative area ratio:  255.22
      Required ratio:    0.00 (Cumulative side area) 

    Layer: via3
      Partial area ratio:    0.11
      Required ratio:   22.04 (Gate area) 
      Cumulative area ratio:    0.80
      Required ratio:    0.00 (Cumulative area) 

    Layer: met4
      Partial area ratio:   20.19
      Required ratio:    0.00 (Gate area) 
      Cumulative area ratio:   69.21
      Required ratio:    0.00 (Cumulative area) 
      Partial area ratio:  108.44
      Required ratio: 2778.20 (Side area) 
      Cumulative area ratio:  363.66
      Required ratio:    0.00 (Cumulative side area) 


  Pin:   _6754_/A1 (sky130_fd_sc_hd__mux2_4)
    Layer: mcon
      Partial area ratio:    0.12
      Required ratio:    3.00 (Gate area) 
      Cumulative area ratio:    0.12
      Required ratio:    0.00 (Cumulative area) 

    Layer: met1
      Partial area ratio:    7.68
      Required ratio:    0.00 (Gate area) 
      Cumulative area ratio:    7.68
      Required ratio:    0.00 (Cumulative area) 
      Partial area ratio:   36.51
      Required ratio: 2778.20 (Side area) 
      Cumulative area ratio:   36.51
      Required ratio:    0.00 (Cumulative side area) 

    Layer: via
      Partial area ratio:    0.36
      Required ratio:   22.04 (Gate area) 
      Cumulative area ratio:    0.48
      Required ratio:    0.00 (Cumulative area) 

    Layer: met2
      Partial area ratio:    9.12
      Required ratio:    0.00 (Gate area) 
      Cumulative area ratio:   16.81
      Required ratio:    0.00 (Cumulative area) 
      Partial area ratio:   44.76
      Required ratio: 2778.20 (Side area) 
      Cumulative area ratio:   81.28
      Required ratio:    0.00 (Cumulative side area) 

    Layer: via2
      Partial area ratio:    0.11
      Required ratio:   22.04 (Gate area) 
      Cumulative area ratio:    0.59
      Required ratio:    0.00 (Cumulative area) 

    Layer: met3
      Partial area ratio:   33.59
      Required ratio:    0.00 (Gate area) 
      Cumulative area ratio:   50.39
      Required ratio:    0.00 (Cumulative area) 
      Partial area ratio:  180.37
      Required ratio: 2778.20 (Side area) 
      Cumulative area ratio:  261.65
      Required ratio:    0.00 (Cumulative side area) 

    Layer: via3
      Partial area ratio:    0.11
      Required ratio:   22.04 (Gate area) 
      Cumulative area ratio:    0.69
      Required ratio:    0.00 (Cumulative area) 

    Layer: met4
      Partial area ratio:   20.19
      Required ratio:    0.00 (Gate area) 
      Cumulative area ratio:   70.58
      Required ratio:    0.00 (Cumulative area) 
      Partial area ratio:  108.44
      Required ratio: 2778.20 (Side area) 
      Cumulative area ratio:  370.09
      Required ratio:    0.00 (Cumulative side area) 



Net: net1703
  Pin:   _3775_/A1 (sky130_fd_sc_hd__o41a_2)
    Layer: mcon
      Partial area ratio:    0.12
      Required ratio:    3.00 (Gate area) 
      Cumulative area ratio:    0.12
      Required ratio:    0.00 (Cumulative area) 

    Layer: met1
      Partial area ratio:    3.42
      Required ratio:    0.00 (Gate area) 
      Cumulative area ratio:    3.42
      Required ratio:    0.00 (Cumulative area) 
      Partial area ratio:   16.36
      Required ratio:  400.00 (Side area) 
      Cumulative area ratio:   16.36
      Required ratio:    0.00 (Cumulative side area) 

    Layer: via
      Partial area ratio:    0.18
      Required ratio:    6.00 (Gate area) 
      Cumulative area ratio:    0.30
      Required ratio:    0.00 (Cumulative area) 

    Layer: met2
      Partial area ratio:    0.75
      Required ratio:    0.00 (Gate area) 
      Cumulative area ratio:    4.18
      Required ratio:    0.00 (Cumulative area) 
      Partial area ratio:    3.48
      Required ratio:  400.00 (Side area) 
      Cumulative area ratio:   19.84
      Required ratio:    0.00 (Cumulative side area) 

    Layer: via2
      Partial area ratio:    0.16
      Required ratio:    6.00 (Gate area) 
      Cumulative area ratio:    0.46
      Required ratio:    0.00 (Cumulative area) 

    Layer: met3
      Partial area ratio:  151.08
      Required ratio:    0.00 (Gate area) 
      Cumulative area ratio:  155.25
      Required ratio:    0.00 (Cumulative area) 
      Partial area ratio:  807.60
      Required ratio:  400.00 (Side area) (VIOLATED)
      Cumulative area ratio:  827.44
      Required ratio:    0.00 (Cumulative side area) 

    Layer: via3
      Partial area ratio:    0.32
      Required ratio:    6.00 (Gate area) 
      Cumulative area ratio:    0.78
      Required ratio:    0.00 (Cumulative area) 

    Layer: met4
      Partial area ratio:   12.54
      Required ratio:    0.00 (Gate area) 
      Cumulative area ratio:  167.80
      Required ratio:    0.00 (Cumulative area) 
      Partial area ratio:   67.27
      Required ratio: 2778.20 (Side area) 
      Cumulative area ratio:  894.71
      Required ratio:    0.00 (Cumulative side area) 


  Pin:   place1700/A (sky130_fd_sc_hd__buf_2)
    Layer: mcon
      Partial area ratio:    0.18
      Required ratio:    3.00 (Gate area) 
      Cumulative area ratio:    0.18
      Required ratio:    0.00 (Cumulative area) 

    Layer: met1
      Partial area ratio:    8.59
      Required ratio:    0.00 (Gate area) 
      Cumulative area ratio:    8.59
      Required ratio:    0.00 (Cumulative area) 
      Partial area ratio:   41.69
      Required ratio:  400.00 (Side area) 
      Cumulative area ratio:   41.69
      Required ratio:    0.00 (Cumulative side area) 

    Layer: via
      Partial area ratio:    0.24
      Required ratio:    6.00 (Gate area) 
      Cumulative area ratio:    0.42
      Required ratio:    0.00 (Cumulative area) 

    Layer: met2
      Partial area ratio:    0.95
      Required ratio:    0.00 (Gate area) 
      Cumulative area ratio:    9.54
      Required ratio:    0.00 (Cumulative area) 
      Partial area ratio:    4.45
      Required ratio:  400.00 (Side area) 
      Cumulative area ratio:   46.14
      Required ratio:    0.00 (Cumulative side area) 

    Layer: via2
      Partial area ratio:    0.14
      Required ratio:    6.00 (Gate area) 
      Cumulative area ratio:    0.56
      Required ratio:    0.00 (Cumulative area) 

    Layer: met3
      Partial area ratio:    4.72
      Required ratio:    0.00 (Gate area) 
      Cumulative area ratio:   14.25
      Required ratio:    0.00 (Cumulative area) 
      Partial area ratio:   25.57
      Required ratio:  400.00 (Side area) 
      Cumulative area ratio:   71.71
      Required ratio:    0.00 (Cumulative side area) 

    Layer: via3
      Partial area ratio:    0.02
      Required ratio:    6.00 (Gate area) 
      Cumulative area ratio:    0.58
      Required ratio:    0.00 (Cumulative area) 

    Layer: met4
      Partial area ratio:   12.54
      Required ratio:    0.00 (Gate area) 
      Cumulative area ratio:   26.80
      Required ratio:    0.00 (Cumulative area) 
      Partial area ratio:   67.27
      Required ratio: 2778.20 (Side area) 
      Cumulative area ratio:  138.98
      Required ratio:    0.00 (Cumulative side area) 


  Pin:   _4631_/S (sky130_fd_sc_hd__mux2_2)
    Layer: mcon
      Partial area ratio:    0.09
      Required ratio:    3.00 (Gate area) 
      Cumulative area ratio:    0.09
      Required ratio:    0.00 (Cumulative area) 

    Layer: met1
      Partial area ratio:    1.42
      Required ratio:    0.00 (Gate area) 
      Cumulative area ratio:    1.42
      Required ratio:    0.00 (Cumulative area) 
      Partial area ratio:    6.82
      Required ratio:  400.00 (Side area) 
      Cumulative area ratio:    6.82
      Required ratio:    0.00 (Cumulative side area) 

    Layer: via
      Partial area ratio:    0.07
      Required ratio:    6.00 (Gate area) 
      Cumulative area ratio:    0.16
      Required ratio:    0.00 (Cumulative area) 

    Layer: met2
      Partial area ratio:    5.54
      Required ratio:    0.00 (Gate area) 
      Cumulative area ratio:    6.95
      Required ratio:    0.00 (Cumulative area) 
      Partial area ratio:   27.33
      Required ratio:  400.00 (Side area) 
      Cumulative area ratio:   34.16
      Required ratio:    0.00 (Cumulative side area) 

    Layer: via2
      Partial area ratio:    0.06
      Required ratio:    6.00 (Gate area) 
      Cumulative area ratio:    0.23
      Required ratio:    0.00 (Cumulative area) 

    Layer: met3
      Partial area ratio:    4.72
      Required ratio:    0.00 (Gate area) 
      Cumulative area ratio:   11.67
      Required ratio:    0.00 (Cumulative area) 
      Partial area ratio:   25.57
      Required ratio:  400.00 (Side area) 
      Cumulative area ratio:   59.72
      Required ratio:    0.00 (Cumulative side area) 

    Layer: via3
      Partial area ratio:    0.02
      Required ratio:    6.00 (Gate area) 
      Cumulative area ratio:    0.24
      Required ratio:    0.00 (Cumulative area) 

    Layer: met4
      Partial area ratio:   12.54
      Required ratio:    0.00 (Gate area) 
      Cumulative area ratio:   24.21
      Required ratio:    0.00 (Cumulative area) 
      Partial area ratio:   67.27
      Required ratio: 2778.20 (Side area) 
      Cumulative area ratio:  127.00
      Required ratio:    0.00 (Cumulative side area) 


  Pin:   place1702/A (sky130_fd_sc_hd__buf_2)
    Layer: mcon
      Partial area ratio:    0.18
      Required ratio:    3.00 (Gate area) 
      Cumulative area ratio:    0.18
      Required ratio:    0.00 (Cumulative area) 

    Layer: met1
      Partial area ratio:    8.57
      Required ratio:    0.00 (Gate area) 
      Cumulative area ratio:    8.57
      Required ratio:    0.00 (Cumulative area) 
      Partial area ratio:   41.67
      Required ratio:  400.00 (Side area) 
      Cumulative area ratio:   41.67
      Required ratio:    0.00 (Cumulative side area) 

    Layer: via
      Partial area ratio:    0.28
      Required ratio:    6.00 (Gate area) 
      Cumulative area ratio:    0.46
      Required ratio:    0.00 (Cumulative area) 

    Layer: met2
      Partial area ratio:    1.94
      Required ratio:    0.00 (Gate area) 
      Cumulative area ratio:   10.51
      Required ratio:    0.00 (Cumulative area) 
      Partial area ratio:    9.42
      Required ratio:  400.00 (Side area) 
      Cumulative area ratio:   51.09
      Required ratio:    0.00 (Cumulative side area) 

    Layer: via2
      Partial area ratio:    0.06
      Required ratio:    6.00 (Gate area) 
      Cumulative area ratio:    0.53
      Required ratio:    0.00 (Cumulative area) 

    Layer: met3
      Partial area ratio:    4.72
      Required ratio:    0.00 (Gate area) 
      Cumulative area ratio:   15.23
      Required ratio:    0.00 (Cumulative area) 
      Partial area ratio:   25.57
      Required ratio:  400.00 (Side area) 
      Cumulative area ratio:   76.66
      Required ratio:    0.00 (Cumulative side area) 

    Layer: via3
      Partial area ratio:    0.02
      Required ratio:    6.00 (Gate area) 
      Cumulative area ratio:    0.54
      Required ratio:    0.00 (Cumulative area) 

    Layer: met4
      Partial area ratio:   12.54
      Required ratio:    0.00 (Gate area) 
      Cumulative area ratio:   27.77
      Required ratio:    0.00 (Cumulative area) 
      Partial area ratio:   67.27
      Required ratio: 2778.20 (Side area) 
      Cumulative area ratio:  143.93
      Required ratio:    0.00 (Cumulative side area) 


  Pin:   _4905_/A (sky130_fd_sc_hd__and3_2)
    Layer: mcon
      Partial area ratio:    0.23
      Required ratio:    3.00 (Gate area) 
      Cumulative area ratio:    0.23
      Required ratio:    0.00 (Cumulative area) 

    Layer: met1
      Partial area ratio:    8.59
      Required ratio:    0.00 (Gate area) 
      Cumulative area ratio:    8.59
      Required ratio:    0.00 (Cumulative area) 
      Partial area ratio:   41.69
      Required ratio:  400.00 (Side area) 
      Cumulative area ratio:   41.69
      Required ratio:    0.00 (Cumulative side area) 

    Layer: via
      Partial area ratio:    0.24
      Required ratio:    6.00 (Gate area) 
      Cumulative area ratio:    0.47
      Required ratio:    0.00 (Cumulative area) 

    Layer: met2
      Partial area ratio:    0.95
      Required ratio:    0.00 (Gate area) 
      Cumulative area ratio:    9.54
      Required ratio:    0.00 (Cumulative area) 
      Partial area ratio:    4.45
      Required ratio:  400.00 (Side area) 
      Cumulative area ratio:   46.14
      Required ratio:    0.00 (Cumulative side area) 

    Layer: via2
      Partial area ratio:    0.14
      Required ratio:    6.00 (Gate area) 
      Cumulative area ratio:    0.61
      Required ratio:    0.00 (Cumulative area) 

    Layer: met3
      Partial area ratio:    4.72
      Required ratio:    0.00 (Gate area) 
      Cumulative area ratio:   14.25
      Required ratio:    0.00 (Cumulative area) 
      Partial area ratio:   25.57
      Required ratio:  400.00 (Side area) 
      Cumulative area ratio:   71.71
      Required ratio:    0.00 (Cumulative side area) 

    Layer: via3
      Partial area ratio:    0.02
      Required ratio:    6.00 (Gate area) 
      Cumulative area ratio:    0.62
      Required ratio:    0.00 (Cumulative area) 

    Layer: met4
      Partial area ratio:   12.54
      Required ratio:    0.00 (Gate area) 
      Cumulative area ratio:   26.80
      Required ratio:    0.00 (Cumulative area) 
      Partial area ratio:   67.27
      Required ratio: 2778.20 (Side area) 
      Cumulative area ratio:  138.98
      Required ratio:    0.00 (Cumulative side area) 


  Pin:   _6012_/C1 (sky130_fd_sc_hd__a211o_4)
    Layer: mcon
      Partial area ratio:    0.06
      Required ratio:    3.00 (Gate area) 
      Cumulative area ratio:    0.06
      Required ratio:    0.00 (Cumulative area) 

    Layer: met1
      Partial area ratio:    1.92
      Required ratio:    0.00 (Gate area) 
      Cumulative area ratio:    1.92
      Required ratio:    0.00 (Cumulative area) 
      Partial area ratio:    9.21
      Required ratio:  400.00 (Side area) 
      Cumulative area ratio:    9.21
      Required ratio:    0.00 (Cumulative side area) 

    Layer: via
      Partial area ratio:    0.09
      Required ratio:    6.00 (Gate area) 
      Cumulative area ratio:    0.15
      Required ratio:    0.00 (Cumulative area) 

    Layer: met2
      Partial area ratio:    1.94
      Required ratio:    0.00 (Gate area) 
      Cumulative area ratio:    3.86
      Required ratio:    0.00 (Cumulative area) 
      Partial area ratio:    9.42
      Required ratio:  400.00 (Side area) 
      Cumulative area ratio:   18.64
      Required ratio:    0.00 (Cumulative side area) 

    Layer: via2
      Partial area ratio:    0.06
      Required ratio:    6.00 (Gate area) 
      Cumulative area ratio:    0.21
      Required ratio:    0.00 (Cumulative area) 

    Layer: met3
      Partial area ratio:    4.72
      Required ratio:    0.00 (Gate area) 
      Cumulative area ratio:    8.58
      Required ratio:    0.00 (Cumulative area) 
      Partial area ratio:   25.57
      Required ratio:  400.00 (Side area) 
      Cumulative area ratio:   44.20
      Required ratio:    0.00 (Cumulative side area) 

    Layer: via3
      Partial area ratio:    0.02
      Required ratio:    6.00 (Gate area) 
      Cumulative area ratio:    0.23
      Required ratio:    0.00 (Cumulative area) 

    Layer: met4
      Partial area ratio:   12.54
      Required ratio:    0.00 (Gate area) 
      Cumulative area ratio:   21.12
      Required ratio:    0.00 (Cumulative area) 
      Partial area ratio:   67.27
      Required ratio: 2778.20 (Side area) 
      Cumulative area ratio:  111.48
      Required ratio:    0.00 (Cumulative side area) 


  Pin:   _6014_/A2 (sky130_fd_sc_hd__a21oi_2)
    Layer: mcon
      Partial area ratio:    0.06
      Required ratio:    3.00 (Gate area) 
      Cumulative area ratio:    0.06
      Required ratio:    0.00 (Cumulative area) 

    Layer: met1
      Partial area ratio:    2.55
      Required ratio:    0.00 (Gate area) 
      Cumulative area ratio:    2.55
      Required ratio:    0.00 (Cumulative area) 
      Partial area ratio:   12.38
      Required ratio:  400.00 (Side area) 
      Cumulative area ratio:   12.38
      Required ratio:    0.00 (Cumulative side area) 

    Layer: via
      Partial area ratio:    0.09
      Required ratio:    6.00 (Gate area) 
      Cumulative area ratio:    0.15
      Required ratio:    0.00 (Cumulative area) 

    Layer: met2
      Partial area ratio:    5.54
      Required ratio:    0.00 (Gate area) 
      Cumulative area ratio:    8.09
      Required ratio:    0.00 (Cumulative area) 
      Partial area ratio:   27.33
      Required ratio:  400.00 (Side area) 
      Cumulative area ratio:   39.71
      Required ratio:    0.00 (Cumulative side area) 

    Layer: via2
      Partial area ratio:    0.06
      Required ratio:    6.00 (Gate area) 
      Cumulative area ratio:    0.21
      Required ratio:    0.00 (Cumulative area) 

    Layer: met3
      Partial area ratio:    4.72
      Required ratio:    0.00 (Gate area) 
      Cumulative area ratio:   12.81
      Required ratio:    0.00 (Cumulative area) 
      Partial area ratio:   25.57
      Required ratio:  400.00 (Side area) 
      Cumulative area ratio:   65.28
      Required ratio:    0.00 (Cumulative side area) 

    Layer: via3
      Partial area ratio:    0.02
      Required ratio:    6.00 (Gate area) 
      Cumulative area ratio:    0.23
      Required ratio:    0.00 (Cumulative area) 

    Layer: met4
      Partial area ratio:   12.54
      Required ratio:    0.00 (Gate area) 
      Cumulative area ratio:   25.35
      Required ratio:    0.00 (Cumulative area) 
      Partial area ratio:   67.27
      Required ratio: 2778.20 (Side area) 
      Cumulative area ratio:  132.55
      Required ratio:    0.00 (Cumulative side area) 


  Pin:   _6056_/A2 (sky130_fd_sc_hd__a21oi_2)
    Layer: mcon
      Partial area ratio:    0.06
      Required ratio:    3.00 (Gate area) 
      Cumulative area ratio:    0.06
      Required ratio:    0.00 (Cumulative area) 

    Layer: met1
      Partial area ratio:    4.53
      Required ratio:    0.00 (Gate area) 
      Cumulative area ratio:    4.53
      Required ratio:    0.00 (Cumulative area) 
      Partial area ratio:   22.06
      Required ratio:  400.00 (Side area) 
      Cumulative area ratio:   22.06
      Required ratio:    0.00 (Cumulative side area) 

    Layer: via
      Partial area ratio:    0.14
      Required ratio:    6.00 (Gate area) 
      Cumulative area ratio:    0.19
      Required ratio:    0.00 (Cumulative area) 

    Layer: met2
      Partial area ratio:    5.54
      Required ratio:    0.00 (Gate area) 
      Cumulative area ratio:   10.07
      Required ratio:    0.00 (Cumulative area) 
      Partial area ratio:   27.33
      Required ratio:  400.00 (Side area) 
      Cumulative area ratio:   49.39
      Required ratio:    0.00 (Cumulative side area) 

    Layer: via2
      Partial area ratio:    0.06
      Required ratio:    6.00 (Gate area) 
      Cumulative area ratio:    0.26
      Required ratio:    0.00 (Cumulative area) 

    Layer: met3
      Partial area ratio:    4.72
      Required ratio:    0.00 (Gate area) 
      Cumulative area ratio:   14.79
      Required ratio:    0.00 (Cumulative area) 
      Partial area ratio:   25.57
      Required ratio:  400.00 (Side area) 
      Cumulative area ratio:   74.96
      Required ratio:    0.00 (Cumulative side area) 

    Layer: via3
      Partial area ratio:    0.02
      Required ratio:    6.00 (Gate area) 
      Cumulative area ratio:    0.27
      Required ratio:    0.00 (Cumulative area) 

    Layer: met4
      Partial area ratio:   12.54
      Required ratio:    0.00 (Gate area) 
      Cumulative area ratio:   27.33
      Required ratio:    0.00 (Cumulative area) 
      Partial area ratio:   67.27
      Required ratio: 2778.20 (Side area) 
      Cumulative area ratio:  142.23
      Required ratio:    0.00 (Cumulative side area) 



Net: net1816
  Pin:   _3818_/D (sky130_fd_sc_hd__and4b_2)
    Layer: mcon
      Partial area ratio:    0.23
      Required ratio:    3.00 (Gate area) 
      Cumulative area ratio:    0.23
      Required ratio:    0.00 (Cumulative area) 

    Layer: met1
      Partial area ratio:    7.89
      Required ratio:    0.00 (Gate area) 
      Cumulative area ratio:    7.89
      Required ratio:    0.00 (Cumulative area) 
      Partial area ratio:   37.97
      Required ratio:  400.00 (Side area) 
      Cumulative area ratio:   37.97
      Required ratio:    0.00 (Cumulative side area) 

    Layer: via
      Partial area ratio:    0.36
      Required ratio:    6.00 (Gate area) 
      Cumulative area ratio:    0.59
      Required ratio:    0.00 (Cumulative area) 

    Layer: met2
      Partial area ratio:    1.48
      Required ratio:    0.00 (Gate area) 
      Cumulative area ratio:    9.37
      Required ratio:    0.00 (Cumulative area) 
      Partial area ratio:    6.83
      Required ratio:  400.00 (Side area) 
      Cumulative area ratio:   44.81
      Required ratio:    0.00 (Cumulative side area) 

    Layer: via2
      Partial area ratio:    0.32
      Required ratio:    6.00 (Gate area) 
      Cumulative area ratio:    0.90
      Required ratio:    0.00 (Cumulative area) 

    Layer: met3
      Partial area ratio:    0.99
      Required ratio:    0.00 (Gate area) 
      Cumulative area ratio:   10.36
      Required ratio:    0.00 (Cumulative area) 
      Partial area ratio:    9.02
      Required ratio:  400.00 (Side area) 
      Cumulative area ratio:   53.82
      Required ratio:    0.00 (Cumulative side area) 

    Layer: via3
      Partial area ratio:    0.32
      Required ratio:    6.00 (Gate area) 
      Cumulative area ratio:    1.22
      Required ratio:    0.00 (Cumulative area) 

    Layer: met4
      Partial area ratio:   12.56
      Required ratio:    0.00 (Gate area) 
      Cumulative area ratio:   22.92
      Required ratio:    0.00 (Cumulative area) 
      Partial area ratio:   67.90
      Required ratio: 2778.20 (Side area) 
      Cumulative area ratio:  121.73
      Required ratio:    0.00 (Cumulative side area) 


  Pin:   _3896_/D (sky130_fd_sc_hd__and4b_2)
    Layer: mcon
      Partial area ratio:    0.23
      Required ratio:    3.00 (Gate area) 
      Cumulative area ratio:    0.23
      Required ratio:    0.00 (Cumulative area) 

    Layer: met1
      Partial area ratio:  112.35
      Required ratio:    0.00 (Gate area) 
      Cumulative area ratio:  112.35
      Required ratio:    0.00 (Cumulative area) 
      Partial area ratio:  559.42
      Required ratio:  400.00 (Side area) (VIOLATED)
      Cumulative area ratio:  559.42
      Required ratio:    0.00 (Cumulative side area) 

    Layer: via
      Partial area ratio:    0.54
      Required ratio:    6.00 (Gate area) 
      Cumulative area ratio:    0.77
      Required ratio:    0.00 (Cumulative area) 

    Layer: met2
      Partial area ratio:   34.19
      Required ratio:    0.00 (Gate area) 
      Cumulative area ratio:  146.53
      Required ratio:    0.00 (Cumulative area) 
      Partial area ratio:  168.06
      Required ratio: 2778.20 (Side area) 
      Cumulative area ratio:  727.47
      Required ratio:    0.00 (Cumulative side area) 

    Layer: via2
      Partial area ratio:    0.63
      Required ratio:   22.04 (Gate area) 
      Cumulative area ratio:    1.40
      Required ratio:    0.00 (Cumulative area) 

    Layer: met3
      Partial area ratio:   28.03
      Required ratio:    0.00 (Gate area) 
      Cumulative area ratio:  174.56
      Required ratio:    0.00 (Cumulative area) 
      Partial area ratio:  151.96
      Required ratio: 2778.20 (Side area) 
      Cumulative area ratio:  879.43
      Required ratio:    0.00 (Cumulative side area) 

    Layer: via3
      Partial area ratio:    0.11
      Required ratio:   22.04 (Gate area) 
      Cumulative area ratio:    1.51
      Required ratio:    0.00 (Cumulative area) 

    Layer: met4
      Partial area ratio:   12.56
      Required ratio:    0.00 (Gate area) 
      Cumulative area ratio:  187.12
      Required ratio:    0.00 (Cumulative area) 
      Partial area ratio:   67.90
      Required ratio: 2778.20 (Side area) 
      Cumulative area ratio:  947.33
      Required ratio:    0.00 (Cumulative side area) 


  Pin:   _4265_/D (sky130_fd_sc_hd__and4bb_2)
    Layer: mcon
      Partial area ratio:    0.23
      Required ratio:    3.00 (Gate area) 
      Cumulative area ratio:    0.23
      Required ratio:    0.00 (Cumulative area) 

    Layer: met1
      Partial area ratio:   11.46
      Required ratio:    0.00 (Gate area) 
      Cumulative area ratio:   11.46
      Required ratio:    0.00 (Cumulative area) 
      Partial area ratio:   55.82
      Required ratio:  400.00 (Side area) 
      Cumulative area ratio:   55.82
      Required ratio:    0.00 (Cumulative side area) 

    Layer: via
      Partial area ratio:    0.36
      Required ratio:    6.00 (Gate area) 
      Cumulative area ratio:    0.59
      Required ratio:    0.00 (Cumulative area) 

    Layer: met2
      Partial area ratio:   20.86
      Required ratio:    0.00 (Gate area) 
      Cumulative area ratio:   32.32
      Required ratio:    0.00 (Cumulative area) 
      Partial area ratio:  103.07
      Required ratio:  400.00 (Side area) 
      Cumulative area ratio:  158.89
      Required ratio:    0.00 (Cumulative side area) 

    Layer: via2
      Partial area ratio:    0.16
      Required ratio:    6.00 (Gate area) 
      Cumulative area ratio:    0.75
      Required ratio:    0.00 (Cumulative area) 

    Layer: met3
      Partial area ratio:   28.03
      Required ratio:    0.00 (Gate area) 
      Cumulative area ratio:   60.34
      Required ratio:    0.00 (Cumulative area) 
      Partial area ratio:  151.96
      Required ratio: 2778.20 (Side area) 
      Cumulative area ratio:  310.84
      Required ratio:    0.00 (Cumulative side area) 

    Layer: via3
      Partial area ratio:    0.11
      Required ratio:   22.04 (Gate area) 
      Cumulative area ratio:    0.85
      Required ratio:    0.00 (Cumulative area) 

    Layer: met4
      Partial area ratio:   12.56
      Required ratio:    0.00 (Gate area) 
      Cumulative area ratio:   72.90
      Required ratio:    0.00 (Cumulative area) 
      Partial area ratio:   67.90
      Required ratio: 2778.20 (Side area) 
      Cumulative area ratio:  378.75
      Required ratio:    0.00 (Cumulative side area) 


  Pin:   _4279_/D (sky130_fd_sc_hd__and4b_2)
    Layer: mcon
      Partial area ratio:    0.23
      Required ratio:    3.00 (Gate area) 
      Cumulative area ratio:    0.23
      Required ratio:    0.00 (Cumulative area) 

    Layer: met1
      Partial area ratio:   12.79
      Required ratio:    0.00 (Gate area) 
      Cumulative area ratio:   12.79
      Required ratio:    0.00 (Cumulative area) 
      Partial area ratio:   61.64
      Required ratio:  400.00 (Side area) 
      Cumulative area ratio:   61.64
      Required ratio:    0.00 (Cumulative side area) 

    Layer: via
      Partial area ratio:    0.54
      Required ratio:    6.00 (Gate area) 
      Cumulative area ratio:    0.77
      Required ratio:    0.00 (Cumulative area) 

    Layer: met2
      Partial area ratio:   20.86
      Required ratio:    0.00 (Gate area) 
      Cumulative area ratio:   33.65
      Required ratio:    0.00 (Cumulative area) 
      Partial area ratio:  103.07
      Required ratio:  400.00 (Side area) 
      Cumulative area ratio:  164.71
      Required ratio:    0.00 (Cumulative side area) 

    Layer: via2
      Partial area ratio:    0.16
      Required ratio:    6.00 (Gate area) 
      Cumulative area ratio:    0.92
      Required ratio:    0.00 (Cumulative area) 

    Layer: met3
      Partial area ratio:   28.03
      Required ratio:    0.00 (Gate area) 
      Cumulative area ratio:   61.68
      Required ratio:    0.00 (Cumulative area) 
      Partial area ratio:  151.96
      Required ratio: 2778.20 (Side area) 
      Cumulative area ratio:  316.67
      Required ratio:    0.00 (Cumulative side area) 

    Layer: via3
      Partial area ratio:    0.11
      Required ratio:   22.04 (Gate area) 
      Cumulative area ratio:    1.03
      Required ratio:    0.00 (Cumulative area) 

    Layer: met4
      Partial area ratio:   12.56
      Required ratio:    0.00 (Gate area) 
      Cumulative area ratio:   74.24
      Required ratio:    0.00 (Cumulative area) 
      Partial area ratio:   67.90
      Required ratio: 2778.20 (Side area) 
      Cumulative area ratio:  384.57
      Required ratio:    0.00 (Cumulative side area) 



Net: net2103
  Pin:   place1531/A (sky130_fd_sc_hd__buf_2)
    Layer: mcon
      Partial area ratio:    0.18
      Required ratio:    3.00 (Gate area) 
      Cumulative area ratio:    0.18
      Required ratio:    0.00 (Cumulative area) 

    Layer: met1
      Partial area ratio:    3.30
      Required ratio:    0.00 (Gate area) 
      Cumulative area ratio:    3.30
      Required ratio:    0.00 (Cumulative area) 
      Partial area ratio:   15.35
      Required ratio:  400.00 (Side area) 
      Cumulative area ratio:   15.35
      Required ratio:    0.00 (Cumulative side area) 

    Layer: via
      Partial area ratio:    0.28
      Required ratio:    6.00 (Gate area) 
      Cumulative area ratio:    0.46
      Required ratio:    0.00 (Cumulative area) 

    Layer: met2
      Partial area ratio:    1.17
      Required ratio:    0.00 (Gate area) 
      Cumulative area ratio:    4.48
      Required ratio:    0.00 (Cumulative area) 
      Partial area ratio:    5.42
      Required ratio:  400.00 (Side area) 
      Cumulative area ratio:   20.77
      Required ratio:    0.00 (Cumulative side area) 

    Layer: via2
      Partial area ratio:    0.25
      Required ratio:    6.00 (Gate area) 
      Cumulative area ratio:    0.72
      Required ratio:    0.00 (Cumulative area) 

    Layer: met3
      Partial area ratio:   78.89
      Required ratio:    0.00 (Gate area) 
      Cumulative area ratio:   83.37
      Required ratio:    0.00 (Cumulative area) 
      Partial area ratio:  423.70
      Required ratio:  400.00 (Side area) (VIOLATED)
      Cumulative area ratio:  444.46
      Required ratio:    0.00 (Cumulative side area) 

    Layer: via3
      Partial area ratio:    0.25
      Required ratio:    6.00 (Gate area) 
      Cumulative area ratio:    0.97
      Required ratio:    0.00 (Cumulative area) 

    Layer: met4
      Partial area ratio:   78.86
      Required ratio:    0.00 (Gate area) 
      Cumulative area ratio:  162.23
      Required ratio:    0.00 (Cumulative area) 
      Partial area ratio:  423.55
      Required ratio: 2736.24 (Side area) 
      Cumulative area ratio:  868.01
      Required ratio:    0.00 (Cumulative side area) 



Net: net1555
  Pin:   _4593_/A1 (sky130_fd_sc_hd__mux2_2)
    Layer: mcon
      Partial area ratio:    0.18
      Required ratio:    3.00 (Gate area) 
      Cumulative area ratio:    0.18
      Required ratio:    0.00 (Cumulative area) 

    Layer: met1
      Partial area ratio:   16.00
      Required ratio:    0.00 (Gate area) 
      Cumulative area ratio:   16.00
      Required ratio:    0.00 (Cumulative area) 
      Partial area ratio:   78.28
      Required ratio:  400.00 (Side area) 
      Cumulative area ratio:   78.28
      Required ratio:    0.00 (Cumulative side area) 

    Layer: via
      Partial area ratio:    0.32
      Required ratio:    6.00 (Gate area) 
      Cumulative area ratio:    0.50
      Required ratio:    0.00 (Cumulative area) 

    Layer: met2
      Partial area ratio:    4.81
      Required ratio:    0.00 (Gate area) 
      Cumulative area ratio:   20.81
      Required ratio:    0.00 (Cumulative area) 
      Partial area ratio:   23.58
      Required ratio: 2778.20 (Side area) 
      Cumulative area ratio:  101.86
      Required ratio:    0.00 (Cumulative side area) 


  Pin:   _4643_/B1 (sky130_fd_sc_hd__o2bb2a_2)
    Layer: mcon
      Partial area ratio:    0.18
      Required ratio:    3.00 (Gate area) 
      Cumulative area ratio:    0.18
      Required ratio:    0.00 (Cumulative area) 

    Layer: met1
      Partial area ratio:  101.26
      Required ratio:    0.00 (Gate area) 
      Cumulative area ratio:  101.26
      Required ratio:    0.00 (Cumulative area) 
      Partial area ratio:  504.46
      Required ratio:  400.00 (Side area) (VIOLATED)
      Cumulative area ratio:  504.46
      Required ratio:    0.00 (Cumulative side area) 

    Layer: via
      Partial area ratio:    0.42
      Required ratio:    6.00 (Gate area) 
      Cumulative area ratio:    0.61
      Required ratio:    0.00 (Cumulative area) 

    Layer: met2
      Partial area ratio:    4.81
      Required ratio:    0.00 (Gate area) 
      Cumulative area ratio:  106.07
      Required ratio:    0.00 (Cumulative area) 
      Partial area ratio:   23.58
      Required ratio: 2778.20 (Side area) 
      Cumulative area ratio:  528.04
      Required ratio:    0.00 (Cumulative side area) 


  Pin:   _4699_/A2 (sky130_fd_sc_hd__o311a_2)
    Layer: mcon
      Partial area ratio:    0.12
      Required ratio:    3.00 (Gate area) 
      Cumulative area ratio:    0.12
      Required ratio:    0.00 (Cumulative area) 

    Layer: met1
      Partial area ratio:    6.66
      Required ratio:    0.00 (Gate area) 
      Cumulative area ratio:    6.66
      Required ratio:    0.00 (Cumulative area) 
      Partial area ratio:   32.57
      Required ratio:  400.00 (Side area) 
      Cumulative area ratio:   32.57
      Required ratio:    0.00 (Cumulative side area) 

    Layer: via
      Partial area ratio:    0.18
      Required ratio:    6.00 (Gate area) 
      Cumulative area ratio:    0.30
      Required ratio:    0.00 (Cumulative area) 

    Layer: met2
      Partial area ratio:    4.81
      Required ratio:    0.00 (Gate area) 
      Cumulative area ratio:   11.47
      Required ratio:    0.00 (Cumulative area) 
      Partial area ratio:   23.58
      Required ratio: 2778.20 (Side area) 
      Cumulative area ratio:   56.14
      Required ratio:    0.00 (Cumulative side area) 


  Pin:   _4755_/A (sky130_fd_sc_hd__inv_2)
    Layer: mcon
      Partial area ratio:    0.06
      Required ratio:    3.00 (Gate area) 
      Cumulative area ratio:    0.06
      Required ratio:    0.00 (Cumulative area) 

    Layer: met1
      Partial area ratio:    1.34
      Required ratio:    0.00 (Gate area) 
      Cumulative area ratio:    1.34
      Required ratio:    0.00 (Cumulative area) 
      Partial area ratio:    6.31
      Required ratio:  400.00 (Side area) 
      Cumulative area ratio:    6.31
      Required ratio:    0.00 (Cumulative side area) 

    Layer: via
      Partial area ratio:    0.09
      Required ratio:    6.00 (Gate area) 
      Cumulative area ratio:    0.15
      Required ratio:    0.00 (Cumulative area) 

    Layer: met2
      Partial area ratio:    4.81
      Required ratio:    0.00 (Gate area) 
      Cumulative area ratio:    6.15
      Required ratio:    0.00 (Cumulative area) 
      Partial area ratio:   23.58
      Required ratio: 2778.20 (Side area) 
      Cumulative area ratio:   29.89
      Required ratio:    0.00 (Cumulative side area) 


  Pin:   _5308_/A1 (sky130_fd_sc_hd__mux2_2)
    Layer: mcon
      Partial area ratio:    0.18
      Required ratio:    3.00 (Gate area) 
      Cumulative area ratio:    0.18
      Required ratio:    0.00 (Cumulative area) 

    Layer: met1
      Partial area ratio:    1.98
      Required ratio:    0.00 (Gate area) 
      Cumulative area ratio:    1.98
      Required ratio:    0.00 (Cumulative area) 
      Partial area ratio:    8.11
      Required ratio:  400.00 (Side area) 
      Cumulative area ratio:    8.11
      Required ratio:    0.00 (Cumulative side area) 

    Layer: via
      Partial area ratio:    0.28
      Required ratio:    6.00 (Gate area) 
      Cumulative area ratio:    0.46
      Required ratio:    0.00 (Cumulative area) 

    Layer: met2
      Partial area ratio:    4.81
      Required ratio:    0.00 (Gate area) 
      Cumulative area ratio:    6.79
      Required ratio:    0.00 (Cumulative area) 
      Partial area ratio:   23.58
      Required ratio: 2778.20 (Side area) 
      Cumulative area ratio:   31.69
      Required ratio:    0.00 (Cumulative side area) 


  Pin:   _5675_/A1 (sky130_fd_sc_hd__mux2_2)
    Layer: mcon
      Partial area ratio:    0.18
      Required ratio:    3.00 (Gate area) 
      Cumulative area ratio:    0.18
      Required ratio:    0.00 (Cumulative area) 

    Layer: met1
      Partial area ratio:   16.00
      Required ratio:    0.00 (Gate area) 
      Cumulative area ratio:   16.00
      Required ratio:    0.00 (Cumulative area) 
      Partial area ratio:   78.28
      Required ratio:  400.00 (Side area) 
      Cumulative area ratio:   78.28
      Required ratio:    0.00 (Cumulative side area) 

    Layer: via
      Partial area ratio:    0.32
      Required ratio:    6.00 (Gate area) 
      Cumulative area ratio:    0.50
      Required ratio:    0.00 (Cumulative area) 

    Layer: met2
      Partial area ratio:    4.81
      Required ratio:    0.00 (Gate area) 
      Cumulative area ratio:   20.81
      Required ratio:    0.00 (Cumulative area) 
      Partial area ratio:   23.58
      Required ratio: 2778.20 (Side area) 
      Cumulative area ratio:  101.86
      Required ratio:    0.00 (Cumulative side area) 


  Pin:   place1553/A (sky130_fd_sc_hd__buf_2)
    Layer: mcon
      Partial area ratio:    0.18
      Required ratio:    3.00 (Gate area) 
      Cumulative area ratio:    0.18
      Required ratio:    0.00 (Cumulative area) 

    Layer: met1
      Partial area ratio:   16.00
      Required ratio:    0.00 (Gate area) 
      Cumulative area ratio:   16.00
      Required ratio:    0.00 (Cumulative area) 
      Partial area ratio:   78.28
      Required ratio:  400.00 (Side area) 
      Cumulative area ratio:   78.28
      Required ratio:    0.00 (Cumulative side area) 

    Layer: via
      Partial area ratio:    0.32
      Required ratio:    6.00 (Gate area) 
      Cumulative area ratio:    0.50
      Required ratio:    0.00 (Cumulative area) 

    Layer: met2
      Partial area ratio:    4.81
      Required ratio:    0.00 (Gate area) 
      Cumulative area ratio:   20.81
      Required ratio:    0.00 (Cumulative area) 
      Partial area ratio:   23.58
      Required ratio: 2778.20 (Side area) 
      Cumulative area ratio:  101.86
      Required ratio:    0.00 (Cumulative side area) 


  Pin:   place1554/A (sky130_fd_sc_hd__buf_2)
    Layer: mcon
      Partial area ratio:    0.18
      Required ratio:    3.00 (Gate area) 
      Cumulative area ratio:    0.18
      Required ratio:    0.00 (Cumulative area) 

    Layer: met1
      Partial area ratio:   16.00
      Required ratio:    0.00 (Gate area) 
      Cumulative area ratio:   16.00
      Required ratio:    0.00 (Cumulative area) 
      Partial area ratio:   78.28
      Required ratio:  400.00 (Side area) 
      Cumulative area ratio:   78.28
      Required ratio:    0.00 (Cumulative side area) 

    Layer: via
      Partial area ratio:    0.32
      Required ratio:    6.00 (Gate area) 
      Cumulative area ratio:    0.50
      Required ratio:    0.00 (Cumulative area) 

    Layer: met2
      Partial area ratio:    4.81
      Required ratio:    0.00 (Gate area) 
      Cumulative area ratio:   20.81
      Required ratio:    0.00 (Cumulative area) 
      Partial area ratio:   23.58
      Required ratio: 2778.20 (Side area) 
      Cumulative area ratio:  101.86
      Required ratio:    0.00 (Cumulative side area) 



Net: net1243
  Pin:   _5896_/D (sky130_fd_sc_hd__or4_2)
    Layer: mcon
      Partial area ratio:    0.23
      Required ratio:    3.00 (Gate area) 
      Cumulative area ratio:    0.23
      Required ratio:    0.00 (Cumulative area) 

    Layer: met1
      Partial area ratio:    5.71
      Required ratio:    0.00 (Gate area) 
      Cumulative area ratio:    5.71
      Required ratio:    0.00 (Cumulative area) 
      Partial area ratio:   27.09
      Required ratio:  400.00 (Side area) 
      Cumulative area ratio:   27.09
      Required ratio:    0.00 (Cumulative side area) 

    Layer: via
      Partial area ratio:    0.36
      Required ratio:    6.00 (Gate area) 
      Cumulative area ratio:    0.59
      Required ratio:    0.00 (Cumulative area) 

    Layer: met2
      Partial area ratio:    1.48
      Required ratio:    0.00 (Gate area) 
      Cumulative area ratio:    7.20
      Required ratio:    0.00 (Cumulative area) 
      Partial area ratio:    6.83
      Required ratio:  400.00 (Side area) 
      Cumulative area ratio:   33.93
      Required ratio:    0.00 (Cumulative side area) 

    Layer: via2
      Partial area ratio:    0.32
      Required ratio:    6.00 (Gate area) 
      Cumulative area ratio:    0.90
      Required ratio:    0.00 (Cumulative area) 

    Layer: met3
      Partial area ratio:    0.99
      Required ratio:    0.00 (Gate area) 
      Cumulative area ratio:    8.19
      Required ratio:    0.00 (Cumulative area) 
      Partial area ratio:    9.02
      Required ratio:  400.00 (Side area) 
      Cumulative area ratio:   42.94
      Required ratio:    0.00 (Cumulative side area) 

    Layer: via3
      Partial area ratio:    0.32
      Required ratio:    6.00 (Gate area) 
      Cumulative area ratio:    1.22
      Required ratio:    0.00 (Cumulative area) 

    Layer: met4
      Partial area ratio:   13.27
      Required ratio:    0.00 (Gate area) 
      Cumulative area ratio:   21.46
      Required ratio:    0.00 (Cumulative area) 
      Partial area ratio:   56.29
      Required ratio:  400.00 (Side area) 
      Cumulative area ratio:   99.23
      Required ratio:    0.00 (Cumulative side area) 

    Layer: via4
      Partial area ratio:    2.54
      Required ratio:    6.00 (Gate area) 
      Cumulative area ratio:    3.76
      Required ratio:    0.00 (Cumulative area) 

    Layer: met5
      Partial area ratio:  114.60
      Required ratio:    0.00 (Gate area) 
      Cumulative area ratio:  136.06
      Required ratio:    0.00 (Cumulative area) 
      Partial area ratio:  179.52
      Required ratio: 2778.20 (Side area) 
      Cumulative area ratio:  278.75
      Required ratio:    0.00 (Cumulative side area) 


  Pin:   _6132_/D (sky130_fd_sc_hd__or4_2)
    Layer: mcon
      Partial area ratio:    0.23
      Required ratio:    3.00 (Gate area) 
      Cumulative area ratio:    0.23
      Required ratio:    0.00 (Cumulative area) 

    Layer: met1
      Partial area ratio:    5.06
      Required ratio:    0.00 (Gate area) 
      Cumulative area ratio:    5.06
      Required ratio:    0.00 (Cumulative area) 
      Partial area ratio:   23.85
      Required ratio:  400.00 (Side area) 
      Cumulative area ratio:   23.85
      Required ratio:    0.00 (Cumulative side area) 

    Layer: via
      Partial area ratio:    0.36
      Required ratio:    6.00 (Gate area) 
      Cumulative area ratio:    0.59
      Required ratio:    0.00 (Cumulative area) 

    Layer: met2
      Partial area ratio:    1.48
      Required ratio:    0.00 (Gate area) 
      Cumulative area ratio:    6.55
      Required ratio:    0.00 (Cumulative area) 
      Partial area ratio:    6.83
      Required ratio:  400.00 (Side area) 
      Cumulative area ratio:   30.68
      Required ratio:    0.00 (Cumulative side area) 

    Layer: via2
      Partial area ratio:    0.32
      Required ratio:    6.00 (Gate area) 
      Cumulative area ratio:    0.90
      Required ratio:    0.00 (Cumulative area) 

    Layer: met3
      Partial area ratio:  115.98
      Required ratio:    0.00 (Gate area) 
      Cumulative area ratio:  122.53
      Required ratio:    0.00 (Cumulative area) 
      Partial area ratio:  622.29
      Required ratio:  400.00 (Side area) (VIOLATED)
      Cumulative area ratio:  652.97
      Required ratio:    0.00 (Cumulative side area) 

    Layer: via3
      Partial area ratio:    0.32
      Required ratio:    6.00 (Gate area) 
      Cumulative area ratio:    1.22
      Required ratio:    0.00 (Cumulative area) 

    Layer: met4
      Partial area ratio:   29.70
      Required ratio:    0.00 (Gate area) 
      Cumulative area ratio:  152.23
      Required ratio:    0.00 (Cumulative area) 
      Partial area ratio:  143.90
      Required ratio: 2778.20 (Side area) 
      Cumulative area ratio:  796.87
      Required ratio:    0.00 (Cumulative side area) 

    Layer: via4
      Partial area ratio:    2.54
      Required ratio:   22.04 (Gate area) 
      Cumulative area ratio:    3.76
      Required ratio:    0.00 (Cumulative area) 

    Layer: met5
      Partial area ratio:  114.60
      Required ratio:    0.00 (Gate area) 
      Cumulative area ratio:  266.84
      Required ratio:    0.00 (Cumulative area) 
      Partial area ratio:  179.52
      Required ratio: 2778.20 (Side area) 
      Cumulative area ratio:  976.40
      Required ratio:    0.00 (Cumulative side area) 


  Pin:   _6174_/D (sky130_fd_sc_hd__or4_2)
    Layer: mcon
      Partial area ratio:    0.23
      Required ratio:    3.00 (Gate area) 
      Cumulative area ratio:    0.23
      Required ratio:    0.00 (Cumulative area) 

    Layer: met1
      Partial area ratio:    5.58
      Required ratio:    0.00 (Gate area) 
      Cumulative area ratio:    5.58
      Required ratio:    0.00 (Cumulative area) 
      Partial area ratio:   26.43
      Required ratio:  400.00 (Side area) 
      Cumulative area ratio:   26.43
      Required ratio:    0.00 (Cumulative side area) 

    Layer: via
      Partial area ratio:    0.36
      Required ratio:    6.00 (Gate area) 
      Cumulative area ratio:    0.59
      Required ratio:    0.00 (Cumulative area) 

    Layer: met2
      Partial area ratio:    1.48
      Required ratio:    0.00 (Gate area) 
      Cumulative area ratio:    7.06
      Required ratio:    0.00 (Cumulative area) 
      Partial area ratio:    6.83
      Required ratio:  400.00 (Side area) 
      Cumulative area ratio:   33.26
      Required ratio:    0.00 (Cumulative side area) 

    Layer: via2
      Partial area ratio:    0.32
      Required ratio:    6.00 (Gate area) 
      Cumulative area ratio:    0.90
      Required ratio:    0.00 (Cumulative area) 

    Layer: met3
      Partial area ratio:    0.99
      Required ratio:    0.00 (Gate area) 
      Cumulative area ratio:    8.05
      Required ratio:    0.00 (Cumulative area) 
      Partial area ratio:    9.02
      Required ratio:  400.00 (Side area) 
      Cumulative area ratio:   42.28
      Required ratio:    0.00 (Cumulative side area) 

    Layer: via3
      Partial area ratio:    0.32
      Required ratio:    6.00 (Gate area) 
      Cumulative area ratio:    1.22
      Required ratio:    0.00 (Cumulative area) 

    Layer: met4
      Partial area ratio:   13.27
      Required ratio:    0.00 (Gate area) 
      Cumulative area ratio:   21.33
      Required ratio:    0.00 (Cumulative area) 
      Partial area ratio:   56.29
      Required ratio:  400.00 (Side area) 
      Cumulative area ratio:   98.56
      Required ratio:    0.00 (Cumulative side area) 

    Layer: via4
      Partial area ratio:    2.54
      Required ratio:    6.00 (Gate area) 
      Cumulative area ratio:    3.76
      Required ratio:    0.00 (Cumulative area) 

    Layer: met5
      Partial area ratio:  114.60
      Required ratio:    0.00 (Gate area) 
      Cumulative area ratio:  135.93
      Required ratio:    0.00 (Cumulative area) 
      Partial area ratio:  179.52
      Required ratio: 2778.20 (Side area) 
      Cumulative area ratio:  278.09
      Required ratio:    0.00 (Cumulative side area) 


  Pin:   _6465_/D (sky130_fd_sc_hd__or4_2)
    Layer: mcon
      Partial area ratio:    0.23
      Required ratio:    3.00 (Gate area) 
      Cumulative area ratio:    0.23
      Required ratio:    0.00 (Cumulative area) 

    Layer: met1
      Partial area ratio:    5.77
      Required ratio:    0.00 (Gate area) 
      Cumulative area ratio:    5.77
      Required ratio:    0.00 (Cumulative area) 
      Partial area ratio:   27.40
      Required ratio:  400.00 (Side area) 
      Cumulative area ratio:   27.40
      Required ratio:    0.00 (Cumulative side area) 

    Layer: via
      Partial area ratio:    0.36
      Required ratio:    6.00 (Gate area) 
      Cumulative area ratio:    0.59
      Required ratio:    0.00 (Cumulative area) 

    Layer: met2
      Partial area ratio:   10.11
      Required ratio:    0.00 (Gate area) 
      Cumulative area ratio:   15.89
      Required ratio:    0.00 (Cumulative area) 
      Partial area ratio:   49.06
      Required ratio:  400.00 (Side area) 
      Cumulative area ratio:   76.46
      Required ratio:    0.00 (Cumulative side area) 

    Layer: via2
      Partial area ratio:    0.32
      Required ratio:    6.00 (Gate area) 
      Cumulative area ratio:    0.90
      Required ratio:    0.00 (Cumulative area) 

    Layer: met3
      Partial area ratio:  214.63
      Required ratio:    0.00 (Gate area) 
      Cumulative area ratio:  230.52
      Required ratio:    0.00 (Cumulative area) 
      Partial area ratio: 1148.38
      Required ratio: 2778.20 (Side area) 
      Cumulative area ratio: 1224.84
      Required ratio:    0.00 (Cumulative side area) 

    Layer: via3
      Partial area ratio:    0.32
      Required ratio:   22.04 (Gate area) 
      Cumulative area ratio:    1.22
      Required ratio:    0.00 (Cumulative area) 

    Layer: met4
      Partial area ratio:   29.70
      Required ratio:    0.00 (Gate area) 
      Cumulative area ratio:  260.22
      Required ratio:    0.00 (Cumulative area) 
      Partial area ratio:  143.90
      Required ratio: 2778.20 (Side area) 
      Cumulative area ratio: 1368.74
      Required ratio:    0.00 (Cumulative side area) 

    Layer: via4
      Partial area ratio:    2.54
      Required ratio:   22.04 (Gate area) 
      Cumulative area ratio:    3.76
      Required ratio:    0.00 (Cumulative area) 

    Layer: met5
      Partial area ratio:  114.60
      Required ratio:    0.00 (Gate area) 
      Cumulative area ratio:  374.83
      Required ratio:    0.00 (Cumulative area) 
      Partial area ratio:  179.52
      Required ratio: 2778.20 (Side area) 
      Cumulative area ratio: 1548.27
      Required ratio:    0.00 (Cumulative side area) 



Net: _1839_
  Pin:   _4570_/B2 (sky130_fd_sc_hd__o2bb2a_2)
    Layer: mcon
      Partial area ratio:    0.18
      Required ratio:    3.00 (Gate area) 
      Cumulative area ratio:    0.18
      Required ratio:    0.00 (Cumulative area) 

    Layer: met1
      Partial area ratio:    4.40
      Required ratio:    0.00 (Gate area) 
      Cumulative area ratio:    4.40
      Required ratio:    0.00 (Cumulative area) 
      Partial area ratio:   20.82
      Required ratio:  400.00 (Side area) 
      Cumulative area ratio:   20.82
      Required ratio:    0.00 (Cumulative side area) 

    Layer: via
      Partial area ratio:    0.28
      Required ratio:    6.00 (Gate area) 
      Cumulative area ratio:    0.46
      Required ratio:    0.00 (Cumulative area) 

    Layer: met2
      Partial area ratio:    1.17
      Required ratio:    0.00 (Gate area) 
      Cumulative area ratio:    5.57
      Required ratio:    0.00 (Cumulative area) 
      Partial area ratio:    5.42
      Required ratio:  400.00 (Side area) 
      Cumulative area ratio:   26.23
      Required ratio:    0.00 (Cumulative side area) 

    Layer: via2
      Partial area ratio:    0.25
      Required ratio:    6.00 (Gate area) 
      Cumulative area ratio:    0.72
      Required ratio:    0.00 (Cumulative area) 

    Layer: met3
      Partial area ratio:   26.82
      Required ratio:    0.00 (Gate area) 
      Cumulative area ratio:   32.39
      Required ratio:    0.00 (Cumulative area) 
      Partial area ratio:  145.96
      Required ratio:  400.00 (Side area) 
      Cumulative area ratio:  172.19
      Required ratio:    0.00 (Cumulative side area) 

    Layer: via3
      Partial area ratio:    0.25
      Required ratio:    6.00 (Gate area) 
      Cumulative area ratio:    0.97
      Required ratio:    0.00 (Cumulative area) 

    Layer: met4
      Partial area ratio:  255.38
      Required ratio:    0.00 (Gate area) 
      Cumulative area ratio:  287.76
      Required ratio:    0.00 (Cumulative area) 
      Partial area ratio: 1339.02
      Required ratio:  400.00 (Side area) (VIOLATED)
      Cumulative area ratio: 1511.21
      Required ratio:    0.00 (Cumulative side area) 

    Layer: via4
      Partial area ratio:    4.03
      Required ratio:    6.00 (Gate area) 
      Cumulative area ratio:    4.99
      Required ratio:    0.00 (Cumulative area) 

    Layer: met5
      Partial area ratio:  363.27
      Required ratio:    0.00 (Gate area) 
      Cumulative area ratio:  651.04
      Required ratio:    0.00 (Cumulative area) 
      Partial area ratio:  569.06
      Required ratio: 2781.50 (Side area) 
      Cumulative area ratio: 2080.27
      Required ratio:    0.00 (Cumulative side area) 



Net: _1856_
  Pin:   place1214/A (sky130_fd_sc_hd__buf_2)
    Layer: mcon
      Partial area ratio:    0.18
      Required ratio:    3.00 (Gate area) 
      Cumulative area ratio:    0.18
      Required ratio:    0.00 (Cumulative area) 

    Layer: met1
      Partial area ratio:    4.39
      Required ratio:    0.00 (Gate area) 
      Cumulative area ratio:    4.39
      Required ratio:    0.00 (Cumulative area) 
      Partial area ratio:   20.79
      Required ratio:  400.00 (Side area) 
      Cumulative area ratio:   20.79
      Required ratio:    0.00 (Cumulative side area) 

    Layer: via
      Partial area ratio:    0.28
      Required ratio:    6.00 (Gate area) 
      Cumulative area ratio:    0.46
      Required ratio:    0.00 (Cumulative area) 

    Layer: met2
      Partial area ratio:    7.47
      Required ratio:    0.00 (Gate area) 
      Cumulative area ratio:   11.86
      Required ratio:    0.00 (Cumulative area) 
      Partial area ratio:   36.21
      Required ratio:  400.00 (Side area) 
      Cumulative area ratio:   57.00
      Required ratio:    0.00 (Cumulative side area) 

    Layer: via2
      Partial area ratio:    0.25
      Required ratio:    6.00 (Gate area) 
      Cumulative area ratio:    0.72
      Required ratio:    0.00 (Cumulative area) 

    Layer: met3
      Partial area ratio:  111.46
      Required ratio:    0.00 (Gate area) 
      Cumulative area ratio:  123.32
      Required ratio:    0.00 (Cumulative area) 
      Partial area ratio:  597.36
      Required ratio:  400.00 (Side area) (VIOLATED)
      Cumulative area ratio:  654.36
      Required ratio:    0.00 (Cumulative side area) 

    Layer: via3
      Partial area ratio:    0.13
      Required ratio:    6.00 (Gate area) 
      Cumulative area ratio:    0.84
      Required ratio:    0.00 (Cumulative area) 

    Layer: met4
      Partial area ratio:   30.42
      Required ratio:    0.00 (Gate area) 
      Cumulative area ratio:  153.74
      Required ratio:    0.00 (Cumulative area) 
      Partial area ratio:  152.23
      Required ratio: 2778.20 (Side area) 
      Cumulative area ratio:  806.58
      Required ratio:    0.00 (Cumulative side area) 

    Layer: via4
      Partial area ratio:    2.01
      Required ratio:   22.04 (Gate area) 
      Cumulative area ratio:    2.85
      Required ratio:    0.00 (Cumulative area) 

    Layer: met5
      Partial area ratio:   36.73
      Required ratio:    0.00 (Gate area) 
      Cumulative area ratio:  190.47
      Required ratio:    0.00 (Cumulative area) 
      Partial area ratio:   58.11
      Required ratio: 2778.20 (Side area) 
      Cumulative area ratio:  864.70
      Required ratio:    0.00 (Cumulative side area) 


  Pin:   _4723_/S (sky130_fd_sc_hd__mux2_2)
    Layer: mcon
      Partial area ratio:    0.09
      Required ratio:    3.00 (Gate area) 
      Cumulative area ratio:    0.09
      Required ratio:    0.00 (Cumulative area) 

    Layer: met1
      Partial area ratio:    2.82
      Required ratio:    0.00 (Gate area) 
      Cumulative area ratio:    2.82
      Required ratio:    0.00 (Cumulative area) 
      Partial area ratio:   13.49
      Required ratio:  400.00 (Side area) 
      Cumulative area ratio:   13.49
      Required ratio:    0.00 (Cumulative side area) 

    Layer: via
      Partial area ratio:    0.14
      Required ratio:    6.00 (Gate area) 
      Cumulative area ratio:    0.23
      Required ratio:    0.00 (Cumulative area) 

    Layer: met2
      Partial area ratio:    3.71
      Required ratio:    0.00 (Gate area) 
      Cumulative area ratio:    6.52
      Required ratio:    0.00 (Cumulative area) 
      Partial area ratio:   18.06
      Required ratio:  400.00 (Side area) 
      Cumulative area ratio:   31.55
      Required ratio:    0.00 (Cumulative side area) 

    Layer: via2
      Partial area ratio:    0.06
      Required ratio:    6.00 (Gate area) 
      Cumulative area ratio:    0.30
      Required ratio:    0.00 (Cumulative area) 

    Layer: met3
      Partial area ratio:    8.82
      Required ratio:    0.00 (Gate area) 
      Cumulative area ratio:   15.34
      Required ratio:    0.00 (Cumulative area) 
      Partial area ratio:   47.52
      Required ratio:  400.00 (Side area) 
      Cumulative area ratio:   79.07
      Required ratio:    0.00 (Cumulative side area) 

    Layer: via3
      Partial area ratio:    0.04
      Required ratio:    6.00 (Gate area) 
      Cumulative area ratio:    0.34
      Required ratio:    0.00 (Cumulative area) 

    Layer: met4
      Partial area ratio:    3.51
      Required ratio:    0.00 (Gate area) 
      Cumulative area ratio:   18.85
      Required ratio:    0.00 (Cumulative area) 
      Partial area ratio:   14.87
      Required ratio:  400.00 (Side area) 
      Cumulative area ratio:   93.94
      Required ratio:    0.00 (Cumulative side area) 

    Layer: via4
      Partial area ratio:    0.67
      Required ratio:    6.00 (Gate area) 
      Cumulative area ratio:    1.01
      Required ratio:    0.00 (Cumulative area) 

    Layer: met5
      Partial area ratio:   36.73
      Required ratio:    0.00 (Gate area) 
      Cumulative area ratio:   55.58
      Required ratio:    0.00 (Cumulative area) 
      Partial area ratio:   58.11
      Required ratio: 2778.20 (Side area) 
      Cumulative area ratio:  152.05
      Required ratio:    0.00 (Cumulative side area) 


  Pin:   _4730_/S (sky130_fd_sc_hd__mux2_2)
    Layer: mcon
      Partial area ratio:    0.09
      Required ratio:    3.00 (Gate area) 
      Cumulative area ratio:    0.09
      Required ratio:    0.00 (Cumulative area) 

    Layer: met1
      Partial area ratio:    2.37
      Required ratio:    0.00 (Gate area) 
      Cumulative area ratio:    2.37
      Required ratio:    0.00 (Cumulative area) 
      Partial area ratio:   11.27
      Required ratio:  400.00 (Side area) 
      Cumulative area ratio:   11.27
      Required ratio:    0.00 (Cumulative side area) 

    Layer: via
      Partial area ratio:    0.14
      Required ratio:    6.00 (Gate area) 
      Cumulative area ratio:    0.23
      Required ratio:    0.00 (Cumulative area) 

    Layer: met2
      Partial area ratio:    0.59
      Required ratio:    0.00 (Gate area) 
      Cumulative area ratio:    2.96
      Required ratio:    0.00 (Cumulative area) 
      Partial area ratio:    2.71
      Required ratio:  400.00 (Side area) 
      Cumulative area ratio:   13.98
      Required ratio:    0.00 (Cumulative side area) 

    Layer: via2
      Partial area ratio:    0.13
      Required ratio:    6.00 (Gate area) 
      Cumulative area ratio:    0.36
      Required ratio:    0.00 (Cumulative area) 

    Layer: met3
      Partial area ratio:    8.82
      Required ratio:    0.00 (Gate area) 
      Cumulative area ratio:   11.78
      Required ratio:    0.00 (Cumulative area) 
      Partial area ratio:   47.52
      Required ratio:  400.00 (Side area) 
      Cumulative area ratio:   61.50
      Required ratio:    0.00 (Cumulative side area) 

    Layer: via3
      Partial area ratio:    0.04
      Required ratio:    6.00 (Gate area) 
      Cumulative area ratio:    0.40
      Required ratio:    0.00 (Cumulative area) 

    Layer: met4
      Partial area ratio:    3.51
      Required ratio:    0.00 (Gate area) 
      Cumulative area ratio:   15.28
      Required ratio:    0.00 (Cumulative area) 
      Partial area ratio:   14.87
      Required ratio:  400.00 (Side area) 
      Cumulative area ratio:   76.37
      Required ratio:    0.00 (Cumulative side area) 

    Layer: via4
      Partial area ratio:    0.67
      Required ratio:    6.00 (Gate area) 
      Cumulative area ratio:    1.07
      Required ratio:    0.00 (Cumulative area) 

    Layer: met5
      Partial area ratio:   36.73
      Required ratio:    0.00 (Gate area) 
      Cumulative area ratio:   52.01
      Required ratio:    0.00 (Cumulative area) 
      Partial area ratio:   58.11
      Required ratio: 2778.20 (Side area) 
      Cumulative area ratio:  134.48
      Required ratio:    0.00 (Cumulative side area) 


  Pin:   _4776_/S (sky130_fd_sc_hd__mux2_2)
    Layer: mcon
      Partial area ratio:    0.09
      Required ratio:    3.00 (Gate area) 
      Cumulative area ratio:    0.09
      Required ratio:    0.00 (Cumulative area) 

    Layer: met1
      Partial area ratio:    2.23
      Required ratio:    0.00 (Gate area) 
      Cumulative area ratio:    2.23
      Required ratio:    0.00 (Cumulative area) 
      Partial area ratio:   10.54
      Required ratio:  400.00 (Side area) 
      Cumulative area ratio:   10.54
      Required ratio:    0.00 (Cumulative side area) 

    Layer: via
      Partial area ratio:    0.14
      Required ratio:    6.00 (Gate area) 
      Cumulative area ratio:    0.23
      Required ratio:    0.00 (Cumulative area) 

    Layer: met2
      Partial area ratio:    3.71
      Required ratio:    0.00 (Gate area) 
      Cumulative area ratio:    5.93
      Required ratio:    0.00 (Cumulative area) 
      Partial area ratio:   18.06
      Required ratio:  400.00 (Side area) 
      Cumulative area ratio:   28.60
      Required ratio:    0.00 (Cumulative side area) 

    Layer: via2
      Partial area ratio:    0.06
      Required ratio:    6.00 (Gate area) 
      Cumulative area ratio:    0.30
      Required ratio:    0.00 (Cumulative area) 

    Layer: met3
      Partial area ratio:    8.82
      Required ratio:    0.00 (Gate area) 
      Cumulative area ratio:   14.75
      Required ratio:    0.00 (Cumulative area) 
      Partial area ratio:   47.52
      Required ratio:  400.00 (Side area) 
      Cumulative area ratio:   76.12
      Required ratio:    0.00 (Cumulative side area) 

    Layer: via3
      Partial area ratio:    0.04
      Required ratio:    6.00 (Gate area) 
      Cumulative area ratio:    0.34
      Required ratio:    0.00 (Cumulative area) 

    Layer: met4
      Partial area ratio:    3.51
      Required ratio:    0.00 (Gate area) 
      Cumulative area ratio:   18.26
      Required ratio:    0.00 (Cumulative area) 
      Partial area ratio:   14.87
      Required ratio:  400.00 (Side area) 
      Cumulative area ratio:   90.99
      Required ratio:    0.00 (Cumulative side area) 

    Layer: via4
      Partial area ratio:    0.67
      Required ratio:    6.00 (Gate area) 
      Cumulative area ratio:    1.01
      Required ratio:    0.00 (Cumulative area) 

    Layer: met5
      Partial area ratio:   36.73
      Required ratio:    0.00 (Gate area) 
      Cumulative area ratio:   54.99
      Required ratio:    0.00 (Cumulative area) 
      Partial area ratio:   58.11
      Required ratio: 2778.20 (Side area) 
      Cumulative area ratio:  149.10
      Required ratio:    0.00 (Cumulative side area) 


  Pin:   place1212/A (sky130_fd_sc_hd__buf_2)
    Layer: mcon
      Partial area ratio:    0.18
      Required ratio:    3.00 (Gate area) 
      Cumulative area ratio:    0.18
      Required ratio:    0.00 (Cumulative area) 

    Layer: met1
      Partial area ratio:    2.30
      Required ratio:    0.00 (Gate area) 
      Cumulative area ratio:    2.30
      Required ratio:    0.00 (Cumulative area) 
      Partial area ratio:   10.31
      Required ratio:  400.00 (Side area) 
      Cumulative area ratio:   10.31
      Required ratio:    0.00 (Cumulative side area) 

    Layer: via
      Partial area ratio:    0.28
      Required ratio:    6.00 (Gate area) 
      Cumulative area ratio:    0.46
      Required ratio:    0.00 (Cumulative area) 

    Layer: met2
      Partial area ratio:   13.55
      Required ratio:    0.00 (Gate area) 
      Cumulative area ratio:   15.84
      Required ratio:    0.00 (Cumulative area) 
      Partial area ratio:   66.59
      Required ratio:  400.00 (Side area) 
      Cumulative area ratio:   76.90
      Required ratio:    0.00 (Cumulative side area) 

    Layer: via2
      Partial area ratio:    0.25
      Required ratio:    6.00 (Gate area) 
      Cumulative area ratio:    0.72
      Required ratio:    0.00 (Cumulative area) 

    Layer: met3
      Partial area ratio:  111.46
      Required ratio:    0.00 (Gate area) 
      Cumulative area ratio:  127.30
      Required ratio:    0.00 (Cumulative area) 
      Partial area ratio:  597.36
      Required ratio:  400.00 (Side area) (VIOLATED)
      Cumulative area ratio:  674.26
      Required ratio:    0.00 (Cumulative side area) 

    Layer: via3
      Partial area ratio:    0.13
      Required ratio:    6.00 (Gate area) 
      Cumulative area ratio:    0.84
      Required ratio:    0.00 (Cumulative area) 

    Layer: met4
      Partial area ratio:   30.42
      Required ratio:    0.00 (Gate area) 
      Cumulative area ratio:  157.72
      Required ratio:    0.00 (Cumulative area) 
      Partial area ratio:  152.23
      Required ratio: 2778.20 (Side area) 
      Cumulative area ratio:  826.48
      Required ratio:    0.00 (Cumulative side area) 

    Layer: via4
      Partial area ratio:    2.01
      Required ratio:   22.04 (Gate area) 
      Cumulative area ratio:    2.85
      Required ratio:    0.00 (Cumulative area) 

    Layer: met5
      Partial area ratio:   36.73
      Required ratio:    0.00 (Gate area) 
      Cumulative area ratio:  194.45
      Required ratio:    0.00 (Cumulative area) 
      Partial area ratio:   58.11
      Required ratio: 2778.20 (Side area) 
      Cumulative area ratio:  884.60
      Required ratio:    0.00 (Cumulative side area) 



Net: _1861_
  Pin:   _4649_/A3 (sky130_fd_sc_hd__o311a_2)
    Layer: mcon
      Partial area ratio:    0.12
      Required ratio:    3.00 (Gate area) 
      Cumulative area ratio:    0.12
      Required ratio:    0.00 (Cumulative area) 

    Layer: met1
      Partial area ratio:    4.40
      Required ratio:    0.00 (Gate area) 
      Cumulative area ratio:    4.40
      Required ratio:    0.00 (Cumulative area) 
      Partial area ratio:   21.27
      Required ratio:  400.00 (Side area) 
      Cumulative area ratio:   21.27
      Required ratio:    0.00 (Cumulative side area) 

    Layer: via
      Partial area ratio:    0.18
      Required ratio:    6.00 (Gate area) 
      Cumulative area ratio:    0.30
      Required ratio:    0.00 (Cumulative area) 

    Layer: met2
      Partial area ratio:    0.75
      Required ratio:    0.00 (Gate area) 
      Cumulative area ratio:    5.16
      Required ratio:    0.00 (Cumulative area) 
      Partial area ratio:    3.48
      Required ratio:  400.00 (Side area) 
      Cumulative area ratio:   24.75
      Required ratio:    0.00 (Cumulative side area) 

    Layer: via2
      Partial area ratio:    0.16
      Required ratio:    6.00 (Gate area) 
      Cumulative area ratio:    0.46
      Required ratio:    0.00 (Cumulative area) 

    Layer: met3
      Partial area ratio:   75.54
      Required ratio:    0.00 (Gate area) 
      Cumulative area ratio:   80.70
      Required ratio:    0.00 (Cumulative area) 
      Partial area ratio:  403.83
      Required ratio:  400.00 (Side area) (VIOLATED)
      Cumulative area ratio:  428.58
      Required ratio:    0.00 (Cumulative side area) 

    Layer: via3
      Partial area ratio:    0.08
      Required ratio:    6.00 (Gate area) 
      Cumulative area ratio:    0.54
      Required ratio:    0.00 (Cumulative area) 

    Layer: met4
      Partial area ratio:   21.15
      Required ratio:    0.00 (Gate area) 
      Cumulative area ratio:  101.85
      Required ratio:    0.00 (Cumulative area) 
      Partial area ratio:  113.75
      Required ratio: 2778.20 (Side area) 
      Cumulative area ratio:  542.32
      Required ratio:    0.00 (Cumulative side area) 


  Pin:   _4706_/A2 (sky130_fd_sc_hd__o311a_2)
    Layer: mcon
      Partial area ratio:    0.12
      Required ratio:    3.00 (Gate area) 
      Cumulative area ratio:    0.12
      Required ratio:    0.00 (Cumulative area) 

    Layer: met1
      Partial area ratio:    2.62
      Required ratio:    0.00 (Gate area) 
      Cumulative area ratio:    2.62
      Required ratio:    0.00 (Cumulative area) 
      Partial area ratio:   12.33
      Required ratio:  400.00 (Side area) 
      Cumulative area ratio:   12.33
      Required ratio:    0.00 (Cumulative side area) 

    Layer: via
      Partial area ratio:    0.18
      Required ratio:    6.00 (Gate area) 
      Cumulative area ratio:    0.30
      Required ratio:    0.00 (Cumulative area) 

    Layer: met2
      Partial area ratio:    0.75
      Required ratio:    0.00 (Gate area) 
      Cumulative area ratio:    3.37
      Required ratio:    0.00 (Cumulative area) 
      Partial area ratio:    3.48
      Required ratio:  400.00 (Side area) 
      Cumulative area ratio:   15.81
      Required ratio:    0.00 (Cumulative side area) 

    Layer: via2
      Partial area ratio:    0.16
      Required ratio:    6.00 (Gate area) 
      Cumulative area ratio:    0.46
      Required ratio:    0.00 (Cumulative area) 

    Layer: met3
      Partial area ratio:   75.54
      Required ratio:    0.00 (Gate area) 
      Cumulative area ratio:   78.91
      Required ratio:    0.00 (Cumulative area) 
      Partial area ratio:  403.83
      Required ratio:  400.00 (Side area) (VIOLATED)
      Cumulative area ratio:  419.64
      Required ratio:    0.00 (Cumulative side area) 

    Layer: via3
      Partial area ratio:    0.08
      Required ratio:    6.00 (Gate area) 
      Cumulative area ratio:    0.54
      Required ratio:    0.00 (Cumulative area) 

    Layer: met4
      Partial area ratio:   21.15
      Required ratio:    0.00 (Gate area) 
      Cumulative area ratio:  100.06
      Required ratio:    0.00 (Cumulative area) 
      Partial area ratio:  113.75
      Required ratio: 2778.20 (Side area) 
      Cumulative area ratio:  533.39
      Required ratio:    0.00 (Cumulative side area) 



Net: net1308
  Pin:   _5904_/B1 (sky130_fd_sc_hd__a211o_4)
    Layer: mcon
      Partial area ratio:    0.06
      Required ratio:    3.00 (Gate area) 
      Cumulative area ratio:    0.06
      Required ratio:    0.00 (Cumulative area) 

    Layer: met1
      Partial area ratio:    0.49
      Required ratio:    0.00 (Gate area) 
      Cumulative area ratio:    0.49
      Required ratio:    0.00 (Cumulative area) 
      Partial area ratio:    2.21
      Required ratio:  400.00 (Side area) 
      Cumulative area ratio:    2.21
      Required ratio:    0.00 (Cumulative side area) 

    Layer: via
      Partial area ratio:    0.06
      Required ratio:    6.00 (Gate area) 
      Cumulative area ratio:    0.12
      Required ratio:    0.00 (Cumulative area) 

    Layer: met2
      Partial area ratio:    4.22
      Required ratio:    0.00 (Gate area) 
      Cumulative area ratio:    4.70
      Required ratio:    0.00 (Cumulative area) 
      Partial area ratio:   20.80
      Required ratio:  400.00 (Side area) 
      Cumulative area ratio:   23.01
      Required ratio:    0.00 (Cumulative side area) 

    Layer: via2
      Partial area ratio:    0.05
      Required ratio:    6.00 (Gate area) 
      Cumulative area ratio:    0.17
      Required ratio:    0.00 (Cumulative area) 

    Layer: met3
      Partial area ratio:   20.19
      Required ratio:    0.00 (Gate area) 
      Cumulative area ratio:   24.89
      Required ratio:    0.00 (Cumulative area) 
      Partial area ratio:  108.04
      Required ratio: 2778.20 (Side area) 
      Cumulative area ratio:  131.05
      Required ratio:    0.00 (Cumulative side area) 

    Layer: via3
      Partial area ratio:    0.03
      Required ratio:   22.04 (Gate area) 
      Cumulative area ratio:    0.21
      Required ratio:    0.00 (Cumulative area) 

    Layer: met4
      Partial area ratio:    7.72
      Required ratio:    0.00 (Gate area) 
      Cumulative area ratio:   32.61
      Required ratio:    0.00 (Cumulative area) 
      Partial area ratio:   38.23
      Required ratio: 2778.20 (Side area) 
      Cumulative area ratio:  169.28
      Required ratio:    0.00 (Cumulative side area) 

    Layer: via4
      Partial area ratio:    0.52
      Required ratio:   22.04 (Gate area) 
      Cumulative area ratio:    0.72
      Required ratio:    0.00 (Cumulative area) 

    Layer: met5
      Partial area ratio:   14.22
      Required ratio:    0.00 (Gate area) 
      Cumulative area ratio:   46.84
      Required ratio:    0.00 (Cumulative area) 
      Partial area ratio:   23.55
      Required ratio: 2778.20 (Side area) 
      Cumulative area ratio:  192.83
      Required ratio:    0.00 (Cumulative side area) 


  Pin:   _6110_/B1 (sky130_fd_sc_hd__a211o_2)
    Layer: mcon
      Partial area ratio:    0.12
      Required ratio:    3.00 (Gate area) 
      Cumulative area ratio:    0.12
      Required ratio:    0.00 (Cumulative area) 

    Layer: met1
      Partial area ratio:    1.37
      Required ratio:    0.00 (Gate area) 
      Cumulative area ratio:    1.37
      Required ratio:    0.00 (Cumulative area) 
      Partial area ratio:    6.08
      Required ratio:  400.00 (Side area) 
      Cumulative area ratio:    6.08
      Required ratio:    0.00 (Cumulative side area) 

    Layer: via
      Partial area ratio:    0.18
      Required ratio:    6.00 (Gate area) 
      Cumulative area ratio:    0.30
      Required ratio:    0.00 (Cumulative area) 

    Layer: met2
      Partial area ratio:    0.75
      Required ratio:    0.00 (Gate area) 
      Cumulative area ratio:    2.12
      Required ratio:    0.00 (Cumulative area) 
      Partial area ratio:    3.48
      Required ratio:  400.00 (Side area) 
      Cumulative area ratio:    9.56
      Required ratio:    0.00 (Cumulative side area) 

    Layer: via2
      Partial area ratio:    0.16
      Required ratio:    6.00 (Gate area) 
      Cumulative area ratio:    0.46
      Required ratio:    0.00 (Cumulative area) 

    Layer: met3
      Partial area ratio:   79.95
      Required ratio:    0.00 (Gate area) 
      Cumulative area ratio:   82.07
      Required ratio:    0.00 (Cumulative area) 
      Partial area ratio:  428.27
      Required ratio:  400.00 (Side area) (VIOLATED)
      Cumulative area ratio:  437.83
      Required ratio:    0.00 (Cumulative side area) 

    Layer: via3
      Partial area ratio:    0.08
      Required ratio:    6.00 (Gate area) 
      Cumulative area ratio:    0.54
      Required ratio:    0.00 (Cumulative area) 

    Layer: met4
      Partial area ratio:   44.87
      Required ratio:    0.00 (Gate area) 
      Cumulative area ratio:  126.94
      Required ratio:    0.00 (Cumulative area) 
      Partial area ratio:  232.89
      Required ratio:  400.00 (Side area) 
      Cumulative area ratio:  670.72
      Required ratio:    0.00 (Cumulative side area) 

    Layer: via4
      Partial area ratio:    1.29
      Required ratio:    6.00 (Gate area) 
      Cumulative area ratio:    1.83
      Required ratio:    0.00 (Cumulative area) 

    Layer: met5
      Partial area ratio:   14.22
      Required ratio:    0.00 (Gate area) 
      Cumulative area ratio:  141.16
      Required ratio:    0.00 (Cumulative area) 
      Partial area ratio:   23.55
      Required ratio: 2778.20 (Side area) 
      Cumulative area ratio:  694.26
      Required ratio:    0.00 (Cumulative side area) 


  Pin:   _6125_/B1 (sky130_fd_sc_hd__a211o_2)
    Layer: mcon
      Partial area ratio:    0.12
      Required ratio:    3.00 (Gate area) 
      Cumulative area ratio:    0.12
      Required ratio:    0.00 (Cumulative area) 

    Layer: met1
      Partial area ratio:    3.61
      Required ratio:    0.00 (Gate area) 
      Cumulative area ratio:    3.61
      Required ratio:    0.00 (Cumulative area) 
      Partial area ratio:   17.31
      Required ratio:  400.00 (Side area) 
      Cumulative area ratio:   17.31
      Required ratio:    0.00 (Cumulative side area) 

    Layer: via
      Partial area ratio:    0.18
      Required ratio:    6.00 (Gate area) 
      Cumulative area ratio:    0.30
      Required ratio:    0.00 (Cumulative area) 

    Layer: met2
      Partial area ratio:    8.77
      Required ratio:    0.00 (Gate area) 
      Cumulative area ratio:   12.38
      Required ratio:    0.00 (Cumulative area) 
      Partial area ratio:   42.91
      Required ratio:  400.00 (Side area) 
      Cumulative area ratio:   60.21
      Required ratio:    0.00 (Cumulative side area) 

    Layer: via2
      Partial area ratio:    0.32
      Required ratio:    6.00 (Gate area) 
      Cumulative area ratio:    0.62
      Required ratio:    0.00 (Cumulative area) 

    Layer: met3
      Partial area ratio:   79.95
      Required ratio:    0.00 (Gate area) 
      Cumulative area ratio:   92.33
      Required ratio:    0.00 (Cumulative area) 
      Partial area ratio:  428.27
      Required ratio:  400.00 (Side area) (VIOLATED)
      Cumulative area ratio:  488.48
      Required ratio:    0.00 (Cumulative side area) 

    Layer: via3
      Partial area ratio:    0.08
      Required ratio:    6.00 (Gate area) 
      Cumulative area ratio:    0.70
      Required ratio:    0.00 (Cumulative area) 

    Layer: met4
      Partial area ratio:   44.87
      Required ratio:    0.00 (Gate area) 
      Cumulative area ratio:  137.20
      Required ratio:    0.00 (Cumulative area) 
      Partial area ratio:  232.89
      Required ratio:  400.00 (Side area) 
      Cumulative area ratio:  721.37
      Required ratio:    0.00 (Cumulative side area) 

    Layer: via4
      Partial area ratio:    1.29
      Required ratio:    6.00 (Gate area) 
      Cumulative area ratio:    2.00
      Required ratio:    0.00 (Cumulative area) 

    Layer: met5
      Partial area ratio:   14.22
      Required ratio:    0.00 (Gate area) 
      Cumulative area ratio:  151.42
      Required ratio:    0.00 (Cumulative area) 
      Partial area ratio:   23.55
      Required ratio: 2778.20 (Side area) 
      Cumulative area ratio:  744.92
      Required ratio:    0.00 (Cumulative side area) 


  Pin:   _6137_/B1 (sky130_fd_sc_hd__a211o_4)
    Layer: mcon
      Partial area ratio:    0.06
      Required ratio:    3.00 (Gate area) 
      Cumulative area ratio:    0.06
      Required ratio:    0.00 (Cumulative area) 

    Layer: met1
      Partial area ratio:    1.22
      Required ratio:    0.00 (Gate area) 
      Cumulative area ratio:    1.22
      Required ratio:    0.00 (Cumulative area) 
      Partial area ratio:    5.70
      Required ratio:  400.00 (Side area) 
      Cumulative area ratio:    5.70
      Required ratio:    0.00 (Cumulative side area) 

    Layer: via
      Partial area ratio:    0.09
      Required ratio:    6.00 (Gate area) 
      Cumulative area ratio:    0.15
      Required ratio:    0.00 (Cumulative area) 

    Layer: met2
      Partial area ratio:    0.38
      Required ratio:    0.00 (Gate area) 
      Cumulative area ratio:    1.59
      Required ratio:    0.00 (Cumulative area) 
      Partial area ratio:    1.74
      Required ratio:  400.00 (Side area) 
      Cumulative area ratio:    7.44
      Required ratio:    0.00 (Cumulative side area) 

    Layer: via2
      Partial area ratio:    0.08
      Required ratio:    6.00 (Gate area) 
      Cumulative area ratio:    0.23
      Required ratio:    0.00 (Cumulative area) 

    Layer: met3
      Partial area ratio:   20.19
      Required ratio:    0.00 (Gate area) 
      Cumulative area ratio:   21.78
      Required ratio:    0.00 (Cumulative area) 
      Partial area ratio:  108.04
      Required ratio: 2778.20 (Side area) 
      Cumulative area ratio:  115.48
      Required ratio:    0.00 (Cumulative side area) 

    Layer: via3
      Partial area ratio:    0.03
      Required ratio:   22.04 (Gate area) 
      Cumulative area ratio:    0.26
      Required ratio:    0.00 (Cumulative area) 

    Layer: met4
      Partial area ratio:    7.72
      Required ratio:    0.00 (Gate area) 
      Cumulative area ratio:   29.50
      Required ratio:    0.00 (Cumulative area) 
      Partial area ratio:   38.23
      Required ratio: 2778.20 (Side area) 
      Cumulative area ratio:  153.71
      Required ratio:    0.00 (Cumulative side area) 

    Layer: via4
      Partial area ratio:    0.52
      Required ratio:   22.04 (Gate area) 
      Cumulative area ratio:    0.78
      Required ratio:    0.00 (Cumulative area) 

    Layer: met5
      Partial area ratio:   14.22
      Required ratio:    0.00 (Gate area) 
      Cumulative area ratio:   43.72
      Required ratio:    0.00 (Cumulative area) 
      Partial area ratio:   23.55
      Required ratio: 2778.20 (Side area) 
      Cumulative area ratio:  177.26
      Required ratio:    0.00 (Cumulative side area) 


  Pin:   _6153_/B1 (sky130_fd_sc_hd__a211o_2)
    Layer: mcon
      Partial area ratio:    0.12
      Required ratio:    3.00 (Gate area) 
      Cumulative area ratio:    0.12
      Required ratio:    0.00 (Cumulative area) 

    Layer: met1
      Partial area ratio:    9.91
      Required ratio:    0.00 (Gate area) 
      Cumulative area ratio:    9.91
      Required ratio:    0.00 (Cumulative area) 
      Partial area ratio:   48.79
      Required ratio:  400.00 (Side area) 
      Cumulative area ratio:   48.79
      Required ratio:    0.00 (Cumulative side area) 

    Layer: via
      Partial area ratio:    0.18
      Required ratio:    6.00 (Gate area) 
      Cumulative area ratio:    0.30
      Required ratio:    0.00 (Cumulative area) 

    Layer: met2
      Partial area ratio:    4.22
      Required ratio:    0.00 (Gate area) 
      Cumulative area ratio:   14.13
      Required ratio:    0.00 (Cumulative area) 
      Partial area ratio:   20.80
      Required ratio:  400.00 (Side area) 
      Cumulative area ratio:   69.59
      Required ratio:    0.00 (Cumulative side area) 

    Layer: via2
      Partial area ratio:    0.05
      Required ratio:    6.00 (Gate area) 
      Cumulative area ratio:    0.35
      Required ratio:    0.00 (Cumulative area) 

    Layer: met3
      Partial area ratio:   20.19
      Required ratio:    0.00 (Gate area) 
      Cumulative area ratio:   34.32
      Required ratio:    0.00 (Cumulative area) 
      Partial area ratio:  108.04
      Required ratio: 2778.20 (Side area) 
      Cumulative area ratio:  177.63
      Required ratio:    0.00 (Cumulative side area) 

    Layer: via3
      Partial area ratio:    0.03
      Required ratio:   22.04 (Gate area) 
      Cumulative area ratio:    0.38
      Required ratio:    0.00 (Cumulative area) 

    Layer: met4
      Partial area ratio:    7.72
      Required ratio:    0.00 (Gate area) 
      Cumulative area ratio:   42.04
      Required ratio:    0.00 (Cumulative area) 
      Partial area ratio:   38.23
      Required ratio: 2778.20 (Side area) 
      Cumulative area ratio:  215.86
      Required ratio:    0.00 (Cumulative side area) 

    Layer: via4
      Partial area ratio:    0.52
      Required ratio:   22.04 (Gate area) 
      Cumulative area ratio:    0.90
      Required ratio:    0.00 (Cumulative area) 

    Layer: met5
      Partial area ratio:   14.22
      Required ratio:    0.00 (Gate area) 
      Cumulative area ratio:   56.26
      Required ratio:    0.00 (Cumulative area) 
      Partial area ratio:   23.55
      Required ratio: 2778.20 (Side area) 
      Cumulative area ratio:  239.41
      Required ratio:    0.00 (Cumulative side area) 



Net: _2760_
  Pin:   _5943_/C1 (sky130_fd_sc_hd__o221a_4)
    Layer: mcon
      Partial area ratio:    0.06
      Required ratio:    3.00 (Gate area) 
      Cumulative area ratio:    0.06
      Required ratio:    0.00 (Cumulative area) 

    Layer: met1
      Partial area ratio:    0.86
      Required ratio:    0.00 (Gate area) 
      Cumulative area ratio:    0.86
      Required ratio:    0.00 (Cumulative area) 
      Partial area ratio:    4.08
      Required ratio:  400.00 (Side area) 
      Cumulative area ratio:    4.08
      Required ratio:    0.00 (Cumulative side area) 

    Layer: via
      Partial area ratio:    0.06
      Required ratio:    6.00 (Gate area) 
      Cumulative area ratio:    0.11
      Required ratio:    0.00 (Cumulative area) 

    Layer: met2
      Partial area ratio:    0.23
      Required ratio:    0.00 (Gate area) 
      Cumulative area ratio:    1.08
      Required ratio:    0.00 (Cumulative area) 
      Partial area ratio:    0.95
      Required ratio:  400.00 (Side area) 
      Cumulative area ratio:    5.03
      Required ratio:    0.00 (Cumulative side area) 

    Layer: via2
      Partial area ratio:    0.08
      Required ratio:    6.00 (Gate area) 
      Cumulative area ratio:    0.20
      Required ratio:    0.00 (Cumulative area) 

    Layer: met3
      Partial area ratio:    0.25
      Required ratio:    0.00 (Gate area) 
      Cumulative area ratio:    1.33
      Required ratio:    0.00 (Cumulative area) 
      Partial area ratio:    2.29
      Required ratio:  400.00 (Side area) 
      Cumulative area ratio:    7.33
      Required ratio:    0.00 (Cumulative side area) 

    Layer: via3
      Partial area ratio:    0.08
      Required ratio:    6.00 (Gate area) 
      Cumulative area ratio:    0.28
      Required ratio:    0.00 (Cumulative area) 

    Layer: met4
      Partial area ratio:   38.34
      Required ratio:    0.00 (Gate area) 
      Cumulative area ratio:   39.68
      Required ratio:    0.00 (Cumulative area) 
      Partial area ratio:  205.94
      Required ratio: 3193.60 (Side area) 
      Cumulative area ratio:  213.27
      Required ratio:    0.00 (Cumulative side area) 


  Pin:   _6446_/A1 (sky130_fd_sc_hd__mux2_2)
    Layer: mcon
      Partial area ratio:    0.18
      Required ratio:    3.00 (Gate area) 
      Cumulative area ratio:    0.18
      Required ratio:    0.00 (Cumulative area) 

    Layer: met1
      Partial area ratio:    2.57
      Required ratio:    0.00 (Gate area) 
      Cumulative area ratio:    2.57
      Required ratio:    0.00 (Cumulative area) 
      Partial area ratio:   11.68
      Required ratio:  400.00 (Side area) 
      Cumulative area ratio:   11.68
      Required ratio:    0.00 (Cumulative side area) 

    Layer: via
      Partial area ratio:    0.28
      Required ratio:    6.00 (Gate area) 
      Cumulative area ratio:    0.46
      Required ratio:    0.00 (Cumulative area) 

    Layer: met2
      Partial area ratio:    1.17
      Required ratio:    0.00 (Gate area) 
      Cumulative area ratio:    3.74
      Required ratio:    0.00 (Cumulative area) 
      Partial area ratio:    5.42
      Required ratio:  400.00 (Side area) 
      Cumulative area ratio:   17.09
      Required ratio:    0.00 (Cumulative side area) 

    Layer: via2
      Partial area ratio:    0.25
      Required ratio:    6.00 (Gate area) 
      Cumulative area ratio:    0.72
      Required ratio:    0.00 (Cumulative area) 

    Layer: met3
      Partial area ratio:  131.76
      Required ratio:    0.00 (Gate area) 
      Cumulative area ratio:  135.51
      Required ratio:    0.00 (Cumulative area) 
      Partial area ratio:  708.58
      Required ratio:  400.00 (Side area) (VIOLATED)
      Cumulative area ratio:  725.67
      Required ratio:    0.00 (Cumulative side area) 

    Layer: via3
      Partial area ratio:    0.50
      Required ratio:    6.00 (Gate area) 
      Cumulative area ratio:    1.22
      Required ratio:    0.00 (Cumulative area) 

    Layer: met4
      Partial area ratio:   38.34
      Required ratio:    0.00 (Gate area) 
      Cumulative area ratio:  173.85
      Required ratio:    0.00 (Cumulative area) 
      Partial area ratio:  205.94
      Required ratio: 3193.60 (Side area) 
      Cumulative area ratio:  931.62
      Required ratio:    0.00 (Cumulative side area) 



Net: _2944_
  Pin:   _6127_/B2 (sky130_fd_sc_hd__a221o_2)
    Layer: mcon
      Partial area ratio:    0.12
      Required ratio:    3.00 (Gate area) 
      Cumulative area ratio:    0.12
      Required ratio:    0.00 (Cumulative area) 

    Layer: met1
      Partial area ratio:    2.39
      Required ratio:    0.00 (Gate area) 
      Cumulative area ratio:    2.39
      Required ratio:    0.00 (Cumulative area) 
      Partial area ratio:   11.49
      Required ratio:  400.00 (Side area) 
      Cumulative area ratio:   11.49
      Required ratio:    0.00 (Cumulative side area) 

    Layer: via
      Partial area ratio:    0.18
      Required ratio:    6.00 (Gate area) 
      Cumulative area ratio:    0.30
      Required ratio:    0.00 (Cumulative area) 

    Layer: met2
      Partial area ratio:    0.75
      Required ratio:    0.00 (Gate area) 
      Cumulative area ratio:    3.15
      Required ratio:    0.00 (Cumulative area) 
      Partial area ratio:    3.48
      Required ratio:  400.00 (Side area) 
      Cumulative area ratio:   14.97
      Required ratio:    0.00 (Cumulative side area) 

    Layer: via2
      Partial area ratio:    0.16
      Required ratio:    6.00 (Gate area) 
      Cumulative area ratio:    0.46
      Required ratio:    0.00 (Cumulative area) 

    Layer: met3
      Partial area ratio:   42.32
      Required ratio:    0.00 (Gate area) 
      Cumulative area ratio:   45.47
      Required ratio:    0.00 (Cumulative area) 
      Partial area ratio:  227.59
      Required ratio:  400.00 (Side area) 
      Cumulative area ratio:  242.56
      Required ratio:    0.00 (Cumulative side area) 

    Layer: via3
      Partial area ratio:    0.16
      Required ratio:    6.00 (Gate area) 
      Cumulative area ratio:    0.62
      Required ratio:    0.00 (Cumulative area) 

    Layer: met4
      Partial area ratio:  216.16
      Required ratio:    0.00 (Gate area) 
      Cumulative area ratio:  261.62
      Required ratio:    0.00 (Cumulative area) 
      Partial area ratio: 1143.79
      Required ratio:  400.00 (Side area) (VIOLATED)
      Cumulative area ratio: 1386.35
      Required ratio:    0.00 (Cumulative side area) 

    Layer: via4
      Partial area ratio:    2.59
      Required ratio:    6.00 (Gate area) 
      Cumulative area ratio:    3.21
      Required ratio:    0.00 (Cumulative area) 

    Layer: met5
      Partial area ratio:   54.95
      Required ratio:    0.00 (Gate area) 
      Cumulative area ratio:  316.57
      Required ratio:    0.00 (Cumulative area) 
      Partial area ratio:   97.94
      Required ratio: 2784.80 (Side area) 
      Cumulative area ratio: 1484.29
      Required ratio:    0.00 (Cumulative side area) 



Net: _2959_
  Pin:   _6142_/B (sky130_fd_sc_hd__or4_4)
    Layer: mcon
      Partial area ratio:    0.12
      Required ratio:    3.00 (Gate area) 
      Cumulative area ratio:    0.12
      Required ratio:    0.00 (Cumulative area) 

    Layer: met1
      Partial area ratio:    3.59
      Required ratio:    0.00 (Gate area) 
      Cumulative area ratio:    3.59
      Required ratio:    0.00 (Cumulative area) 
      Partial area ratio:   17.19
      Required ratio:  400.00 (Side area) 
      Cumulative area ratio:   17.19
      Required ratio:    0.00 (Cumulative side area) 

    Layer: via
      Partial area ratio:    0.18
      Required ratio:    6.00 (Gate area) 
      Cumulative area ratio:    0.30
      Required ratio:    0.00 (Cumulative area) 

    Layer: met2
      Partial area ratio:    0.75
      Required ratio:    0.00 (Gate area) 
      Cumulative area ratio:    4.34
      Required ratio:    0.00 (Cumulative area) 
      Partial area ratio:    3.48
      Required ratio:  400.00 (Side area) 
      Cumulative area ratio:   20.67
      Required ratio:    0.00 (Cumulative side area) 

    Layer: via2
      Partial area ratio:    0.16
      Required ratio:    6.00 (Gate area) 
      Cumulative area ratio:    0.46
      Required ratio:    0.00 (Cumulative area) 

    Layer: met3
      Partial area ratio:    0.50
      Required ratio:    0.00 (Gate area) 
      Cumulative area ratio:    4.85
      Required ratio:    0.00 (Cumulative area) 
      Partial area ratio:    4.59
      Required ratio:  400.00 (Side area) 
      Cumulative area ratio:   25.26
      Required ratio:    0.00 (Cumulative side area) 

    Layer: via3
      Partial area ratio:    0.16
      Required ratio:    6.00 (Gate area) 
      Cumulative area ratio:    0.62
      Required ratio:    0.00 (Cumulative area) 

    Layer: met4
      Partial area ratio:    5.63
      Required ratio:    0.00 (Gate area) 
      Cumulative area ratio:   10.47
      Required ratio:    0.00 (Cumulative area) 
      Partial area ratio:   15.26
      Required ratio:  400.00 (Side area) 
      Cumulative area ratio:   40.52
      Required ratio:    0.00 (Cumulative side area) 

    Layer: via4
      Partial area ratio:    2.59
      Required ratio:    6.00 (Gate area) 
      Cumulative area ratio:    3.21
      Required ratio:    0.00 (Cumulative area) 

    Layer: met5
      Partial area ratio:   65.97
      Required ratio:    0.00 (Gate area) 
      Cumulative area ratio:   76.44
      Required ratio:    0.00 (Cumulative area) 
      Partial area ratio:  109.24
      Required ratio: 2969.60 (Side area) 
      Cumulative area ratio:  149.75
      Required ratio:    0.00 (Cumulative side area) 


  Pin:   _6436_/D_N (sky130_fd_sc_hd__or4b_2)
    Layer: mcon
      Partial area ratio:    0.23
      Required ratio:    3.00 (Gate area) 
      Cumulative area ratio:    0.23
      Required ratio:    0.00 (Cumulative area) 

    Layer: met1
      Partial area ratio:   12.06
      Required ratio:    0.00 (Gate area) 
      Cumulative area ratio:   12.06
      Required ratio:    0.00 (Cumulative area) 
      Partial area ratio:   58.81
      Required ratio:  400.00 (Side area) 
      Cumulative area ratio:   58.81
      Required ratio:    0.00 (Cumulative side area) 

    Layer: via
      Partial area ratio:    0.36
      Required ratio:    6.00 (Gate area) 
      Cumulative area ratio:    0.59
      Required ratio:    0.00 (Cumulative area) 

    Layer: met2
      Partial area ratio:    1.48
      Required ratio:    0.00 (Gate area) 
      Cumulative area ratio:   13.54
      Required ratio:    0.00 (Cumulative area) 
      Partial area ratio:    6.83
      Required ratio:  400.00 (Side area) 
      Cumulative area ratio:   65.64
      Required ratio:    0.00 (Cumulative side area) 

    Layer: via2
      Partial area ratio:    0.32
      Required ratio:    6.00 (Gate area) 
      Cumulative area ratio:    0.90
      Required ratio:    0.00 (Cumulative area) 

    Layer: met3
      Partial area ratio:  117.00
      Required ratio:    0.00 (Gate area) 
      Cumulative area ratio:  130.54
      Required ratio:    0.00 (Cumulative area) 
      Partial area ratio:  631.43
      Required ratio:  400.00 (Side area) (VIOLATED)
      Cumulative area ratio:  697.07
      Required ratio:    0.00 (Cumulative side area) 

    Layer: via3
      Partial area ratio:    0.63
      Required ratio:    6.00 (Gate area) 
      Cumulative area ratio:    1.54
      Required ratio:    0.00 (Cumulative area) 

    Layer: met4
      Partial area ratio:  143.42
      Required ratio:    0.00 (Gate area) 
      Cumulative area ratio:  273.96
      Required ratio:    0.00 (Cumulative area) 
      Partial area ratio:  739.68
      Required ratio: 2969.60 (Side area) 
      Cumulative area ratio: 1436.75
      Required ratio:    0.00 (Cumulative side area) 

    Layer: via4
      Partial area ratio:    5.08
      Required ratio:   39.26 (Gate area) 
      Cumulative area ratio:    6.62
      Required ratio:    0.00 (Cumulative area) 

    Layer: met5
      Partial area ratio:   65.97
      Required ratio:    0.00 (Gate area) 
      Cumulative area ratio:  339.93
      Required ratio:    0.00 (Cumulative area) 
      Partial area ratio:  109.24
      Required ratio: 2969.60 (Side area) 
      Cumulative area ratio: 1545.99
      Required ratio:    0.00 (Cumulative side area) 



Net: _3016_
  Pin:   _6199_/A3 (sky130_fd_sc_hd__o31a_2)
    Layer: mcon
      Partial area ratio:    0.12
      Required ratio:    3.00 (Gate area) 
      Cumulative area ratio:    0.12
      Required ratio:    0.00 (Cumulative area) 

    Layer: met1
      Partial area ratio:    2.23
      Required ratio:    0.00 (Gate area) 
      Cumulative area ratio:    2.23
      Required ratio:    0.00 (Cumulative area) 
      Partial area ratio:   10.38
      Required ratio:  400.00 (Side area) 
      Cumulative area ratio:   10.38
      Required ratio:    0.00 (Cumulative side area) 

    Layer: via
      Partial area ratio:    0.18
      Required ratio:    6.00 (Gate area) 
      Cumulative area ratio:    0.30
      Required ratio:    0.00 (Cumulative area) 

    Layer: met2
      Partial area ratio:    8.70
      Required ratio:    0.00 (Gate area) 
      Cumulative area ratio:   10.93
      Required ratio:    0.00 (Cumulative area) 
      Partial area ratio:   42.78
      Required ratio:  400.00 (Side area) 
      Cumulative area ratio:   53.16
      Required ratio:    0.00 (Cumulative side area) 

    Layer: via2
      Partial area ratio:    0.16
      Required ratio:    6.00 (Gate area) 
      Cumulative area ratio:    0.46
      Required ratio:    0.00 (Cumulative area) 

    Layer: met3
      Partial area ratio:   92.50
      Required ratio:    0.00 (Gate area) 
      Cumulative area ratio:  103.43
      Required ratio:    0.00 (Cumulative area) 
      Partial area ratio:  495.22
      Required ratio:  400.00 (Side area) (VIOLATED)
      Cumulative area ratio:  548.38
      Required ratio:    0.00 (Cumulative side area) 

    Layer: via3
      Partial area ratio:    0.16
      Required ratio:    6.00 (Gate area) 
      Cumulative area ratio:    0.62
      Required ratio:    0.00 (Cumulative area) 

    Layer: met4
      Partial area ratio:   75.75
      Required ratio:    0.00 (Gate area) 
      Cumulative area ratio:  179.18
      Required ratio:    0.00 (Cumulative area) 
      Partial area ratio:  405.92
      Required ratio: 2778.20 (Side area) 
      Cumulative area ratio:  954.30
      Required ratio:    0.00 (Cumulative side area) 



Net: _3033_
  Pin:   _6216_/A2 (sky130_fd_sc_hd__a211o_4)
    Layer: mcon
      Partial area ratio:    0.06
      Required ratio:    3.00 (Gate area) 
      Cumulative area ratio:    0.06
      Required ratio:    0.00 (Cumulative area) 

    Layer: met1
      Partial area ratio:    1.35
      Required ratio:    0.00 (Gate area) 
      Cumulative area ratio:    1.35
      Required ratio:    0.00 (Cumulative area) 
      Partial area ratio:    6.36
      Required ratio:  400.00 (Side area) 
      Cumulative area ratio:    6.36
      Required ratio:    0.00 (Cumulative side area) 

    Layer: via
      Partial area ratio:    0.09
      Required ratio:    6.00 (Gate area) 
      Cumulative area ratio:    0.15
      Required ratio:    0.00 (Cumulative area) 

    Layer: met2
      Partial area ratio:    0.38
      Required ratio:    0.00 (Gate area) 
      Cumulative area ratio:    1.73
      Required ratio:    0.00 (Cumulative area) 
      Partial area ratio:    1.74
      Required ratio:  400.00 (Side area) 
      Cumulative area ratio:    8.10
      Required ratio:    0.00 (Cumulative side area) 

    Layer: via2
      Partial area ratio:    0.08
      Required ratio:    6.00 (Gate area) 
      Cumulative area ratio:    0.23
      Required ratio:    0.00 (Cumulative area) 

    Layer: met3
      Partial area ratio:   75.76
      Required ratio:    0.00 (Gate area) 
      Cumulative area ratio:   77.49
      Required ratio:    0.00 (Cumulative area) 
      Partial area ratio:  405.96
      Required ratio:  400.00 (Side area) (VIOLATED)
      Cumulative area ratio:  414.07
      Required ratio:    0.00 (Cumulative side area) 

    Layer: via3
      Partial area ratio:    0.08
      Required ratio:    6.00 (Gate area) 
      Cumulative area ratio:    0.31
      Required ratio:    0.00 (Cumulative area) 

    Layer: met4
      Partial area ratio:   23.72
      Required ratio:    0.00 (Gate area) 
      Cumulative area ratio:  101.21
      Required ratio:    0.00 (Cumulative area) 
      Partial area ratio:  120.10
      Required ratio:  400.00 (Side area) 
      Cumulative area ratio:  534.16
      Required ratio:    0.00 (Cumulative side area) 

    Layer: via4
      Partial area ratio:    1.29
      Required ratio:    6.00 (Gate area) 
      Cumulative area ratio:    1.60
      Required ratio:    0.00 (Cumulative area) 

    Layer: met5
      Partial area ratio:  116.69
      Required ratio:    0.00 (Gate area) 
      Cumulative area ratio:  217.90
      Required ratio:    0.00 (Cumulative area) 
      Partial area ratio:  182.79
      Required ratio: 2778.20 (Side area) 
      Cumulative area ratio:  716.95
      Required ratio:    0.00 (Cumulative side area) 



Net: _3223_
  Pin:   _6512_/A1 (sky130_fd_sc_hd__a211o_2)
    Layer: mcon
      Partial area ratio:    0.12
      Required ratio:    3.00 (Gate area) 
      Cumulative area ratio:    0.12
      Required ratio:    0.00 (Cumulative area) 

    Layer: met1
      Partial area ratio:    2.89
      Required ratio:    0.00 (Gate area) 
      Cumulative area ratio:    2.89
      Required ratio:    0.00 (Cumulative area) 
      Partial area ratio:   13.72
      Required ratio:  400.00 (Side area) 
      Cumulative area ratio:   13.72
      Required ratio:    0.00 (Cumulative side area) 

    Layer: via
      Partial area ratio:    0.18
      Required ratio:    6.00 (Gate area) 
      Cumulative area ratio:    0.30
      Required ratio:    0.00 (Cumulative area) 

    Layer: met2
      Partial area ratio:    0.75
      Required ratio:    0.00 (Gate area) 
      Cumulative area ratio:    3.65
      Required ratio:    0.00 (Cumulative area) 
      Partial area ratio:    3.48
      Required ratio:  400.00 (Side area) 
      Cumulative area ratio:   17.20
      Required ratio:    0.00 (Cumulative side area) 

    Layer: via2
      Partial area ratio:    0.16
      Required ratio:    6.00 (Gate area) 
      Cumulative area ratio:    0.46
      Required ratio:    0.00 (Cumulative area) 

    Layer: met3
      Partial area ratio:  100.86
      Required ratio:    0.00 (Gate area) 
      Cumulative area ratio:  104.51
      Required ratio:    0.00 (Cumulative area) 
      Partial area ratio:  539.83
      Required ratio:  400.00 (Side area) (VIOLATED)
      Cumulative area ratio:  557.03
      Required ratio:    0.00 (Cumulative side area) 

    Layer: via3
      Partial area ratio:    0.16
      Required ratio:    6.00 (Gate area) 
      Cumulative area ratio:    0.62
      Required ratio:    0.00 (Cumulative area) 

    Layer: met4
      Partial area ratio:   67.39
      Required ratio:    0.00 (Gate area) 
      Cumulative area ratio:  171.90
      Required ratio:    0.00 (Cumulative area) 
      Partial area ratio:  361.31
      Required ratio: 2778.20 (Side area) 
      Cumulative area ratio:  918.34
      Required ratio:    0.00 (Cumulative side area) 



Net: net1789
  Pin:   _4137_/A1 (sky130_fd_sc_hd__o32a_2)
    Layer: mcon
      Partial area ratio:    0.12
      Required ratio:    3.00 (Gate area) 
      Cumulative area ratio:    0.12
      Required ratio:    0.00 (Cumulative area) 

    Layer: met1
      Partial area ratio:    5.98
      Required ratio:    0.00 (Gate area) 
      Cumulative area ratio:    5.98
      Required ratio:    0.00 (Cumulative area) 
      Partial area ratio:   29.16
      Required ratio:  400.00 (Side area) 
      Cumulative area ratio:   29.16
      Required ratio:    0.00 (Cumulative side area) 

    Layer: via
      Partial area ratio:    0.18
      Required ratio:    6.00 (Gate area) 
      Cumulative area ratio:    0.30
      Required ratio:    0.00 (Cumulative area) 

    Layer: met2
      Partial area ratio:    4.80
      Required ratio:    0.00 (Gate area) 
      Cumulative area ratio:   10.78
      Required ratio:    0.00 (Cumulative area) 
      Partial area ratio:   23.26
      Required ratio:  400.00 (Side area) 
      Cumulative area ratio:   52.42
      Required ratio:    0.00 (Cumulative side area) 

    Layer: via2
      Partial area ratio:    0.16
      Required ratio:    6.00 (Gate area) 
      Cumulative area ratio:    0.46
      Required ratio:    0.00 (Cumulative area) 

    Layer: met3
      Partial area ratio:   84.17
      Required ratio:    0.00 (Gate area) 
      Cumulative area ratio:   94.95
      Required ratio:    0.00 (Cumulative area) 
      Partial area ratio:  450.78
      Required ratio:  400.00 (Side area) (VIOLATED)
      Cumulative area ratio:  503.20
      Required ratio:    0.00 (Cumulative side area) 

    Layer: via3
      Partial area ratio:    0.32
      Required ratio:    6.00 (Gate area) 
      Cumulative area ratio:    0.78
      Required ratio:    0.00 (Cumulative area) 

    Layer: met4
      Partial area ratio:   25.34
      Required ratio:    0.00 (Gate area) 
      Cumulative area ratio:  120.29
      Required ratio:    0.00 (Cumulative area) 
      Partial area ratio:  135.79
      Required ratio: 2778.20 (Side area) 
      Cumulative area ratio:  638.99
      Required ratio:    0.00 (Cumulative side area) 


  Pin:   _4187_/A1 (sky130_fd_sc_hd__o311a_2)
    Layer: mcon
      Partial area ratio:    0.12
      Required ratio:    3.00 (Gate area) 
      Cumulative area ratio:    0.12
      Required ratio:    0.00 (Cumulative area) 

    Layer: met1
      Partial area ratio:    3.87
      Required ratio:    0.00 (Gate area) 
      Cumulative area ratio:    3.87
      Required ratio:    0.00 (Cumulative area) 
      Partial area ratio:   18.60
      Required ratio:  400.00 (Side area) 
      Cumulative area ratio:   18.60
      Required ratio:    0.00 (Cumulative side area) 

    Layer: via
      Partial area ratio:    0.18
      Required ratio:    6.00 (Gate area) 
      Cumulative area ratio:    0.30
      Required ratio:    0.00 (Cumulative area) 

    Layer: met2
      Partial area ratio:    2.78
      Required ratio:    0.00 (Gate area) 
      Cumulative area ratio:    6.65
      Required ratio:    0.00 (Cumulative area) 
      Partial area ratio:   13.37
      Required ratio:  400.00 (Side area) 
      Cumulative area ratio:   31.97
      Required ratio:    0.00 (Cumulative side area) 

    Layer: via2
      Partial area ratio:    0.16
      Required ratio:    6.00 (Gate area) 
      Cumulative area ratio:    0.46
      Required ratio:    0.00 (Cumulative area) 

    Layer: met3
      Partial area ratio:   46.51
      Required ratio:    0.00 (Gate area) 
      Cumulative area ratio:   53.16
      Required ratio:    0.00 (Cumulative area) 
      Partial area ratio:  249.94
      Required ratio: 2778.20 (Side area) 
      Cumulative area ratio:  281.91
      Required ratio:    0.00 (Cumulative side area) 

    Layer: via3
      Partial area ratio:    0.16
      Required ratio:   22.04 (Gate area) 
      Cumulative area ratio:    0.62
      Required ratio:    0.00 (Cumulative area) 

    Layer: met4
      Partial area ratio:   25.34
      Required ratio:    0.00 (Gate area) 
      Cumulative area ratio:   78.49
      Required ratio:    0.00 (Cumulative area) 
      Partial area ratio:  135.79
      Required ratio: 2778.20 (Side area) 
      Cumulative area ratio:  417.70
      Required ratio:    0.00 (Cumulative side area) 


  Pin:   _4230_/A1 (sky130_fd_sc_hd__o311a_2)
    Layer: mcon
      Partial area ratio:    0.12
      Required ratio:    3.00 (Gate area) 
      Cumulative area ratio:    0.12
      Required ratio:    0.00 (Cumulative area) 

    Layer: met1
      Partial area ratio:   57.35
      Required ratio:    0.00 (Gate area) 
      Cumulative area ratio:   57.35
      Required ratio:    0.00 (Cumulative area) 
      Partial area ratio:  285.56
      Required ratio:  400.00 (Side area) 
      Cumulative area ratio:  285.56
      Required ratio:    0.00 (Cumulative side area) 

    Layer: via
      Partial area ratio:    0.27
      Required ratio:    6.00 (Gate area) 
      Cumulative area ratio:    0.39
      Required ratio:    0.00 (Cumulative area) 

    Layer: met2
      Partial area ratio:    2.78
      Required ratio:    0.00 (Gate area) 
      Cumulative area ratio:   60.13
      Required ratio:    0.00 (Cumulative area) 
      Partial area ratio:   13.37
      Required ratio:  400.00 (Side area) 
      Cumulative area ratio:  298.93
      Required ratio:    0.00 (Cumulative side area) 

    Layer: via2
      Partial area ratio:    0.16
      Required ratio:    6.00 (Gate area) 
      Cumulative area ratio:    0.55
      Required ratio:    0.00 (Cumulative area) 

    Layer: met3
      Partial area ratio:   46.51
      Required ratio:    0.00 (Gate area) 
      Cumulative area ratio:  106.63
      Required ratio:    0.00 (Cumulative area) 
      Partial area ratio:  249.94
      Required ratio: 2778.20 (Side area) 
      Cumulative area ratio:  548.87
      Required ratio:    0.00 (Cumulative side area) 

    Layer: via3
      Partial area ratio:    0.16
      Required ratio:   22.04 (Gate area) 
      Cumulative area ratio:    0.71
      Required ratio:    0.00 (Cumulative area) 

    Layer: met4
      Partial area ratio:   25.34
      Required ratio:    0.00 (Gate area) 
      Cumulative area ratio:  131.97
      Required ratio:    0.00 (Cumulative area) 
      Partial area ratio:  135.79
      Required ratio: 2778.20 (Side area) 
      Cumulative area ratio:  684.65
      Required ratio:    0.00 (Cumulative side area) 


  Pin:   _4284_/A1 (sky130_fd_sc_hd__o31a_2)
    Layer: mcon
      Partial area ratio:    0.12
      Required ratio:    3.00 (Gate area) 
      Cumulative area ratio:    0.12
      Required ratio:    0.00 (Cumulative area) 

    Layer: met1
      Partial area ratio:    2.77
      Required ratio:    0.00 (Gate area) 
      Cumulative area ratio:    2.77
      Required ratio:    0.00 (Cumulative area) 
      Partial area ratio:   13.11
      Required ratio:  400.00 (Side area) 
      Cumulative area ratio:   13.11
      Required ratio:    0.00 (Cumulative side area) 

    Layer: via
      Partial area ratio:    0.18
      Required ratio:    6.00 (Gate area) 
      Cumulative area ratio:    0.30
      Required ratio:    0.00 (Cumulative area) 

    Layer: met2
      Partial area ratio:    0.75
      Required ratio:    0.00 (Gate area) 
      Cumulative area ratio:    3.53
      Required ratio:    0.00 (Cumulative area) 
      Partial area ratio:    3.48
      Required ratio:  400.00 (Side area) 
      Cumulative area ratio:   16.59
      Required ratio:    0.00 (Cumulative side area) 

    Layer: via2
      Partial area ratio:    0.16
      Required ratio:    6.00 (Gate area) 
      Cumulative area ratio:    0.46
      Required ratio:    0.00 (Cumulative area) 

    Layer: met3
      Partial area ratio:    0.50
      Required ratio:    0.00 (Gate area) 
      Cumulative area ratio:    4.03
      Required ratio:    0.00 (Cumulative area) 
      Partial area ratio:    4.59
      Required ratio:  400.00 (Side area) 
      Cumulative area ratio:   21.18
      Required ratio:    0.00 (Cumulative side area) 

    Layer: via3
      Partial area ratio:    0.16
      Required ratio:    6.00 (Gate area) 
      Cumulative area ratio:    0.62
      Required ratio:    0.00 (Cumulative area) 

    Layer: met4
      Partial area ratio:   25.34
      Required ratio:    0.00 (Gate area) 
      Cumulative area ratio:   29.37
      Required ratio:    0.00 (Cumulative area) 
      Partial area ratio:  135.79
      Required ratio: 2778.20 (Side area) 
      Cumulative area ratio:  156.96
      Required ratio:    0.00 (Cumulative side area) 


  Pin:   place1788/A (sky130_fd_sc_hd__buf_2)
    Layer: mcon
      Partial area ratio:    0.18
      Required ratio:    3.00 (Gate area) 
      Cumulative area ratio:    0.18
      Required ratio:    0.00 (Cumulative area) 

    Layer: met1
      Partial area ratio:    2.99
      Required ratio:    0.00 (Gate area) 
      Cumulative area ratio:    2.99
      Required ratio:    0.00 (Cumulative area) 
      Partial area ratio:   13.77
      Required ratio:  400.00 (Side area) 
      Cumulative area ratio:   13.77
      Required ratio:    0.00 (Cumulative side area) 

    Layer: via
      Partial area ratio:    0.28
      Required ratio:    6.00 (Gate area) 
      Cumulative area ratio:    0.46
      Required ratio:    0.00 (Cumulative area) 

    Layer: met2
      Partial area ratio:    1.17
      Required ratio:    0.00 (Gate area) 
      Cumulative area ratio:    4.16
      Required ratio:    0.00 (Cumulative area) 
      Partial area ratio:    5.42
      Required ratio:  400.00 (Side area) 
      Cumulative area ratio:   19.18
      Required ratio:    0.00 (Cumulative side area) 

    Layer: via2
      Partial area ratio:    0.25
      Required ratio:    6.00 (Gate area) 
      Cumulative area ratio:    0.72
      Required ratio:    0.00 (Cumulative area) 

    Layer: met3
      Partial area ratio:    0.79
      Required ratio:    0.00 (Gate area) 
      Cumulative area ratio:    4.95
      Required ratio:    0.00 (Cumulative area) 
      Partial area ratio:    7.14
      Required ratio:  400.00 (Side area) 
      Cumulative area ratio:   26.33
      Required ratio:    0.00 (Cumulative side area) 

    Layer: via3
      Partial area ratio:    0.25
      Required ratio:    6.00 (Gate area) 
      Cumulative area ratio:    0.97
      Required ratio:    0.00 (Cumulative area) 

    Layer: met4
      Partial area ratio:   25.34
      Required ratio:    0.00 (Gate area) 
      Cumulative area ratio:   30.28
      Required ratio:    0.00 (Cumulative area) 
      Partial area ratio:  135.79
      Required ratio: 2778.20 (Side area) 
      Cumulative area ratio:  162.11
      Required ratio:    0.00 (Cumulative side area) 


  Pin:   _5824_/A1 (sky130_fd_sc_hd__a21oi_2)
    Layer: mcon
      Partial area ratio:    0.06
      Required ratio:    3.00 (Gate area) 
      Cumulative area ratio:    0.06
      Required ratio:    0.00 (Cumulative area) 

    Layer: met1
      Partial area ratio:    2.24
      Required ratio:    0.00 (Gate area) 
      Cumulative area ratio:    2.24
      Required ratio:    0.00 (Cumulative area) 
      Partial area ratio:   10.71
      Required ratio:  400.00 (Side area) 
      Cumulative area ratio:   10.71
      Required ratio:    0.00 (Cumulative side area) 

    Layer: via
      Partial area ratio:    0.09
      Required ratio:    6.00 (Gate area) 
      Cumulative area ratio:    0.15
      Required ratio:    0.00 (Cumulative area) 

    Layer: met2
      Partial area ratio:    0.36
      Required ratio:    0.00 (Gate area) 
      Cumulative area ratio:    2.60
      Required ratio:    0.00 (Cumulative area) 
      Partial area ratio:    1.71
      Required ratio:  400.00 (Side area) 
      Cumulative area ratio:   12.42
      Required ratio:    0.00 (Cumulative side area) 

    Layer: via2
      Partial area ratio:    0.05
      Required ratio:    6.00 (Gate area) 
      Cumulative area ratio:    0.20
      Required ratio:    0.00 (Cumulative area) 

    Layer: met3
      Partial area ratio:    0.17
      Required ratio:    0.00 (Gate area) 
      Cumulative area ratio:    2.77
      Required ratio:    0.00 (Cumulative area) 
      Partial area ratio:    1.53
      Required ratio:  400.00 (Side area) 
      Cumulative area ratio:   13.95
      Required ratio:    0.00 (Cumulative side area) 

    Layer: via3
      Partial area ratio:    0.05
      Required ratio:    6.00 (Gate area) 
      Cumulative area ratio:    0.26
      Required ratio:    0.00 (Cumulative area) 

    Layer: met4
      Partial area ratio:   25.34
      Required ratio:    0.00 (Gate area) 
      Cumulative area ratio:   28.11
      Required ratio:    0.00 (Cumulative area) 
      Partial area ratio:  135.79
      Required ratio: 2778.20 (Side area) 
      Cumulative area ratio:  149.74
      Required ratio:    0.00 (Cumulative side area) 


  Pin:   _5839_/A1 (sky130_fd_sc_hd__o32a_2)
    Layer: mcon
      Partial area ratio:    0.12
      Required ratio:    3.00 (Gate area) 
      Cumulative area ratio:    0.12
      Required ratio:    0.00 (Cumulative area) 

    Layer: met1
      Partial area ratio:    2.12
      Required ratio:    0.00 (Gate area) 
      Cumulative area ratio:    2.12
      Required ratio:    0.00 (Cumulative area) 
      Partial area ratio:    9.83
      Required ratio:  400.00 (Side area) 
      Cumulative area ratio:    9.83
      Required ratio:    0.00 (Cumulative side area) 

    Layer: via
      Partial area ratio:    0.18
      Required ratio:    6.00 (Gate area) 
      Cumulative area ratio:    0.30
      Required ratio:    0.00 (Cumulative area) 

    Layer: met2
      Partial area ratio:    0.75
      Required ratio:    0.00 (Gate area) 
      Cumulative area ratio:    2.87
      Required ratio:    0.00 (Cumulative area) 
      Partial area ratio:    3.48
      Required ratio:  400.00 (Side area) 
      Cumulative area ratio:   13.31
      Required ratio:    0.00 (Cumulative side area) 

    Layer: via2
      Partial area ratio:    0.16
      Required ratio:    6.00 (Gate area) 
      Cumulative area ratio:    0.46
      Required ratio:    0.00 (Cumulative area) 

    Layer: met3
      Partial area ratio:    0.50
      Required ratio:    0.00 (Gate area) 
      Cumulative area ratio:    3.37
      Required ratio:    0.00 (Cumulative area) 
      Partial area ratio:    4.59
      Required ratio:  400.00 (Side area) 
      Cumulative area ratio:   17.90
      Required ratio:    0.00 (Cumulative side area) 

    Layer: via3
      Partial area ratio:    0.16
      Required ratio:    6.00 (Gate area) 
      Cumulative area ratio:    0.62
      Required ratio:    0.00 (Cumulative area) 

    Layer: met4
      Partial area ratio:   25.34
      Required ratio:    0.00 (Gate area) 
      Cumulative area ratio:   28.71
      Required ratio:    0.00 (Cumulative area) 
      Partial area ratio:  135.79
      Required ratio: 2778.20 (Side area) 
      Cumulative area ratio:  153.68
      Required ratio:    0.00 (Cumulative side area) 


  Pin:   _6180_/A1 (sky130_fd_sc_hd__a21o_2)
    Layer: mcon
      Partial area ratio:    0.12
      Required ratio:    3.00 (Gate area) 
      Cumulative area ratio:    0.12
      Required ratio:    0.00 (Cumulative area) 

    Layer: met1
      Partial area ratio:    2.24
      Required ratio:    0.00 (Gate area) 
      Cumulative area ratio:    2.24
      Required ratio:    0.00 (Cumulative area) 
      Partial area ratio:   10.71
      Required ratio:  400.00 (Side area) 
      Cumulative area ratio:   10.71
      Required ratio:    0.00 (Cumulative side area) 

    Layer: via
      Partial area ratio:    0.09
      Required ratio:    6.00 (Gate area) 
      Cumulative area ratio:    0.21
      Required ratio:    0.00 (Cumulative area) 

    Layer: met2
      Partial area ratio:    0.36
      Required ratio:    0.00 (Gate area) 
      Cumulative area ratio:    2.60
      Required ratio:    0.00 (Cumulative area) 
      Partial area ratio:    1.71
      Required ratio:  400.00 (Side area) 
      Cumulative area ratio:   12.42
      Required ratio:    0.00 (Cumulative side area) 

    Layer: via2
      Partial area ratio:    0.05
      Required ratio:    6.00 (Gate area) 
      Cumulative area ratio:    0.26
      Required ratio:    0.00 (Cumulative area) 

    Layer: met3
      Partial area ratio:    0.17
      Required ratio:    0.00 (Gate area) 
      Cumulative area ratio:    2.77
      Required ratio:    0.00 (Cumulative area) 
      Partial area ratio:    1.53
      Required ratio:  400.00 (Side area) 
      Cumulative area ratio:   13.95
      Required ratio:    0.00 (Cumulative side area) 

    Layer: via3
      Partial area ratio:    0.05
      Required ratio:    6.00 (Gate area) 
      Cumulative area ratio:    0.32
      Required ratio:    0.00 (Cumulative area) 

    Layer: met4
      Partial area ratio:   25.34
      Required ratio:    0.00 (Gate area) 
      Cumulative area ratio:   28.11
      Required ratio:    0.00 (Cumulative area) 
      Partial area ratio:  135.79
      Required ratio: 2778.20 (Side area) 
      Cumulative area ratio:  149.74
      Required ratio:    0.00 (Cumulative side area) 



Net: net2076
  Pin:   output2076/A (sky130_fd_sc_hd__clkbuf_2)
    Layer: mcon
      Partial area ratio:    0.14
      Required ratio:    3.00 (Gate area) 
      Cumulative area ratio:    0.14
      Required ratio:    0.00 (Cumulative area) 

    Layer: met1
      Partial area ratio:    2.91
      Required ratio:    0.00 (Gate area) 
      Cumulative area ratio:    2.91
      Required ratio:    0.00 (Cumulative area) 
      Partial area ratio:   13.65
      Required ratio:  400.00 (Side area) 
      Cumulative area ratio:   13.65
      Required ratio:    0.00 (Cumulative side area) 

    Layer: via
      Partial area ratio:    0.21
      Required ratio:    6.00 (Gate area) 
      Cumulative area ratio:    0.35
      Required ratio:    0.00 (Cumulative area) 

    Layer: met2
      Partial area ratio:    0.88
      Required ratio:    0.00 (Gate area) 
      Cumulative area ratio:    3.78
      Required ratio:    0.00 (Cumulative area) 
      Partial area ratio:    4.04
      Required ratio:  400.00 (Side area) 
      Cumulative area ratio:   17.70
      Required ratio:    0.00 (Cumulative side area) 

    Layer: via2
      Partial area ratio:    0.19
      Required ratio:    6.00 (Gate area) 
      Cumulative area ratio:    0.53
      Required ratio:    0.00 (Cumulative area) 

    Layer: met3
      Partial area ratio:  146.36
      Required ratio:    0.00 (Gate area) 
      Cumulative area ratio:  150.14
      Required ratio:    0.00 (Cumulative area) 
      Partial area ratio:  782.76
      Required ratio:  400.00 (Side area) (VIOLATED)
      Cumulative area ratio:  800.46
      Required ratio:    0.00 (Cumulative side area) 

    Layer: via3
      Partial area ratio:    0.19
      Required ratio:    6.00 (Gate area) 
      Cumulative area ratio:    0.72
      Required ratio:    0.00 (Cumulative area) 

    Layer: met4
      Partial area ratio:   26.50
      Required ratio:    0.00 (Gate area) 
      Cumulative area ratio:  176.63
      Required ratio:    0.00 (Cumulative area) 
      Partial area ratio:  141.97
      Required ratio: 2778.20 (Side area) 
      Cumulative area ratio:  942.42
      Required ratio:    0.00 (Cumulative side area) 


  Pin:   _6085_/A1 (sky130_fd_sc_hd__a211o_4)
    Layer: mcon
      Partial area ratio:    0.06
      Required ratio:    3.00 (Gate area) 
      Cumulative area ratio:    0.06
      Required ratio:    0.00 (Cumulative area) 

    Layer: met1
      Partial area ratio:    1.13
      Required ratio:    0.00 (Gate area) 
      Cumulative area ratio:    1.13
      Required ratio:    0.00 (Cumulative area) 
      Partial area ratio:    5.29
      Required ratio:  400.00 (Side area) 
      Cumulative area ratio:    5.29
      Required ratio:    0.00 (Cumulative side area) 

    Layer: via
      Partial area ratio:    0.09
      Required ratio:    6.00 (Gate area) 
      Cumulative area ratio:    0.15
      Required ratio:    0.00 (Cumulative area) 

    Layer: met2
      Partial area ratio:    0.38
      Required ratio:    0.00 (Gate area) 
      Cumulative area ratio:    1.51
      Required ratio:    0.00 (Cumulative area) 
      Partial area ratio:    1.74
      Required ratio:  400.00 (Side area) 
      Cumulative area ratio:    7.03
      Required ratio:    0.00 (Cumulative side area) 

    Layer: via2
      Partial area ratio:    0.08
      Required ratio:    6.00 (Gate area) 
      Cumulative area ratio:    0.23
      Required ratio:    0.00 (Cumulative area) 

    Layer: met3
      Partial area ratio:    0.25
      Required ratio:    0.00 (Gate area) 
      Cumulative area ratio:    1.76
      Required ratio:    0.00 (Cumulative area) 
      Partial area ratio:    2.29
      Required ratio:  400.00 (Side area) 
      Cumulative area ratio:    9.33
      Required ratio:    0.00 (Cumulative side area) 

    Layer: via3
      Partial area ratio:    0.08
      Required ratio:    6.00 (Gate area) 
      Cumulative area ratio:    0.31
      Required ratio:    0.00 (Cumulative area) 

    Layer: met4
      Partial area ratio:   26.50
      Required ratio:    0.00 (Gate area) 
      Cumulative area ratio:   28.26
      Required ratio:    0.00 (Cumulative area) 
      Partial area ratio:  141.97
      Required ratio: 2778.20 (Side area) 
      Cumulative area ratio:  151.29
      Required ratio:    0.00 (Cumulative side area) 



Net: net2096
  Pin:   place1262/A (sky130_fd_sc_hd__buf_2)
    Layer: mcon
      Partial area ratio:    0.18
      Required ratio:    3.00 (Gate area) 
      Cumulative area ratio:    0.18
      Required ratio:    0.00 (Cumulative area) 

    Layer: met1
      Partial area ratio:    7.10
      Required ratio:    0.00 (Gate area) 
      Cumulative area ratio:    7.10
      Required ratio:    0.00 (Cumulative area) 
      Partial area ratio:   33.24
      Required ratio: 2778.20 (Side area) 
      Cumulative area ratio:   33.24
      Required ratio:    0.00 (Cumulative side area) 

    Layer: via
      Partial area ratio:    0.42
      Required ratio:   22.04 (Gate area) 
      Cumulative area ratio:    0.61
      Required ratio:    0.00 (Cumulative area) 

    Layer: met2
      Partial area ratio:    7.99
      Required ratio:    0.00 (Gate area) 
      Cumulative area ratio:   15.09
      Required ratio:    0.00 (Cumulative area) 
      Partial area ratio:   38.76
      Required ratio: 2778.20 (Side area) 
      Cumulative area ratio:   72.00
      Required ratio:    0.00 (Cumulative side area) 

    Layer: via2
      Partial area ratio:    0.25
      Required ratio:   22.04 (Gate area) 
      Cumulative area ratio:    0.86
      Required ratio:    0.00 (Cumulative area) 

    Layer: met3
      Partial area ratio:   39.84
      Required ratio:    0.00 (Gate area) 
      Cumulative area ratio:   54.93
      Required ratio:    0.00 (Cumulative area) 
      Partial area ratio:  215.40
      Required ratio: 2778.20 (Side area) 
      Cumulative area ratio:  287.40
      Required ratio:    0.00 (Cumulative side area) 

    Layer: via3
      Partial area ratio:    0.25
      Required ratio:   22.04 (Gate area) 
      Cumulative area ratio:    1.11
      Required ratio:    0.00 (Cumulative area) 

    Layer: met4
      Partial area ratio:   21.04
      Required ratio:    0.00 (Gate area) 
      Cumulative area ratio:   75.97
      Required ratio:    0.00 (Cumulative area) 
      Partial area ratio:   89.21
      Required ratio: 2778.20 (Side area) 
      Cumulative area ratio:  376.61
      Required ratio:    0.00 (Cumulative side area) 

    Layer: via4
      Partial area ratio:    4.03
      Required ratio:   22.04 (Gate area) 
      Cumulative area ratio:    5.13
      Required ratio:    0.00 (Cumulative area) 

    Layer: met5
      Partial area ratio:  184.95
      Required ratio:    0.00 (Gate area) 
      Cumulative area ratio:  260.91
      Required ratio:    0.00 (Cumulative area) 
      Partial area ratio:  287.74
      Required ratio: 2778.20 (Side area) 
      Cumulative area ratio:  664.35
      Required ratio:    0.00 (Cumulative side area) 


  Pin:   output2096/A (sky130_fd_sc_hd__clkdlybuf4s25_1)
    Layer: mcon
      Partial area ratio:    0.14
      Required ratio:    3.00 (Gate area) 
      Cumulative area ratio:    0.14
      Required ratio:    0.00 (Cumulative area) 

    Layer: met1
      Partial area ratio:    1.74
      Required ratio:    0.00 (Gate area) 
      Cumulative area ratio:    1.74
      Required ratio:    0.00 (Cumulative area) 
      Partial area ratio:    7.85
      Required ratio:  400.00 (Side area) 
      Cumulative area ratio:    7.85
      Required ratio:    0.00 (Cumulative side area) 

    Layer: via
      Partial area ratio:    0.21
      Required ratio:    6.00 (Gate area) 
      Cumulative area ratio:    0.35
      Required ratio:    0.00 (Cumulative area) 

    Layer: met2
      Partial area ratio:    0.88
      Required ratio:    0.00 (Gate area) 
      Cumulative area ratio:    2.62
      Required ratio:    0.00 (Cumulative area) 
      Partial area ratio:    4.04
      Required ratio:  400.00 (Side area) 
      Cumulative area ratio:   11.89
      Required ratio:    0.00 (Cumulative side area) 

    Layer: via2
      Partial area ratio:    0.19
      Required ratio:    6.00 (Gate area) 
      Cumulative area ratio:    0.53
      Required ratio:    0.00 (Cumulative area) 

    Layer: met3
      Partial area ratio:  136.64
      Required ratio:    0.00 (Gate area) 
      Cumulative area ratio:  139.26
      Required ratio:    0.00 (Cumulative area) 
      Partial area ratio:  730.93
      Required ratio:  400.00 (Side area) (VIOLATED)
      Cumulative area ratio:  742.82
      Required ratio:    0.00 (Cumulative side area) 

    Layer: via3
      Partial area ratio:    0.19
      Required ratio:    6.00 (Gate area) 
      Cumulative area ratio:    0.72
      Required ratio:    0.00 (Cumulative area) 

    Layer: met4
      Partial area ratio:   55.13
      Required ratio:    0.00 (Gate area) 
      Cumulative area ratio:  194.39
      Required ratio:    0.00 (Cumulative area) 
      Partial area ratio:  279.10
      Required ratio:  400.00 (Side area) 
      Cumulative area ratio: 1021.92
      Required ratio:    0.00 (Cumulative side area) 

    Layer: via4
      Partial area ratio:    3.00
      Required ratio:    6.00 (Gate area) 
      Cumulative area ratio:    3.73
      Required ratio:    0.00 (Cumulative area) 

    Layer: met5
      Partial area ratio:  184.95
      Required ratio:    0.00 (Gate area) 
      Cumulative area ratio:  379.34
      Required ratio:    0.00 (Cumulative area) 
      Partial area ratio:  287.74
      Required ratio: 2778.20 (Side area) 
      Cumulative area ratio: 1309.66
      Required ratio:    0.00 (Cumulative side area) 



Net: net2098
  Pin:   output2098/A (sky130_fd_sc_hd__clkdlybuf4s25_1)
    Layer: mcon
      Partial area ratio:    0.14
      Required ratio:    3.00 (Gate area) 
      Cumulative area ratio:    0.14
      Required ratio:    0.00 (Cumulative area) 

    Layer: met1
      Partial area ratio:    0.97
      Required ratio:    0.00 (Gate area) 
      Cumulative area ratio:    0.97
      Required ratio:    0.00 (Cumulative area) 
      Partial area ratio:    3.95
      Required ratio:  400.00 (Side area) 
      Cumulative area ratio:    3.95
      Required ratio:    0.00 (Cumulative side area) 

    Layer: via
      Partial area ratio:    0.21
      Required ratio:    6.00 (Gate area) 
      Cumulative area ratio:    0.35
      Required ratio:    0.00 (Cumulative area) 

    Layer: met2
      Partial area ratio:    0.88
      Required ratio:    0.00 (Gate area) 
      Cumulative area ratio:    1.85
      Required ratio:    0.00 (Cumulative area) 
      Partial area ratio:    4.04
      Required ratio:  400.00 (Side area) 
      Cumulative area ratio:    7.99
      Required ratio:    0.00 (Cumulative side area) 

    Layer: via2
      Partial area ratio:    0.19
      Required ratio:    6.00 (Gate area) 
      Cumulative area ratio:    0.53
      Required ratio:    0.00 (Cumulative area) 

    Layer: met3
      Partial area ratio:    0.59
      Required ratio:    0.00 (Gate area) 
      Cumulative area ratio:    2.43
      Required ratio:    0.00 (Cumulative area) 
      Partial area ratio:    5.33
      Required ratio:  400.00 (Side area) 
      Cumulative area ratio:   13.33
      Required ratio:    0.00 (Cumulative side area) 

    Layer: via3
      Partial area ratio:    0.19
      Required ratio:    6.00 (Gate area) 
      Cumulative area ratio:    0.72
      Required ratio:    0.00 (Cumulative area) 

    Layer: met4
      Partial area ratio:   93.45
      Required ratio:    0.00 (Gate area) 
      Cumulative area ratio:   95.88
      Required ratio:    0.00 (Cumulative area) 
      Partial area ratio:  481.24
      Required ratio:  400.00 (Side area) (VIOLATED)
      Cumulative area ratio:  494.57
      Required ratio:    0.00 (Cumulative side area) 

    Layer: via4
      Partial area ratio:    3.00
      Required ratio:    6.00 (Gate area) 
      Cumulative area ratio:    3.73
      Required ratio:    0.00 (Cumulative area) 

    Layer: met5
      Partial area ratio:  685.82
      Required ratio:    0.00 (Gate area) 
      Cumulative area ratio:  781.70
      Required ratio:    0.00 (Cumulative area) 
      Partial area ratio: 1046.76
      Required ratio: 2778.20 (Side area) 
      Cumulative area ratio: 1541.33
      Required ratio:    0.00 (Cumulative side area) 



Net: rst
  Pin:   hold2368/A (sky130_fd_sc_hd__dlygate4sd3_1)
    Layer: mcon
      Partial area ratio:    0.23
      Required ratio:    3.00 (Gate area) 
      Cumulative area ratio:    0.23
      Required ratio:    0.00 (Cumulative area) 

    Layer: met1
      Partial area ratio:    4.38
      Required ratio:    0.00 (Gate area) 
      Cumulative area ratio:    4.38
      Required ratio:    0.00 (Cumulative area) 
      Partial area ratio:   20.06
      Required ratio:  400.00 (Side area) 
      Cumulative area ratio:   20.06
      Required ratio:    0.00 (Cumulative side area) 

    Layer: via
      Partial area ratio:    0.36
      Required ratio:    6.00 (Gate area) 
      Cumulative area ratio:    0.59
      Required ratio:    0.00 (Cumulative area) 

    Layer: met2
      Partial area ratio:    1.46
      Required ratio:    0.00 (Gate area) 
      Cumulative area ratio:    5.84
      Required ratio:    0.00 (Cumulative area) 
      Partial area ratio:    5.00
      Required ratio:  400.00 (Side area) 
      Cumulative area ratio:   25.06
      Required ratio:    0.00 (Cumulative side area) 

    Layer: via2
      Partial area ratio:    0.32
      Required ratio:    6.00 (Gate area) 
      Cumulative area ratio:    0.90
      Required ratio:    0.00 (Cumulative area) 

    Layer: met3
      Partial area ratio:    0.99
      Required ratio:    0.00 (Gate area) 
      Cumulative area ratio:    6.83
      Required ratio:    0.00 (Cumulative area) 
      Partial area ratio:    9.02
      Required ratio:  400.00 (Side area) 
      Cumulative area ratio:   34.07
      Required ratio:    0.00 (Cumulative side area) 

    Layer: via3
      Partial area ratio:    0.32
      Required ratio:    6.00 (Gate area) 
      Cumulative area ratio:    1.22
      Required ratio:    0.00 (Cumulative area) 

    Layer: met4
      Partial area ratio:   11.05
      Required ratio:    0.00 (Gate area) 
      Cumulative area ratio:   17.88
      Required ratio:    0.00 (Cumulative area) 
      Partial area ratio:   29.97
      Required ratio:  400.00 (Side area) 
      Cumulative area ratio:   64.04
      Required ratio:    0.00 (Cumulative side area) 

    Layer: via4
      Partial area ratio:    5.08
      Required ratio:    6.00 (Gate area) 
      Cumulative area ratio:    6.30
      Required ratio:    0.00 (Cumulative area) 

    Layer: met5
      Partial area ratio: 1772.70
      Required ratio:    0.00 (Gate area) 
      Cumulative area ratio: 1790.58
      Required ratio:    0.00 (Cumulative area) 
      Partial area ratio: 2689.52
      Required ratio:  400.00 (Side area) (VIOLATED)
      Cumulative area ratio: 2753.56
      Required ratio:    0.00 (Cumulative side area) 



Net: u_wm0.u_dm.data_mem\[0\]\[20\]
  Pin:   _6145_/B1 (sky130_fd_sc_hd__o22a_2)
    Layer: mcon
      Partial area ratio:    0.12
      Required ratio:    3.00 (Gate area) 
      Cumulative area ratio:    0.12
      Required ratio:    0.00 (Cumulative area) 

    Layer: met1
      Partial area ratio:    3.57
      Required ratio:    0.00 (Gate area) 
      Cumulative area ratio:    3.57
      Required ratio:    0.00 (Cumulative area) 
      Partial area ratio:   17.09
      Required ratio:  400.00 (Side area) 
      Cumulative area ratio:   17.09
      Required ratio:    0.00 (Cumulative side area) 

    Layer: via
      Partial area ratio:    0.18
      Required ratio:    6.00 (Gate area) 
      Cumulative area ratio:    0.30
      Required ratio:    0.00 (Cumulative area) 

    Layer: met2
      Partial area ratio:    0.75
      Required ratio:    0.00 (Gate area) 
      Cumulative area ratio:    4.32
      Required ratio:    0.00 (Cumulative area) 
      Partial area ratio:    3.48
      Required ratio:  400.00 (Side area) 
      Cumulative area ratio:   20.57
      Required ratio:    0.00 (Cumulative side area) 

    Layer: via2
      Partial area ratio:    0.16
      Required ratio:    6.00 (Gate area) 
      Cumulative area ratio:    0.46
      Required ratio:    0.00 (Cumulative area) 

    Layer: met3
      Partial area ratio:  159.41
      Required ratio:    0.00 (Gate area) 
      Cumulative area ratio:  163.73
      Required ratio:    0.00 (Cumulative area) 
      Partial area ratio:  852.07
      Required ratio:  400.00 (Side area) (VIOLATED)
      Cumulative area ratio:  872.64
      Required ratio:    0.00 (Cumulative side area) 

    Layer: via3
      Partial area ratio:    0.16
      Required ratio:    6.00 (Gate area) 
      Cumulative area ratio:    0.62
      Required ratio:    0.00 (Cumulative area) 

    Layer: met4
      Partial area ratio:   50.52
      Required ratio:    0.00 (Gate area) 
      Cumulative area ratio:  214.25
      Required ratio:    0.00 (Cumulative area) 
      Partial area ratio:  271.94
      Required ratio: 2778.20 (Side area) 
      Cumulative area ratio: 1144.58
      Required ratio:    0.00 (Cumulative side area) 


  Pin:   hold2483/A (sky130_fd_sc_hd__dlygate4sd3_1)
    Layer: mcon
      Partial area ratio:    0.23
      Required ratio:    3.00 (Gate area) 
      Cumulative area ratio:    0.23
      Required ratio:    0.00 (Cumulative area) 

    Layer: met1
      Partial area ratio:   36.80
      Required ratio:    0.00 (Gate area) 
      Cumulative area ratio:   36.80
      Required ratio:    0.00 (Cumulative area) 
      Partial area ratio:  181.67
      Required ratio:  400.00 (Side area) 
      Cumulative area ratio:  181.67
      Required ratio:    0.00 (Cumulative side area) 

    Layer: via
      Partial area ratio:    0.54
      Required ratio:    6.00 (Gate area) 
      Cumulative area ratio:    0.77
      Required ratio:    0.00 (Cumulative area) 

    Layer: met2
      Partial area ratio:    2.30
      Required ratio:    0.00 (Gate area) 
      Cumulative area ratio:   39.10
      Required ratio:    0.00 (Cumulative area) 
      Partial area ratio:   10.44
      Required ratio:  400.00 (Side area) 
      Cumulative area ratio:  192.11
      Required ratio:    0.00 (Cumulative side area) 

    Layer: via2
      Partial area ratio:    0.63
      Required ratio:    6.00 (Gate area) 
      Cumulative area ratio:    1.40
      Required ratio:    0.00 (Cumulative area) 

    Layer: met3
      Partial area ratio:  332.43
      Required ratio:    0.00 (Gate area) 
      Cumulative area ratio:  371.54
      Required ratio:    0.00 (Cumulative area) 
      Partial area ratio: 1787.87
      Required ratio:  400.00 (Side area) (VIOLATED)
      Cumulative area ratio: 1979.98
      Required ratio:    0.00 (Cumulative side area) 

    Layer: via3
      Partial area ratio:    0.63
      Required ratio:    6.00 (Gate area) 
      Cumulative area ratio:    2.03
      Required ratio:    0.00 (Cumulative area) 

    Layer: met4
      Partial area ratio:   50.52
      Required ratio:    0.00 (Gate area) 
      Cumulative area ratio:  422.05
      Required ratio:    0.00 (Cumulative area) 
      Partial area ratio:  271.94
      Required ratio: 2778.20 (Side area) 
      Cumulative area ratio: 2251.92
      Required ratio:    0.00 (Cumulative side area) 



Net: u_wm0.u_dm.data_mem\[11\]\[14\]
  Pin:   _6464_/A2 (sky130_fd_sc_hd__o22a_2)
    Layer: mcon
      Partial area ratio:    0.12
      Required ratio:    3.00 (Gate area) 
      Cumulative area ratio:    0.12
      Required ratio:    0.00 (Cumulative area) 

    Layer: met1
      Partial area ratio:    2.59
      Required ratio:    0.00 (Gate area) 
      Cumulative area ratio:    2.59
      Required ratio:    0.00 (Cumulative area) 
      Partial area ratio:   12.20
      Required ratio:  400.00 (Side area) 
      Cumulative area ratio:   12.20
      Required ratio:    0.00 (Cumulative side area) 

    Layer: via
      Partial area ratio:    0.18
      Required ratio:    6.00 (Gate area) 
      Cumulative area ratio:    0.30
      Required ratio:    0.00 (Cumulative area) 

    Layer: met2
      Partial area ratio:    0.75
      Required ratio:    0.00 (Gate area) 
      Cumulative area ratio:    3.35
      Required ratio:    0.00 (Cumulative area) 
      Partial area ratio:    3.48
      Required ratio:  400.00 (Side area) 
      Cumulative area ratio:   15.68
      Required ratio:    0.00 (Cumulative side area) 

    Layer: via2
      Partial area ratio:    0.16
      Required ratio:    6.00 (Gate area) 
      Cumulative area ratio:    0.46
      Required ratio:    0.00 (Cumulative area) 

    Layer: met3
      Partial area ratio:    0.50
      Required ratio:    0.00 (Gate area) 
      Cumulative area ratio:    3.85
      Required ratio:    0.00 (Cumulative area) 
      Partial area ratio:    4.59
      Required ratio:  400.00 (Side area) 
      Cumulative area ratio:   20.27
      Required ratio:    0.00 (Cumulative side area) 

    Layer: via3
      Partial area ratio:    0.16
      Required ratio:    6.00 (Gate area) 
      Cumulative area ratio:    0.62
      Required ratio:    0.00 (Cumulative area) 

    Layer: met4
      Partial area ratio:   61.31
      Required ratio:    0.00 (Gate area) 
      Cumulative area ratio:   65.16
      Required ratio:    0.00 (Cumulative area) 
      Partial area ratio:  328.22
      Required ratio: 2778.20 (Side area) 
      Cumulative area ratio:  348.50
      Required ratio:    0.00 (Cumulative side area) 


  Pin:   hold2602/A (sky130_fd_sc_hd__dlygate4sd3_1)
    Layer: mcon
      Partial area ratio:    0.23
      Required ratio:    3.00 (Gate area) 
      Cumulative area ratio:    0.23
      Required ratio:    0.00 (Cumulative area) 

    Layer: met1
      Partial area ratio:    3.10
      Required ratio:    0.00 (Gate area) 
      Cumulative area ratio:    3.10
      Required ratio:    0.00 (Cumulative area) 
      Partial area ratio:   13.67
      Required ratio:  400.00 (Side area) 
      Cumulative area ratio:   13.67
      Required ratio:    0.00 (Cumulative side area) 

    Layer: via
      Partial area ratio:    0.36
      Required ratio:    6.00 (Gate area) 
      Cumulative area ratio:    0.59
      Required ratio:    0.00 (Cumulative area) 

    Layer: met2
      Partial area ratio:    1.46
      Required ratio:    0.00 (Gate area) 
      Cumulative area ratio:    4.56
      Required ratio:    0.00 (Cumulative area) 
      Partial area ratio:    5.00
      Required ratio:  400.00 (Side area) 
      Cumulative area ratio:   18.67
      Required ratio:    0.00 (Cumulative side area) 

    Layer: via2
      Partial area ratio:    0.32
      Required ratio:    6.00 (Gate area) 
      Cumulative area ratio:    0.90
      Required ratio:    0.00 (Cumulative area) 

    Layer: met3
      Partial area ratio:   83.13
      Required ratio:    0.00 (Gate area) 
      Cumulative area ratio:   87.69
      Required ratio:    0.00 (Cumulative area) 
      Partial area ratio:  447.05
      Required ratio:  400.00 (Side area) (VIOLATED)
      Cumulative area ratio:  465.71
      Required ratio:    0.00 (Cumulative side area) 

    Layer: via3
      Partial area ratio:    0.32
      Required ratio:    6.00 (Gate area) 
      Cumulative area ratio:    1.22
      Required ratio:    0.00 (Cumulative area) 

    Layer: met4
      Partial area ratio:   61.31
      Required ratio:    0.00 (Gate area) 
      Cumulative area ratio:  149.00
      Required ratio:    0.00 (Cumulative area) 
      Partial area ratio:  328.22
      Required ratio: 2778.20 (Side area) 
      Cumulative area ratio:  793.94
      Required ratio:    0.00 (Cumulative side area) 



Net: u_wm0.u_dm.data_mem\[12\]\[13\]
  Pin:   _5913_/B1 (sky130_fd_sc_hd__o22a_2)
    Layer: mcon
      Partial area ratio:    0.12
      Required ratio:    3.00 (Gate area) 
      Cumulative area ratio:    0.12
      Required ratio:    0.00 (Cumulative area) 

    Layer: met1
      Partial area ratio:    2.46
      Required ratio:    0.00 (Gate area) 
      Cumulative area ratio:    2.46
      Required ratio:    0.00 (Cumulative area) 
      Partial area ratio:   11.56
      Required ratio:  400.00 (Side area) 
      Cumulative area ratio:   11.56
      Required ratio:    0.00 (Cumulative side area) 

    Layer: via
      Partial area ratio:    0.18
      Required ratio:    6.00 (Gate area) 
      Cumulative area ratio:    0.30
      Required ratio:    0.00 (Cumulative area) 

    Layer: met2
      Partial area ratio:    0.75
      Required ratio:    0.00 (Gate area) 
      Cumulative area ratio:    3.22
      Required ratio:    0.00 (Cumulative area) 
      Partial area ratio:    3.48
      Required ratio:  400.00 (Side area) 
      Cumulative area ratio:   15.04
      Required ratio:    0.00 (Cumulative side area) 

    Layer: via2
      Partial area ratio:    0.16
      Required ratio:    6.00 (Gate area) 
      Cumulative area ratio:    0.46
      Required ratio:    0.00 (Cumulative area) 

    Layer: met3
      Partial area ratio:    0.50
      Required ratio:    0.00 (Gate area) 
      Cumulative area ratio:    3.72
      Required ratio:    0.00 (Cumulative area) 
      Partial area ratio:    4.59
      Required ratio:  400.00 (Side area) 
      Cumulative area ratio:   19.63
      Required ratio:    0.00 (Cumulative side area) 

    Layer: via3
      Partial area ratio:    0.16
      Required ratio:    6.00 (Gate area) 
      Cumulative area ratio:    0.62
      Required ratio:    0.00 (Cumulative area) 

    Layer: met4
      Partial area ratio:   50.52
      Required ratio:    0.00 (Gate area) 
      Cumulative area ratio:   54.24
      Required ratio:    0.00 (Cumulative area) 
      Partial area ratio:  271.94
      Required ratio: 2778.20 (Side area) 
      Cumulative area ratio:  291.56
      Required ratio:    0.00 (Cumulative side area) 


  Pin:   hold2707/A (sky130_fd_sc_hd__dlygate4sd3_1)
    Layer: mcon
      Partial area ratio:    0.23
      Required ratio:    3.00 (Gate area) 
      Cumulative area ratio:    0.23
      Required ratio:    0.00 (Cumulative area) 

    Layer: met1
      Partial area ratio:   20.57
      Required ratio:    0.00 (Gate area) 
      Cumulative area ratio:   20.57
      Required ratio:    0.00 (Cumulative area) 
      Partial area ratio:  101.39
      Required ratio:  400.00 (Side area) 
      Cumulative area ratio:  101.39
      Required ratio:    0.00 (Cumulative side area) 

    Layer: via
      Partial area ratio:    0.36
      Required ratio:    6.00 (Gate area) 
      Cumulative area ratio:    0.59
      Required ratio:    0.00 (Cumulative area) 

    Layer: met2
      Partial area ratio:    9.56
      Required ratio:    0.00 (Gate area) 
      Cumulative area ratio:   30.13
      Required ratio:    0.00 (Cumulative area) 
      Partial area ratio:   45.94
      Required ratio:  400.00 (Side area) 
      Cumulative area ratio:  147.33
      Required ratio:    0.00 (Cumulative side area) 

    Layer: via2
      Partial area ratio:    0.63
      Required ratio:    6.00 (Gate area) 
      Cumulative area ratio:    1.22
      Required ratio:    0.00 (Cumulative area) 

    Layer: met3
      Partial area ratio:  134.35
      Required ratio:    0.00 (Gate area) 
      Cumulative area ratio:  164.48
      Required ratio:    0.00 (Cumulative area) 
      Partial area ratio:  727.68
      Required ratio:  400.00 (Side area) (VIOLATED)
      Cumulative area ratio:  875.02
      Required ratio:    0.00 (Cumulative side area) 

    Layer: via3
      Partial area ratio:    0.63
      Required ratio:    6.00 (Gate area) 
      Cumulative area ratio:    1.86
      Required ratio:    0.00 (Cumulative area) 

    Layer: met4
      Partial area ratio:   50.52
      Required ratio:    0.00 (Gate area) 
      Cumulative area ratio:  215.00
      Required ratio:    0.00 (Cumulative area) 
      Partial area ratio:  271.94
      Required ratio: 2778.20 (Side area) 
      Cumulative area ratio: 1146.95
      Required ratio:    0.00 (Cumulative side area) 



Net: u_wm0.u_dm.data_mem\[13\]\[17\]
  Pin:   _6109_/B1 (sky130_fd_sc_hd__o22a_2)
    Layer: mcon
      Partial area ratio:    0.12
      Required ratio:    3.00 (Gate area) 
      Cumulative area ratio:    0.12
      Required ratio:    0.00 (Cumulative area) 

    Layer: met1
      Partial area ratio:    1.79
      Required ratio:    0.00 (Gate area) 
      Cumulative area ratio:    1.79
      Required ratio:    0.00 (Cumulative area) 
      Partial area ratio:    8.22
      Required ratio:  400.00 (Side area) 
      Cumulative area ratio:    8.22
      Required ratio:    0.00 (Cumulative side area) 

    Layer: via
      Partial area ratio:    0.18
      Required ratio:    6.00 (Gate area) 
      Cumulative area ratio:    0.30
      Required ratio:    0.00 (Cumulative area) 

    Layer: met2
      Partial area ratio:    3.40
      Required ratio:    0.00 (Gate area) 
      Cumulative area ratio:    5.20
      Required ratio:    0.00 (Cumulative area) 
      Partial area ratio:   16.50
      Required ratio:  400.00 (Side area) 
      Cumulative area ratio:   24.73
      Required ratio:    0.00 (Cumulative side area) 

    Layer: via2
      Partial area ratio:    0.11
      Required ratio:    6.00 (Gate area) 
      Cumulative area ratio:    0.41
      Required ratio:    0.00 (Cumulative area) 

    Layer: met3
      Partial area ratio:   83.78
      Required ratio:    0.00 (Gate area) 
      Cumulative area ratio:   88.98
      Required ratio:    0.00 (Cumulative area) 
      Partial area ratio:  449.35
      Required ratio:  400.00 (Side area) (VIOLATED)
      Cumulative area ratio:  474.08
      Required ratio:    0.00 (Cumulative side area) 

    Layer: via3
      Partial area ratio:    0.11
      Required ratio:    6.00 (Gate area) 
      Cumulative area ratio:    0.51
      Required ratio:    0.00 (Cumulative area) 

    Layer: met4
      Partial area ratio:   28.35
      Required ratio:    0.00 (Gate area) 
      Cumulative area ratio:  117.33
      Required ratio:    0.00 (Cumulative area) 
      Partial area ratio:  153.70
      Required ratio: 2778.20 (Side area) 
      Cumulative area ratio:  627.78
      Required ratio:    0.00 (Cumulative side area) 


  Pin:   hold2476/A (sky130_fd_sc_hd__dlygate4sd3_1)
    Layer: mcon
      Partial area ratio:    0.23
      Required ratio:    3.00 (Gate area) 
      Cumulative area ratio:    0.23
      Required ratio:    0.00 (Cumulative area) 

    Layer: met1
      Partial area ratio:    2.78
      Required ratio:    0.00 (Gate area) 
      Cumulative area ratio:    2.78
      Required ratio:    0.00 (Cumulative area) 
      Partial area ratio:   12.44
      Required ratio:  400.00 (Side area) 
      Cumulative area ratio:   12.44
      Required ratio:    0.00 (Cumulative side area) 

    Layer: via
      Partial area ratio:    0.36
      Required ratio:    6.00 (Gate area) 
      Cumulative area ratio:    0.59
      Required ratio:    0.00 (Cumulative area) 

    Layer: met2
      Partial area ratio:    3.40
      Required ratio:    0.00 (Gate area) 
      Cumulative area ratio:    6.19
      Required ratio:    0.00 (Cumulative area) 
      Partial area ratio:   16.50
      Required ratio:  400.00 (Side area) 
      Cumulative area ratio:   28.95
      Required ratio:    0.00 (Cumulative side area) 

    Layer: via2
      Partial area ratio:    0.11
      Required ratio:    6.00 (Gate area) 
      Cumulative area ratio:    0.69
      Required ratio:    0.00 (Cumulative area) 

    Layer: met3
      Partial area ratio:   83.78
      Required ratio:    0.00 (Gate area) 
      Cumulative area ratio:   89.97
      Required ratio:    0.00 (Cumulative area) 
      Partial area ratio:  449.35
      Required ratio:  400.00 (Side area) (VIOLATED)
      Cumulative area ratio:  478.30
      Required ratio:    0.00 (Cumulative side area) 

    Layer: via3
      Partial area ratio:    0.11
      Required ratio:    6.00 (Gate area) 
      Cumulative area ratio:    0.80
      Required ratio:    0.00 (Cumulative area) 

    Layer: met4
      Partial area ratio:   28.35
      Required ratio:    0.00 (Gate area) 
      Cumulative area ratio:  118.32
      Required ratio:    0.00 (Cumulative area) 
      Partial area ratio:  153.70
      Required ratio: 2778.20 (Side area) 
      Cumulative area ratio:  632.00
      Required ratio:    0.00 (Cumulative side area) 



Net: u_wm0.u_dm.data_mem\[14\]\[21\]
  Pin:   _5900_/A2 (sky130_fd_sc_hd__o22a_4)
    Layer: mcon
      Partial area ratio:    0.06
      Required ratio:    3.00 (Gate area) 
      Cumulative area ratio:    0.06
      Required ratio:    0.00 (Cumulative area) 

    Layer: met1
      Partial area ratio:    3.96
      Required ratio:    0.00 (Gate area) 
      Cumulative area ratio:    3.96
      Required ratio:    0.00 (Cumulative area) 
      Partial area ratio:   19.08
      Required ratio: 2778.20 (Side area) 
      Cumulative area ratio:   19.08
      Required ratio:    0.00 (Cumulative side area) 

    Layer: via
      Partial area ratio:    0.14
      Required ratio:   22.04 (Gate area) 
      Cumulative area ratio:    0.19
      Required ratio:    0.00 (Cumulative area) 

    Layer: met2
      Partial area ratio:    0.55
      Required ratio:    0.00 (Gate area) 
      Cumulative area ratio:    4.51
      Required ratio:    0.00 (Cumulative area) 
      Partial area ratio:    2.56
      Required ratio: 2778.20 (Side area) 
      Cumulative area ratio:   21.64
      Required ratio:    0.00 (Cumulative side area) 

    Layer: via2
      Partial area ratio:    0.08
      Required ratio:   22.04 (Gate area) 
      Cumulative area ratio:    0.28
      Required ratio:    0.00 (Cumulative area) 

    Layer: met3
      Partial area ratio:   17.22
      Required ratio:    0.00 (Gate area) 
      Cumulative area ratio:   21.73
      Required ratio:    0.00 (Cumulative area) 
      Partial area ratio:   93.72
      Required ratio: 2778.20 (Side area) 
      Cumulative area ratio:  115.36
      Required ratio:    0.00 (Cumulative side area) 

    Layer: via3
      Partial area ratio:    0.08
      Required ratio:   22.04 (Gate area) 
      Cumulative area ratio:    0.36
      Required ratio:    0.00 (Cumulative area) 

    Layer: met4
      Partial area ratio:    6.86
      Required ratio:    0.00 (Gate area) 
      Cumulative area ratio:   28.58
      Required ratio:    0.00 (Cumulative area) 
      Partial area ratio:   37.33
      Required ratio: 2778.20 (Side area) 
      Cumulative area ratio:  152.70
      Required ratio:    0.00 (Cumulative side area) 


  Pin:   hold2802/A (sky130_fd_sc_hd__dlygate4sd3_1)
    Layer: mcon
      Partial area ratio:    0.23
      Required ratio:    3.00 (Gate area) 
      Cumulative area ratio:    0.23
      Required ratio:    0.00 (Cumulative area) 

    Layer: met1
      Partial area ratio:    4.28
      Required ratio:    0.00 (Gate area) 
      Cumulative area ratio:    4.28
      Required ratio:    0.00 (Cumulative area) 
      Partial area ratio:   20.39
      Required ratio:  400.00 (Side area) 
      Cumulative area ratio:   20.39
      Required ratio:    0.00 (Cumulative side area) 

    Layer: via
      Partial area ratio:    0.36
      Required ratio:    6.00 (Gate area) 
      Cumulative area ratio:    0.59
      Required ratio:    0.00 (Cumulative area) 

    Layer: met2
      Partial area ratio:    1.48
      Required ratio:    0.00 (Gate area) 
      Cumulative area ratio:    5.76
      Required ratio:    0.00 (Cumulative area) 
      Partial area ratio:    6.83
      Required ratio:  400.00 (Side area) 
      Cumulative area ratio:   27.22
      Required ratio:    0.00 (Cumulative side area) 

    Layer: via2
      Partial area ratio:    0.32
      Required ratio:    6.00 (Gate area) 
      Cumulative area ratio:    0.90
      Required ratio:    0.00 (Cumulative area) 

    Layer: met3
      Partial area ratio:  215.50
      Required ratio:    0.00 (Gate area) 
      Cumulative area ratio:  221.26
      Required ratio:    0.00 (Cumulative area) 
      Partial area ratio: 1156.76
      Required ratio:  400.00 (Side area) (VIOLATED)
      Cumulative area ratio: 1183.98
      Required ratio:    0.00 (Cumulative side area) 

    Layer: via3
      Partial area ratio:    0.32
      Required ratio:    6.00 (Gate area) 
      Cumulative area ratio:    1.22
      Required ratio:    0.00 (Cumulative area) 

    Layer: met4
      Partial area ratio:    6.86
      Required ratio:    0.00 (Gate area) 
      Cumulative area ratio:  228.12
      Required ratio:    0.00 (Cumulative area) 
      Partial area ratio:   37.33
      Required ratio: 2778.20 (Side area) 
      Cumulative area ratio: 1221.32
      Required ratio:    0.00 (Cumulative side area) 



Net: u_wm0.u_dm.data_mem\[1\]\[17\]
  Pin:   _6098_/A2 (sky130_fd_sc_hd__o22a_2)
    Layer: mcon
      Partial area ratio:    0.12
      Required ratio:    3.00 (Gate area) 
      Cumulative area ratio:    0.12
      Required ratio:    0.00 (Cumulative area) 

    Layer: met1
      Partial area ratio:    3.21
      Required ratio:    0.00 (Gate area) 
      Cumulative area ratio:    3.21
      Required ratio:    0.00 (Cumulative area) 
      Partial area ratio:   15.32
      Required ratio:  400.00 (Side area) 
      Cumulative area ratio:   15.32
      Required ratio:    0.00 (Cumulative side area) 

    Layer: via
      Partial area ratio:    0.18
      Required ratio:    6.00 (Gate area) 
      Cumulative area ratio:    0.30
      Required ratio:    0.00 (Cumulative area) 

    Layer: met2
      Partial area ratio:    4.80
      Required ratio:    0.00 (Gate area) 
      Cumulative area ratio:    8.01
      Required ratio:    0.00 (Cumulative area) 
      Partial area ratio:   23.26
      Required ratio:  400.00 (Side area) 
      Cumulative area ratio:   38.58
      Required ratio:    0.00 (Cumulative side area) 

    Layer: via2
      Partial area ratio:    0.16
      Required ratio:    6.00 (Gate area) 
      Cumulative area ratio:    0.46
      Required ratio:    0.00 (Cumulative area) 

    Layer: met3
      Partial area ratio:  111.81
      Required ratio:    0.00 (Gate area) 
      Cumulative area ratio:  119.82
      Required ratio:    0.00 (Cumulative area) 
      Partial area ratio:  600.10
      Required ratio:  400.00 (Side area) (VIOLATED)
      Cumulative area ratio:  638.67
      Required ratio:    0.00 (Cumulative side area) 

    Layer: via3
      Partial area ratio:    0.11
      Required ratio:    6.00 (Gate area) 
      Cumulative area ratio:    0.57
      Required ratio:    0.00 (Cumulative area) 

    Layer: met4
      Partial area ratio:   53.61
      Required ratio:    0.00 (Gate area) 
      Cumulative area ratio:  173.43
      Required ratio:    0.00 (Cumulative area) 
      Partial area ratio:  277.40
      Required ratio:  400.00 (Side area) 
      Cumulative area ratio:  916.07
      Required ratio:    0.00 (Cumulative side area) 

    Layer: via4
      Partial area ratio:    1.71
      Required ratio:    6.00 (Gate area) 
      Cumulative area ratio:    2.28
      Required ratio:    0.00 (Cumulative area) 

    Layer: met5
      Partial area ratio:  154.65
      Required ratio:    0.00 (Gate area) 
      Cumulative area ratio:  328.08
      Required ratio:    0.00 (Cumulative area) 
      Partial area ratio:  242.25
      Required ratio: 2778.20 (Side area) 
      Cumulative area ratio: 1158.32
      Required ratio:    0.00 (Cumulative side area) 


  Pin:   hold2761/A (sky130_fd_sc_hd__dlygate4sd3_1)
    Layer: mcon
      Partial area ratio:    0.23
      Required ratio:    3.00 (Gate area) 
      Cumulative area ratio:    0.23
      Required ratio:    0.00 (Cumulative area) 

    Layer: met1
      Partial area ratio:   26.47
      Required ratio:    0.00 (Gate area) 
      Cumulative area ratio:   26.47
      Required ratio:    0.00 (Cumulative area) 
      Partial area ratio:  130.00
      Required ratio:  400.00 (Side area) 
      Cumulative area ratio:  130.00
      Required ratio:    0.00 (Cumulative side area) 

    Layer: via
      Partial area ratio:    0.54
      Required ratio:    6.00 (Gate area) 
      Cumulative area ratio:    0.77
      Required ratio:    0.00 (Cumulative area) 

    Layer: met2
      Partial area ratio:    2.30
      Required ratio:    0.00 (Gate area) 
      Cumulative area ratio:   28.77
      Required ratio:    0.00 (Cumulative area) 
      Partial area ratio:   10.44
      Required ratio:  400.00 (Side area) 
      Cumulative area ratio:  140.44
      Required ratio:    0.00 (Cumulative side area) 

    Layer: via2
      Partial area ratio:    0.63
      Required ratio:    6.00 (Gate area) 
      Cumulative area ratio:    1.40
      Required ratio:    0.00 (Cumulative area) 

    Layer: met3
      Partial area ratio:  111.81
      Required ratio:    0.00 (Gate area) 
      Cumulative area ratio:  140.58
      Required ratio:    0.00 (Cumulative area) 
      Partial area ratio:  600.10
      Required ratio:  400.00 (Side area) (VIOLATED)
      Cumulative area ratio:  740.54
      Required ratio:    0.00 (Cumulative side area) 

    Layer: via3
      Partial area ratio:    0.11
      Required ratio:    6.00 (Gate area) 
      Cumulative area ratio:    1.51
      Required ratio:    0.00 (Cumulative area) 

    Layer: met4
      Partial area ratio:   53.61
      Required ratio:    0.00 (Gate area) 
      Cumulative area ratio:  194.19
      Required ratio:    0.00 (Cumulative area) 
      Partial area ratio:  277.40
      Required ratio:  400.00 (Side area) 
      Cumulative area ratio: 1017.94
      Required ratio:    0.00 (Cumulative side area) 

    Layer: via4
      Partial area ratio:    1.71
      Required ratio:    6.00 (Gate area) 
      Cumulative area ratio:    3.22
      Required ratio:    0.00 (Cumulative area) 

    Layer: met5
      Partial area ratio:  154.65
      Required ratio:    0.00 (Gate area) 
      Cumulative area ratio:  348.84
      Required ratio:    0.00 (Cumulative area) 
      Partial area ratio:  242.25
      Required ratio: 2778.20 (Side area) 
      Cumulative area ratio: 1260.19
      Required ratio:    0.00 (Cumulative side area) 



Net: u_wm0.u_dm.data_mem\[1\]\[21\]
  Pin:   _5893_/A2 (sky130_fd_sc_hd__o22a_2)
    Layer: mcon
      Partial area ratio:    0.12
      Required ratio:    3.00 (Gate area) 
      Cumulative area ratio:    0.12
      Required ratio:    0.00 (Cumulative area) 

    Layer: met1
      Partial area ratio:    1.20
      Required ratio:    0.00 (Gate area) 
      Cumulative area ratio:    1.20
      Required ratio:    0.00 (Cumulative area) 
      Partial area ratio:    4.96
      Required ratio:  400.00 (Side area) 
      Cumulative area ratio:    4.96
      Required ratio:    0.00 (Cumulative side area) 

    Layer: via
      Partial area ratio:    0.18
      Required ratio:    6.00 (Gate area) 
      Cumulative area ratio:    0.30
      Required ratio:    0.00 (Cumulative area) 

    Layer: met2
      Partial area ratio:    0.75
      Required ratio:    0.00 (Gate area) 
      Cumulative area ratio:    1.96
      Required ratio:    0.00 (Cumulative area) 
      Partial area ratio:    3.48
      Required ratio:  400.00 (Side area) 
      Cumulative area ratio:    8.44
      Required ratio:    0.00 (Cumulative side area) 

    Layer: via2
      Partial area ratio:    0.16
      Required ratio:    6.00 (Gate area) 
      Cumulative area ratio:    0.46
      Required ratio:    0.00 (Cumulative area) 

    Layer: met3
      Partial area ratio:    0.50
      Required ratio:    0.00 (Gate area) 
      Cumulative area ratio:    2.46
      Required ratio:    0.00 (Cumulative area) 
      Partial area ratio:    4.59
      Required ratio:  400.00 (Side area) 
      Cumulative area ratio:   13.03
      Required ratio:    0.00 (Cumulative side area) 

    Layer: via3
      Partial area ratio:    0.16
      Required ratio:    6.00 (Gate area) 
      Cumulative area ratio:    0.62
      Required ratio:    0.00 (Cumulative area) 

    Layer: met4
      Partial area ratio:  122.88
      Required ratio:    0.00 (Gate area) 
      Cumulative area ratio:  125.34
      Required ratio:    0.00 (Cumulative area) 
      Partial area ratio:  659.15
      Required ratio: 2778.20 (Side area) 
      Cumulative area ratio:  672.18
      Required ratio:    0.00 (Cumulative side area) 


  Pin:   hold2569/A (sky130_fd_sc_hd__dlygate4sd3_1)
    Layer: mcon
      Partial area ratio:    0.23
      Required ratio:    3.00 (Gate area) 
      Cumulative area ratio:    0.23
      Required ratio:    0.00 (Cumulative area) 

    Layer: met1
      Partial area ratio:   20.43
      Required ratio:    0.00 (Gate area) 
      Cumulative area ratio:   20.43
      Required ratio:    0.00 (Cumulative area) 
      Partial area ratio:   99.83
      Required ratio:  400.00 (Side area) 
      Cumulative area ratio:   99.83
      Required ratio:    0.00 (Cumulative side area) 

    Layer: via
      Partial area ratio:    0.54
      Required ratio:    6.00 (Gate area) 
      Cumulative area ratio:    0.77
      Required ratio:    0.00 (Cumulative area) 

    Layer: met2
      Partial area ratio:    2.30
      Required ratio:    0.00 (Gate area) 
      Cumulative area ratio:   22.74
      Required ratio:    0.00 (Cumulative area) 
      Partial area ratio:   10.44
      Required ratio:  400.00 (Side area) 
      Cumulative area ratio:  110.28
      Required ratio:    0.00 (Cumulative side area) 

    Layer: via2
      Partial area ratio:    0.63
      Required ratio:    6.00 (Gate area) 
      Cumulative area ratio:    1.40
      Required ratio:    0.00 (Cumulative area) 

    Layer: met3
      Partial area ratio:  315.06
      Required ratio:    0.00 (Gate area) 
      Cumulative area ratio:  337.80
      Required ratio:    0.00 (Cumulative area) 
      Partial area ratio: 1691.49
      Required ratio:  400.00 (Side area) (VIOLATED)
      Cumulative area ratio: 1801.77
      Required ratio:    0.00 (Cumulative side area) 

    Layer: via3
      Partial area ratio:    0.63
      Required ratio:    6.00 (Gate area) 
      Cumulative area ratio:    2.03
      Required ratio:    0.00 (Cumulative area) 

    Layer: met4
      Partial area ratio:  122.88
      Required ratio:    0.00 (Gate area) 
      Cumulative area ratio:  460.68
      Required ratio:    0.00 (Cumulative area) 
      Partial area ratio:  659.15
      Required ratio: 2778.20 (Side area) 
      Cumulative area ratio: 2460.92
      Required ratio:    0.00 (Cumulative side area) 



Net: u_wm0.u_dm.data_mem\[2\]\[17\]
  Pin:   _6099_/A1 (sky130_fd_sc_hd__o221a_2)
    Layer: mcon
      Partial area ratio:    0.12
      Required ratio:    3.00 (Gate area) 
      Cumulative area ratio:    0.12
      Required ratio:    0.00 (Cumulative area) 

    Layer: met1
      Partial area ratio:    2.09
      Required ratio:    0.00 (Gate area) 
      Cumulative area ratio:    2.09
      Required ratio:    0.00 (Cumulative area) 
      Partial area ratio:    9.70
      Required ratio:  400.00 (Side area) 
      Cumulative area ratio:    9.70
      Required ratio:    0.00 (Cumulative side area) 

    Layer: via
      Partial area ratio:    0.18
      Required ratio:    6.00 (Gate area) 
      Cumulative area ratio:    0.30
      Required ratio:    0.00 (Cumulative area) 

    Layer: met2
      Partial area ratio:    4.80
      Required ratio:    0.00 (Gate area) 
      Cumulative area ratio:    6.89
      Required ratio:    0.00 (Cumulative area) 
      Partial area ratio:   23.26
      Required ratio:  400.00 (Side area) 
      Cumulative area ratio:   32.96
      Required ratio:    0.00 (Cumulative side area) 

    Layer: via2
      Partial area ratio:    0.16
      Required ratio:    6.00 (Gate area) 
      Cumulative area ratio:    0.46
      Required ratio:    0.00 (Cumulative area) 

    Layer: met3
      Partial area ratio:   17.24
      Required ratio:    0.00 (Gate area) 
      Cumulative area ratio:   24.13
      Required ratio:    0.00 (Cumulative area) 
      Partial area ratio:   93.80
      Required ratio: 2778.20 (Side area) 
      Cumulative area ratio:  126.77
      Required ratio:    0.00 (Cumulative side area) 

    Layer: via3
      Partial area ratio:    0.16
      Required ratio:   22.04 (Gate area) 
      Cumulative area ratio:    0.62
      Required ratio:    0.00 (Cumulative area) 

    Layer: met4
      Partial area ratio:   67.14
      Required ratio:    0.00 (Gate area) 
      Cumulative area ratio:   91.27
      Required ratio:    0.00 (Cumulative area) 
      Partial area ratio:  360.61
      Required ratio: 2778.20 (Side area) 
      Cumulative area ratio:  487.38
      Required ratio:    0.00 (Cumulative side area) 


  Pin:   hold2699/A (sky130_fd_sc_hd__dlygate4sd3_1)
    Layer: mcon
      Partial area ratio:    0.23
      Required ratio:    3.00 (Gate area) 
      Cumulative area ratio:    0.23
      Required ratio:    0.00 (Cumulative area) 

    Layer: met1
      Partial area ratio:    6.44
      Required ratio:    0.00 (Gate area) 
      Cumulative area ratio:    6.44
      Required ratio:    0.00 (Cumulative area) 
      Partial area ratio:   30.72
      Required ratio:  400.00 (Side area) 
      Cumulative area ratio:   30.72
      Required ratio:    0.00 (Cumulative side area) 

    Layer: via
      Partial area ratio:    0.36
      Required ratio:    6.00 (Gate area) 
      Cumulative area ratio:    0.59
      Required ratio:    0.00 (Cumulative area) 

    Layer: met2
      Partial area ratio:    1.48
      Required ratio:    0.00 (Gate area) 
      Cumulative area ratio:    7.92
      Required ratio:    0.00 (Cumulative area) 
      Partial area ratio:    6.83
      Required ratio:  400.00 (Side area) 
      Cumulative area ratio:   37.56
      Required ratio:    0.00 (Cumulative side area) 

    Layer: via2
      Partial area ratio:    0.32
      Required ratio:    6.00 (Gate area) 
      Cumulative area ratio:    0.90
      Required ratio:    0.00 (Cumulative area) 

    Layer: met3
      Partial area ratio:   83.13
      Required ratio:    0.00 (Gate area) 
      Cumulative area ratio:   91.05
      Required ratio:    0.00 (Cumulative area) 
      Partial area ratio:  447.05
      Required ratio:  400.00 (Side area) (VIOLATED)
      Cumulative area ratio:  484.60
      Required ratio:    0.00 (Cumulative side area) 

    Layer: via3
      Partial area ratio:    0.32
      Required ratio:    6.00 (Gate area) 
      Cumulative area ratio:    1.22
      Required ratio:    0.00 (Cumulative area) 

    Layer: met4
      Partial area ratio:   67.14
      Required ratio:    0.00 (Gate area) 
      Cumulative area ratio:  158.19
      Required ratio:    0.00 (Cumulative area) 
      Partial area ratio:  360.61
      Required ratio: 2778.20 (Side area) 
      Cumulative area ratio:  845.21
      Required ratio:    0.00 (Cumulative side area) 



Net: u_wm0.u_dm.data_mem\[2\]\[18\]
  Pin:   _6118_/A1 (sky130_fd_sc_hd__o221a_2)
    Layer: mcon
      Partial area ratio:    0.12
      Required ratio:    3.00 (Gate area) 
      Cumulative area ratio:    0.12
      Required ratio:    0.00 (Cumulative area) 

    Layer: met1
      Partial area ratio:    4.32
      Required ratio:    0.00 (Gate area) 
      Cumulative area ratio:    4.32
      Required ratio:    0.00 (Cumulative area) 
      Partial area ratio:   20.87
      Required ratio:  400.00 (Side area) 
      Cumulative area ratio:   20.87
      Required ratio:    0.00 (Cumulative side area) 

    Layer: via
      Partial area ratio:    0.18
      Required ratio:    6.00 (Gate area) 
      Cumulative area ratio:    0.30
      Required ratio:    0.00 (Cumulative area) 

    Layer: met2
      Partial area ratio:    4.80
      Required ratio:    0.00 (Gate area) 
      Cumulative area ratio:    9.12
      Required ratio:    0.00 (Cumulative area) 
      Partial area ratio:   23.26
      Required ratio: 2778.20 (Side area) 
      Cumulative area ratio:   44.14
      Required ratio:    0.00 (Cumulative side area) 

    Layer: via2
      Partial area ratio:    0.16
      Required ratio:   22.04 (Gate area) 
      Cumulative area ratio:    0.46
      Required ratio:    0.00 (Cumulative area) 

    Layer: met3
      Partial area ratio:   17.23
      Required ratio:    0.00 (Gate area) 
      Cumulative area ratio:   26.35
      Required ratio:    0.00 (Cumulative area) 
      Partial area ratio:   93.77
      Required ratio: 2778.20 (Side area) 
      Cumulative area ratio:  137.91
      Required ratio:    0.00 (Cumulative side area) 

    Layer: via3
      Partial area ratio:    0.16
      Required ratio:   22.04 (Gate area) 
      Cumulative area ratio:    0.62
      Required ratio:    0.00 (Cumulative area) 

    Layer: met4
      Partial area ratio:   30.24
      Required ratio:    0.00 (Gate area) 
      Cumulative area ratio:   56.59
      Required ratio:    0.00 (Cumulative area) 
      Partial area ratio:  146.52
      Required ratio: 2778.20 (Side area) 
      Cumulative area ratio:  284.43
      Required ratio:    0.00 (Cumulative side area) 

    Layer: via4
      Partial area ratio:    2.59
      Required ratio:   22.04 (Gate area) 
      Cumulative area ratio:    3.21
      Required ratio:    0.00 (Cumulative area) 

    Layer: met5
      Partial area ratio:  391.11
      Required ratio:    0.00 (Gate area) 
      Cumulative area ratio:  447.70
      Required ratio:    0.00 (Cumulative area) 
      Partial area ratio:  596.95
      Required ratio: 2778.20 (Side area) 
      Cumulative area ratio:  881.37
      Required ratio:    0.00 (Cumulative side area) 


  Pin:   hold2685/A (sky130_fd_sc_hd__dlygate4sd3_1)
    Layer: mcon
      Partial area ratio:    0.23
      Required ratio:    3.00 (Gate area) 
      Cumulative area ratio:    0.23
      Required ratio:    0.00 (Cumulative area) 

    Layer: met1
      Partial area ratio:    5.88
      Required ratio:    0.00 (Gate area) 
      Cumulative area ratio:    5.88
      Required ratio:    0.00 (Cumulative area) 
      Partial area ratio:   27.94
      Required ratio:  400.00 (Side area) 
      Cumulative area ratio:   27.94
      Required ratio:    0.00 (Cumulative side area) 

    Layer: via
      Partial area ratio:    0.36
      Required ratio:    6.00 (Gate area) 
      Cumulative area ratio:    0.59
      Required ratio:    0.00 (Cumulative area) 

    Layer: met2
      Partial area ratio:   24.76
      Required ratio:    0.00 (Gate area) 
      Cumulative area ratio:   30.64
      Required ratio:    0.00 (Cumulative area) 
      Partial area ratio:  122.36
      Required ratio:  400.00 (Side area) 
      Cumulative area ratio:  150.31
      Required ratio:    0.00 (Cumulative side area) 

    Layer: via2
      Partial area ratio:    0.32
      Required ratio:    6.00 (Gate area) 
      Cumulative area ratio:    0.90
      Required ratio:    0.00 (Cumulative area) 

    Layer: met3
      Partial area ratio:   17.41
      Required ratio:    0.00 (Gate area) 
      Cumulative area ratio:   48.06
      Required ratio:    0.00 (Cumulative area) 
      Partial area ratio:   96.57
      Required ratio:  400.00 (Side area) 
      Cumulative area ratio:  246.88
      Required ratio:    0.00 (Cumulative side area) 

    Layer: via3
      Partial area ratio:    0.32
      Required ratio:    6.00 (Gate area) 
      Cumulative area ratio:    1.22
      Required ratio:    0.00 (Cumulative area) 

    Layer: met4
      Partial area ratio:  125.12
      Required ratio:    0.00 (Gate area) 
      Cumulative area ratio:  173.17
      Required ratio:    0.00 (Cumulative area) 
      Partial area ratio:  638.29
      Required ratio:  400.00 (Side area) (VIOLATED)
      Cumulative area ratio:  885.16
      Required ratio:    0.00 (Cumulative side area) 

    Layer: via4
      Partial area ratio:    5.08
      Required ratio:    6.00 (Gate area) 
      Cumulative area ratio:    6.30
      Required ratio:    0.00 (Cumulative area) 

    Layer: met5
      Partial area ratio:  391.11
      Required ratio:    0.00 (Gate area) 
      Cumulative area ratio:  564.28
      Required ratio:    0.00 (Cumulative area) 
      Partial area ratio:  596.95
      Required ratio: 2778.20 (Side area) 
      Cumulative area ratio: 1482.11
      Required ratio:    0.00 (Cumulative side area) 



Net: u_wm0.u_dm.data_mem\[2\]\[20\]
  Pin:   _6146_/A1 (sky130_fd_sc_hd__o221a_2)
    Layer: mcon
      Partial area ratio:    0.12
      Required ratio:    3.00 (Gate area) 
      Cumulative area ratio:    0.12
      Required ratio:    0.00 (Cumulative area) 

    Layer: met1
      Partial area ratio:    7.91
      Required ratio:    0.00 (Gate area) 
      Cumulative area ratio:    7.91
      Required ratio:    0.00 (Cumulative area) 
      Partial area ratio:   38.11
      Required ratio: 2778.20 (Side area) 
      Cumulative area ratio:   38.11
      Required ratio:    0.00 (Cumulative side area) 

    Layer: via
      Partial area ratio:    0.27
      Required ratio:   22.04 (Gate area) 
      Cumulative area ratio:    0.39
      Required ratio:    0.00 (Cumulative area) 

    Layer: met2
      Partial area ratio:    1.09
      Required ratio:    0.00 (Gate area) 
      Cumulative area ratio:    9.00
      Required ratio:    0.00 (Cumulative area) 
      Partial area ratio:    5.12
      Required ratio: 2778.20 (Side area) 
      Cumulative area ratio:   43.22
      Required ratio:    0.00 (Cumulative side area) 

    Layer: via2
      Partial area ratio:    0.16
      Required ratio:   22.04 (Gate area) 
      Cumulative area ratio:    0.55
      Required ratio:    0.00 (Cumulative area) 

    Layer: met3
      Partial area ratio:    0.50
      Required ratio:    0.00 (Gate area) 
      Cumulative area ratio:    9.51
      Required ratio:    0.00 (Cumulative area) 
      Partial area ratio:    4.59
      Required ratio: 2778.20 (Side area) 
      Cumulative area ratio:   47.81
      Required ratio:    0.00 (Cumulative side area) 

    Layer: via3
      Partial area ratio:    0.16
      Required ratio:   22.04 (Gate area) 
      Cumulative area ratio:    0.71
      Required ratio:    0.00 (Cumulative area) 

    Layer: met4
      Partial area ratio:   28.03
      Required ratio:    0.00 (Gate area) 
      Cumulative area ratio:   37.54
      Required ratio:    0.00 (Cumulative area) 
      Partial area ratio:  150.75
      Required ratio: 2778.20 (Side area) 
      Cumulative area ratio:  198.56
      Required ratio:    0.00 (Cumulative side area) 


  Pin:   hold2633/A (sky130_fd_sc_hd__dlygate4sd3_1)
    Layer: mcon
      Partial area ratio:    0.23
      Required ratio:    3.00 (Gate area) 
      Cumulative area ratio:    0.23
      Required ratio:    0.00 (Cumulative area) 

    Layer: met1
      Partial area ratio:    2.77
      Required ratio:    0.00 (Gate area) 
      Cumulative area ratio:    2.77
      Required ratio:    0.00 (Cumulative area) 
      Partial area ratio:   12.00
      Required ratio:  400.00 (Side area) 
      Cumulative area ratio:   12.00
      Required ratio:    0.00 (Cumulative side area) 

    Layer: via
      Partial area ratio:    0.36
      Required ratio:    6.00 (Gate area) 
      Cumulative area ratio:    0.59
      Required ratio:    0.00 (Cumulative area) 

    Layer: met2
      Partial area ratio:    1.46
      Required ratio:    0.00 (Gate area) 
      Cumulative area ratio:    4.23
      Required ratio:    0.00 (Cumulative area) 
      Partial area ratio:    5.00
      Required ratio:  400.00 (Side area) 
      Cumulative area ratio:   17.00
      Required ratio:    0.00 (Cumulative side area) 

    Layer: via2
      Partial area ratio:    0.32
      Required ratio:    6.00 (Gate area) 
      Cumulative area ratio:    0.90
      Required ratio:    0.00 (Cumulative area) 

    Layer: met3
      Partial area ratio:  329.56
      Required ratio:    0.00 (Gate area) 
      Cumulative area ratio:  333.78
      Required ratio:    0.00 (Cumulative area) 
      Partial area ratio: 1761.33
      Required ratio:  400.00 (Side area) (VIOLATED)
      Cumulative area ratio: 1778.33
      Required ratio:    0.00 (Cumulative side area) 

    Layer: via3
      Partial area ratio:    0.32
      Required ratio:    6.00 (Gate area) 
      Cumulative area ratio:    1.22
      Required ratio:    0.00 (Cumulative area) 

    Layer: met4
      Partial area ratio:   28.03
      Required ratio:    0.00 (Gate area) 
      Cumulative area ratio:  361.81
      Required ratio:    0.00 (Cumulative area) 
      Partial area ratio:  150.75
      Required ratio: 2778.20 (Side area) 
      Cumulative area ratio: 1929.08
      Required ratio:    0.00 (Cumulative side area) 



Net: u_wm0.u_dm.data_mem\[3\]\[20\]
  Pin:   _6146_/B2 (sky130_fd_sc_hd__o221a_2)
    Layer: mcon
      Partial area ratio:    0.12
      Required ratio:    3.00 (Gate area) 
      Cumulative area ratio:    0.12
      Required ratio:    0.00 (Cumulative area) 

    Layer: met1
      Partial area ratio:   10.48
      Required ratio:    0.00 (Gate area) 
      Cumulative area ratio:   10.48
      Required ratio:    0.00 (Cumulative area) 
      Partial area ratio:   51.64
      Required ratio:  400.00 (Side area) 
      Cumulative area ratio:   51.64
      Required ratio:    0.00 (Cumulative side area) 

    Layer: via
      Partial area ratio:    0.18
      Required ratio:    6.00 (Gate area) 
      Cumulative area ratio:    0.30
      Required ratio:    0.00 (Cumulative area) 

    Layer: met2
      Partial area ratio:    5.13
      Required ratio:    0.00 (Gate area) 
      Cumulative area ratio:   15.61
      Required ratio:    0.00 (Cumulative area) 
      Partial area ratio:   24.90
      Required ratio: 2778.20 (Side area) 
      Cumulative area ratio:   76.55
      Required ratio:    0.00 (Cumulative side area) 

    Layer: via2
      Partial area ratio:    0.16
      Required ratio:   22.04 (Gate area) 
      Cumulative area ratio:    0.46
      Required ratio:    0.00 (Cumulative area) 

    Layer: met3
      Partial area ratio:    0.50
      Required ratio:    0.00 (Gate area) 
      Cumulative area ratio:   16.12
      Required ratio:    0.00 (Cumulative area) 
      Partial area ratio:    4.59
      Required ratio: 2778.20 (Side area) 
      Cumulative area ratio:   81.14
      Required ratio:    0.00 (Cumulative side area) 

    Layer: via3
      Partial area ratio:    0.16
      Required ratio:   22.04 (Gate area) 
      Cumulative area ratio:    0.62
      Required ratio:    0.00 (Cumulative area) 

    Layer: met4
      Partial area ratio:   22.49
      Required ratio:    0.00 (Gate area) 
      Cumulative area ratio:   38.61
      Required ratio:    0.00 (Cumulative area) 
      Partial area ratio:  121.19
      Required ratio: 2778.20 (Side area) 
      Cumulative area ratio:  202.33
      Required ratio:    0.00 (Cumulative side area) 


  Pin:   hold2630/A (sky130_fd_sc_hd__dlygate4sd3_1)
    Layer: mcon
      Partial area ratio:    0.23
      Required ratio:    3.00 (Gate area) 
      Cumulative area ratio:    0.23
      Required ratio:    0.00 (Cumulative area) 

    Layer: met1
      Partial area ratio:    6.36
      Required ratio:    0.00 (Gate area) 
      Cumulative area ratio:    6.36
      Required ratio:    0.00 (Cumulative area) 
      Partial area ratio:   30.33
      Required ratio:  400.00 (Side area) 
      Cumulative area ratio:   30.33
      Required ratio:    0.00 (Cumulative side area) 

    Layer: via
      Partial area ratio:    0.36
      Required ratio:    6.00 (Gate area) 
      Cumulative area ratio:    0.59
      Required ratio:    0.00 (Cumulative area) 

    Layer: met2
      Partial area ratio:   25.72
      Required ratio:    0.00 (Gate area) 
      Cumulative area ratio:   32.09
      Required ratio:    0.00 (Cumulative area) 
      Partial area ratio:  126.25
      Required ratio:  400.00 (Side area) 
      Cumulative area ratio:  156.58
      Required ratio:    0.00 (Cumulative side area) 

    Layer: via2
      Partial area ratio:    0.32
      Required ratio:    6.00 (Gate area) 
      Cumulative area ratio:    0.90
      Required ratio:    0.00 (Cumulative area) 

    Layer: met3
      Partial area ratio:  248.36
      Required ratio:    0.00 (Gate area) 
      Cumulative area ratio:  280.44
      Required ratio:    0.00 (Cumulative area) 
      Partial area ratio: 1332.00
      Required ratio:  400.00 (Side area) (VIOLATED)
      Cumulative area ratio: 1488.58
      Required ratio:    0.00 (Cumulative side area) 

    Layer: via3
      Partial area ratio:    0.32
      Required ratio:    6.00 (Gate area) 
      Cumulative area ratio:    1.22
      Required ratio:    0.00 (Cumulative area) 

    Layer: met4
      Partial area ratio:   22.49
      Required ratio:    0.00 (Gate area) 
      Cumulative area ratio:  302.93
      Required ratio:    0.00 (Cumulative area) 
      Partial area ratio:  121.19
      Required ratio: 2778.20 (Side area) 
      Cumulative area ratio: 1609.77
      Required ratio:    0.00 (Cumulative side area) 



Net: u_wm0.u_dm.data_mem\[3\]\[21\]
  Pin:   _5894_/B2 (sky130_fd_sc_hd__o221a_2)
    Layer: mcon
      Partial area ratio:    0.12
      Required ratio:    3.00 (Gate area) 
      Cumulative area ratio:    0.12
      Required ratio:    0.00 (Cumulative area) 

    Layer: met1
      Partial area ratio:    3.57
      Required ratio:    0.00 (Gate area) 
      Cumulative area ratio:    3.57
      Required ratio:    0.00 (Cumulative area) 
      Partial area ratio:   15.85
      Required ratio: 2778.20 (Side area) 
      Cumulative area ratio:   15.85
      Required ratio:    0.00 (Cumulative side area) 

    Layer: via
      Partial area ratio:    0.21
      Required ratio:   22.04 (Gate area) 
      Cumulative area ratio:    0.33
      Required ratio:    0.00 (Cumulative area) 

    Layer: met2
      Partial area ratio:    0.82
      Required ratio:    0.00 (Gate area) 
      Cumulative area ratio:    4.39
      Required ratio:    0.00 (Cumulative area) 
      Partial area ratio:    3.63
      Required ratio: 2778.20 (Side area) 
      Cumulative area ratio:   19.48
      Required ratio:    0.00 (Cumulative side area) 

    Layer: via2
      Partial area ratio:    0.16
      Required ratio:   22.04 (Gate area) 
      Cumulative area ratio:    0.49
      Required ratio:    0.00 (Cumulative area) 

    Layer: met3
      Partial area ratio:    0.50
      Required ratio:    0.00 (Gate area) 
      Cumulative area ratio:    4.90
      Required ratio:    0.00 (Cumulative area) 
      Partial area ratio:    4.59
      Required ratio: 2778.20 (Side area) 
      Cumulative area ratio:   24.07
      Required ratio:    0.00 (Cumulative side area) 

    Layer: via3
      Partial area ratio:    0.16
      Required ratio:   22.04 (Gate area) 
      Cumulative area ratio:    0.65
      Required ratio:    0.00 (Cumulative area) 

    Layer: met4
      Partial area ratio:    5.63
      Required ratio:    0.00 (Gate area) 
      Cumulative area ratio:   10.52
      Required ratio:    0.00 (Cumulative area) 
      Partial area ratio:   15.26
      Required ratio: 2778.20 (Side area) 
      Cumulative area ratio:   39.32
      Required ratio:    0.00 (Cumulative side area) 

    Layer: via4
      Partial area ratio:    2.59
      Required ratio:   22.04 (Gate area) 
      Cumulative area ratio:    3.24
      Required ratio:    0.00 (Cumulative area) 

    Layer: met5
      Partial area ratio:  184.20
      Required ratio:    0.00 (Gate area) 
      Cumulative area ratio:  194.73
      Required ratio:    0.00 (Cumulative area) 
      Partial area ratio:  286.59
      Required ratio: 2778.20 (Side area) 
      Cumulative area ratio:  325.91
      Required ratio:    0.00 (Cumulative side area) 


  Pin:   hold2389/A (sky130_fd_sc_hd__dlygate4sd3_1)
    Layer: mcon
      Partial area ratio:    0.23
      Required ratio:    3.00 (Gate area) 
      Cumulative area ratio:    0.23
      Required ratio:    0.00 (Cumulative area) 

    Layer: met1
      Partial area ratio:    1.92
      Required ratio:    0.00 (Gate area) 
      Cumulative area ratio:    1.92
      Required ratio:    0.00 (Cumulative area) 
      Partial area ratio:    8.06
      Required ratio:  400.00 (Side area) 
      Cumulative area ratio:    8.06
      Required ratio:    0.00 (Cumulative side area) 

    Layer: via
      Partial area ratio:    0.36
      Required ratio:    6.00 (Gate area) 
      Cumulative area ratio:    0.59
      Required ratio:    0.00 (Cumulative area) 

    Layer: met2
      Partial area ratio:    1.30
      Required ratio:    0.00 (Gate area) 
      Cumulative area ratio:    3.23
      Required ratio:    0.00 (Cumulative area) 
      Partial area ratio:    4.67
      Required ratio:  400.00 (Side area) 
      Cumulative area ratio:   12.72
      Required ratio:    0.00 (Cumulative side area) 

    Layer: via2
      Partial area ratio:    0.32
      Required ratio:    6.00 (Gate area) 
      Cumulative area ratio:    0.90
      Required ratio:    0.00 (Cumulative area) 

    Layer: met3
      Partial area ratio:    0.99
      Required ratio:    0.00 (Gate area) 
      Cumulative area ratio:    4.22
      Required ratio:    0.00 (Cumulative area) 
      Partial area ratio:    9.02
      Required ratio:  400.00 (Side area) 
      Cumulative area ratio:   21.74
      Required ratio:    0.00 (Cumulative side area) 

    Layer: via3
      Partial area ratio:    0.32
      Required ratio:    6.00 (Gate area) 
      Cumulative area ratio:    1.22
      Required ratio:    0.00 (Cumulative area) 

    Layer: met4
      Partial area ratio:  240.12
      Required ratio:    0.00 (Gate area) 
      Cumulative area ratio:  244.34
      Required ratio:    0.00 (Cumulative area) 
      Partial area ratio: 1251.62
      Required ratio:  400.00 (Side area) (VIOLATED)
      Cumulative area ratio: 1273.36
      Required ratio:    0.00 (Cumulative side area) 

    Layer: via4
      Partial area ratio:    5.08
      Required ratio:    6.00 (Gate area) 
      Cumulative area ratio:    6.30
      Required ratio:    0.00 (Cumulative area) 

    Layer: met5
      Partial area ratio:  184.20
      Required ratio:    0.00 (Gate area) 
      Cumulative area ratio:  428.54
      Required ratio:    0.00 (Cumulative area) 
      Partial area ratio:  286.59
      Required ratio: 2778.20 (Side area) 
      Cumulative area ratio: 1559.94
      Required ratio:    0.00 (Cumulative side area) 



Net: net2387
  Pin:   _5541_/A0 (sky130_fd_sc_hd__mux2_2)
    Layer: mcon
      Partial area ratio:    0.18
      Required ratio:    3.00 (Gate area) 
      Cumulative area ratio:    0.18
      Required ratio:    0.00 (Cumulative area) 

    Layer: met1
      Partial area ratio:    5.72
      Required ratio:    0.00 (Gate area) 
      Cumulative area ratio:    5.72
      Required ratio:    0.00 (Cumulative area) 
      Partial area ratio:   27.44
      Required ratio:  400.00 (Side area) 
      Cumulative area ratio:   27.44
      Required ratio:    0.00 (Cumulative side area) 

    Layer: via
      Partial area ratio:    0.28
      Required ratio:    6.00 (Gate area) 
      Cumulative area ratio:    0.46
      Required ratio:    0.00 (Cumulative area) 

    Layer: met2
      Partial area ratio:    7.47
      Required ratio:    0.00 (Gate area) 
      Cumulative area ratio:   13.19
      Required ratio:    0.00 (Cumulative area) 
      Partial area ratio:   36.21
      Required ratio:  400.00 (Side area) 
      Cumulative area ratio:   63.65
      Required ratio:    0.00 (Cumulative side area) 

    Layer: via2
      Partial area ratio:    0.25
      Required ratio:    6.00 (Gate area) 
      Cumulative area ratio:    0.72
      Required ratio:    0.00 (Cumulative area) 

    Layer: met3
      Partial area ratio:  211.32
      Required ratio:    0.00 (Gate area) 
      Cumulative area ratio:  224.51
      Required ratio:    0.00 (Cumulative area) 
      Partial area ratio: 1138.87
      Required ratio:  400.00 (Side area) (VIOLATED)
      Cumulative area ratio: 1202.52
      Required ratio:    0.00 (Cumulative side area) 

    Layer: via3
      Partial area ratio:    0.25
      Required ratio:    6.00 (Gate area) 
      Cumulative area ratio:    0.97
      Required ratio:    0.00 (Cumulative area) 

    Layer: met4
      Partial area ratio:  105.65
      Required ratio:    0.00 (Gate area) 
      Cumulative area ratio:  330.16
      Required ratio:    0.00 (Cumulative area) 
      Partial area ratio:  569.36
      Required ratio: 2771.60 (Side area) 
      Cumulative area ratio: 1771.87
      Required ratio:    0.00 (Cumulative side area) 



Net: net2407
  Pin:   _4815_/A0 (sky130_fd_sc_hd__mux2_2)
    Layer: mcon
      Partial area ratio:    0.18
      Required ratio:    3.00 (Gate area) 
      Cumulative area ratio:    0.18
      Required ratio:    0.00 (Cumulative area) 

    Layer: met1
      Partial area ratio:    1.95
      Required ratio:    0.00 (Gate area) 
      Cumulative area ratio:    1.95
      Required ratio:    0.00 (Cumulative area) 
      Partial area ratio:    8.62
      Required ratio:  400.00 (Side area) 
      Cumulative area ratio:    8.62
      Required ratio:    0.00 (Cumulative side area) 

    Layer: via
      Partial area ratio:    0.28
      Required ratio:    6.00 (Gate area) 
      Cumulative area ratio:    0.46
      Required ratio:    0.00 (Cumulative area) 

    Layer: met2
      Partial area ratio:    0.97
      Required ratio:    0.00 (Gate area) 
      Cumulative area ratio:    2.92
      Required ratio:    0.00 (Cumulative area) 
      Partial area ratio:    3.57
      Required ratio:  400.00 (Side area) 
      Cumulative area ratio:   12.18
      Required ratio:    0.00 (Cumulative side area) 

    Layer: via2
      Partial area ratio:    0.25
      Required ratio:    6.00 (Gate area) 
      Cumulative area ratio:    0.72
      Required ratio:    0.00 (Cumulative area) 

    Layer: met3
      Partial area ratio:  236.61
      Required ratio:    0.00 (Gate area) 
      Cumulative area ratio:  239.54
      Required ratio:    0.00 (Cumulative area) 
      Partial area ratio: 1270.79
      Required ratio:  400.00 (Side area) (VIOLATED)
      Cumulative area ratio: 1282.97
      Required ratio:    0.00 (Cumulative side area) 

    Layer: via3
      Partial area ratio:    0.25
      Required ratio:    6.00 (Gate area) 
      Cumulative area ratio:    0.97
      Required ratio:    0.00 (Cumulative area) 

    Layer: met4
      Partial area ratio:   52.82
      Required ratio:    0.00 (Gate area) 
      Cumulative area ratio:  292.36
      Required ratio:    0.00 (Cumulative area) 
      Partial area ratio:  284.68
      Required ratio: 2771.60 (Side area) 
      Cumulative area ratio: 1567.65
      Required ratio:    0.00 (Cumulative side area) 



Net: net2433
  Pin:   _5625_/A0 (sky130_fd_sc_hd__mux2_2)
    Layer: mcon
      Partial area ratio:    0.18
      Required ratio:    3.00 (Gate area) 
      Cumulative area ratio:    0.18
      Required ratio:    0.00 (Cumulative area) 

    Layer: met1
      Partial area ratio:   25.78
      Required ratio:    0.00 (Gate area) 
      Cumulative area ratio:   25.78
      Required ratio:    0.00 (Cumulative area) 
      Partial area ratio:  127.75
      Required ratio:  400.00 (Side area) 
      Cumulative area ratio:  127.75
      Required ratio:    0.00 (Cumulative side area) 

    Layer: via
      Partial area ratio:    0.28
      Required ratio:    6.00 (Gate area) 
      Cumulative area ratio:    0.46
      Required ratio:    0.00 (Cumulative area) 

    Layer: met2
      Partial area ratio:   86.45
      Required ratio:    0.00 (Gate area) 
      Cumulative area ratio:  112.23
      Required ratio:    0.00 (Cumulative area) 
      Partial area ratio:  431.12
      Required ratio:  400.00 (Side area) (VIOLATED)
      Cumulative area ratio:  558.86
      Required ratio:    0.00 (Cumulative side area) 

    Layer: via2
      Partial area ratio:    0.25
      Required ratio:    6.00 (Gate area) 
      Cumulative area ratio:    0.72
      Required ratio:    0.00 (Cumulative area) 

    Layer: met3
      Partial area ratio:  104.90
      Required ratio:    0.00 (Gate area) 
      Cumulative area ratio:  217.13
      Required ratio:    0.00 (Cumulative area) 
      Partial area ratio:  562.42
      Required ratio: 2771.60 (Side area) 
      Cumulative area ratio: 1121.28
      Required ratio:    0.00 (Cumulative side area) 



Net: net2454
  Pin:   _5192_/A0 (sky130_fd_sc_hd__mux2_2)
    Layer: mcon
      Partial area ratio:    0.18
      Required ratio:    3.00 (Gate area) 
      Cumulative area ratio:    0.18
      Required ratio:    0.00 (Cumulative area) 

    Layer: met1
      Partial area ratio:    4.80
      Required ratio:    0.00 (Gate area) 
      Cumulative area ratio:    4.80
      Required ratio:    0.00 (Cumulative area) 
      Partial area ratio:   22.86
      Required ratio:  400.00 (Side area) 
      Cumulative area ratio:   22.86
      Required ratio:    0.00 (Cumulative side area) 

    Layer: via
      Partial area ratio:    0.28
      Required ratio:    6.00 (Gate area) 
      Cumulative area ratio:    0.46
      Required ratio:    0.00 (Cumulative area) 

    Layer: met2
      Partial area ratio:    7.47
      Required ratio:    0.00 (Gate area) 
      Cumulative area ratio:   12.27
      Required ratio:    0.00 (Cumulative area) 
      Partial area ratio:   36.21
      Required ratio:  400.00 (Side area) 
      Cumulative area ratio:   59.07
      Required ratio:    0.00 (Cumulative side area) 

    Layer: via2
      Partial area ratio:    0.25
      Required ratio:    6.00 (Gate area) 
      Cumulative area ratio:    0.72
      Required ratio:    0.00 (Cumulative area) 

    Layer: met3
      Partial area ratio:  248.14
      Required ratio:    0.00 (Gate area) 
      Cumulative area ratio:  260.41
      Required ratio:    0.00 (Cumulative area) 
      Partial area ratio: 1326.34
      Required ratio:  400.00 (Side area) (VIOLATED)
      Cumulative area ratio: 1385.41
      Required ratio:    0.00 (Cumulative side area) 

    Layer: via3
      Partial area ratio:    0.25
      Required ratio:    6.00 (Gate area) 
      Cumulative area ratio:    0.97
      Required ratio:    0.00 (Cumulative area) 

    Layer: met4
      Partial area ratio:  117.92
      Required ratio:    0.00 (Gate area) 
      Cumulative area ratio:  378.33
      Required ratio:    0.00 (Cumulative area) 
      Partial area ratio:  631.85
      Required ratio: 2771.60 (Side area) 
      Cumulative area ratio: 2017.26
      Required ratio:    0.00 (Cumulative side area) 



Net: net2458
  Pin:   _5274_/A0 (sky130_fd_sc_hd__mux2_2)
    Layer: mcon
      Partial area ratio:    0.18
      Required ratio:    3.00 (Gate area) 
      Cumulative area ratio:    0.18
      Required ratio:    0.00 (Cumulative area) 

    Layer: met1
      Partial area ratio:    4.37
      Required ratio:    0.00 (Gate area) 
      Cumulative area ratio:    4.37
      Required ratio:    0.00 (Cumulative area) 
      Partial area ratio:   20.66
      Required ratio:  400.00 (Side area) 
      Cumulative area ratio:   20.66
      Required ratio:    0.00 (Cumulative side area) 

    Layer: via
      Partial area ratio:    0.28
      Required ratio:    6.00 (Gate area) 
      Cumulative area ratio:    0.46
      Required ratio:    0.00 (Cumulative area) 

    Layer: met2
      Partial area ratio:   25.70
      Required ratio:    0.00 (Gate area) 
      Cumulative area ratio:   30.06
      Required ratio:    0.00 (Cumulative area) 
      Partial area ratio:  127.34
      Required ratio:  400.00 (Side area) 
      Cumulative area ratio:  148.00
      Required ratio:    0.00 (Cumulative side area) 

    Layer: via2
      Partial area ratio:    0.25
      Required ratio:    6.00 (Gate area) 
      Cumulative area ratio:    0.72
      Required ratio:    0.00 (Cumulative area) 

    Layer: met3
      Partial area ratio:  157.01
      Required ratio:    0.00 (Gate area) 
      Cumulative area ratio:  187.07
      Required ratio:    0.00 (Cumulative area) 
      Partial area ratio:  840.30
      Required ratio:  400.00 (Side area) (VIOLATED)
      Cumulative area ratio:  988.31
      Required ratio:    0.00 (Cumulative side area) 

    Layer: via3
      Partial area ratio:    0.25
      Required ratio:    6.00 (Gate area) 
      Cumulative area ratio:    0.97
      Required ratio:    0.00 (Cumulative area) 

    Layer: met4
      Partial area ratio:  209.05
      Required ratio:    0.00 (Gate area) 
      Cumulative area ratio:  396.12
      Required ratio:    0.00 (Cumulative area) 
      Partial area ratio: 1117.89
      Required ratio: 2771.60 (Side area) 
      Cumulative area ratio: 2106.19
      Required ratio:    0.00 (Cumulative side area) 



Net: net2467
  Pin:   _5064_/A0 (sky130_fd_sc_hd__mux2_2)
    Layer: mcon
      Partial area ratio:    0.18
      Required ratio:    3.00 (Gate area) 
      Cumulative area ratio:    0.18
      Required ratio:    0.00 (Cumulative area) 

    Layer: met1
      Partial area ratio:    6.18
      Required ratio:    0.00 (Gate area) 
      Cumulative area ratio:    6.18
      Required ratio:    0.00 (Cumulative area) 
      Partial area ratio:   29.75
      Required ratio:  400.00 (Side area) 
      Cumulative area ratio:   29.75
      Required ratio:    0.00 (Cumulative side area) 

    Layer: via
      Partial area ratio:    0.28
      Required ratio:    6.00 (Gate area) 
      Cumulative area ratio:    0.46
      Required ratio:    0.00 (Cumulative area) 

    Layer: met2
      Partial area ratio:    1.17
      Required ratio:    0.00 (Gate area) 
      Cumulative area ratio:    7.36
      Required ratio:    0.00 (Cumulative area) 
      Partial area ratio:    5.42
      Required ratio:  400.00 (Side area) 
      Cumulative area ratio:   35.16
      Required ratio:    0.00 (Cumulative side area) 

    Layer: via2
      Partial area ratio:    0.25
      Required ratio:    6.00 (Gate area) 
      Cumulative area ratio:    0.72
      Required ratio:    0.00 (Cumulative area) 

    Layer: met3
      Partial area ratio:   39.84
      Required ratio:    0.00 (Gate area) 
      Cumulative area ratio:   47.19
      Required ratio:    0.00 (Cumulative area) 
      Partial area ratio:  215.40
      Required ratio:  400.00 (Side area) 
      Cumulative area ratio:  250.56
      Required ratio:    0.00 (Cumulative side area) 

    Layer: via3
      Partial area ratio:    0.25
      Required ratio:    6.00 (Gate area) 
      Cumulative area ratio:    0.97
      Required ratio:    0.00 (Cumulative area) 

    Layer: met4
      Partial area ratio:  165.74
      Required ratio:    0.00 (Gate area) 
      Cumulative area ratio:  212.93
      Required ratio:    0.00 (Cumulative area) 
      Partial area ratio:  866.87
      Required ratio:  400.00 (Side area) (VIOLATED)
      Cumulative area ratio: 1117.43
      Required ratio:    0.00 (Cumulative side area) 

    Layer: via4
      Partial area ratio:    4.03
      Required ratio:    6.00 (Gate area) 
      Cumulative area ratio:    4.99
      Required ratio:    0.00 (Cumulative area) 

    Layer: met5
      Partial area ratio:  710.44
      Required ratio:    0.00 (Gate area) 
      Cumulative area ratio:  923.37
      Required ratio:    0.00 (Cumulative area) 
      Partial area ratio: 1089.81
      Required ratio: 2771.60 (Side area) 
      Cumulative area ratio: 2207.24
      Required ratio:    0.00 (Cumulative side area) 



Net: net2476
  Pin:   _5003_/A0 (sky130_fd_sc_hd__mux2_2)
    Layer: mcon
      Partial area ratio:    0.18
      Required ratio:    3.00 (Gate area) 
      Cumulative area ratio:    0.18
      Required ratio:    0.00 (Cumulative area) 

    Layer: met1
      Partial area ratio:    5.88
      Required ratio:    0.00 (Gate area) 
      Cumulative area ratio:    5.88
      Required ratio:    0.00 (Cumulative area) 
      Partial area ratio:   28.25
      Required ratio:  400.00 (Side area) 
      Cumulative area ratio:   28.25
      Required ratio:    0.00 (Cumulative side area) 

    Layer: via
      Partial area ratio:    0.28
      Required ratio:    6.00 (Gate area) 
      Cumulative area ratio:    0.46
      Required ratio:    0.00 (Cumulative area) 

    Layer: met2
      Partial area ratio:   31.77
      Required ratio:    0.00 (Gate area) 
      Cumulative area ratio:   37.66
      Required ratio:    0.00 (Cumulative area) 
      Partial area ratio:  157.72
      Required ratio:  400.00 (Side area) 
      Cumulative area ratio:  185.97
      Required ratio:    0.00 (Cumulative side area) 

    Layer: via2
      Partial area ratio:    0.25
      Required ratio:    6.00 (Gate area) 
      Cumulative area ratio:    0.72
      Required ratio:    0.00 (Cumulative area) 

    Layer: met3
      Partial area ratio:   79.64
      Required ratio:    0.00 (Gate area) 
      Cumulative area ratio:  117.30
      Required ratio:    0.00 (Cumulative area) 
      Partial area ratio:  430.64
      Required ratio:  400.00 (Side area) (VIOLATED)
      Cumulative area ratio:  616.61
      Required ratio:    0.00 (Cumulative side area) 

    Layer: via3
      Partial area ratio:    0.25
      Required ratio:    6.00 (Gate area) 
      Cumulative area ratio:    0.97
      Required ratio:    0.00 (Cumulative area) 

    Layer: met4
      Partial area ratio:  184.51
      Required ratio:    0.00 (Gate area) 
      Cumulative area ratio:  301.80
      Required ratio:    0.00 (Cumulative area) 
      Partial area ratio:  992.91
      Required ratio: 2771.60 (Side area) 
      Cumulative area ratio: 1609.52
      Required ratio:    0.00 (Cumulative side area) 



Net: net2483
  Pin:   _4709_/A0 (sky130_fd_sc_hd__mux2_2)
    Layer: mcon
      Partial area ratio:    0.18
      Required ratio:    3.00 (Gate area) 
      Cumulative area ratio:    0.18
      Required ratio:    0.00 (Cumulative area) 

    Layer: met1
      Partial area ratio:    1.79
      Required ratio:    0.00 (Gate area) 
      Cumulative area ratio:    1.79
      Required ratio:    0.00 (Cumulative area) 
      Partial area ratio:    7.38
      Required ratio:  400.00 (Side area) 
      Cumulative area ratio:    7.38
      Required ratio:    0.00 (Cumulative side area) 

    Layer: via
      Partial area ratio:    0.28
      Required ratio:    6.00 (Gate area) 
      Cumulative area ratio:    0.46
      Required ratio:    0.00 (Cumulative area) 

    Layer: met2
      Partial area ratio:   13.55
      Required ratio:    0.00 (Gate area) 
      Cumulative area ratio:   15.34
      Required ratio:    0.00 (Cumulative area) 
      Partial area ratio:   66.59
      Required ratio:  400.00 (Side area) 
      Cumulative area ratio:   73.97
      Required ratio:    0.00 (Cumulative side area) 

    Layer: via2
      Partial area ratio:    0.25
      Required ratio:    6.00 (Gate area) 
      Cumulative area ratio:    0.72
      Required ratio:    0.00 (Cumulative area) 

    Layer: met3
      Partial area ratio:  222.10
      Required ratio:    0.00 (Gate area) 
      Cumulative area ratio:  237.44
      Required ratio:    0.00 (Cumulative area) 
      Partial area ratio: 1187.47
      Required ratio:  400.00 (Side area) (VIOLATED)
      Cumulative area ratio: 1261.44
      Required ratio:    0.00 (Cumulative side area) 

    Layer: via3
      Partial area ratio:    0.25
      Required ratio:    6.00 (Gate area) 
      Cumulative area ratio:    0.97
      Required ratio:    0.00 (Cumulative area) 

    Layer: met4
      Partial area ratio:  105.65
      Required ratio:    0.00 (Gate area) 
      Cumulative area ratio:  343.08
      Required ratio:    0.00 (Cumulative area) 
      Partial area ratio:  569.36
      Required ratio: 2771.60 (Side area) 
      Cumulative area ratio: 1830.80
      Required ratio:    0.00 (Cumulative side area) 



Net: net2538
  Pin:   _5574_/A0 (sky130_fd_sc_hd__mux2_2)
    Layer: mcon
      Partial area ratio:    0.18
      Required ratio:    3.00 (Gate area) 
      Cumulative area ratio:    0.18
      Required ratio:    0.00 (Cumulative area) 

    Layer: met1
      Partial area ratio:   14.67
      Required ratio:    0.00 (Gate area) 
      Cumulative area ratio:   14.67
      Required ratio:    0.00 (Cumulative area) 
      Partial area ratio:   72.17
      Required ratio:  400.00 (Side area) 
      Cumulative area ratio:   72.17
      Required ratio:    0.00 (Cumulative side area) 

    Layer: via
      Partial area ratio:    0.28
      Required ratio:    6.00 (Gate area) 
      Cumulative area ratio:    0.46
      Required ratio:    0.00 (Cumulative area) 

    Layer: met2
      Partial area ratio:   86.45
      Required ratio:    0.00 (Gate area) 
      Cumulative area ratio:  101.12
      Required ratio:    0.00 (Cumulative area) 
      Partial area ratio:  431.12
      Required ratio:  400.00 (Side area) (VIOLATED)
      Cumulative area ratio:  503.29
      Required ratio:    0.00 (Cumulative side area) 

    Layer: via2
      Partial area ratio:    0.25
      Required ratio:    6.00 (Gate area) 
      Cumulative area ratio:    0.72
      Required ratio:    0.00 (Cumulative area) 

    Layer: met3
      Partial area ratio:   39.80
      Required ratio:    0.00 (Gate area) 
      Cumulative area ratio:  140.92
      Required ratio:    0.00 (Cumulative area) 
      Partial area ratio:  215.25
      Required ratio: 2771.60 (Side area) 
      Cumulative area ratio:  718.53
      Required ratio:    0.00 (Cumulative side area) 



Net: net2577
  Pin:   _5389_/A0 (sky130_fd_sc_hd__mux2_2)
    Layer: mcon
      Partial area ratio:    0.18
      Required ratio:    3.00 (Gate area) 
      Cumulative area ratio:    0.18
      Required ratio:    0.00 (Cumulative area) 

    Layer: met1
      Partial area ratio:   21.33
      Required ratio:    0.00 (Gate area) 
      Cumulative area ratio:   21.33
      Required ratio:    0.00 (Cumulative area) 
      Partial area ratio:  105.47
      Required ratio:  400.00 (Side area) 
      Cumulative area ratio:  105.47
      Required ratio:    0.00 (Cumulative side area) 

    Layer: via
      Partial area ratio:    0.28
      Required ratio:    6.00 (Gate area) 
      Cumulative area ratio:    0.46
      Required ratio:    0.00 (Cumulative area) 

    Layer: met2
      Partial area ratio:   86.45
      Required ratio:    0.00 (Gate area) 
      Cumulative area ratio:  107.78
      Required ratio:    0.00 (Cumulative area) 
      Partial area ratio:  431.12
      Required ratio:  400.00 (Side area) (VIOLATED)
      Cumulative area ratio:  536.59
      Required ratio:    0.00 (Cumulative side area) 

    Layer: via2
      Partial area ratio:    0.25
      Required ratio:    6.00 (Gate area) 
      Cumulative area ratio:    0.72
      Required ratio:    0.00 (Cumulative area) 

    Layer: met3
      Partial area ratio:   91.88
      Required ratio:    0.00 (Gate area) 
      Cumulative area ratio:  199.66
      Required ratio:    0.00 (Cumulative area) 
      Partial area ratio:  492.98
      Required ratio: 2771.60 (Side area) 
      Cumulative area ratio: 1029.57
      Required ratio:    0.00 (Cumulative side area) 



Net: net2599
  Pin:   _5338_/A0 (sky130_fd_sc_hd__mux2_2)
    Layer: mcon
      Partial area ratio:    0.18
      Required ratio:    3.00 (Gate area) 
      Cumulative area ratio:    0.18
      Required ratio:    0.00 (Cumulative area) 

    Layer: met1
      Partial area ratio:    5.35
      Required ratio:    0.00 (Gate area) 
      Cumulative area ratio:    5.35
      Required ratio:    0.00 (Cumulative area) 
      Partial area ratio:   25.59
      Required ratio:  400.00 (Side area) 
      Cumulative area ratio:   25.59
      Required ratio:    0.00 (Cumulative side area) 

    Layer: via
      Partial area ratio:    0.28
      Required ratio:    6.00 (Gate area) 
      Cumulative area ratio:    0.46
      Required ratio:    0.00 (Cumulative area) 

    Layer: met2
      Partial area ratio:   19.62
      Required ratio:    0.00 (Gate area) 
      Cumulative area ratio:   24.97
      Required ratio:    0.00 (Cumulative area) 
      Partial area ratio:   96.97
      Required ratio:  400.00 (Side area) 
      Cumulative area ratio:  122.56
      Required ratio:    0.00 (Cumulative side area) 

    Layer: via2
      Partial area ratio:    0.25
      Required ratio:    6.00 (Gate area) 
      Cumulative area ratio:    0.72
      Required ratio:    0.00 (Cumulative area) 

    Layer: met3
      Partial area ratio:  222.10
      Required ratio:    0.00 (Gate area) 
      Cumulative area ratio:  247.07
      Required ratio:    0.00 (Cumulative area) 
      Partial area ratio: 1187.47
      Required ratio:  400.00 (Side area) (VIOLATED)
      Cumulative area ratio: 1310.03
      Required ratio:    0.00 (Cumulative side area) 

    Layer: via3
      Partial area ratio:    0.25
      Required ratio:    6.00 (Gate area) 
      Cumulative area ratio:    0.97
      Required ratio:    0.00 (Cumulative area) 

    Layer: met4
      Partial area ratio:  244.60
      Required ratio:    0.00 (Gate area) 
      Cumulative area ratio:  491.67
      Required ratio:    0.00 (Cumulative area) 
      Partial area ratio: 1290.42
      Required ratio:  400.00 (Side area) (VIOLATED)
      Cumulative area ratio: 2600.44
      Required ratio:    0.00 (Cumulative side area) 

    Layer: via4
      Partial area ratio:    4.03
      Required ratio:    6.00 (Gate area) 
      Cumulative area ratio:    4.99
      Required ratio:    0.00 (Cumulative area) 

    Layer: met5
      Partial area ratio:   85.53
      Required ratio:    0.00 (Gate area) 
      Cumulative area ratio:  577.21
      Required ratio:    0.00 (Cumulative area) 
      Partial area ratio:  152.45
      Required ratio: 2771.60 (Side area) 
      Cumulative area ratio: 2752.90
      Required ratio:    0.00 (Cumulative side area) 



Net: net2630
  Pin:   _5342_/A0 (sky130_fd_sc_hd__mux2_2)
    Layer: mcon
      Partial area ratio:    0.18
      Required ratio:    3.00 (Gate area) 
      Cumulative area ratio:    0.18
      Required ratio:    0.00 (Cumulative area) 

    Layer: met1
      Partial area ratio:    3.40
      Required ratio:    0.00 (Gate area) 
      Cumulative area ratio:    3.40
      Required ratio:    0.00 (Cumulative area) 
      Partial area ratio:   15.81
      Required ratio:  400.00 (Side area) 
      Cumulative area ratio:   15.81
      Required ratio:    0.00 (Cumulative side area) 

    Layer: via
      Partial area ratio:    0.28
      Required ratio:    6.00 (Gate area) 
      Cumulative area ratio:    0.46
      Required ratio:    0.00 (Cumulative area) 

    Layer: met2
      Partial area ratio:    1.17
      Required ratio:    0.00 (Gate area) 
      Cumulative area ratio:    4.57
      Required ratio:    0.00 (Cumulative area) 
      Partial area ratio:    5.42
      Required ratio:  400.00 (Side area) 
      Cumulative area ratio:   21.23
      Required ratio:    0.00 (Cumulative side area) 

    Layer: via2
      Partial area ratio:    0.25
      Required ratio:    6.00 (Gate area) 
      Cumulative area ratio:    0.72
      Required ratio:    0.00 (Cumulative area) 

    Layer: met3
      Partial area ratio:  184.54
      Required ratio:    0.00 (Gate area) 
      Cumulative area ratio:  189.11
      Required ratio:    0.00 (Cumulative area) 
      Partial area ratio:  993.06
      Required ratio:  400.00 (Side area) (VIOLATED)
      Cumulative area ratio: 1014.29
      Required ratio:    0.00 (Cumulative side area) 

    Layer: via3
      Partial area ratio:    0.25
      Required ratio:    6.00 (Gate area) 
      Cumulative area ratio:    0.97
      Required ratio:    0.00 (Cumulative area) 

    Layer: met4
      Partial area ratio:  104.90
      Required ratio:    0.00 (Gate area) 
      Cumulative area ratio:  294.01
      Required ratio:    0.00 (Cumulative area) 
      Partial area ratio:  562.42
      Required ratio: 2771.60 (Side area) 
      Cumulative area ratio: 1576.70
      Required ratio:    0.00 (Cumulative side area) 



Net: net2633
  Pin:   _5271_/A0 (sky130_fd_sc_hd__mux2_2)
    Layer: mcon
      Partial area ratio:    0.18
      Required ratio:    3.00 (Gate area) 
      Cumulative area ratio:    0.18
      Required ratio:    0.00 (Cumulative area) 

    Layer: met1
      Partial area ratio:    5.46
      Required ratio:    0.00 (Gate area) 
      Cumulative area ratio:    5.46
      Required ratio:    0.00 (Cumulative area) 
      Partial area ratio:   26.14
      Required ratio:  400.00 (Side area) 
      Cumulative area ratio:   26.14
      Required ratio:    0.00 (Cumulative side area) 

    Layer: via
      Partial area ratio:    0.28
      Required ratio:    6.00 (Gate area) 
      Cumulative area ratio:    0.46
      Required ratio:    0.00 (Cumulative area) 

    Layer: met2
      Partial area ratio:   13.55
      Required ratio:    0.00 (Gate area) 
      Cumulative area ratio:   19.01
      Required ratio:    0.00 (Cumulative area) 
      Partial area ratio:   66.59
      Required ratio:  400.00 (Side area) 
      Cumulative area ratio:   92.73
      Required ratio:    0.00 (Cumulative side area) 

    Layer: via2
      Partial area ratio:    0.25
      Required ratio:    6.00 (Gate area) 
      Cumulative area ratio:    0.72
      Required ratio:    0.00 (Cumulative area) 

    Layer: met3
      Partial area ratio:  248.14
      Required ratio:    0.00 (Gate area) 
      Cumulative area ratio:  267.15
      Required ratio:    0.00 (Cumulative area) 
      Partial area ratio: 1326.34
      Required ratio:  400.00 (Side area) (VIOLATED)
      Cumulative area ratio: 1419.07
      Required ratio:    0.00 (Cumulative side area) 

    Layer: via3
      Partial area ratio:    0.25
      Required ratio:    6.00 (Gate area) 
      Cumulative area ratio:    0.97
      Required ratio:    0.00 (Cumulative area) 

    Layer: met4
      Partial area ratio:  104.90
      Required ratio:    0.00 (Gate area) 
      Cumulative area ratio:  372.04
      Required ratio:    0.00 (Cumulative area) 
      Partial area ratio:  562.42
      Required ratio: 2771.60 (Side area) 
      Cumulative area ratio: 1981.48
      Required ratio:    0.00 (Cumulative side area) 



Net: net2683
  Pin:   _5190_/A0 (sky130_fd_sc_hd__mux2_2)
    Layer: mcon
      Partial area ratio:    0.18
      Required ratio:    3.00 (Gate area) 
      Cumulative area ratio:    0.18
      Required ratio:    0.00 (Cumulative area) 

    Layer: met1
      Partial area ratio:    3.95
      Required ratio:    0.00 (Gate area) 
      Cumulative area ratio:    3.95
      Required ratio:    0.00 (Cumulative area) 
      Partial area ratio:   18.57
      Required ratio:  400.00 (Side area) 
      Cumulative area ratio:   18.57
      Required ratio:    0.00 (Cumulative side area) 

    Layer: via
      Partial area ratio:    0.28
      Required ratio:    6.00 (Gate area) 
      Cumulative area ratio:    0.46
      Required ratio:    0.00 (Cumulative area) 

    Layer: met2
      Partial area ratio:    1.17
      Required ratio:    0.00 (Gate area) 
      Cumulative area ratio:    5.12
      Required ratio:    0.00 (Cumulative area) 
      Partial area ratio:    5.42
      Required ratio:  400.00 (Side area) 
      Cumulative area ratio:   23.98
      Required ratio:    0.00 (Cumulative side area) 

    Layer: via2
      Partial area ratio:    0.25
      Required ratio:    6.00 (Gate area) 
      Cumulative area ratio:    0.72
      Required ratio:    0.00 (Cumulative area) 

    Layer: met3
      Partial area ratio:  184.54
      Required ratio:    0.00 (Gate area) 
      Cumulative area ratio:  189.66
      Required ratio:    0.00 (Cumulative area) 
      Partial area ratio:  993.06
      Required ratio:  400.00 (Side area) (VIOLATED)
      Cumulative area ratio: 1017.04
      Required ratio:    0.00 (Cumulative side area) 

    Layer: via3
      Partial area ratio:    0.25
      Required ratio:    6.00 (Gate area) 
      Cumulative area ratio:    0.97
      Required ratio:    0.00 (Cumulative area) 

    Layer: met4
      Partial area ratio:  156.97
      Required ratio:    0.00 (Gate area) 
      Cumulative area ratio:  346.63
      Required ratio:    0.00 (Cumulative area) 
      Partial area ratio:  840.15
      Required ratio: 2771.60 (Side area) 
      Cumulative area ratio: 1857.19
      Required ratio:    0.00 (Cumulative side area) 



Net: net2685
  Pin:   _5265_/A0 (sky130_fd_sc_hd__mux2_2)
    Layer: mcon
      Partial area ratio:    0.18
      Required ratio:    3.00 (Gate area) 
      Cumulative area ratio:    0.18
      Required ratio:    0.00 (Cumulative area) 

    Layer: met1
      Partial area ratio:    5.43
      Required ratio:    0.00 (Gate area) 
      Cumulative area ratio:    5.43
      Required ratio:    0.00 (Cumulative area) 
      Partial area ratio:   25.96
      Required ratio:  400.00 (Side area) 
      Cumulative area ratio:   25.96
      Required ratio:    0.00 (Cumulative side area) 

    Layer: via
      Partial area ratio:    0.28
      Required ratio:    6.00 (Gate area) 
      Cumulative area ratio:    0.46
      Required ratio:    0.00 (Cumulative area) 

    Layer: met2
      Partial area ratio:    1.17
      Required ratio:    0.00 (Gate area) 
      Cumulative area ratio:    6.60
      Required ratio:    0.00 (Cumulative area) 
      Partial area ratio:    5.42
      Required ratio:  400.00 (Side area) 
      Cumulative area ratio:   31.38
      Required ratio:    0.00 (Cumulative side area) 

    Layer: via2
      Partial area ratio:    0.25
      Required ratio:    6.00 (Gate area) 
      Cumulative area ratio:    0.72
      Required ratio:    0.00 (Cumulative area) 

    Layer: met3
      Partial area ratio:  274.92
      Required ratio:    0.00 (Gate area) 
      Cumulative area ratio:  281.52
      Required ratio:    0.00 (Cumulative area) 
      Partial area ratio: 1472.15
      Required ratio:  400.00 (Side area) (VIOLATED)
      Cumulative area ratio: 1503.53
      Required ratio:    0.00 (Cumulative side area) 

    Layer: via3
      Partial area ratio:    0.25
      Required ratio:    6.00 (Gate area) 
      Cumulative area ratio:    0.97
      Required ratio:    0.00 (Cumulative area) 

    Layer: met4
      Partial area ratio:   99.15
      Required ratio:    0.00 (Gate area) 
      Cumulative area ratio:  380.67
      Required ratio:    0.00 (Cumulative area) 
      Partial area ratio:  505.81
      Required ratio:  400.00 (Side area) (VIOLATED)
      Cumulative area ratio: 2009.34
      Required ratio:    0.00 (Cumulative side area) 

    Layer: via4
      Partial area ratio:    4.03
      Required ratio:    6.00 (Gate area) 
      Cumulative area ratio:    4.99
      Required ratio:    0.00 (Cumulative area) 

    Layer: met5
      Partial area ratio:  742.64
      Required ratio:    0.00 (Gate area) 
      Cumulative area ratio: 1123.31
      Required ratio:    0.00 (Cumulative area) 
      Partial area ratio: 1186.42
      Required ratio: 2771.60 (Side area) 
      Cumulative area ratio: 3195.75
      Required ratio:    0.00 (Cumulative side area) 



Net: net2710
  Pin:   _5188_/A0 (sky130_fd_sc_hd__mux2_2)
    Layer: mcon
      Partial area ratio:    0.18
      Required ratio:    3.00 (Gate area) 
      Cumulative area ratio:    0.18
      Required ratio:    0.00 (Cumulative area) 

    Layer: met1
      Partial area ratio:   31.96
      Required ratio:    0.00 (Gate area) 
      Cumulative area ratio:   31.96
      Required ratio:    0.00 (Cumulative area) 
      Partial area ratio:  158.64
      Required ratio:  400.00 (Side area) 
      Cumulative area ratio:  158.64
      Required ratio:    0.00 (Cumulative side area) 

    Layer: via
      Partial area ratio:    0.28
      Required ratio:    6.00 (Gate area) 
      Cumulative area ratio:    0.46
      Required ratio:    0.00 (Cumulative area) 

    Layer: met2
      Partial area ratio:    1.17
      Required ratio:    0.00 (Gate area) 
      Cumulative area ratio:   33.14
      Required ratio:    0.00 (Cumulative area) 
      Partial area ratio:    5.42
      Required ratio:  400.00 (Side area) 
      Cumulative area ratio:  164.05
      Required ratio:    0.00 (Cumulative side area) 

    Layer: via2
      Partial area ratio:    0.25
      Required ratio:    6.00 (Gate area) 
      Cumulative area ratio:    0.72
      Required ratio:    0.00 (Cumulative area) 

    Layer: met3
      Partial area ratio:  157.01
      Required ratio:    0.00 (Gate area) 
      Cumulative area ratio:  190.14
      Required ratio:    0.00 (Cumulative area) 
      Partial area ratio:  840.30
      Required ratio:  400.00 (Side area) (VIOLATED)
      Cumulative area ratio: 1004.35
      Required ratio:    0.00 (Cumulative side area) 

    Layer: via3
      Partial area ratio:    0.25
      Required ratio:    6.00 (Gate area) 
      Cumulative area ratio:    0.97
      Required ratio:    0.00 (Cumulative area) 

    Layer: met4
      Partial area ratio:    8.76
      Required ratio:    0.00 (Gate area) 
      Cumulative area ratio:  198.90
      Required ratio:    0.00 (Cumulative area) 
      Partial area ratio:   23.75
      Required ratio:  400.00 (Side area) 
      Cumulative area ratio: 1028.10
      Required ratio:    0.00 (Cumulative side area) 

    Layer: via4
      Partial area ratio:    4.03
      Required ratio:    6.00 (Gate area) 
      Cumulative area ratio:    4.99
      Required ratio:    0.00 (Cumulative area) 

    Layer: met5
      Partial area ratio:  224.40
      Required ratio:    0.00 (Gate area) 
      Cumulative area ratio:  423.30
      Required ratio:    0.00 (Cumulative area) 
      Partial area ratio:  360.75
      Required ratio: 2771.60 (Side area) 
      Cumulative area ratio: 1388.86
      Required ratio:    0.00 (Cumulative side area) 



Net: net2759
  Pin:   _5293_/A0 (sky130_fd_sc_hd__mux2_2)
    Layer: mcon
      Partial area ratio:    0.18
      Required ratio:    3.00 (Gate area) 
      Cumulative area ratio:    0.18
      Required ratio:    0.00 (Cumulative area) 

    Layer: met1
      Partial area ratio:    5.57
      Required ratio:    0.00 (Gate area) 
      Cumulative area ratio:    5.57
      Required ratio:    0.00 (Cumulative area) 
      Partial area ratio:   26.67
      Required ratio:  400.00 (Side area) 
      Cumulative area ratio:   26.67
      Required ratio:    0.00 (Cumulative side area) 

    Layer: via
      Partial area ratio:    0.28
      Required ratio:    6.00 (Gate area) 
      Cumulative area ratio:    0.46
      Required ratio:    0.00 (Cumulative area) 

    Layer: met2
      Partial area ratio:    7.47
      Required ratio:    0.00 (Gate area) 
      Cumulative area ratio:   13.04
      Required ratio:    0.00 (Cumulative area) 
      Partial area ratio:   36.21
      Required ratio:  400.00 (Side area) 
      Cumulative area ratio:   62.88
      Required ratio:    0.00 (Cumulative side area) 

    Layer: via2
      Partial area ratio:    0.25
      Required ratio:    6.00 (Gate area) 
      Cumulative area ratio:    0.72
      Required ratio:    0.00 (Cumulative area) 

    Layer: met3
      Partial area ratio:   78.89
      Required ratio:    0.00 (Gate area) 
      Cumulative area ratio:   91.93
      Required ratio:    0.00 (Cumulative area) 
      Partial area ratio:  423.70
      Required ratio:  400.00 (Side area) (VIOLATED)
      Cumulative area ratio:  486.58
      Required ratio:    0.00 (Cumulative side area) 

    Layer: via3
      Partial area ratio:    0.25
      Required ratio:    6.00 (Gate area) 
      Cumulative area ratio:    0.97
      Required ratio:    0.00 (Cumulative area) 

    Layer: met4
      Partial area ratio:  196.03
      Required ratio:    0.00 (Gate area) 
      Cumulative area ratio:  287.96
      Required ratio:    0.00 (Cumulative area) 
      Partial area ratio: 1048.45
      Required ratio: 2771.60 (Side area) 
      Cumulative area ratio: 1535.03
      Required ratio:    0.00 (Cumulative side area) 



Net: net2769
  Pin:   _4680_/A0 (sky130_fd_sc_hd__mux2_2)
    Layer: mcon
      Partial area ratio:    0.18
      Required ratio:    3.00 (Gate area) 
      Cumulative area ratio:    0.18
      Required ratio:    0.00 (Cumulative area) 

    Layer: met1
      Partial area ratio:    5.35
      Required ratio:    0.00 (Gate area) 
      Cumulative area ratio:    5.35
      Required ratio:    0.00 (Cumulative area) 
      Partial area ratio:   25.59
      Required ratio:  400.00 (Side area) 
      Cumulative area ratio:   25.59
      Required ratio:    0.00 (Cumulative side area) 

    Layer: via
      Partial area ratio:    0.28
      Required ratio:    6.00 (Gate area) 
      Cumulative area ratio:    0.46
      Required ratio:    0.00 (Cumulative area) 

    Layer: met2
      Partial area ratio:   26.46
      Required ratio:    0.00 (Gate area) 
      Cumulative area ratio:   31.81
      Required ratio:    0.00 (Cumulative area) 
      Partial area ratio:  130.42
      Required ratio:  400.00 (Side area) 
      Cumulative area ratio:  156.02
      Required ratio:    0.00 (Cumulative side area) 

    Layer: via2
      Partial area ratio:    0.25
      Required ratio:    6.00 (Gate area) 
      Cumulative area ratio:    0.72
      Required ratio:    0.00 (Cumulative area) 

    Layer: met3
      Partial area ratio:  143.99
      Required ratio:    0.00 (Gate area) 
      Cumulative area ratio:  175.80
      Required ratio:    0.00 (Cumulative area) 
      Partial area ratio:  770.87
      Required ratio:  400.00 (Side area) (VIOLATED)
      Cumulative area ratio:  926.88
      Required ratio:    0.00 (Cumulative side area) 

    Layer: via3
      Partial area ratio:    0.25
      Required ratio:    6.00 (Gate area) 
      Cumulative area ratio:    0.97
      Required ratio:    0.00 (Cumulative area) 

    Layer: met4
      Partial area ratio:  289.40
      Required ratio:    0.00 (Gate area) 
      Cumulative area ratio:  465.20
      Required ratio:    0.00 (Cumulative area) 
      Partial area ratio: 1555.32
      Required ratio: 2771.60 (Side area) 
      Cumulative area ratio: 2482.21
      Required ratio:    0.00 (Cumulative side area) 



Net: net2778
  Pin:   _5066_/A0 (sky130_fd_sc_hd__mux2_2)
    Layer: mcon
      Partial area ratio:    0.18
      Required ratio:    3.00 (Gate area) 
      Cumulative area ratio:    0.18
      Required ratio:    0.00 (Cumulative area) 

    Layer: met1
      Partial area ratio:   21.03
      Required ratio:    0.00 (Gate area) 
      Cumulative area ratio:   21.03
      Required ratio:    0.00 (Cumulative area) 
      Partial area ratio:  103.98
      Required ratio:  400.00 (Side area) 
      Cumulative area ratio:  103.98
      Required ratio:    0.00 (Cumulative side area) 

    Layer: via
      Partial area ratio:    0.28
      Required ratio:    6.00 (Gate area) 
      Cumulative area ratio:    0.46
      Required ratio:    0.00 (Cumulative area) 

    Layer: met2
      Partial area ratio:   13.55
      Required ratio:    0.00 (Gate area) 
      Cumulative area ratio:   34.57
      Required ratio:    0.00 (Cumulative area) 
      Partial area ratio:   66.59
      Required ratio:  400.00 (Side area) 
      Cumulative area ratio:  170.57
      Required ratio:    0.00 (Cumulative side area) 

    Layer: via2
      Partial area ratio:    0.25
      Required ratio:    6.00 (Gate area) 
      Cumulative area ratio:    0.72
      Required ratio:    0.00 (Cumulative area) 

    Layer: met3
      Partial area ratio:  104.93
      Required ratio:    0.00 (Gate area) 
      Cumulative area ratio:  139.51
      Required ratio:    0.00 (Cumulative area) 
      Partial area ratio:  562.57
      Required ratio:  400.00 (Side area) (VIOLATED)
      Cumulative area ratio:  733.13
      Required ratio:    0.00 (Cumulative side area) 

    Layer: via3
      Partial area ratio:    0.25
      Required ratio:    6.00 (Gate area) 
      Cumulative area ratio:    0.97
      Required ratio:    0.00 (Cumulative area) 

    Layer: met4
      Partial area ratio:  210.54
      Required ratio:    0.00 (Gate area) 
      Cumulative area ratio:  350.05
      Required ratio:    0.00 (Cumulative area) 
      Partial area ratio: 1131.77
      Required ratio: 2771.60 (Side area) 
      Cumulative area ratio: 1864.91
      Required ratio:    0.00 (Cumulative side area) 



Net: net2816
  Pin:   _5068_/A0 (sky130_fd_sc_hd__mux2_2)
    Layer: mcon
      Partial area ratio:    0.18
      Required ratio:    3.00 (Gate area) 
      Cumulative area ratio:    0.18
      Required ratio:    0.00 (Cumulative area) 

    Layer: met1
      Partial area ratio:    5.87
      Required ratio:    0.00 (Gate area) 
      Cumulative area ratio:    5.87
      Required ratio:    0.00 (Cumulative area) 
      Partial area ratio:   28.17
      Required ratio:  400.00 (Side area) 
      Cumulative area ratio:   28.17
      Required ratio:    0.00 (Cumulative side area) 

    Layer: via
      Partial area ratio:    0.28
      Required ratio:    6.00 (Gate area) 
      Cumulative area ratio:    0.46
      Required ratio:    0.00 (Cumulative area) 

    Layer: met2
      Partial area ratio:    7.47
      Required ratio:    0.00 (Gate area) 
      Cumulative area ratio:   13.34
      Required ratio:    0.00 (Cumulative area) 
      Partial area ratio:   36.21
      Required ratio:  400.00 (Side area) 
      Cumulative area ratio:   64.38
      Required ratio:    0.00 (Cumulative side area) 

    Layer: via2
      Partial area ratio:    0.25
      Required ratio:    6.00 (Gate area) 
      Cumulative area ratio:    0.72
      Required ratio:    0.00 (Cumulative area) 

    Layer: met3
      Partial area ratio:  157.75
      Required ratio:    0.00 (Gate area) 
      Cumulative area ratio:  171.09
      Required ratio:    0.00 (Cumulative area) 
      Partial area ratio:  847.25
      Required ratio:  400.00 (Side area) (VIOLATED)
      Cumulative area ratio:  911.62
      Required ratio:    0.00 (Cumulative side area) 

    Layer: via3
      Partial area ratio:    0.25
      Required ratio:    6.00 (Gate area) 
      Cumulative area ratio:    0.97
      Required ratio:    0.00 (Cumulative area) 

    Layer: met4
      Partial area ratio:  156.97
      Required ratio:    0.00 (Gate area) 
      Cumulative area ratio:  328.06
      Required ratio:    0.00 (Cumulative area) 
      Partial area ratio:  840.15
      Required ratio: 2771.60 (Side area) 
      Cumulative area ratio: 1751.77
      Required ratio:    0.00 (Cumulative side area) 



[INFO ANT-0002] Found 54 net violations.
[INFO ANT-0001] Found 60 pin violations.
