Instance,Terminal,Layer,X location,Y location,Voltage
FILLER_103_611,VPWR,li1,286.8100,291.0400,1.799963
FILLER_103_608,VPWR,li1,285.8900,291.0400,1.799963
FILLER_103_598,VPWR,li1,280.8300,291.0400,1.799963
FILLER_103_586,VPWR,li1,275.5400,291.0400,1.799947
FILLER_103_577,VPWR,li1,271.1700,291.0400,1.799933
FILLER_103_557,VPWR,li1,262.4300,291.0400,1.799920
FILLER_103_539,VPWR,li1,253.6900,291.0400,1.799930
FILLER_103_536,VPWR,li1,252.7700,291.0400,1.799930
FILLER_103_533,VPWR,li1,251.3900,291.0400,1.799934
FILLER_103_513,VPWR,li1,241.9600,291.0400,1.799905
FILLER_103_503,VPWR,li1,237.1300,291.0400,1.799897
FILLER_103_500,VPWR,li1,236.2100,291.0400,1.799897
FILLER_103_481,VPWR,li1,227.2400,291.0400,1.799889
FILLER_103_447,VPWR,li1,211.3700,291.0400,1.799912
FILLER_103_444,VPWR,li1,210.4500,291.0400,1.799912
FILLER_103_441,VPWR,li1,209.0700,291.0400,1.799912
FILLER_103_431,VPWR,li1,204.0100,291.0400,1.799913
FILLER_103_421,VPWR,li1,199.4100,291.0400,1.799916
FILLER_103_409,VPWR,li1,194.3500,291.0400,1.799930
FILLER_103_399,VPWR,li1,189.2900,291.0400,1.799956
FILLER_103_396,VPWR,li1,188.3700,291.0400,1.799956
FILLER_103_393,VPWR,li1,186.9900,291.0400,1.799956
FILLER_103_389,VPWR,li1,185.1500,291.0400,1.799956
FILLER_103_362,VPWR,li1,172.5000,291.0400,1.799965
FILLER_103_359,VPWR,li1,171.3500,291.0400,1.799965
FILLER_103_340,VPWR,li1,162.3800,291.0400,1.799975
FILLER_103_337,VPWR,li1,161.2300,291.0400,1.799979
FILLER_103_335,VPWR,li1,159.8500,291.0400,1.799979
FILLER_103_332,VPWR,li1,158.9300,291.0400,1.799978
FILLER_103_329,VPWR,li1,157.5500,291.0400,1.799978
FILLER_103_309,VPWR,li1,148.1200,291.0400,1.799974
FILLER_103_290,VPWR,li1,139.3800,291.0400,1.799974
FILLER_103_253,VPWR,li1,122.3600,291.0400,1.799971
FILLER_103_250,VPWR,li1,120.9800,291.0400,1.799971
FILLER_103_231,VPWR,li1,112.0100,291.0400,1.799969
FILLER_103_228,VPWR,li1,111.0900,291.0400,1.799969
FILLER_103_225,VPWR,li1,109.7100,291.0400,1.799970
FILLER_103_197,VPWR,li1,96.6000,291.0400,1.799970
FILLER_103_185,VPWR,li1,91.3100,291.0400,1.799963
FILLER_103_182,VPWR,li1,89.9300,291.0400,1.799963
FILLER_103_172,VPWR,li1,84.8700,291.0400,1.799959
FILLER_103_169,VPWR,li1,83.9500,291.0400,1.799958
FILLER_103_158,VPWR,li1,78.6600,291.0400,1.799955
FILLER_103_113,VPWR,li1,58.1900,291.0400,1.799934
FILLER_103_85,VPWR,li1,45.0800,291.0400,1.799951
FILLER_103_57,VPWR,li1,31.9700,291.0400,1.799943
FILLER_103_46,VPWR,li1,26.9100,291.0400,1.799946
FILLER_102_611,VPWR,li1,286.8100,291.0400,1.799963
FILLER_102_608,VPWR,li1,285.8900,291.0400,1.799963
FILLER_102_533,VPWR,li1,251.3900,291.0400,1.799934
FILLER_102_505,VPWR,li1,238.2800,291.0400,1.799899
FILLER_102_477,VPWR,li1,225.4000,291.0400,1.799890
FILLER_102_473,VPWR,li1,223.7900,291.0400,1.799890
FILLER_102_438,VPWR,li1,207.6900,291.0400,1.799913
FILLER_102_394,VPWR,li1,186.9900,291.0400,1.799956
FILLER_102_391,VPWR,li1,186.0700,291.0400,1.799956
FILLER_102_388,VPWR,li1,184.6900,291.0400,1.799956
FILLER_102_368,VPWR,li1,175.4900,291.0400,1.799960
FILLER_102_365,VPWR,li1,174.1100,291.0400,1.799962
FILLER_102_353,VPWR,li1,168.3600,291.0400,1.799968
FILLER_102_334,VPWR,li1,159.6200,291.0400,1.799979
FILLER_102_256,VPWR,li1,123.5100,291.0400,1.799973
FILLER_102_253,VPWR,li1,122.5900,291.0400,1.799971
FILLER_102_233,VPWR,li1,113.1600,291.0400,1.799969
FILLER_102_200,VPWR,li1,98.2100,291.0400,1.799973
FILLER_102_197,VPWR,li1,96.8300,291.0400,1.799970
FILLER_102_186,VPWR,li1,91.3100,291.0400,1.799963
FILLER_102_150,VPWR,li1,74.9800,291.0400,1.799955
FILLER_102_133,VPWR,li1,67.3900,291.0400,1.799945
FILLER_102_89,VPWR,li1,46.6900,291.0400,1.799947
FILLER_102_82,VPWR,li1,43.7000,291.0400,1.799954
FILLER_102_79,VPWR,li1,42.5500,291.0400,1.799954
FILLER_102_44,VPWR,li1,25.9900,291.0400,1.799948
FILLER_102_41,VPWR,li1,25.0700,291.0400,1.799948
FILLER_102_29,VPWR,li1,19.5500,291.0400,1.799958
FILLER_102_27,VPWR,li1,18.1700,291.0400,1.799958
FILLER_102_24,VPWR,li1,17.2500,291.0400,1.799963
FILLER_102_21,VPWR,li1,15.8700,291.0400,1.799963
FILLER_102_3,VPWR,li1,7.1300,291.0400,1.799974
FILLER_101_592,VPWR,li1,278.5300,285.6000,1.799963
FILLER_101_589,VPWR,li1,277.1500,285.6000,1.799958
FILLER_101_541,VPWR,li1,254.8400,285.6000,1.799931
FILLER_101_505,VPWR,li1,238.2800,285.6000,1.799879
FILLER_101_501,VPWR,li1,236.6700,285.6000,1.799879
FILLER_101_482,VPWR,li1,227.7000,285.6000,1.799892
FILLER_101_445,VPWR,li1,210.9100,285.6000,1.799892
FILLER_101_418,VPWR,li1,198.0300,285.6000,1.799912
FILLER_101_415,VPWR,li1,197.1100,285.6000,1.799912
FILLER_101_397,VPWR,li1,188.3700,285.6000,1.799939
FILLER_101_354,VPWR,li1,169.0500,285.6000,1.799946
FILLER_101_333,VPWR,li1,159.3900,285.6000,1.799962
FILLER_101_330,VPWR,li1,158.0100,285.6000,1.799956
FILLER_101_290,VPWR,li1,139.3800,285.6000,1.799943
FILLER_101_277,VPWR,li1,133.6300,285.6000,1.799943
FILLER_101_247,VPWR,li1,119.3700,285.6000,1.799904
FILLER_101_229,VPWR,li1,111.0900,285.6000,1.799911
FILLER_101_204,VPWR,li1,100.0500,285.6000,1.799950
FILLER_101_169,VPWR,li1,83.4900,285.6000,1.799932
FILLER_101_167,VPWR,li1,82.5700,285.6000,1.799932
FILLER_101_149,VPWR,li1,74.2900,285.6000,1.799933
FILLER_101_129,VPWR,li1,65.5500,285.6000,1.799904
FILLER_101_113,VPWR,li1,58.1900,285.6000,1.799860
FILLER_101_57,VPWR,li1,31.9700,285.6000,1.799883
FILLER_101_38,VPWR,li1,23.2300,285.6000,1.799877
FILLER_101_20,VPWR,li1,14.9500,285.6000,1.799908
FILLER_100_611,VPWR,li1,286.8100,285.6000,1.799965
FILLER_100_608,VPWR,li1,285.8900,285.6000,1.799965
FILLER_100_578,VPWR,li1,271.6300,285.6000,1.799946
FILLER_100_565,VPWR,li1,265.8800,285.6000,1.799938
FILLER_100_562,VPWR,li1,264.7300,285.6000,1.799938
FILLER_100_522,VPWR,li1,245.8700,285.6000,1.799897
FILLER_100_436,VPWR,li1,206.7700,285.6000,1.799888
FILLER_100_424,VPWR,li1,201.2500,285.6000,1.799901
FILLER_100_421,VPWR,li1,199.8700,285.6000,1.799907
FILLER_100_411,VPWR,li1,194.8100,285.6000,1.799922
FILLER_100_399,VPWR,li1,189.7500,285.6000,1.799939
FILLER_100_380,VPWR,li1,180.7800,285.6000,1.799935
FILLER_100_371,VPWR,li1,176.4100,285.6000,1.799938
FILLER_100_368,VPWR,li1,175.4900,285.6000,1.799938
FILLER_100_365,VPWR,li1,174.1100,285.6000,1.799939
FILLER_100_354,VPWR,li1,168.5900,285.6000,1.799946
FILLER_100_351,VPWR,li1,167.6700,285.6000,1.799949
FILLER_100_348,VPWR,li1,166.2900,285.6000,1.799949
FILLER_100_337,VPWR,li1,161.0000,285.6000,1.799962
FILLER_100_334,VPWR,li1,159.8500,285.6000,1.799962
FILLER_100_289,VPWR,li1,138.9200,285.6000,1.799943
FILLER_100_266,VPWR,li1,128.3400,285.6000,1.799937
FILLER_100_241,VPWR,li1,117.0700,285.6000,1.799905
FILLER_100_238,VPWR,li1,115.6900,285.6000,1.799906
FILLER_100_200,VPWR,li1,98.2100,285.6000,1.799947
FILLER_100_197,VPWR,li1,96.8300,285.6000,1.799944
FILLER_100_187,VPWR,li1,91.7700,285.6000,1.799938
FILLER_100_169,VPWR,li1,83.4900,285.6000,1.799932
FILLER_100_150,VPWR,li1,74.9800,285.6000,1.799933
FILLER_100_85,VPWR,li1,45.3100,285.6000,1.799873
FILLER_100_73,VPWR,li1,39.5600,285.6000,1.799906
FILLER_100_62,VPWR,li1,34.5000,285.6000,1.799889
FILLER_100_19,VPWR,li1,14.4900,285.6000,1.799908
FILLER_100_9,VPWR,li1,9.8900,285.6000,1.799943
FILLER_100_6,VPWR,li1,8.9700,285.6000,1.799943
FILLER_100_3,VPWR,li1,7.5900,285.6000,1.799943
FILLER_99_611,VPWR,li1,286.8100,280.1600,1.799918
FILLER_99_608,VPWR,li1,285.8900,280.1600,1.799918
FILLER_99_587,VPWR,li1,275.7700,280.1600,1.799882
FILLER_99_584,VPWR,li1,274.8500,280.1600,1.799867
FILLER_99_581,VPWR,li1,273.4700,280.1600,1.799867
FILLER_99_561,VPWR,li1,264.2700,280.1600,1.799841
FILLER_99_542,VPWR,li1,255.0700,280.1600,1.799886
FILLER_99_539,VPWR,li1,254.1500,280.1600,1.799886
FILLER_99_494,VPWR,li1,232.9900,280.1600,1.799902
FILLER_99_466,VPWR,li1,220.5700,280.1600,1.799936
FILLER_99_445,VPWR,li1,210.9100,280.1600,1.799897
FILLER_99_442,VPWR,li1,209.5300,280.1600,1.799897
FILLER_99_393,VPWR,li1,186.7600,280.1600,1.799931
FILLER_99_389,VPWR,li1,185.1500,280.1600,1.799926
FILLER_99_354,VPWR,li1,168.5900,280.1600,1.799927
FILLER_99_333,VPWR,li1,159.3900,280.1600,1.799921
FILLER_99_330,VPWR,li1,158.0100,280.1600,1.799921
FILLER_99_306,VPWR,li1,146.9700,280.1600,1.799859
FILLER_99_279,VPWR,li1,134.0900,280.1600,1.799901
FILLER_99_259,VPWR,li1,125.3500,280.1600,1.799912
FILLER_99_213,VPWR,li1,104.1900,280.1600,1.799905
FILLER_99_185,VPWR,li1,91.3100,280.1600,1.799901
FILLER_99_169,VPWR,li1,83.9500,280.1600,1.799906
FILLER_99_166,VPWR,li1,82.3400,280.1600,1.799906
FILLER_99_130,VPWR,li1,66.0100,280.1600,1.799913
FILLER_99_57,VPWR,li1,32.2000,280.1600,1.799896
FILLER_99_45,VPWR,li1,26.9100,280.1600,1.799902
FILLER_99_35,VPWR,li1,21.8500,280.1600,1.799916
FILLER_99_19,VPWR,li1,14.4900,280.1600,1.799946
FILLER_99_16,VPWR,li1,13.5700,280.1600,1.799946
FILLER_99_6,VPWR,li1,8.5100,280.1600,1.799959
FILLER_99_3,VPWR,li1,7.5900,280.1600,1.799959
FILLER_98_609,VPWR,li1,286.3500,280.1600,1.799918
FILLER_98_606,VPWR,li1,284.9700,280.1600,1.799918
FILLER_98_530,VPWR,li1,249.7800,280.1600,1.799897
FILLER_98_504,VPWR,li1,237.5900,280.1600,1.799896
FILLER_98_501,VPWR,li1,236.6700,280.1600,1.799899
FILLER_98_466,VPWR,li1,220.1100,280.1600,1.799936
FILLER_98_417,VPWR,li1,198.0300,280.1600,1.799905
FILLER_98_393,VPWR,li1,186.9900,280.1600,1.799931
FILLER_98_365,VPWR,li1,174.1100,280.1600,1.799923
FILLER_98_362,VPWR,li1,172.5000,280.1600,1.799923
FILLER_98_334,VPWR,li1,159.6200,280.1600,1.799921
FILLER_98_293,VPWR,li1,140.9900,280.1600,1.799870
FILLER_98_275,VPWR,li1,132.2500,280.1600,1.799913
FILLER_98_253,VPWR,li1,122.1300,280.1600,1.799903
FILLER_98_250,VPWR,li1,120.9800,280.1600,1.799903
FILLER_98_210,VPWR,li1,102.8100,280.1600,1.799905
FILLER_98_168,VPWR,li1,83.4900,280.1600,1.799906
FILLER_98_141,VPWR,li1,70.8400,280.1600,1.799933
FILLER_98_125,VPWR,li1,63.4800,280.1600,1.799902
FILLER_98_98,VPWR,li1,51.0600,280.1600,1.799858
FILLER_98_49,VPWR,li1,28.5200,280.1600,1.799902
FILLER_98_29,VPWR,li1,19.5500,280.1600,1.799926
FILLER_97_594,VPWR,li1,278.9900,274.7200,1.799935
FILLER_97_591,VPWR,li1,278.0700,274.7200,1.799935
FILLER_97_588,VPWR,li1,276.6900,274.7200,1.799926
FILLER_97_558,VPWR,li1,262.6600,274.7200,1.799868
FILLER_97_517,VPWR,li1,243.5700,274.7200,1.799826
FILLER_97_514,VPWR,li1,242.6500,274.7200,1.799826
FILLER_97_501,VPWR,li1,236.6700,274.7200,1.799811
FILLER_97_498,VPWR,li1,235.2900,274.7200,1.799811
FILLER_97_488,VPWR,li1,230.2300,274.7200,1.799836
FILLER_97_461,VPWR,li1,218.0400,274.7200,1.799900
FILLER_97_449,VPWR,li1,212.7500,274.7200,1.799895
FILLER_97_446,VPWR,li1,211.1400,274.7200,1.799894
FILLER_97_427,VPWR,li1,202.4000,274.7200,1.799899
FILLER_97_401,VPWR,li1,190.2100,274.7200,1.799915
FILLER_97_391,VPWR,li1,185.6100,274.7200,1.799871
FILLER_97_340,VPWR,li1,162.1500,274.7200,1.799897
FILLER_97_337,VPWR,li1,161.2300,274.7200,1.799909
FILLER_97_333,VPWR,li1,159.3900,274.7200,1.799898
FILLER_97_330,VPWR,li1,158.0100,274.7200,1.799898
FILLER_97_301,VPWR,li1,144.6700,274.7200,1.799842
FILLER_97_195,VPWR,li1,95.4500,274.7200,1.799859
FILLER_97_169,VPWR,li1,83.4900,274.7200,1.799873
FILLER_97_148,VPWR,li1,74.2900,274.7200,1.799915
FILLER_97_113,VPWR,li1,57.7300,274.7200,1.799909
FILLER_97_92,VPWR,li1,48.5300,274.7200,1.799922
FILLER_97_57,VPWR,li1,31.9700,274.7200,1.799904
FILLER_97_29,VPWR,li1,19.3200,274.7200,1.799909
FILLER_96_594,VPWR,li1,278.9900,274.7200,1.799935
FILLER_96_591,VPWR,li1,278.0700,274.7200,1.799935
FILLER_96_536,VPWR,li1,252.3100,274.7200,1.799880
FILLER_96_533,VPWR,li1,251.3900,274.7200,1.799890
FILLER_96_531,VPWR,li1,250.0100,274.7200,1.799890
FILLER_96_519,VPWR,li1,244.9500,274.7200,1.799845
FILLER_96_474,VPWR,li1,224.0200,274.7200,1.799874
FILLER_96_424,VPWR,li1,200.7900,274.7200,1.799899
FILLER_96_421,VPWR,li1,199.8700,274.7200,1.799901
FILLER_96_418,VPWR,li1,198.2600,274.7200,1.799903
FILLER_96_409,VPWR,li1,194.3500,274.7200,1.799907
FILLER_96_406,VPWR,li1,192.9700,274.7200,1.799911
FILLER_96_371,VPWR,li1,176.4100,274.7200,1.799854
FILLER_96_368,VPWR,li1,175.4900,274.7200,1.799849
FILLER_96_365,VPWR,li1,174.1100,274.7200,1.799849
FILLER_96_363,VPWR,li1,172.7300,274.7200,1.799856
FILLER_96_349,VPWR,li1,166.2900,274.7200,1.799875
FILLER_96_337,VPWR,li1,161.2300,274.7200,1.799909
FILLER_96_334,VPWR,li1,159.8500,274.7200,1.799909
FILLER_96_290,VPWR,li1,139.1500,274.7200,1.799841
FILLER_96_253,VPWR,li1,122.3600,274.7200,1.799838
FILLER_96_221,VPWR,li1,107.4100,274.7200,1.799848
FILLER_96_182,VPWR,li1,89.4700,274.7200,1.799857
FILLER_96_177,VPWR,li1,87.1700,274.7200,1.799857
FILLER_96_167,VPWR,li1,82.8000,274.7200,1.799873
FILLER_96_141,VPWR,li1,70.6100,274.7200,1.799929
FILLER_96_134,VPWR,li1,67.6200,274.7200,1.799921
FILLER_96_101,VPWR,li1,52.6700,274.7200,1.799914
FILLER_96_85,VPWR,li1,45.3100,274.7200,1.799926
FILLER_96_72,VPWR,li1,39.3300,274.7200,1.799937
FILLER_96_62,VPWR,li1,34.2700,274.7200,1.799913
FILLER_96_27,VPWR,li1,18.1700,274.7200,1.799916
FILLER_96_9,VPWR,li1,9.8900,274.7200,1.799954
FILLER_96_6,VPWR,li1,8.9700,274.7200,1.799954
FILLER_96_3,VPWR,li1,7.5900,274.7200,1.799954
FILLER_95_611,VPWR,li1,286.8100,269.2800,1.799965
FILLER_95_608,VPWR,li1,285.8900,269.2800,1.799965
FILLER_95_605,VPWR,li1,284.5100,269.2800,1.799965
FILLER_95_584,VPWR,li1,274.3900,269.2800,1.799947
FILLER_95_581,VPWR,li1,273.4700,269.2800,1.799945
FILLER_95_578,VPWR,li1,272.0900,269.2800,1.799945
FILLER_95_538,VPWR,li1,253.4600,269.2800,1.799944
FILLER_95_501,VPWR,li1,236.6700,269.2800,1.799925
FILLER_95_466,VPWR,li1,220.1100,269.2800,1.799950
FILLER_95_428,VPWR,li1,203.0900,269.2800,1.799914
FILLER_95_425,VPWR,li1,201.7100,269.2800,1.799914
FILLER_95_413,VPWR,li1,196.1900,269.2800,1.799907
FILLER_95_393,VPWR,li1,186.9900,269.2800,1.799889
FILLER_95_358,VPWR,li1,170.4300,269.2800,1.799842
FILLER_95_333,VPWR,li1,159.3900,269.2800,1.799893
FILLER_95_330,VPWR,li1,158.0100,269.2800,1.799893
FILLER_95_298,VPWR,li1,143.0600,269.2800,1.799848
FILLER_95_225,VPWR,li1,109.2500,269.2800,1.799880
FILLER_95_211,VPWR,li1,102.8100,269.2800,1.799903
FILLER_95_197,VPWR,li1,96.6000,269.2800,1.799899
FILLER_95_169,VPWR,li1,83.9500,269.2800,1.799887
FILLER_95_165,VPWR,li1,82.1100,269.2800,1.799890
FILLER_95_149,VPWR,li1,74.7500,269.2800,1.799907
FILLER_95_122,VPWR,li1,62.1000,269.2800,1.799885
FILLER_95_66,VPWR,li1,36.1100,269.2800,1.799883
FILLER_95_55,VPWR,li1,31.0500,269.2800,1.799886
FILLER_95_44,VPWR,li1,26.2200,269.2800,1.799894
FILLER_95_24,VPWR,li1,17.2500,269.2800,1.799930
FILLER_95_3,VPWR,li1,7.5900,269.2800,1.799960
FILLER_94_611,VPWR,li1,286.8100,269.2800,1.799965
FILLER_94_592,VPWR,li1,278.3000,269.2800,1.799958
FILLER_94_589,VPWR,li1,277.1500,269.2800,1.799950
FILLER_94_585,VPWR,li1,275.3100,269.2800,1.799947
FILLER_94_582,VPWR,li1,273.9300,269.2800,1.799947
FILLER_94_564,VPWR,li1,265.1900,269.2800,1.799941
FILLER_94_561,VPWR,li1,264.2700,269.2800,1.799941
FILLER_94_558,VPWR,li1,262.8900,269.2800,1.799941
FILLER_94_547,VPWR,li1,257.6000,269.2800,1.799943
FILLER_94_531,VPWR,li1,250.0100,269.2800,1.799954
FILLER_94_521,VPWR,li1,245.4100,269.2800,1.799940
FILLER_94_518,VPWR,li1,244.4900,269.2800,1.799940
FILLER_94_500,VPWR,li1,235.7500,269.2800,1.799922
FILLER_94_486,VPWR,li1,229.3100,269.2800,1.799929
FILLER_94_432,VPWR,li1,204.7000,269.2800,1.799917
FILLER_94_421,VPWR,li1,199.6400,269.2800,1.799909
FILLER_94_417,VPWR,li1,198.0300,269.2800,1.799909
FILLER_94_398,VPWR,li1,189.0600,269.2800,1.799910
FILLER_94_393,VPWR,li1,186.5300,269.2800,1.799877
FILLER_94_374,VPWR,li1,178.0200,269.2800,1.799848
FILLER_94_363,VPWR,li1,172.7300,269.2800,1.799838
FILLER_94_298,VPWR,li1,143.0600,269.2800,1.799848
FILLER_94_279,VPWR,li1,134.5500,269.2800,1.799865
FILLER_94_257,VPWR,li1,124.2000,269.2800,1.799852
FILLER_94_250,VPWR,li1,120.9800,269.2800,1.799848
FILLER_94_197,VPWR,li1,96.3700,269.2800,1.799899
FILLER_94_151,VPWR,li1,75.6700,269.2800,1.799907
FILLER_94_141,VPWR,li1,70.6100,269.2800,1.799923
FILLER_94_103,VPWR,li1,53.5900,269.2800,1.799860
FILLER_94_85,VPWR,li1,44.8500,269.2800,1.799854
FILLER_94_66,VPWR,li1,36.5700,269.2800,1.799883
FILLER_94_29,VPWR,li1,19.5500,269.2800,1.799920
FILLER_93_567,VPWR,li1,266.5700,263.8400,1.799954
FILLER_93_564,VPWR,li1,265.6500,263.8400,1.799954
FILLER_93_561,VPWR,li1,264.2700,263.8400,1.799954
FILLER_93_517,VPWR,li1,243.5700,263.8400,1.799942
FILLER_93_514,VPWR,li1,242.6500,263.8400,1.799942
FILLER_93_446,VPWR,li1,211.1400,263.8400,1.799918
FILLER_93_410,VPWR,li1,194.8100,263.8400,1.799923
FILLER_93_390,VPWR,li1,185.3800,263.8400,1.799929
FILLER_93_356,VPWR,li1,169.9700,263.8400,1.799922
FILLER_93_346,VPWR,li1,164.9100,263.8400,1.799928
FILLER_93_281,VPWR,li1,135.0100,263.8400,1.799945
FILLER_93_273,VPWR,li1,131.3300,263.8400,1.799957
FILLER_93_251,VPWR,li1,121.2100,263.8400,1.799942
FILLER_93_205,VPWR,li1,100.2800,263.8400,1.799942
FILLER_93_186,VPWR,li1,91.5400,263.8400,1.799895
FILLER_93_113,VPWR,li1,58.1900,263.8400,1.799861
FILLER_93_60,VPWR,li1,33.3500,263.8400,1.799848
FILLER_93_57,VPWR,li1,32.4300,263.8400,1.799848
FILLER_93_20,VPWR,li1,15.1800,263.8400,1.799888
FILLER_92_592,VPWR,li1,278.5300,263.8400,1.799969
FILLER_92_589,VPWR,li1,277.1500,263.8400,1.799964
FILLER_92_587,VPWR,li1,275.7700,263.8400,1.799964
FILLER_92_542,VPWR,li1,255.5300,263.8400,1.799955
FILLER_92_531,VPWR,li1,250.0100,263.8400,1.799961
FILLER_92_501,VPWR,li1,236.2100,263.8400,1.799926
FILLER_92_419,VPWR,li1,198.4900,263.8400,1.799911
FILLER_92_363,VPWR,li1,172.7300,263.8400,1.799919
FILLER_92_339,VPWR,li1,162.1500,263.8400,1.799933
FILLER_92_305,VPWR,li1,146.5100,263.8400,1.799934
FILLER_92_269,VPWR,li1,129.9500,263.8400,1.799957
FILLER_92_253,VPWR,li1,122.5900,263.8400,1.799942
FILLER_92_245,VPWR,li1,118.9100,263.8400,1.799941
FILLER_92_214,VPWR,li1,104.1900,263.8400,1.799939
FILLER_92_195,VPWR,li1,95.4500,263.8400,1.799914
FILLER_92_184,VPWR,li1,90.8500,263.8400,1.799895
FILLER_92_166,VPWR,li1,82.3400,263.8400,1.799876
FILLER_92_118,VPWR,li1,60.0300,263.8400,1.799867
FILLER_92_75,VPWR,li1,40.2500,263.8400,1.799896
FILLER_92_3,VPWR,li1,7.1300,263.8400,1.799924
FILLER_91_602,VPWR,li1,282.6700,258.4000,1.799952
FILLER_91_599,VPWR,li1,281.7500,258.4000,1.799956
FILLER_91_581,VPWR,li1,273.0100,258.4000,1.799934
FILLER_91_561,VPWR,li1,263.8100,258.4000,1.799913
FILLER_91_557,VPWR,li1,262.4300,258.4000,1.799913
FILLER_91_541,VPWR,li1,254.8400,258.4000,1.799904
FILLER_91_517,VPWR,li1,243.8000,258.4000,1.799846
FILLER_91_514,VPWR,li1,242.6500,258.4000,1.799828
FILLER_91_487,VPWR,li1,230.0000,258.4000,1.799817
FILLER_91_391,VPWR,li1,185.6100,258.4000,1.799887
FILLER_91_371,VPWR,li1,176.8700,258.4000,1.799873
FILLER_91_345,VPWR,li1,164.4500,258.4000,1.799904
FILLER_91_333,VPWR,li1,159.3900,258.4000,1.799922
FILLER_91_330,VPWR,li1,158.0100,258.4000,1.799922
FILLER_91_320,VPWR,li1,152.9500,258.4000,1.799913
FILLER_91_317,VPWR,li1,152.0300,258.4000,1.799913
FILLER_91_290,VPWR,li1,139.3800,258.4000,1.799918
FILLER_91_211,VPWR,li1,102.8100,258.4000,1.799923
FILLER_91_177,VPWR,li1,87.1700,258.4000,1.799895
FILLER_91_144,VPWR,li1,72.4500,258.4000,1.799915
FILLER_91_94,VPWR,li1,49.2200,258.4000,1.799914
FILLER_91_85,VPWR,li1,44.8500,258.4000,1.799925
FILLER_91_71,VPWR,li1,38.6400,258.4000,1.799929
FILLER_91_60,VPWR,li1,33.5800,258.4000,1.799919
FILLER_91_57,VPWR,li1,32.4300,258.4000,1.799915
FILLER_91_54,VPWR,li1,30.8200,258.4000,1.799915
FILLER_91_26,VPWR,li1,17.9400,258.4000,1.799934
FILLER_91_6,VPWR,li1,8.9700,258.4000,1.799962
FILLER_91_3,VPWR,li1,7.5900,258.4000,1.799962
FILLER_90_592,VPWR,li1,278.5300,258.4000,1.799949
FILLER_90_589,VPWR,li1,277.1500,258.4000,1.799941
FILLER_90_568,VPWR,li1,267.4900,258.4000,1.799919
FILLER_90_565,VPWR,li1,266.1100,258.4000,1.799919
FILLER_90_512,VPWR,li1,241.7300,258.4000,1.799828
FILLER_90_499,VPWR,li1,235.2900,258.4000,1.799795
FILLER_90_442,VPWR,li1,209.0700,258.4000,1.799808
FILLER_90_421,VPWR,li1,199.4100,258.4000,1.799826
FILLER_90_410,VPWR,li1,194.5800,258.4000,1.799860
FILLER_90_390,VPWR,li1,185.6100,258.4000,1.799887
FILLER_90_309,VPWR,li1,148.1200,258.4000,1.799913
FILLER_90_306,VPWR,li1,146.7400,258.4000,1.799913
FILLER_90_261,VPWR,li1,126.0400,258.4000,1.799932
FILLER_90_197,VPWR,li1,96.3700,258.4000,1.799917
FILLER_90_95,VPWR,li1,49.6800,258.4000,1.799914
FILLER_90_85,VPWR,li1,45.0800,258.4000,1.799925
FILLER_90_73,VPWR,li1,39.5600,258.4000,1.799929
FILLER_90_54,VPWR,li1,30.8200,258.4000,1.799915
FILLER_89_611,VPWR,li1,286.8100,252.9600,1.799923
FILLER_89_578,VPWR,li1,271.8600,252.9600,1.799902
FILLER_89_557,VPWR,li1,262.4300,252.9600,1.799894
FILLER_89_554,VPWR,li1,261.0500,252.9600,1.799893
FILLER_89_508,VPWR,li1,239.6600,252.9600,1.799898
FILLER_89_505,VPWR,li1,238.5100,252.9600,1.799898
FILLER_89_503,VPWR,li1,237.1300,252.9600,1.799895
FILLER_89_457,VPWR,li1,216.4300,252.9600,1.799887
FILLER_89_447,VPWR,li1,211.3700,252.9600,1.799879
FILLER_89_415,VPWR,li1,197.1100,252.9600,1.799880
FILLER_89_397,VPWR,li1,188.3700,252.9600,1.799876
FILLER_89_365,VPWR,li1,173.6500,252.9600,1.799836
FILLER_89_334,VPWR,li1,159.6200,252.9600,1.799886
FILLER_89_281,VPWR,li1,135.4700,252.9600,1.799852
FILLER_89_260,VPWR,li1,125.3500,252.9600,1.799874
FILLER_89_234,VPWR,li1,113.3900,252.9600,1.799866
FILLER_89_222,VPWR,li1,108.1000,252.9600,1.799877
FILLER_89_179,VPWR,li1,88.3200,252.9600,1.799872
FILLER_89_169,VPWR,li1,83.4900,252.9600,1.799881
FILLER_89_166,VPWR,li1,82.3400,252.9600,1.799881
FILLER_89_152,VPWR,li1,75.6700,252.9600,1.799903
FILLER_89_137,VPWR,li1,69.0000,252.9600,1.799932
FILLER_89_93,VPWR,li1,48.7600,252.9600,1.799879
FILLER_89_57,VPWR,li1,32.2000,252.9600,1.799819
FILLER_89_55,VPWR,li1,31.0500,252.9600,1.799819
FILLER_89_28,VPWR,li1,19.0900,252.9600,1.799866
FILLER_88_597,VPWR,li1,280.3700,252.9600,1.799932
FILLER_88_561,VPWR,li1,263.8100,252.9600,1.799894
FILLER_88_558,VPWR,li1,262.8900,252.9600,1.799894
FILLER_88_531,VPWR,li1,250.0100,252.9600,1.799920
FILLER_88_528,VPWR,li1,249.0900,252.9600,1.799920
FILLER_88_473,VPWR,li1,223.7900,252.9600,1.799888
FILLER_88_421,VPWR,li1,199.4100,252.9600,1.799877
FILLER_88_418,VPWR,li1,198.2600,252.9600,1.799880
FILLER_88_363,VPWR,li1,172.7300,252.9600,1.799836
FILLER_88_334,VPWR,li1,159.8500,252.9600,1.799886
FILLER_88_307,VPWR,li1,146.9700,252.9600,1.799801
FILLER_88_292,VPWR,li1,140.0700,252.9600,1.799810
FILLER_88_273,VPWR,li1,131.5600,252.9600,1.799891
FILLER_88_253,VPWR,li1,122.5900,252.9600,1.799866
FILLER_88_234,VPWR,li1,113.6200,252.9600,1.799866
FILLER_88_195,VPWR,li1,95.4500,252.9600,1.799886
FILLER_88_138,VPWR,li1,69.4600,252.9600,1.799932
FILLER_88_119,VPWR,li1,60.7200,252.9600,1.799903
FILLER_88_110,VPWR,li1,56.3500,252.9600,1.799890
FILLER_88_83,VPWR,li1,43.9300,252.9600,1.799891
FILLER_88_65,VPWR,li1,35.6500,252.9600,1.799848
FILLER_88_62,VPWR,li1,34.7300,252.9600,1.799848
FILLER_88_38,VPWR,li1,23.6900,252.9600,1.799838
FILLER_87_611,VPWR,li1,286.8100,247.5200,1.799915
FILLER_87_608,VPWR,li1,285.8900,247.5200,1.799915
FILLER_87_561,VPWR,li1,264.2700,247.5200,1.799846
FILLER_87_557,VPWR,li1,262.4300,247.5200,1.799848
FILLER_87_513,VPWR,li1,241.7300,247.5200,1.799828
FILLER_87_502,VPWR,li1,236.9000,247.5200,1.799802
FILLER_87_483,VPWR,li1,228.1600,247.5200,1.799797
FILLER_87_457,VPWR,li1,215.9700,247.5200,1.799820
FILLER_87_447,VPWR,li1,211.3700,247.5200,1.799809
FILLER_87_433,VPWR,li1,205.1600,247.5200,1.799807
FILLER_87_401,VPWR,li1,190.6700,247.5200,1.799896
FILLER_87_366,VPWR,li1,174.1100,247.5200,1.799875
FILLER_87_331,VPWR,li1,158.0100,247.5200,1.799896
FILLER_87_290,VPWR,li1,139.1500,247.5200,1.799905
FILLER_87_277,VPWR,li1,133.6300,247.5200,1.799928
FILLER_87_258,VPWR,li1,124.6600,247.5200,1.799924
FILLER_87_205,VPWR,li1,100.2800,247.5200,1.799946
FILLER_87_196,VPWR,li1,95.9100,247.5200,1.799937
FILLER_87_186,VPWR,li1,91.3100,247.5200,1.799932
FILLER_87_148,VPWR,li1,74.0600,247.5200,1.799944
FILLER_87_121,VPWR,li1,61.6400,247.5200,1.799933
FILLER_87_107,VPWR,li1,54.9700,247.5200,1.799924
FILLER_87_96,VPWR,li1,50.3700,247.5200,1.799928
FILLER_87_57,VPWR,li1,31.9700,247.5200,1.799935
FILLER_87_37,VPWR,li1,23.2300,247.5200,1.799935
FILLER_86_593,VPWR,li1,278.7600,247.5200,1.799901
FILLER_86_568,VPWR,li1,267.4900,247.5200,1.799846
FILLER_86_541,VPWR,li1,254.8400,247.5200,1.799857
FILLER_86_531,VPWR,li1,250.0100,247.5200,1.799882
FILLER_86_517,VPWR,li1,243.5700,247.5200,1.799842
FILLER_86_508,VPWR,li1,239.4300,247.5200,1.799816
FILLER_86_481,VPWR,li1,227.0100,247.5200,1.799797
FILLER_86_475,VPWR,li1,224.2500,247.5200,1.799819
FILLER_86_429,VPWR,li1,203.0900,247.5200,1.799815
FILLER_86_417,VPWR,li1,198.0300,247.5200,1.799848
FILLER_86_371,VPWR,li1,176.4100,247.5200,1.799876
FILLER_86_368,VPWR,li1,175.4900,247.5200,1.799876
FILLER_86_365,VPWR,li1,174.1100,247.5200,1.799875
FILLER_86_334,VPWR,li1,159.8500,247.5200,1.799906
FILLER_86_232,VPWR,li1,112.9300,247.5200,1.799915
FILLER_86_197,VPWR,li1,96.3700,247.5200,1.799937
FILLER_86_177,VPWR,li1,87.4000,247.5200,1.799930
FILLER_86_149,VPWR,li1,74.7500,247.5200,1.799944
FILLER_86_122,VPWR,li1,61.8700,247.5200,1.799933
FILLER_86_94,VPWR,li1,49.4500,247.5200,1.799928
FILLER_86_85,VPWR,li1,44.8500,247.5200,1.799940
FILLER_86_73,VPWR,li1,39.5600,247.5200,1.799947
FILLER_86_70,VPWR,li1,38.4100,247.5200,1.799947
FILLER_86_3,VPWR,li1,7.1300,247.5200,1.799968
FILLER_85_611,VPWR,li1,286.8100,242.0800,1.799940
FILLER_85_608,VPWR,li1,285.8900,242.0800,1.799940
FILLER_85_597,VPWR,li1,280.6000,242.0800,1.799941
FILLER_85_578,VPWR,li1,271.6300,242.0800,1.799874
FILLER_85_557,VPWR,li1,262.4300,242.0800,1.799841
FILLER_85_522,VPWR,li1,246.1000,242.0800,1.799837
FILLER_85_503,VPWR,li1,237.1300,242.0800,1.799826
FILLER_85_459,VPWR,li1,217.3500,242.0800,1.799892
FILLER_85_449,VPWR,li1,212.2900,242.0800,1.799872
FILLER_85_347,VPWR,li1,165.8300,242.0800,1.799923
FILLER_85_337,VPWR,li1,161.0000,242.0800,1.799926
FILLER_85_324,VPWR,li1,154.7900,242.0800,1.799906
FILLER_85_300,VPWR,li1,143.7500,242.0800,1.799869
FILLER_85_290,VPWR,li1,139.1500,242.0800,1.799874
FILLER_85_281,VPWR,li1,135.0100,242.0800,1.799881
FILLER_85_260,VPWR,li1,125.8100,242.0800,1.799854
FILLER_85_233,VPWR,li1,113.1600,242.0800,1.799850
FILLER_85_201,VPWR,li1,98.4400,242.0800,1.799859
FILLER_85_166,VPWR,li1,82.3400,242.0800,1.799850
FILLER_85_147,VPWR,li1,73.6000,242.0800,1.799901
FILLER_85_129,VPWR,li1,65.0900,242.0800,1.799913
FILLER_85_110,VPWR,li1,56.5800,242.0800,1.799908
FILLER_85_75,VPWR,li1,40.2500,242.0800,1.799922
FILLER_85_55,VPWR,li1,31.0500,242.0800,1.799893
FILLER_85_45,VPWR,li1,26.6800,242.0800,1.799883
FILLER_84_592,VPWR,li1,278.5300,242.0800,1.799925
FILLER_84_589,VPWR,li1,277.1500,242.0800,1.799910
FILLER_84_587,VPWR,li1,275.7700,242.0800,1.799910
FILLER_84_531,VPWR,li1,250.0100,242.0800,1.799840
FILLER_84_528,VPWR,li1,249.0900,242.0800,1.799840
FILLER_84_517,VPWR,li1,244.0300,242.0800,1.799834
FILLER_84_475,VPWR,li1,224.2500,242.0800,1.799855
FILLER_84_463,VPWR,li1,219.1900,242.0800,1.799898
FILLER_84_421,VPWR,li1,199.4100,242.0800,1.799888
FILLER_84_415,VPWR,li1,196.6500,242.0800,1.799897
FILLER_84_377,VPWR,li1,179.1700,242.0800,1.799923
FILLER_84_374,VPWR,li1,178.2500,242.0800,1.799923
FILLER_84_346,VPWR,li1,164.9100,242.0800,1.799923
FILLER_84_230,VPWR,li1,111.5500,242.0800,1.799850
FILLER_84_177,VPWR,li1,87.4000,242.0800,1.799824
FILLER_84_141,VPWR,li1,70.8400,242.0800,1.799925
FILLER_84_138,VPWR,li1,69.4600,242.0800,1.799925
FILLER_84_110,VPWR,li1,56.8100,242.0800,1.799908
FILLER_84_66,VPWR,li1,36.3400,242.0800,1.799913
FILLER_83_611,VPWR,li1,286.8100,236.6400,1.799925
FILLER_83_608,VPWR,li1,285.8900,236.6400,1.799925
FILLER_83_581,VPWR,li1,273.2400,236.6400,1.799913
FILLER_83_578,VPWR,li1,272.0900,236.6400,1.799913
FILLER_83_557,VPWR,li1,262.4300,236.6400,1.799910
FILLER_83_532,VPWR,li1,250.4700,236.6400,1.799939
FILLER_83_503,VPWR,li1,237.1300,236.6400,1.799923
FILLER_83_463,VPWR,li1,218.7300,236.6400,1.799951
FILLER_83_460,VPWR,li1,217.8100,236.6400,1.799951
FILLER_83_449,VPWR,li1,212.5200,236.6400,1.799944
FILLER_83_447,VPWR,li1,211.3700,236.6400,1.799941
FILLER_83_378,VPWR,li1,180.0900,236.6400,1.799898
FILLER_83_317,VPWR,li1,151.8000,236.6400,1.799893
FILLER_83_298,VPWR,li1,142.8300,236.6400,1.799882
FILLER_83_281,VPWR,li1,135.0100,236.6400,1.799891
FILLER_83_278,VPWR,li1,133.8600,236.6400,1.799891
FILLER_83_225,VPWR,li1,109.7100,236.6400,1.799837
FILLER_83_202,VPWR,li1,98.6700,236.6400,1.799868
FILLER_83_166,VPWR,li1,82.3400,236.6400,1.799853
FILLER_83_140,VPWR,li1,70.1500,236.6400,1.799921
FILLER_83_113,VPWR,li1,57.9600,236.6400,1.799891
FILLER_83_110,VPWR,li1,56.5800,236.6400,1.799887
FILLER_83_88,VPWR,li1,46.2300,236.6400,1.799914
FILLER_83_68,VPWR,li1,37.4900,236.6400,1.799942
FILLER_83_57,VPWR,li1,32.2000,236.6400,1.799939
FILLER_83_42,VPWR,li1,25.3000,236.6400,1.799942
FILLER_83_32,VPWR,li1,20.4700,236.6400,1.799952
FILLER_83_20,VPWR,li1,15.4100,236.6400,1.799964
FILLER_82_589,VPWR,li1,276.9200,236.6400,1.799928
FILLER_82_572,VPWR,li1,269.3300,236.6400,1.799906
FILLER_82_545,VPWR,li1,256.4500,236.6400,1.799919
FILLER_82_542,VPWR,li1,255.5300,236.6400,1.799919
FILLER_82_523,VPWR,li1,246.3300,236.6400,1.799929
FILLER_82_419,VPWR,li1,198.4900,236.6400,1.799936
FILLER_82_371,VPWR,li1,176.4100,236.6400,1.799898
FILLER_82_368,VPWR,li1,175.4900,236.6400,1.799898
FILLER_82_365,VPWR,li1,174.1100,236.6400,1.799899
FILLER_82_362,VPWR,li1,172.5000,236.6400,1.799900
FILLER_82_359,VPWR,li1,171.3500,236.6400,1.799900
FILLER_82_324,VPWR,li1,154.7900,236.6400,1.799895
FILLER_82_321,VPWR,li1,153.8700,236.6400,1.799895
FILLER_82_309,VPWR,li1,148.1200,236.6400,1.799886
FILLER_82_298,VPWR,li1,142.8300,236.6400,1.799882
FILLER_82_293,VPWR,li1,140.5300,236.6400,1.799880
FILLER_82_242,VPWR,li1,117.0700,236.6400,1.799842
FILLER_82_191,VPWR,li1,93.6100,236.6400,1.799857
FILLER_82_173,VPWR,li1,85.3300,236.6400,1.799851
FILLER_82_137,VPWR,li1,69.2300,236.6400,1.799915
FILLER_82_99,VPWR,li1,51.2900,236.6400,1.799899
FILLER_82_88,VPWR,li1,46.4600,236.6400,1.799914
FILLER_82_85,VPWR,li1,45.3100,236.6400,1.799924
FILLER_82_50,VPWR,li1,28.7500,236.6400,1.799939
FILLER_82_32,VPWR,li1,20.4700,236.6400,1.799952
FILLER_82_29,VPWR,li1,19.5500,236.6400,1.799958
FILLER_82_26,VPWR,li1,17.9400,236.6400,1.799958
FILLER_82_23,VPWR,li1,16.7900,236.6400,1.799964
FILLER_82_3,VPWR,li1,7.5900,236.6400,1.799976
FILLER_81_569,VPWR,li1,267.4900,231.2000,1.799896
FILLER_81_542,VPWR,li1,255.0700,231.2000,1.799903
FILLER_81_517,VPWR,li1,243.5700,231.2000,1.799895
FILLER_81_505,VPWR,li1,238.5100,231.2000,1.799891
FILLER_81_503,VPWR,li1,237.1300,231.2000,1.799889
FILLER_81_436,VPWR,li1,206.7700,231.2000,1.799902
FILLER_81_390,VPWR,li1,185.3800,231.2000,1.799870
FILLER_81_343,VPWR,li1,163.5300,231.2000,1.799855
FILLER_81_281,VPWR,li1,135.0100,231.2000,1.799863
FILLER_81_262,VPWR,li1,126.2700,231.2000,1.799843
FILLER_81_225,VPWR,li1,109.7100,231.2000,1.799841
FILLER_81_177,VPWR,li1,87.4000,231.2000,1.799803
FILLER_81_132,VPWR,li1,66.7000,231.2000,1.799918
FILLER_81_121,VPWR,li1,61.6400,231.2000,1.799914
FILLER_81_55,VPWR,li1,31.0500,231.2000,1.799932
FILLER_81_36,VPWR,li1,22.5400,231.2000,1.799943
FILLER_80_592,VPWR,li1,278.5300,231.2000,1.799941
FILLER_80_589,VPWR,li1,277.1500,231.2000,1.799930
FILLER_80_578,VPWR,li1,271.6300,231.2000,1.799908
FILLER_80_568,VPWR,li1,267.2600,231.2000,1.799896
FILLER_80_533,VPWR,li1,251.1600,231.2000,1.799916
FILLER_80_531,VPWR,li1,250.0100,231.2000,1.799903
FILLER_80_457,VPWR,li1,216.2000,231.2000,1.799917
FILLER_80_430,VPWR,li1,203.7800,231.2000,1.799900
FILLER_80_419,VPWR,li1,198.4900,231.2000,1.799896
FILLER_80_386,VPWR,li1,183.3100,231.2000,1.799859
FILLER_80_309,VPWR,li1,148.3500,231.2000,1.799837
FILLER_80_290,VPWR,li1,139.1500,231.2000,1.799846
FILLER_80_284,VPWR,li1,136.6200,231.2000,1.799853
FILLER_80_253,VPWR,li1,122.3600,231.2000,1.799833
FILLER_80_251,VPWR,li1,121.2100,231.2000,1.799833
FILLER_80_232,VPWR,li1,112.7000,231.2000,1.799825
FILLER_80_222,VPWR,li1,108.1000,231.2000,1.799841
FILLER_80_194,VPWR,li1,95.2200,231.2000,1.799833
FILLER_80_152,VPWR,li1,76.1300,231.2000,1.799863
FILLER_80_141,VPWR,li1,70.8400,231.2000,1.799920
FILLER_80_137,VPWR,li1,69.2300,231.2000,1.799920
FILLER_80_93,VPWR,li1,48.7600,231.2000,1.799914
FILLER_80_72,VPWR,li1,39.3300,231.2000,1.799948
FILLER_80_44,VPWR,li1,26.4500,231.2000,1.799938
FILLER_80_29,VPWR,li1,19.3200,231.2000,1.799950
FILLER_79_593,VPWR,li1,278.7600,225.7600,1.799951
FILLER_79_505,VPWR,li1,238.5100,225.7600,1.799935
FILLER_79_482,VPWR,li1,227.4700,225.7600,1.799921
FILLER_79_479,VPWR,li1,226.5500,225.7600,1.799921
FILLER_79_445,VPWR,li1,210.9100,225.7600,1.799871
FILLER_79_396,VPWR,li1,188.3700,225.7600,1.799875
FILLER_79_393,VPWR,li1,186.9900,225.7600,1.799875
FILLER_79_363,VPWR,li1,173.1900,225.7600,1.799845
FILLER_79_340,VPWR,li1,162.3800,225.7600,1.799892
FILLER_79_337,VPWR,li1,161.2300,225.7600,1.799907
FILLER_79_335,VPWR,li1,159.8500,225.7600,1.799907
FILLER_79_294,VPWR,li1,141.4500,225.7600,1.799886
FILLER_79_281,VPWR,li1,135.0100,225.7600,1.799905
FILLER_79_279,VPWR,li1,134.0900,225.7600,1.799915
FILLER_79_247,VPWR,li1,119.6000,225.7600,1.799896
FILLER_79_229,VPWR,li1,111.0900,225.7600,1.799873
FILLER_79_223,VPWR,li1,108.3300,225.7600,1.799867
FILLER_79_206,VPWR,li1,100.5100,225.7600,1.799890
FILLER_79_190,VPWR,li1,93.1500,225.7600,1.799829
FILLER_79_144,VPWR,li1,71.9900,225.7600,1.799865
FILLER_79_113,VPWR,li1,57.9600,225.7600,1.799880
FILLER_79_65,VPWR,li1,35.6500,225.7600,1.799923
FILLER_79_47,VPWR,li1,27.3700,225.7600,1.799923
FILLER_79_28,VPWR,li1,18.8600,225.7600,1.799938
FILLER_79_16,VPWR,li1,13.5700,225.7600,1.799955
FILLER_79_6,VPWR,li1,8.5100,225.7600,1.799967
FILLER_79_3,VPWR,li1,7.5900,225.7600,1.799967
FILLER_78_609,VPWR,li1,286.3500,225.7600,1.799959
FILLER_78_606,VPWR,li1,284.9700,225.7600,1.799959
FILLER_78_577,VPWR,li1,271.6300,225.7600,1.799929
FILLER_78_541,VPWR,li1,254.8400,225.7600,1.799946
FILLER_78_521,VPWR,li1,245.6400,225.7600,1.799946
FILLER_78_509,VPWR,li1,240.3500,225.7600,1.799937
FILLER_78_475,VPWR,li1,224.2500,225.7600,1.799924
FILLER_78_457,VPWR,li1,215.9700,225.7600,1.799896
FILLER_78_447,VPWR,li1,211.6000,225.7600,1.799871
FILLER_78_418,VPWR,li1,198.2600,225.7600,1.799846
FILLER_78_388,VPWR,li1,184.4600,225.7600,1.799858
FILLER_78_365,VPWR,li1,173.8800,225.7600,1.799845
FILLER_78_355,VPWR,li1,169.0500,225.7600,1.799856
FILLER_78_344,VPWR,li1,164.2200,225.7600,1.799881
FILLER_78_341,VPWR,li1,163.0700,225.7600,1.799892
FILLER_78_330,VPWR,li1,158.0100,225.7600,1.799887
FILLER_78_309,VPWR,li1,147.8900,225.7600,1.799872
FILLER_78_297,VPWR,li1,142.8300,225.7600,1.799886
FILLER_78_294,VPWR,li1,141.4500,225.7600,1.799886
FILLER_78_291,VPWR,li1,140.0700,225.7600,1.799891
FILLER_78_283,VPWR,li1,136.1600,225.7600,1.799905
FILLER_78_251,VPWR,li1,121.2100,225.7600,1.799902
FILLER_78_248,VPWR,li1,120.2900,225.7600,1.799896
FILLER_78_245,VPWR,li1,118.9100,225.7600,1.799896
FILLER_78_234,VPWR,li1,113.6200,225.7600,1.799880
FILLER_78_37,VPWR,li1,22.7700,225.7600,1.799927
FILLER_77_577,VPWR,li1,271.6300,220.3200,1.799868
FILLER_77_558,VPWR,li1,262.6600,220.3200,1.799863
FILLER_77_555,VPWR,li1,261.5100,220.3200,1.799863
FILLER_77_528,VPWR,li1,248.6300,220.3200,1.799887
FILLER_77_503,VPWR,li1,237.1300,220.3200,1.799865
FILLER_77_493,VPWR,li1,232.5300,220.3200,1.799888
FILLER_77_457,VPWR,li1,216.2000,220.3200,1.799931
FILLER_77_445,VPWR,li1,210.9100,220.3200,1.799921
FILLER_77_393,VPWR,li1,186.7600,220.3200,1.799936
FILLER_77_354,VPWR,li1,168.5900,220.3200,1.799931
FILLER_77_333,VPWR,li1,159.3900,220.3200,1.799943
FILLER_77_330,VPWR,li1,158.0100,220.3200,1.799943
FILLER_77_292,VPWR,li1,140.0700,220.3200,1.799931
FILLER_77_281,VPWR,li1,135.0100,220.3200,1.799932
FILLER_77_277,VPWR,li1,133.6300,220.3200,1.799937
FILLER_77_264,VPWR,li1,127.1900,220.3200,1.799935
FILLER_77_254,VPWR,li1,122.8200,220.3200,1.799918
FILLER_77_244,VPWR,li1,117.9900,220.3200,1.799905
FILLER_77_241,VPWR,li1,117.0700,220.3200,1.799905
FILLER_77_163,VPWR,li1,80.7300,220.3200,1.799912
FILLER_77_142,VPWR,li1,71.5300,220.3200,1.799952
FILLER_77_132,VPWR,li1,66.7000,220.3200,1.799944
FILLER_77_113,VPWR,li1,57.9600,220.3200,1.799931
FILLER_77_102,VPWR,li1,52.9000,220.3200,1.799926
FILLER_77_90,VPWR,li1,47.6100,220.3200,1.799927
FILLER_77_51,VPWR,li1,29.2100,220.3200,1.799923
FILLER_77_32,VPWR,li1,20.7000,220.3200,1.799946
FILLER_77_29,VPWR,li1,19.5500,220.3200,1.799951
FILLER_77_20,VPWR,li1,14.9500,220.3200,1.799965
FILLER_76_592,VPWR,li1,278.5300,220.3200,1.799905
FILLER_76_589,VPWR,li1,277.1500,220.3200,1.799889
FILLER_76_566,VPWR,li1,266.3400,220.3200,1.799863
FILLER_76_514,VPWR,li1,242.1900,220.3200,1.799860
FILLER_76_490,VPWR,li1,231.6100,220.3200,1.799888
FILLER_76_480,VPWR,li1,226.5500,220.3200,1.799910
FILLER_76_477,VPWR,li1,225.6300,220.3200,1.799919
FILLER_76_473,VPWR,li1,223.7900,220.3200,1.799929
FILLER_76_454,VPWR,li1,214.8200,220.3200,1.799927
FILLER_76_434,VPWR,li1,205.8500,220.3200,1.799917
FILLER_76_421,VPWR,li1,199.8700,220.3200,1.799921
FILLER_76_400,VPWR,li1,189.9800,220.3200,1.799946
FILLER_76_382,VPWR,li1,181.4700,220.3200,1.799925
FILLER_76_347,VPWR,li1,165.3700,220.3200,1.799936
FILLER_76_336,VPWR,li1,160.5400,220.3200,1.799950
FILLER_76_325,VPWR,li1,155.7100,220.3200,1.799940
FILLER_76_309,VPWR,li1,148.3500,220.3200,1.799932
FILLER_76_279,VPWR,li1,134.0900,220.3200,1.799937
FILLER_76_276,VPWR,li1,133.1700,220.3200,1.799937
FILLER_76_273,VPWR,li1,131.7900,220.3200,1.799946
FILLER_76_270,VPWR,li1,130.4100,220.3200,1.799946
FILLER_76_249,VPWR,li1,120.7500,220.3200,1.799911
FILLER_76_246,VPWR,li1,119.3700,220.3200,1.799911
FILLER_76_224,VPWR,li1,109.0200,220.3200,1.799906
FILLER_76_205,VPWR,li1,100.2800,220.3200,1.799927
FILLER_76_178,VPWR,li1,87.8600,220.3200,1.799909
FILLER_76_158,VPWR,li1,78.8900,220.3200,1.799920
FILLER_76_138,VPWR,li1,69.4600,220.3200,1.799949
FILLER_76_135,VPWR,li1,68.3100,220.3200,1.799949
FILLER_76_83,VPWR,li1,43.9300,220.3200,1.799936
FILLER_76_80,VPWR,li1,43.0100,220.3200,1.799936
FILLER_76_45,VPWR,li1,26.4500,220.3200,1.799932
FILLER_76_42,VPWR,li1,25.5300,220.3200,1.799932
FILLER_76_32,VPWR,li1,20.4700,220.3200,1.799946
FILLER_76_29,VPWR,li1,19.5500,220.3200,1.799951
FILLER_76_16,VPWR,li1,13.5700,220.3200,1.799965
FILLER_76_6,VPWR,li1,8.5100,220.3200,1.799973
FILLER_76_3,VPWR,li1,7.5900,220.3200,1.799973
FILLER_75_595,VPWR,li1,279.4500,214.8800,1.799969
FILLER_75_592,VPWR,li1,278.5300,214.8800,1.799962
FILLER_75_582,VPWR,li1,273.4700,214.8800,1.799952
FILLER_75_572,VPWR,li1,268.8700,214.8800,1.799939
FILLER_75_569,VPWR,li1,267.9500,214.8800,1.799939
FILLER_75_549,VPWR,li1,258.5200,214.8800,1.799939
FILLER_75_546,VPWR,li1,257.3700,214.8800,1.799939
FILLER_75_469,VPWR,li1,221.7200,214.8800,1.799926
FILLER_75_457,VPWR,li1,216.4300,214.8800,1.799922
FILLER_75_380,VPWR,li1,181.0100,214.8800,1.799895
FILLER_75_352,VPWR,li1,168.1300,214.8800,1.799883
FILLER_75_349,VPWR,li1,166.7500,214.8800,1.799883
FILLER_75_340,VPWR,li1,162.1500,214.8800,1.799899
FILLER_75_337,VPWR,li1,161.2300,214.8800,1.799913
FILLER_75_319,VPWR,li1,152.4900,214.8800,1.799897
FILLER_75_316,VPWR,li1,151.5700,214.8800,1.799897
FILLER_75_313,VPWR,li1,150.1900,214.8800,1.799894
FILLER_75_310,VPWR,li1,148.8100,214.8800,1.799894
FILLER_75_298,VPWR,li1,143.2900,214.8800,1.799895
FILLER_75_275,VPWR,li1,132.2500,214.8800,1.799922
FILLER_75_261,VPWR,li1,126.0400,214.8800,1.799920
FILLER_75_225,VPWR,li1,109.4800,214.8800,1.799908
FILLER_75_223,VPWR,li1,108.3300,214.8800,1.799908
FILLER_75_220,VPWR,li1,107.4100,214.8800,1.799908
FILLER_75_200,VPWR,li1,98.2100,214.8800,1.799883
FILLER_75_169,VPWR,li1,83.7200,214.8800,1.799861
FILLER_75_142,VPWR,li1,71.0700,214.8800,1.799901
FILLER_75_139,VPWR,li1,70.1500,214.8800,1.799912
FILLER_75_113,VPWR,li1,57.7300,214.8800,1.799859
FILLER_75_100,VPWR,li1,52.2100,214.8800,1.799862
FILLER_75_57,VPWR,li1,32.4300,214.8800,1.799919
FILLER_75_3,VPWR,li1,7.3600,214.8800,1.799963
FILLER_74_592,VPWR,li1,278.5300,214.8800,1.799962
FILLER_74_589,VPWR,li1,277.1500,214.8800,1.799962
FILLER_74_585,VPWR,li1,275.3100,214.8800,1.799957
FILLER_74_548,VPWR,li1,258.2900,214.8800,1.799939
FILLER_74_536,VPWR,li1,252.7700,214.8800,1.799946
FILLER_74_533,VPWR,li1,251.3900,214.8800,1.799955
FILLER_74_531,VPWR,li1,250.0100,214.8800,1.799955
FILLER_74_504,VPWR,li1,237.8200,214.8800,1.799927
FILLER_74_477,VPWR,li1,225.4000,214.8800,1.799923
FILLER_74_424,VPWR,li1,201.0200,214.8800,1.799920
FILLER_74_421,VPWR,li1,199.8700,214.8800,1.799922
FILLER_74_377,VPWR,li1,179.1700,214.8800,1.799892
FILLER_74_374,VPWR,li1,178.2500,214.8800,1.799892
FILLER_74_363,VPWR,li1,172.7300,214.8800,1.799886
FILLER_74_360,VPWR,li1,171.8100,214.8800,1.799885
FILLER_74_357,VPWR,li1,170.4300,214.8800,1.799885
FILLER_74_338,VPWR,li1,161.6900,214.8800,1.799913
FILLER_74_335,VPWR,li1,160.3100,214.8800,1.799913
FILLER_74_309,VPWR,li1,147.8900,214.8800,1.799892
FILLER_74_305,VPWR,li1,146.5100,214.8800,1.799892
FILLER_74_297,VPWR,li1,142.3700,214.8800,1.799895
FILLER_74_271,VPWR,li1,130.4100,214.8800,1.799928
FILLER_74_226,VPWR,li1,109.7100,214.8800,1.799908
FILLER_74_201,VPWR,li1,98.2100,214.8800,1.799883
FILLER_74_189,VPWR,li1,93.1500,214.8800,1.799854
FILLER_74_169,VPWR,li1,83.9500,214.8800,1.799861
FILLER_74_159,VPWR,li1,78.8900,214.8800,1.799865
FILLER_74_147,VPWR,li1,73.3700,214.8800,1.799888
FILLER_74_144,VPWR,li1,72.4500,214.8800,1.799901
FILLER_74_141,VPWR,li1,71.0700,214.8800,1.799901
FILLER_74_137,VPWR,li1,69.2300,214.8800,1.799912
FILLER_74_127,VPWR,li1,64.4000,214.8800,1.799889
FILLER_74_85,VPWR,li1,45.0800,214.8800,1.799882
FILLER_74_46,VPWR,li1,26.9100,214.8800,1.799924
FILLER_73_610,VPWR,li1,286.5800,209.4400,1.799949
FILLER_73_577,VPWR,li1,271.6300,209.4400,1.799923
FILLER_73_559,VPWR,li1,262.8900,209.4400,1.799905
FILLER_73_508,VPWR,li1,239.4300,209.4400,1.799925
FILLER_73_505,VPWR,li1,238.5100,209.4400,1.799925
FILLER_73_486,VPWR,li1,229.5400,209.4400,1.799932
FILLER_73_483,VPWR,li1,228.3900,209.4400,1.799932
FILLER_73_472,VPWR,li1,223.1000,209.4400,1.799942
FILLER_73_406,VPWR,li1,192.5100,209.4400,1.799928
FILLER_73_391,VPWR,li1,185.6100,209.4400,1.799911
FILLER_73_388,VPWR,li1,184.6900,209.4400,1.799900
FILLER_73_385,VPWR,li1,183.3100,209.4400,1.799900
FILLER_73_372,VPWR,li1,177.3300,209.4400,1.799884
FILLER_73_354,VPWR,li1,168.5900,209.4400,1.799906
FILLER_73_327,VPWR,li1,156.1700,209.4400,1.799922
FILLER_73_324,VPWR,li1,155.2500,209.4400,1.799922
FILLER_73_314,VPWR,li1,150.1900,209.4400,1.799927
FILLER_73_311,VPWR,li1,149.2700,209.4400,1.799927
FILLER_73_301,VPWR,li1,144.4400,209.4400,1.799931
FILLER_73_298,VPWR,li1,143.2900,209.4400,1.799932
FILLER_73_277,VPWR,li1,133.6300,209.4400,1.799942
FILLER_73_274,VPWR,li1,132.2500,209.4400,1.799942
FILLER_73_252,VPWR,li1,121.9000,209.4400,1.799896
FILLER_73_249,VPWR,li1,120.7500,209.4400,1.799884
FILLER_73_231,VPWR,li1,112.0100,209.4400,1.799843
FILLER_73_228,VPWR,li1,111.0900,209.4400,1.799843
FILLER_73_225,VPWR,li1,109.7100,209.4400,1.799829
FILLER_73_222,VPWR,li1,108.1000,209.4400,1.799829
FILLER_73_197,VPWR,li1,96.6000,209.4400,1.799768
FILLER_73_192,VPWR,li1,94.0700,209.4400,1.799751
FILLER_73_181,VPWR,li1,89.2400,209.4400,1.799749
FILLER_73_133,VPWR,li1,66.9300,209.4400,1.799876
FILLER_73_130,VPWR,li1,66.0100,209.4400,1.799876
FILLER_73_107,VPWR,li1,54.9700,209.4400,1.799870
FILLER_73_85,VPWR,li1,44.8500,209.4400,1.799892
FILLER_73_74,VPWR,li1,40.0200,209.4400,1.799910
FILLER_73_37,VPWR,li1,23.2300,209.4400,1.799891
FILLER_73_28,VPWR,li1,18.6300,209.4400,1.799897
FILLER_73_19,VPWR,li1,14.4900,209.4400,1.799926
FILLER_73_16,VPWR,li1,13.5700,209.4400,1.799926
FILLER_73_6,VPWR,li1,8.5100,209.4400,1.799946
FILLER_73_3,VPWR,li1,7.5900,209.4400,1.799946
FILLER_72_611,VPWR,li1,286.8100,209.4400,1.799949
FILLER_72_592,VPWR,li1,278.3000,209.4400,1.799946
FILLER_72_589,VPWR,li1,277.1500,209.4400,1.799938
FILLER_72_533,VPWR,li1,251.1600,209.4400,1.799935
FILLER_72_520,VPWR,li1,245.4100,209.4400,1.799930
FILLER_72_501,VPWR,li1,236.4400,209.4400,1.799925
FILLER_72_474,VPWR,li1,224.0200,209.4400,1.799942
FILLER_72_464,VPWR,li1,219.1900,209.4400,1.799939
FILLER_72_461,VPWR,li1,218.2700,209.4400,1.799939
FILLER_72_434,VPWR,li1,205.3900,209.4400,1.799911
FILLER_72_421,VPWR,li1,199.8700,209.4400,1.799913
FILLER_72_414,VPWR,li1,196.4200,209.4400,1.799916
FILLER_72_379,VPWR,li1,180.0900,209.4400,1.799882
FILLER_72_376,VPWR,li1,179.1700,209.4400,1.799882
FILLER_72_373,VPWR,li1,177.7900,209.4400,1.799884
FILLER_72_352,VPWR,li1,168.1300,209.4400,1.799912
FILLER_72_349,VPWR,li1,166.7500,209.4400,1.799912
FILLER_72_339,VPWR,li1,161.6900,209.4400,1.799934
FILLER_72_320,VPWR,li1,153.4100,209.4400,1.799925
FILLER_72_317,VPWR,li1,152.0300,209.4400,1.799925
FILLER_72_305,VPWR,li1,146.5100,209.4400,1.799929
FILLER_72_302,VPWR,li1,145.1300,209.4400,1.799931
FILLER_72_291,VPWR,li1,139.8400,209.4400,1.799934
FILLER_72_271,VPWR,li1,130.8700,209.4400,1.799944
FILLER_72_268,VPWR,li1,129.4900,209.4400,1.799931
FILLER_72_265,VPWR,li1,128.1100,209.4400,1.799931
FILLER_72_256,VPWR,li1,123.7400,209.4400,1.799907
FILLER_72_253,VPWR,li1,122.5900,209.4400,1.799896
FILLER_72_249,VPWR,li1,120.7500,209.4400,1.799884
FILLER_72_246,VPWR,li1,119.3700,209.4400,1.799884
FILLER_72_236,VPWR,li1,114.3100,209.4400,1.799854
FILLER_72_233,VPWR,li1,113.3900,209.4400,1.799854
FILLER_72_230,VPWR,li1,112.0100,209.4400,1.799843
FILLER_72_210,VPWR,li1,102.8100,209.4400,1.799822
FILLER_72_187,VPWR,li1,92.0000,209.4400,1.799749
FILLER_72_150,VPWR,li1,74.7500,209.4400,1.799829
FILLER_72_134,VPWR,li1,67.6200,209.4400,1.799876
FILLER_72_93,VPWR,li1,48.9900,209.4400,1.799880
FILLER_72_25,VPWR,li1,17.7100,209.4400,1.799908
FILLER_72_22,VPWR,li1,16.3300,209.4400,1.799908
FILLER_72_3,VPWR,li1,7.1300,209.4400,1.799946
FILLER_71_573,VPWR,li1,269.3300,204.0000,1.799906
FILLER_71_570,VPWR,li1,268.4100,204.0000,1.799906
FILLER_71_554,VPWR,li1,260.8200,204.0000,1.799893
FILLER_71_535,VPWR,li1,252.0800,204.0000,1.799914
FILLER_71_503,VPWR,li1,237.1300,204.0000,1.799883
FILLER_71_500,VPWR,li1,236.2100,204.0000,1.799883
FILLER_71_481,VPWR,li1,227.2400,204.0000,1.799890
FILLER_71_478,VPWR,li1,226.0900,204.0000,1.799893
FILLER_71_458,VPWR,li1,216.6600,204.0000,1.799899
FILLER_71_446,VPWR,li1,211.1400,204.0000,1.799872
FILLER_71_412,VPWR,li1,195.2700,204.0000,1.799869
FILLER_71_393,VPWR,li1,186.5300,204.0000,1.799896
FILLER_71_365,VPWR,li1,173.8800,204.0000,1.799903
FILLER_71_337,VPWR,li1,161.2300,204.0000,1.799944
FILLER_71_284,VPWR,li1,136.6200,204.0000,1.799894
FILLER_71_281,VPWR,li1,135.4700,204.0000,1.799891
FILLER_71_277,VPWR,li1,133.6300,204.0000,1.799889
FILLER_71_274,VPWR,li1,132.2500,204.0000,1.799889
FILLER_71_265,VPWR,li1,128.1100,204.0000,1.799863
FILLER_71_262,VPWR,li1,126.7300,204.0000,1.799854
FILLER_71_259,VPWR,li1,125.3500,204.0000,1.799844
FILLER_71_249,VPWR,li1,120.5200,204.0000,1.799823
FILLER_71_246,VPWR,li1,119.3700,204.0000,1.799823
FILLER_71_243,VPWR,li1,117.9900,204.0000,1.799814
FILLER_71_240,VPWR,li1,116.6100,204.0000,1.799804
FILLER_71_237,VPWR,li1,115.2300,204.0000,1.799804
FILLER_71_231,VPWR,li1,112.2400,204.0000,1.799790
FILLER_71_223,VPWR,li1,108.3300,204.0000,1.799798
FILLER_71_198,VPWR,li1,97.0600,204.0000,1.799824
FILLER_71_195,VPWR,li1,95.9100,204.0000,1.799816
FILLER_71_188,VPWR,li1,92.6900,204.0000,1.799815
FILLER_71_149,VPWR,li1,74.7500,204.0000,1.799885
FILLER_71_130,VPWR,li1,65.7800,204.0000,1.799910
FILLER_71_55,VPWR,li1,31.0500,204.0000,1.799908
FILLER_71_6,VPWR,li1,8.9700,204.0000,1.799965
FILLER_71_3,VPWR,li1,7.5900,204.0000,1.799965
FILLER_70_609,VPWR,li1,286.3500,204.0000,1.799953
FILLER_70_589,VPWR,li1,277.1500,204.0000,1.799934
FILLER_70_586,VPWR,li1,275.5400,204.0000,1.799934
FILLER_70_574,VPWR,li1,270.2500,204.0000,1.799915
FILLER_70_508,VPWR,li1,239.4300,204.0000,1.799881
FILLER_70_505,VPWR,li1,238.5100,204.0000,1.799882
FILLER_70_477,VPWR,li1,225.4000,204.0000,1.799893
FILLER_70_439,VPWR,li1,207.9200,204.0000,1.799864
FILLER_70_418,VPWR,li1,198.2600,204.0000,1.799862
FILLER_70_352,VPWR,li1,168.1300,204.0000,1.799918
FILLER_70_327,VPWR,li1,156.1700,204.0000,1.799929
FILLER_70_324,VPWR,li1,155.2500,204.0000,1.799929
FILLER_70_309,VPWR,li1,148.1200,204.0000,1.799909
FILLER_70_288,VPWR,li1,138.6900,204.0000,1.799896
FILLER_70_285,VPWR,li1,137.3100,204.0000,1.799894
FILLER_70_282,VPWR,li1,135.9300,204.0000,1.799891
FILLER_70_279,VPWR,li1,134.5500,204.0000,1.799891
FILLER_70_276,VPWR,li1,133.1700,204.0000,1.799889
FILLER_70_261,VPWR,li1,125.8100,204.0000,1.799854
FILLER_70_234,VPWR,li1,113.3900,204.0000,1.799790
FILLER_70_231,VPWR,li1,112.4700,204.0000,1.799790
FILLER_70_197,VPWR,li1,96.3700,204.0000,1.799824
FILLER_70_190,VPWR,li1,93.3800,204.0000,1.799815
FILLER_70_187,VPWR,li1,92.2300,204.0000,1.799815
FILLER_70_184,VPWR,li1,90.8500,204.0000,1.799815
FILLER_70_181,VPWR,li1,89.4700,204.0000,1.799815
FILLER_70_178,VPWR,li1,88.0900,204.0000,1.799814
FILLER_70_131,VPWR,li1,66.0100,204.0000,1.799910
FILLER_70_109,VPWR,li1,56.1200,204.0000,1.799906
FILLER_70_91,VPWR,li1,47.6100,204.0000,1.799914
FILLER_70_88,VPWR,li1,46.6900,204.0000,1.799914
FILLER_70_85,VPWR,li1,45.3100,204.0000,1.799921
FILLER_70_29,VPWR,li1,19.0900,204.0000,1.799929
FILLER_69_561,VPWR,li1,264.2700,198.5600,1.799888
FILLER_69_557,VPWR,li1,262.4300,198.5600,1.799881
FILLER_69_535,VPWR,li1,251.8500,198.5600,1.799909
FILLER_69_517,VPWR,li1,243.5700,198.5600,1.799877
FILLER_69_514,VPWR,li1,242.6500,198.5600,1.799877
FILLER_69_486,VPWR,li1,229.3100,198.5600,1.799896
FILLER_69_447,VPWR,li1,211.3700,198.5600,1.799903
FILLER_69_391,VPWR,li1,185.6100,198.5600,1.799934
FILLER_69_372,VPWR,li1,177.1000,198.5600,1.799925
FILLER_69_346,VPWR,li1,164.9100,198.5600,1.799921
FILLER_69_343,VPWR,li1,163.9900,198.5600,1.799922
FILLER_69_340,VPWR,li1,162.6100,198.5600,1.799922
FILLER_69_337,VPWR,li1,161.2300,198.5600,1.799923
FILLER_69_319,VPWR,li1,152.4900,198.5600,1.799860
FILLER_69_316,VPWR,li1,151.5700,198.5600,1.799860
FILLER_69_310,VPWR,li1,148.5800,198.5600,1.799839
FILLER_69_307,VPWR,li1,147.4300,198.5600,1.799839
FILLER_69_304,VPWR,li1,146.0500,198.5600,1.799834
FILLER_69_293,VPWR,li1,140.7600,198.5600,1.799845
FILLER_69_290,VPWR,li1,139.6100,198.5600,1.799851
FILLER_69_287,VPWR,li1,138.2300,198.5600,1.799851
FILLER_69_284,VPWR,li1,136.8500,198.5600,1.799864
FILLER_69_281,VPWR,li1,135.4700,198.5600,1.799874
FILLER_69_279,VPWR,li1,134.0900,198.5600,1.799874
FILLER_69_276,VPWR,li1,133.1700,198.5600,1.799885
FILLER_69_263,VPWR,li1,127.1900,198.5600,1.799872
FILLER_69_260,VPWR,li1,125.8100,198.5600,1.799872
FILLER_69_257,VPWR,li1,124.4300,198.5600,1.799865
FILLER_69_254,VPWR,li1,123.0500,198.5600,1.799856
FILLER_69_244,VPWR,li1,117.9900,198.5600,1.799838
FILLER_69_237,VPWR,li1,115.2300,198.5600,1.799829
FILLER_69_234,VPWR,li1,113.8500,198.5600,1.799824
FILLER_69_231,VPWR,li1,112.4700,198.5600,1.799824
FILLER_69_228,VPWR,li1,111.0900,198.5600,1.799818
FILLER_69_225,VPWR,li1,109.7100,198.5600,1.799818
FILLER_69_223,VPWR,li1,108.3300,198.5600,1.799819
FILLER_69_212,VPWR,li1,103.2700,198.5600,1.799840
FILLER_69_209,VPWR,li1,102.3500,198.5600,1.799840
FILLER_69_183,VPWR,li1,89.9300,198.5600,1.799763
FILLER_69_180,VPWR,li1,89.0100,198.5600,1.799752
FILLER_69_177,VPWR,li1,87.6300,198.5600,1.799752
FILLER_69_167,VPWR,li1,82.5700,198.5600,1.799735
FILLER_69_111,VPWR,li1,56.8100,198.5600,1.799839
FILLER_69_84,VPWR,li1,44.6200,198.5600,1.799865
FILLER_69_65,VPWR,li1,35.8800,198.5600,1.799881
FILLER_69_55,VPWR,li1,31.0500,198.5600,1.799876
FILLER_69_52,VPWR,li1,30.1300,198.5600,1.799876
FILLER_69_32,VPWR,li1,20.9300,198.5600,1.799908
FILLER_69_29,VPWR,li1,19.5500,198.5600,1.799917
FILLER_69_18,VPWR,li1,14.2600,198.5600,1.799941
FILLER_69_15,VPWR,li1,13.1100,198.5600,1.799941
FILLER_69_3,VPWR,li1,7.5900,198.5600,1.799953
FILLER_68_610,VPWR,li1,286.5800,198.5600,1.799951
FILLER_68_569,VPWR,li1,267.7200,198.5600,1.799900
FILLER_68_550,VPWR,li1,258.9800,198.5600,1.799886
FILLER_68_531,VPWR,li1,250.0100,198.5600,1.799915
FILLER_68_483,VPWR,li1,227.9300,198.5600,1.799896
FILLER_68_466,VPWR,li1,220.1100,198.5600,1.799925
FILLER_68_421,VPWR,li1,199.4100,198.5600,1.799916
FILLER_68_376,VPWR,li1,178.7100,198.5600,1.799925
FILLER_68_373,VPWR,li1,177.7900,198.5600,1.799925
FILLER_68_362,VPWR,li1,172.5000,198.5600,1.799920
FILLER_68_339,VPWR,li1,161.9200,198.5600,1.799923
FILLER_68_315,VPWR,li1,150.6500,198.5600,1.799847
FILLER_68_312,VPWR,li1,149.7300,198.5600,1.799847
FILLER_68_309,VPWR,li1,148.3500,198.5600,1.799839
FILLER_68_296,VPWR,li1,142.3700,198.5600,1.799845
FILLER_68_293,VPWR,li1,140.9900,198.5600,1.799845
FILLER_68_282,VPWR,li1,135.9300,198.5600,1.799864
FILLER_68_277,VPWR,li1,133.4000,198.5600,1.799885
FILLER_68_274,VPWR,li1,132.2500,198.5600,1.799885
FILLER_68_271,VPWR,li1,130.8700,198.5600,1.799895
FILLER_68_268,VPWR,li1,129.4900,198.5600,1.799881
FILLER_68_265,VPWR,li1,128.1100,198.5600,1.799881
FILLER_68_262,VPWR,li1,126.7300,198.5600,1.799872
FILLER_68_259,VPWR,li1,125.3500,198.5600,1.799865
FILLER_68_256,VPWR,li1,123.9700,198.5600,1.799865
FILLER_68_253,VPWR,li1,122.5900,198.5600,1.799856
FILLER_68_250,VPWR,li1,120.9800,198.5600,1.799849
FILLER_68_247,VPWR,li1,119.8300,198.5600,1.799849
FILLER_68_244,VPWR,li1,118.4500,198.5600,1.799838
FILLER_68_241,VPWR,li1,117.0700,198.5600,1.799838
FILLER_68_223,VPWR,li1,108.3300,198.5600,1.799819
FILLER_68_220,VPWR,li1,107.4100,198.5600,1.799819
FILLER_68_217,VPWR,li1,106.0300,198.5600,1.799826
FILLER_68_214,VPWR,li1,104.6500,198.5600,1.799826
FILLER_68_211,VPWR,li1,103.2700,198.5600,1.799840
FILLER_68_208,VPWR,li1,101.8900,198.5600,1.799853
FILLER_68_197,VPWR,li1,96.6000,198.5600,1.799799
FILLER_68_195,VPWR,li1,95.4500,198.5600,1.799799
FILLER_68_157,VPWR,li1,78.4300,198.5600,1.799756
FILLER_68_100,VPWR,li1,52.2100,198.5600,1.799844
FILLER_68_90,VPWR,li1,47.1500,198.5600,1.799857
FILLER_68_85,VPWR,li1,44.8500,198.5600,1.799865
FILLER_68_75,VPWR,li1,40.2500,198.5600,1.799897
FILLER_68_33,VPWR,li1,20.9300,198.5600,1.799908
FILLER_68_29,VPWR,li1,19.0900,198.5600,1.799917
FILLER_67_561,VPWR,li1,264.0400,193.1200,1.799907
FILLER_67_541,VPWR,li1,254.8400,193.1200,1.799936
FILLER_67_519,VPWR,li1,244.4900,193.1200,1.799946
FILLER_67_485,VPWR,li1,229.0800,193.1200,1.799953
FILLER_67_482,VPWR,li1,227.9300,193.1200,1.799953
FILLER_67_416,VPWR,li1,197.3400,193.1200,1.799944
FILLER_67_393,VPWR,li1,186.7600,193.1200,1.799949
FILLER_67_389,VPWR,li1,185.1500,193.1200,1.799946
FILLER_67_386,VPWR,li1,183.7700,193.1200,1.799946
FILLER_67_340,VPWR,li1,162.6100,193.1200,1.799941
FILLER_67_337,VPWR,li1,161.2300,193.1200,1.799941
FILLER_67_335,VPWR,li1,159.8500,193.1200,1.799942
FILLER_67_332,VPWR,li1,158.9300,193.1200,1.799942
FILLER_67_312,VPWR,li1,149.7300,193.1200,1.799898
FILLER_67_284,VPWR,li1,136.6200,193.1200,1.799889
FILLER_67_281,VPWR,li1,135.4700,193.1200,1.799894
FILLER_67_274,VPWR,li1,132.0200,193.1200,1.799898
FILLER_67_258,VPWR,li1,124.8900,193.1200,1.799862
FILLER_67_253,VPWR,li1,122.1300,193.1200,1.799844
FILLER_67_217,VPWR,li1,106.0300,193.1200,1.799853
FILLER_67_214,VPWR,li1,104.6500,193.1200,1.799867
FILLER_67_176,VPWR,li1,86.7100,193.1200,1.799831
FILLER_67_166,VPWR,li1,82.3400,193.1200,1.799857
FILLER_67_140,VPWR,li1,70.1500,193.1200,1.799935
FILLER_67_113,VPWR,li1,57.7300,193.1200,1.799924
FILLER_67_86,VPWR,li1,45.3100,193.1200,1.799931
FILLER_67_60,VPWR,li1,33.3500,193.1200,1.799929
FILLER_67_57,VPWR,li1,32.4300,193.1200,1.799929
FILLER_67_53,VPWR,li1,30.5900,193.1200,1.799927
FILLER_67_50,VPWR,li1,29.2100,193.1200,1.799924
FILLER_67_20,VPWR,li1,14.9500,193.1200,1.799944
FILLER_66_593,VPWR,li1,278.7600,193.1200,1.799924
FILLER_66_587,VPWR,li1,275.7700,193.1200,1.799912
FILLER_66_541,VPWR,li1,254.6100,193.1200,1.799936
FILLER_66_530,VPWR,li1,249.7800,193.1200,1.799949
FILLER_66_527,VPWR,li1,248.6300,193.1200,1.799949
FILLER_66_467,VPWR,li1,220.5700,193.1200,1.799963
FILLER_66_418,VPWR,li1,198.2600,193.1200,1.799939
FILLER_66_415,VPWR,li1,197.1100,193.1200,1.799944
FILLER_66_402,VPWR,li1,190.9000,193.1200,1.799958
FILLER_66_399,VPWR,li1,189.7500,193.1200,1.799952
FILLER_66_381,VPWR,li1,181.0100,193.1200,1.799943
FILLER_66_378,VPWR,li1,180.0900,193.1200,1.799942
FILLER_66_368,VPWR,li1,175.0300,193.1200,1.799940
FILLER_66_365,VPWR,li1,174.1100,193.1200,1.799939
FILLER_66_348,VPWR,li1,166.2900,193.1200,1.799940
FILLER_66_345,VPWR,li1,164.9100,193.1200,1.799940
FILLER_66_342,VPWR,li1,163.5300,193.1200,1.799940
FILLER_66_339,VPWR,li1,162.1500,193.1200,1.799941
FILLER_66_319,VPWR,li1,152.4900,193.1200,1.799907
FILLER_66_316,VPWR,li1,151.5700,193.1200,1.799907
FILLER_66_299,VPWR,li1,143.2900,193.1200,1.799885
FILLER_66_296,VPWR,li1,142.3700,193.1200,1.799882
FILLER_66_293,VPWR,li1,140.9900,193.1200,1.799882
FILLER_66_278,VPWR,li1,134.0900,193.1200,1.799894
FILLER_66_275,VPWR,li1,132.7100,193.1200,1.799898
FILLER_66_272,VPWR,li1,131.3300,193.1200,1.799904
FILLER_66_269,VPWR,li1,129.9500,193.1200,1.799904
FILLER_66_251,VPWR,li1,121.2100,193.1200,1.799836
FILLER_66_244,VPWR,li1,118.2200,193.1200,1.799829
FILLER_66_223,VPWR,li1,108.3300,193.1200,1.799843
FILLER_66_220,VPWR,li1,107.4100,193.1200,1.799853
FILLER_66_217,VPWR,li1,106.0300,193.1200,1.799853
FILLER_66_214,VPWR,li1,104.6500,193.1200,1.799867
FILLER_66_211,VPWR,li1,103.2700,193.1200,1.799867
FILLER_66_203,VPWR,li1,99.1300,193.1200,1.799864
FILLER_66_197,VPWR,li1,96.6000,193.1200,1.799849
FILLER_66_190,VPWR,li1,93.6100,193.1200,1.799842
FILLER_66_185,VPWR,li1,90.8500,193.1200,1.799837
FILLER_66_182,VPWR,li1,89.9300,193.1200,1.799833
FILLER_66_179,VPWR,li1,88.5500,193.1200,1.799833
FILLER_66_174,VPWR,li1,85.7900,193.1200,1.799841
FILLER_66_161,VPWR,li1,80.0400,193.1200,1.799870
FILLER_66_158,VPWR,li1,78.8900,193.1200,1.799886
FILLER_66_155,VPWR,li1,77.5100,193.1200,1.799886
FILLER_66_144,VPWR,li1,72.2200,193.1200,1.799921
FILLER_66_141,VPWR,li1,71.0700,193.1200,1.799935
FILLER_66_137,VPWR,li1,69.2300,193.1200,1.799932
FILLER_66_134,VPWR,li1,67.8500,193.1200,1.799932
FILLER_66_114,VPWR,li1,58.6500,193.1200,1.799924
FILLER_66_102,VPWR,li1,53.1300,193.1200,1.799923
FILLER_66_81,VPWR,li1,43.4700,193.1200,1.799938
FILLER_66_78,VPWR,li1,42.0900,193.1200,1.799947
FILLER_66_58,VPWR,li1,32.8900,193.1200,1.799929
FILLER_66_55,VPWR,li1,31.5100,193.1200,1.799927
FILLER_66_25,VPWR,li1,17.7100,193.1200,1.799935
FILLER_66_6,VPWR,li1,8.5100,193.1200,1.799961
FILLER_66_3,VPWR,li1,7.5900,193.1200,1.799961
FILLER_65_578,VPWR,li1,271.8600,187.6800,1.799961
FILLER_65_543,VPWR,li1,255.5300,187.6800,1.799960
FILLER_65_534,VPWR,li1,251.3900,187.6800,1.799969
FILLER_65_531,VPWR,li1,250.4700,187.6800,1.799969
FILLER_65_521,VPWR,li1,245.6400,187.6800,1.799960
FILLER_65_489,VPWR,li1,230.6900,187.6800,1.799939
FILLER_65_445,VPWR,li1,210.9100,187.6800,1.799838
FILLER_65_410,VPWR,li1,194.8100,187.6800,1.799857
FILLER_65_393,VPWR,li1,186.5300,187.6800,1.799849
FILLER_65_381,VPWR,li1,181.2400,187.6800,1.799820
FILLER_65_367,VPWR,li1,174.5700,187.6800,1.799788
FILLER_65_364,VPWR,li1,173.6500,187.6800,1.799788
FILLER_65_361,VPWR,li1,172.2700,187.6800,1.799781
FILLER_65_358,VPWR,li1,170.8900,187.6800,1.799775
FILLER_65_355,VPWR,li1,169.5100,187.6800,1.799775
FILLER_65_352,VPWR,li1,168.1300,187.6800,1.799768
FILLER_65_346,VPWR,li1,165.1400,187.6800,1.799759
FILLER_65_334,VPWR,li1,159.6200,187.6800,1.799742
FILLER_65_317,VPWR,li1,151.5700,187.6800,1.799537
FILLER_65_307,VPWR,li1,147.2000,187.6800,1.799478
FILLER_65_296,VPWR,li1,142.1400,187.6800,1.799514
FILLER_65_281,VPWR,li1,135.2400,187.6800,1.799657
FILLER_65_275,VPWR,li1,132.2500,187.6800,1.799705
FILLER_65_264,VPWR,li1,127.4200,187.6800,1.799761
FILLER_65_261,VPWR,li1,126.2700,187.6800,1.799760
FILLER_65_240,VPWR,li1,116.3800,187.6800,1.799771
FILLER_65_237,VPWR,li1,115.2300,187.6800,1.799776
FILLER_65_232,VPWR,li1,112.4700,187.6800,1.799781
FILLER_65_229,VPWR,li1,111.5500,187.6800,1.799781
FILLER_65_221,VPWR,li1,107.8700,187.6800,1.799796
FILLER_65_218,VPWR,li1,106.4900,187.6800,1.799809
FILLER_65_213,VPWR,li1,103.7300,187.6800,1.799835
FILLER_65_172,VPWR,li1,85.1000,187.6800,1.799832
FILLER_65_169,VPWR,li1,83.9500,187.6800,1.799843
FILLER_65_167,VPWR,li1,82.5700,187.6800,1.799843
FILLER_65_158,VPWR,li1,78.6600,187.6800,1.799873
FILLER_65_155,VPWR,li1,77.5100,187.6800,1.799873
FILLER_65_152,VPWR,li1,76.1300,187.6800,1.799891
FILLER_65_149,VPWR,li1,74.7500,187.6800,1.799891
FILLER_65_146,VPWR,li1,73.3700,187.6800,1.799911
FILLER_65_143,VPWR,li1,71.9900,187.6800,1.799911
FILLER_65_140,VPWR,li1,70.6100,187.6800,1.799930
FILLER_65_137,VPWR,li1,69.2300,187.6800,1.799930
FILLER_65_107,VPWR,li1,54.9700,187.6800,1.799923
FILLER_65_87,VPWR,li1,46.2300,187.6800,1.799941
FILLER_65_84,VPWR,li1,44.8500,187.6800,1.799947
FILLER_65_74,VPWR,li1,40.0200,187.6800,1.799962
FILLER_65_54,VPWR,li1,30.8200,187.6800,1.799954
FILLER_64_589,VPWR,li1,276.9200,187.6800,1.799965
FILLER_64_579,VPWR,li1,272.0900,187.6800,1.799961
FILLER_64_560,VPWR,li1,263.5800,187.6800,1.799957
FILLER_64_536,VPWR,li1,252.5400,187.6800,1.799965
FILLER_64_533,VPWR,li1,251.3900,187.6800,1.799969
FILLER_64_529,VPWR,li1,249.5500,187.6800,1.799964
FILLER_64_519,VPWR,li1,244.4900,187.6800,1.799955
FILLER_64_483,VPWR,li1,227.9300,187.6800,1.799936
FILLER_64_384,VPWR,li1,182.6200,187.6800,1.799836
FILLER_64_374,VPWR,li1,177.7900,187.6800,1.799807
FILLER_64_347,VPWR,li1,165.3700,187.6800,1.799759
FILLER_64_318,VPWR,li1,152.2600,187.6800,1.799537
FILLER_64_306,VPWR,li1,146.7400,187.6800,1.799478
FILLER_64_281,VPWR,li1,135.2400,187.6800,1.799657
FILLER_64_278,VPWR,li1,134.0900,187.6800,1.799657
FILLER_64_275,VPWR,li1,132.7100,187.6800,1.799705
FILLER_64_272,VPWR,li1,131.3300,187.6800,1.799765
FILLER_64_256,VPWR,li1,123.5100,187.6800,1.799760
FILLER_64_253,VPWR,li1,122.5900,187.6800,1.799760
FILLER_64_249,VPWR,li1,120.7500,187.6800,1.799762
FILLER_64_239,VPWR,li1,115.6900,187.6800,1.799771
FILLER_64_236,VPWR,li1,114.7700,187.6800,1.799776
FILLER_64_230,VPWR,li1,111.7800,187.6800,1.799781
FILLER_64_210,VPWR,li1,102.3500,187.6800,1.799835
FILLER_64_207,VPWR,li1,101.4300,187.6800,1.799853
FILLER_64_197,VPWR,li1,96.3700,187.6800,1.799828
FILLER_64_194,VPWR,li1,95.2200,187.6800,1.799819
FILLER_64_188,VPWR,li1,92.2300,187.6800,1.799814
FILLER_64_182,VPWR,li1,89.4700,187.6800,1.799819
FILLER_64_179,VPWR,li1,88.5500,187.6800,1.799824
FILLER_64_176,VPWR,li1,87.1700,187.6800,1.799824
FILLER_64_156,VPWR,li1,77.7400,187.6800,1.799873
FILLER_64_141,VPWR,li1,70.8400,187.6800,1.799930
FILLER_64_137,VPWR,li1,69.2300,187.6800,1.799930
FILLER_64_114,VPWR,li1,58.4200,187.6800,1.799922
FILLER_64_29,VPWR,li1,19.0900,187.6800,1.799959
FILLER_63_610,VPWR,li1,286.5800,182.2400,1.799937
FILLER_63_579,VPWR,li1,272.0900,182.2400,1.799906
FILLER_63_569,VPWR,li1,267.7200,182.2400,1.799891
FILLER_63_559,VPWR,li1,262.8900,182.2400,1.799883
FILLER_63_528,VPWR,li1,248.6300,182.2400,1.799935
FILLER_63_525,VPWR,li1,247.7100,182.2400,1.799935
FILLER_63_499,VPWR,li1,235.2900,182.2400,1.799928
FILLER_63_453,VPWR,li1,214.1300,182.2400,1.799902
FILLER_63_447,VPWR,li1,211.3700,182.2400,1.799884
FILLER_63_419,VPWR,li1,198.7200,182.2400,1.799861
FILLER_63_393,VPWR,li1,186.7600,182.2400,1.799904
FILLER_63_383,VPWR,li1,182.1600,182.2400,1.799895
FILLER_63_373,VPWR,li1,177.7900,182.2400,1.799886
FILLER_63_365,VPWR,li1,173.6500,182.2400,1.799878
FILLER_63_361,VPWR,li1,171.8100,182.2400,1.799876
FILLER_63_358,VPWR,li1,170.8900,182.2400,1.799876
FILLER_63_355,VPWR,li1,169.5100,182.2400,1.799873
FILLER_63_352,VPWR,li1,168.1300,182.2400,1.799873
FILLER_63_349,VPWR,li1,166.7500,182.2400,1.799871
FILLER_63_346,VPWR,li1,165.3700,182.2400,1.799871
FILLER_63_343,VPWR,li1,163.9900,182.2400,1.799868
FILLER_63_340,VPWR,li1,162.6100,182.2400,1.799868
FILLER_63_337,VPWR,li1,161.2300,182.2400,1.799866
FILLER_63_325,VPWR,li1,155.2500,182.2400,1.799788
FILLER_63_281,VPWR,li1,135.2400,182.2400,1.799722
FILLER_63_278,VPWR,li1,133.8600,182.2400,1.799722
FILLER_63_266,VPWR,li1,128.5700,182.2400,1.799789
FILLER_63_263,VPWR,li1,127.1900,182.2400,1.799789
FILLER_63_254,VPWR,li1,122.8200,182.2400,1.799760
FILLER_63_251,VPWR,li1,121.6700,182.2400,1.799760
FILLER_63_241,VPWR,li1,116.8400,182.2400,1.799752
FILLER_63_225,VPWR,li1,109.4800,182.2400,1.799789
FILLER_63_222,VPWR,li1,108.1000,182.2400,1.799789
FILLER_63_219,VPWR,li1,106.9500,182.2400,1.799814
FILLER_63_212,VPWR,li1,103.7300,182.2400,1.799832
FILLER_63_202,VPWR,li1,99.1300,182.2400,1.799886
FILLER_63_199,VPWR,li1,97.7500,182.2400,1.799882
FILLER_63_196,VPWR,li1,96.3700,182.2400,1.799878
FILLER_63_177,VPWR,li1,87.4000,182.2400,1.799885
FILLER_63_174,VPWR,li1,86.2500,182.2400,1.799885
FILLER_63_165,VPWR,li1,82.1100,182.2400,1.799900
FILLER_63_162,VPWR,li1,80.7300,182.2400,1.799900
FILLER_63_159,VPWR,li1,79.3500,182.2400,1.799905
FILLER_63_156,VPWR,li1,77.9700,182.2400,1.799915
FILLER_63_151,VPWR,li1,75.2100,182.2400,1.799923
FILLER_63_148,VPWR,li1,74.2900,182.2400,1.799923
FILLER_63_139,VPWR,li1,69.6900,182.2400,1.799944
FILLER_63_130,VPWR,li1,65.5500,182.2400,1.799938
FILLER_63_55,VPWR,li1,31.0500,182.2400,1.799950
FILLER_62_610,VPWR,li1,286.5800,182.2400,1.799937
FILLER_62_559,VPWR,li1,262.8900,182.2400,1.799883
FILLER_62_549,VPWR,li1,258.5200,182.2400,1.799892
FILLER_62_520,VPWR,li1,245.4100,182.2400,1.799933
FILLER_62_498,VPWR,li1,234.8300,182.2400,1.799928
FILLER_62_421,VPWR,li1,199.8700,182.2400,1.799861
FILLER_62_409,VPWR,li1,193.8900,182.2400,1.799897
FILLER_62_384,VPWR,li1,182.6200,182.2400,1.799895
FILLER_62_368,VPWR,li1,175.0300,182.2400,1.799881
FILLER_62_365,VPWR,li1,174.1100,182.2400,1.799878
FILLER_62_337,VPWR,li1,161.2300,182.2400,1.799866
FILLER_62_334,VPWR,li1,159.8500,182.2400,1.799866
FILLER_62_309,VPWR,li1,148.1200,182.2400,1.799671
FILLER_62_305,VPWR,li1,146.5100,182.2400,1.799671
FILLER_62_267,VPWR,li1,129.0300,182.2400,1.799801
FILLER_62_251,VPWR,li1,121.2100,182.2400,1.799760
FILLER_62_248,VPWR,li1,120.2900,182.2400,1.799750
FILLER_62_245,VPWR,li1,118.9100,182.2400,1.799750
FILLER_62_231,VPWR,li1,112.4700,182.2400,1.799769
FILLER_62_219,VPWR,li1,106.9500,182.2400,1.799814
FILLER_62_216,VPWR,li1,105.5700,182.2400,1.799814
FILLER_62_213,VPWR,li1,104.1900,182.2400,1.799832
FILLER_62_210,VPWR,li1,102.8100,182.2400,1.799861
FILLER_62_204,VPWR,li1,99.8200,182.2400,1.799886
FILLER_62_201,VPWR,li1,98.6700,182.2400,1.799882
FILLER_62_176,VPWR,li1,86.9400,182.2400,1.799885
FILLER_62_173,VPWR,li1,85.7900,182.2400,1.799885
FILLER_62_170,VPWR,li1,84.4100,182.2400,1.799892
FILLER_62_167,VPWR,li1,83.0300,182.2400,1.799892
FILLER_62_164,VPWR,li1,81.6500,182.2400,1.799900
FILLER_62_161,VPWR,li1,80.2700,182.2400,1.799905
FILLER_62_155,VPWR,li1,77.5100,182.2400,1.799915
FILLER_62_148,VPWR,li1,74.2900,182.2400,1.799923
FILLER_62_145,VPWR,li1,72.9100,182.2400,1.799934
FILLER_62_128,VPWR,li1,64.8600,182.2400,1.799937
FILLER_62_125,VPWR,li1,63.7100,182.2400,1.799937
FILLER_62_122,VPWR,li1,61.8700,182.2400,1.799935
FILLER_62_6,VPWR,li1,8.5100,182.2400,1.799973
FILLER_62_3,VPWR,li1,7.5900,182.2400,1.799973
FILLER_61_578,VPWR,li1,271.8600,176.8000,1.799955
FILLER_61_561,VPWR,li1,263.8100,176.8000,1.799944
FILLER_61_525,VPWR,li1,247.4800,176.8000,1.799941
FILLER_61_457,VPWR,li1,215.9700,176.8000,1.799969
FILLER_61_447,VPWR,li1,211.3700,176.8000,1.799967
FILLER_61_410,VPWR,li1,194.5800,176.8000,1.799973
FILLER_61_393,VPWR,li1,186.5300,176.8000,1.799969
FILLER_61_391,VPWR,li1,185.6100,176.8000,1.799965
FILLER_61_361,VPWR,li1,172.2700,176.8000,1.799950
FILLER_61_358,VPWR,li1,170.8900,176.8000,1.799950
FILLER_61_334,VPWR,li1,159.6200,176.8000,1.799933
FILLER_61_331,VPWR,li1,158.4700,176.8000,1.799933
FILLER_61_328,VPWR,li1,157.0900,176.8000,1.799916
FILLER_61_325,VPWR,li1,155.7100,176.8000,1.799916
FILLER_61_318,VPWR,li1,152.4900,176.8000,1.799891
FILLER_61_315,VPWR,li1,151.1100,176.8000,1.799887
FILLER_61_312,VPWR,li1,149.7300,176.8000,1.799887
FILLER_61_309,VPWR,li1,148.3500,176.8000,1.799881
FILLER_61_299,VPWR,li1,143.7500,176.8000,1.799882
FILLER_61_294,VPWR,li1,140.9900,176.8000,1.799885
FILLER_61_291,VPWR,li1,140.0700,176.8000,1.799885
FILLER_61_288,VPWR,li1,138.6900,176.8000,1.799890
FILLER_61_285,VPWR,li1,137.3100,176.8000,1.799890
FILLER_61_249,VPWR,li1,120.2900,176.8000,1.799910
FILLER_61_246,VPWR,li1,119.3700,176.8000,1.799910
FILLER_61_243,VPWR,li1,117.9900,176.8000,1.799913
FILLER_61_240,VPWR,li1,116.6100,176.8000,1.799913
FILLER_61_237,VPWR,li1,115.2300,176.8000,1.799916
FILLER_61_234,VPWR,li1,113.8500,176.8000,1.799916
FILLER_61_231,VPWR,li1,112.4700,176.8000,1.799918
FILLER_61_228,VPWR,li1,111.0900,176.8000,1.799918
FILLER_61_225,VPWR,li1,109.7100,176.8000,1.799921
FILLER_61_222,VPWR,li1,108.1000,176.8000,1.799921
FILLER_61_210,VPWR,li1,102.8100,176.8000,1.799928
FILLER_61_195,VPWR,li1,95.4500,176.8000,1.799919
FILLER_61_192,VPWR,li1,94.5300,176.8000,1.799914
FILLER_61_181,VPWR,li1,89.2400,176.8000,1.799907
FILLER_61_178,VPWR,li1,88.0900,176.8000,1.799907
FILLER_61_175,VPWR,li1,86.7100,176.8000,1.799910
FILLER_61_172,VPWR,li1,85.3300,176.8000,1.799910
FILLER_61_169,VPWR,li1,83.9500,176.8000,1.799912
FILLER_61_158,VPWR,li1,78.4300,176.8000,1.799922
FILLER_61_155,VPWR,li1,77.5100,176.8000,1.799929
FILLER_61_152,VPWR,li1,76.1300,176.8000,1.799929
FILLER_61_149,VPWR,li1,74.7500,176.8000,1.799939
FILLER_61_146,VPWR,li1,73.3700,176.8000,1.799939
FILLER_61_143,VPWR,li1,71.9900,176.8000,1.799948
FILLER_61_140,VPWR,li1,70.6100,176.8000,1.799956
FILLER_61_131,VPWR,li1,66.0100,176.8000,1.799951
FILLER_61_128,VPWR,li1,65.0900,176.8000,1.799948
FILLER_61_125,VPWR,li1,63.7100,176.8000,1.799948
FILLER_61_116,VPWR,li1,59.1100,176.8000,1.799944
FILLER_61_113,VPWR,li1,58.1900,176.8000,1.799944
FILLER_61_102,VPWR,li1,52.6700,176.8000,1.799943
FILLER_61_99,VPWR,li1,51.7500,176.8000,1.799943
FILLER_61_66,VPWR,li1,36.5700,176.8000,1.799950
FILLER_61_34,VPWR,li1,21.3900,176.8000,1.799953
FILLER_61_31,VPWR,li1,20.4700,176.8000,1.799953
FILLER_60_593,VPWR,li1,278.5300,176.8000,1.799970
FILLER_60_579,VPWR,li1,272.0900,176.8000,1.799955
FILLER_60_566,VPWR,li1,266.1100,176.8000,1.799946
FILLER_60_544,VPWR,li1,255.9900,176.8000,1.799945
FILLER_60_541,VPWR,li1,255.0700,176.8000,1.799945
FILLER_60_522,VPWR,li1,245.8700,176.8000,1.799932
FILLER_60_519,VPWR,li1,244.9500,176.8000,1.799932
FILLER_60_457,VPWR,li1,216.4300,176.8000,1.799969
FILLER_60_427,VPWR,li1,202.6300,176.8000,1.799968
FILLER_60_378,VPWR,li1,179.8600,176.8000,1.799959
FILLER_60_375,VPWR,li1,178.7100,176.8000,1.799956
FILLER_60_372,VPWR,li1,177.3300,176.8000,1.799956
FILLER_60_365,VPWR,li1,173.6500,176.8000,1.799952
FILLER_60_362,VPWR,li1,172.5000,176.8000,1.799950
FILLER_60_359,VPWR,li1,171.3500,176.8000,1.799950
FILLER_60_348,VPWR,li1,166.0600,176.8000,1.799946
FILLER_60_345,VPWR,li1,164.9100,176.8000,1.799946
FILLER_60_342,VPWR,li1,163.5300,176.8000,1.799946
FILLER_60_326,VPWR,li1,156.1700,176.8000,1.799916
FILLER_60_323,VPWR,li1,154.7900,176.8000,1.799903
FILLER_60_320,VPWR,li1,153.4100,176.8000,1.799903
FILLER_60_312,VPWR,li1,149.5000,176.8000,1.799887
FILLER_60_309,VPWR,li1,148.3500,176.8000,1.799881
FILLER_60_297,VPWR,li1,142.6000,176.8000,1.799882
FILLER_60_281,VPWR,li1,135.2400,176.8000,1.799897
FILLER_60_278,VPWR,li1,134.0900,176.8000,1.799897
FILLER_60_268,VPWR,li1,129.4900,176.8000,1.799912
FILLER_60_265,VPWR,li1,128.1100,176.8000,1.799906
FILLER_60_259,VPWR,li1,125.1200,176.8000,1.799907
FILLER_60_256,VPWR,li1,123.9700,176.8000,1.799907
FILLER_60_253,VPWR,li1,122.5900,176.8000,1.799908
FILLER_60_249,VPWR,li1,120.7500,176.8000,1.799910
FILLER_60_246,VPWR,li1,119.3700,176.8000,1.799910
FILLER_60_243,VPWR,li1,117.9900,176.8000,1.799913
FILLER_60_240,VPWR,li1,116.6100,176.8000,1.799913
FILLER_60_237,VPWR,li1,115.2300,176.8000,1.799916
FILLER_60_218,VPWR,li1,106.0300,176.8000,1.799925
FILLER_60_215,VPWR,li1,105.1100,176.8000,1.799925
FILLER_60_212,VPWR,li1,103.7300,176.8000,1.799928
FILLER_60_197,VPWR,li1,96.6000,176.8000,1.799919
FILLER_60_166,VPWR,li1,82.3400,176.8000,1.799914
FILLER_60_160,VPWR,li1,79.3500,176.8000,1.799922
FILLER_60_150,VPWR,li1,74.7500,176.8000,1.799939
FILLER_60_147,VPWR,li1,73.8300,176.8000,1.799939
FILLER_60_144,VPWR,li1,72.4500,176.8000,1.799948
FILLER_60_141,VPWR,li1,71.0700,176.8000,1.799948
FILLER_60_109,VPWR,li1,56.1200,176.8000,1.799943
FILLER_60_81,VPWR,li1,43.4700,176.8000,1.799951
FILLER_60_26,VPWR,li1,17.9400,176.8000,1.799958
FILLER_60_3,VPWR,li1,7.3600,176.8000,1.799976
FILLER_59_595,VPWR,li1,279.4500,171.3600,1.799965
FILLER_59_582,VPWR,li1,273.4700,171.3600,1.799955
FILLER_59_557,VPWR,li1,262.4300,171.3600,1.799948
FILLER_59_518,VPWR,li1,244.0300,171.3600,1.799953
FILLER_59_508,VPWR,li1,239.4300,171.3600,1.799947
FILLER_59_505,VPWR,li1,238.5100,171.3600,1.799947
FILLER_59_497,VPWR,li1,234.3700,171.3600,1.799948
FILLER_59_488,VPWR,li1,230.2300,171.3600,1.799948
FILLER_59_478,VPWR,li1,225.8600,171.3600,1.799951
FILLER_59_453,VPWR,li1,214.1300,171.3600,1.799929
FILLER_59_418,VPWR,li1,198.0300,171.3600,1.799909
FILLER_59_393,VPWR,li1,186.5300,171.3600,1.799926
FILLER_59_390,VPWR,li1,185.3800,171.3600,1.799921
FILLER_59_384,VPWR,li1,182.6200,171.3600,1.799919
FILLER_59_381,VPWR,li1,181.4700,171.3600,1.799919
FILLER_59_378,VPWR,li1,180.0900,171.3600,1.799917
FILLER_59_375,VPWR,li1,178.7100,171.3600,1.799917
FILLER_59_372,VPWR,li1,177.3300,171.3600,1.799916
FILLER_59_369,VPWR,li1,175.9500,171.3600,1.799917
FILLER_59_366,VPWR,li1,174.5700,171.3600,1.799917
FILLER_59_355,VPWR,li1,169.2800,171.3600,1.799922
FILLER_59_352,VPWR,li1,168.1300,171.3600,1.799922
FILLER_59_349,VPWR,li1,166.7500,171.3600,1.799926
FILLER_59_346,VPWR,li1,165.3700,171.3600,1.799926
FILLER_59_343,VPWR,li1,163.9900,171.3600,1.799932
FILLER_59_337,VPWR,li1,161.0000,171.3600,1.799940
FILLER_59_335,VPWR,li1,159.8500,171.3600,1.799940
FILLER_59_332,VPWR,li1,158.9300,171.3600,1.799932
FILLER_59_306,VPWR,li1,146.5100,171.3600,1.799907
FILLER_59_295,VPWR,li1,141.6800,171.3600,1.799913
FILLER_59_292,VPWR,li1,140.5300,171.3600,1.799913
FILLER_59_278,VPWR,li1,133.8600,171.3600,1.799923
FILLER_59_275,VPWR,li1,132.7100,171.3600,1.799927
FILLER_59_257,VPWR,li1,124.2000,171.3600,1.799925
FILLER_59_254,VPWR,li1,123.0500,171.3600,1.799925
FILLER_59_249,VPWR,li1,120.2900,171.3600,1.799923
FILLER_59_225,VPWR,li1,109.2500,171.3600,1.799935
FILLER_59_212,VPWR,li1,103.7300,171.3600,1.799949
FILLER_59_209,VPWR,li1,102.3500,171.3600,1.799949
FILLER_59_206,VPWR,li1,100.9700,171.3600,1.799954
FILLER_59_203,VPWR,li1,99.5900,171.3600,1.799949
FILLER_59_200,VPWR,li1,98.2100,171.3600,1.799946
FILLER_59_197,VPWR,li1,96.8300,171.3600,1.799946
FILLER_59_194,VPWR,li1,95.4500,171.3600,1.799944
FILLER_59_191,VPWR,li1,94.0700,171.3600,1.799941
FILLER_59_188,VPWR,li1,92.6900,171.3600,1.799941
FILLER_59_185,VPWR,li1,91.3100,171.3600,1.799938
FILLER_59_169,VPWR,li1,83.7200,171.3600,1.799934
FILLER_59_167,VPWR,li1,82.5700,171.3600,1.799936
FILLER_59_164,VPWR,li1,81.6500,171.3600,1.799936
FILLER_59_150,VPWR,li1,74.7500,171.3600,1.799947
FILLER_59_147,VPWR,li1,73.8300,171.3600,1.799954
FILLER_59_141,VPWR,li1,70.8400,171.3600,1.799962
FILLER_59_138,VPWR,li1,69.6900,171.3600,1.799962
FILLER_59_131,VPWR,li1,66.2400,171.3600,1.799957
FILLER_59_128,VPWR,li1,65.0900,171.3600,1.799953
FILLER_59_125,VPWR,li1,63.7100,171.3600,1.799953
FILLER_59_113,VPWR,li1,58.1900,171.3600,1.799948
FILLER_59_57,VPWR,li1,32.4300,171.3600,1.799964
FILLER_59_55,VPWR,li1,31.0500,171.3600,1.799964
FILLER_59_3,VPWR,li1,7.3600,171.3600,1.799983
FILLER_58_611,VPWR,li1,286.8100,171.3600,1.799964
FILLER_58_589,VPWR,li1,276.6900,171.3600,1.799959
FILLER_58_586,VPWR,li1,275.5400,171.3600,1.799959
FILLER_58_541,VPWR,li1,255.0700,171.3600,1.799954
FILLER_58_529,VPWR,li1,249.5500,171.3600,1.799963
FILLER_58_498,VPWR,li1,234.8300,171.3600,1.799948
FILLER_58_473,VPWR,li1,223.7900,171.3600,1.799953
FILLER_58_446,VPWR,li1,211.1400,171.3600,1.799923
FILLER_58_435,VPWR,li1,206.0800,171.3600,1.799908
FILLER_58_432,VPWR,li1,204.9300,171.3600,1.799908
FILLER_58_424,VPWR,li1,200.7900,171.3600,1.799905
FILLER_58_421,VPWR,li1,199.8700,171.3600,1.799905
FILLER_58_411,VPWR,li1,195.0400,171.3600,1.799914
FILLER_58_397,VPWR,li1,188.8300,171.3600,1.799934
FILLER_58_394,VPWR,li1,187.4500,171.3600,1.799926
FILLER_58_376,VPWR,li1,178.9400,171.3600,1.799917
FILLER_58_368,VPWR,li1,175.0300,171.3600,1.799917
FILLER_58_365,VPWR,li1,174.1100,171.3600,1.799917
FILLER_58_363,VPWR,li1,172.7300,171.3600,1.799917
FILLER_58_355,VPWR,li1,169.0500,171.3600,1.799922
FILLER_58_352,VPWR,li1,168.1300,171.3600,1.799922
FILLER_58_349,VPWR,li1,166.7500,171.3600,1.799926
FILLER_58_346,VPWR,li1,165.3700,171.3600,1.799926
FILLER_58_336,VPWR,li1,160.7700,171.3600,1.799940
FILLER_58_333,VPWR,li1,159.3900,171.3600,1.799932
FILLER_58_330,VPWR,li1,158.0100,171.3600,1.799932
FILLER_58_321,VPWR,li1,153.6400,171.3600,1.799915
FILLER_58_318,VPWR,li1,152.4900,171.3600,1.799912
FILLER_58_315,VPWR,li1,151.1100,171.3600,1.799912
FILLER_58_309,VPWR,li1,148.3500,171.3600,1.799906
FILLER_58_305,VPWR,li1,146.5100,171.3600,1.799907
FILLER_58_302,VPWR,li1,145.1300,171.3600,1.799908
FILLER_58_299,VPWR,li1,143.7500,171.3600,1.799911
FILLER_58_296,VPWR,li1,142.3700,171.3600,1.799911
FILLER_58_282,VPWR,li1,135.7000,171.3600,1.799920
FILLER_58_279,VPWR,li1,134.5500,171.3600,1.799923
FILLER_58_276,VPWR,li1,133.1700,171.3600,1.799927
FILLER_58_273,VPWR,li1,131.7900,171.3600,1.799927
FILLER_58_262,VPWR,li1,126.5000,171.3600,1.799927
FILLER_58_259,VPWR,li1,125.3500,171.3600,1.799927
FILLER_58_256,VPWR,li1,123.9700,171.3600,1.799925
FILLER_58_253,VPWR,li1,122.5900,171.3600,1.799925
FILLER_58_250,VPWR,li1,120.9800,171.3600,1.799923
FILLER_58_224,VPWR,li1,109.0200,171.3600,1.799935
FILLER_58_221,VPWR,li1,107.8700,171.3600,1.799935
FILLER_58_218,VPWR,li1,106.4900,171.3600,1.799942
FILLER_58_215,VPWR,li1,105.1100,171.3600,1.799942
FILLER_58_212,VPWR,li1,103.7300,171.3600,1.799949
FILLER_58_197,VPWR,li1,96.6000,171.3600,1.799946
FILLER_58_189,VPWR,li1,93.1500,171.3600,1.799941
FILLER_58_178,VPWR,li1,88.0900,171.3600,1.799936
FILLER_58_160,VPWR,li1,79.8100,171.3600,1.799939
FILLER_58_157,VPWR,li1,78.4300,171.3600,1.799939
FILLER_58_150,VPWR,li1,75.2100,171.3600,1.799947
FILLER_58_147,VPWR,li1,73.8300,171.3600,1.799954
FILLER_58_144,VPWR,li1,72.4500,171.3600,1.799954
FILLER_58_141,VPWR,li1,71.0700,171.3600,1.799962
FILLER_58_96,VPWR,li1,50.1400,171.3600,1.799951
FILLER_58_85,VPWR,li1,45.0800,171.3600,1.799958
FILLER_58_83,VPWR,li1,43.9300,171.3600,1.799963
FILLER_58_80,VPWR,li1,43.0100,171.3600,1.799963
FILLER_58_77,VPWR,li1,41.6300,171.3600,1.799970
FILLER_58_74,VPWR,li1,40.2500,171.3600,1.799970
FILLER_58_6,VPWR,li1,8.5100,171.3600,1.799983
FILLER_58_3,VPWR,li1,7.5900,171.3600,1.799983
FILLER_57_580,VPWR,li1,272.7800,165.9200,1.799874
FILLER_57_557,VPWR,li1,262.4300,165.9200,1.799885
FILLER_57_546,VPWR,li1,257.1400,165.9200,1.799906
FILLER_57_537,VPWR,li1,252.7700,165.9200,1.799931
FILLER_57_514,VPWR,li1,242.4200,165.9200,1.799946
FILLER_57_493,VPWR,li1,232.7600,165.9200,1.799952
FILLER_57_490,VPWR,li1,231.6100,165.9200,1.799953
FILLER_57_458,VPWR,li1,216.8900,165.9200,1.799959
FILLER_57_449,VPWR,li1,212.7500,165.9200,1.799950
FILLER_57_447,VPWR,li1,211.3700,165.9200,1.799950
FILLER_57_438,VPWR,li1,207.2300,165.9200,1.799948
FILLER_57_435,VPWR,li1,206.3100,165.9200,1.799948
FILLER_57_432,VPWR,li1,204.9300,165.9200,1.799948
FILLER_57_427,VPWR,li1,202.1700,165.9200,1.799949
FILLER_57_424,VPWR,li1,201.2500,165.9200,1.799949
FILLER_57_421,VPWR,li1,199.8700,165.9200,1.799949
FILLER_57_418,VPWR,li1,198.4900,165.9200,1.799949
FILLER_57_415,VPWR,li1,197.1100,165.9200,1.799949
FILLER_57_412,VPWR,li1,195.7300,165.9200,1.799949
FILLER_57_403,VPWR,li1,191.3600,165.9200,1.799952
FILLER_57_400,VPWR,li1,190.2100,165.9200,1.799952
FILLER_57_397,VPWR,li1,188.8300,165.9200,1.799939
FILLER_57_391,VPWR,li1,185.6100,165.9200,1.799931
FILLER_57_374,VPWR,li1,177.7900,165.9200,1.799924
FILLER_57_365,VPWR,li1,173.6500,165.9200,1.799931
FILLER_57_362,VPWR,li1,172.7300,165.9200,1.799931
FILLER_57_356,VPWR,li1,169.7400,165.9200,1.799936
FILLER_57_353,VPWR,li1,168.5900,165.9200,1.799941
FILLER_57_337,VPWR,li1,161.2300,165.9200,1.799957
FILLER_57_333,VPWR,li1,159.3900,165.9200,1.799964
FILLER_57_281,VPWR,li1,135.2400,165.9200,1.799970
FILLER_57_277,VPWR,li1,133.6300,165.9200,1.799972
FILLER_57_274,VPWR,li1,132.2500,165.9200,1.799972
FILLER_57_231,VPWR,li1,112.0100,165.9200,1.799947
FILLER_57_228,VPWR,li1,111.0900,165.9200,1.799947
FILLER_57_225,VPWR,li1,109.7100,165.9200,1.799944
FILLER_57_212,VPWR,li1,103.2700,165.9200,1.799949
FILLER_57_203,VPWR,li1,99.1300,165.9200,1.799958
FILLER_57_193,VPWR,li1,94.9900,165.9200,1.799955
FILLER_57_190,VPWR,li1,93.6100,165.9200,1.799955
FILLER_57_187,VPWR,li1,92.2300,165.9200,1.799956
FILLER_57_184,VPWR,li1,90.8500,165.9200,1.799957
FILLER_57_181,VPWR,li1,89.4700,165.9200,1.799957
FILLER_57_178,VPWR,li1,88.0900,165.9200,1.799958
FILLER_57_175,VPWR,li1,86.7100,165.9200,1.799960
FILLER_57_172,VPWR,li1,85.3300,165.9200,1.799960
FILLER_57_169,VPWR,li1,83.9500,165.9200,1.799962
FILLER_57_167,VPWR,li1,82.5700,165.9200,1.799962
FILLER_57_157,VPWR,li1,77.9700,165.9200,1.799967
FILLER_57_152,VPWR,li1,75.6700,165.9200,1.799970
FILLER_57_149,VPWR,li1,74.7500,165.9200,1.799972
FILLER_57_144,VPWR,li1,71.9900,165.9200,1.799974
FILLER_57_141,VPWR,li1,71.0700,165.9200,1.799977
FILLER_57_138,VPWR,li1,69.6900,165.9200,1.799974
FILLER_57_135,VPWR,li1,68.3100,165.9200,1.799974
FILLER_57_132,VPWR,li1,66.9300,165.9200,1.799970
FILLER_57_129,VPWR,li1,65.5500,165.9200,1.799970
FILLER_57_119,VPWR,li1,60.4900,165.9200,1.799965
FILLER_57_116,VPWR,li1,59.5700,165.9200,1.799963
FILLER_57_113,VPWR,li1,58.1900,165.9200,1.799963
FILLER_57_110,VPWR,li1,56.5800,165.9200,1.799962
FILLER_57_79,VPWR,li1,42.3200,165.9200,1.799964
FILLER_57_76,VPWR,li1,41.1700,165.9200,1.799966
FILLER_57_65,VPWR,li1,35.8800,165.9200,1.799950
FILLER_57_3,VPWR,li1,7.5900,165.9200,1.799976
FILLER_56_610,VPWR,li1,286.5800,165.9200,1.799910
FILLER_56_586,VPWR,li1,275.5400,165.9200,1.799886
FILLER_56_569,VPWR,li1,267.9500,165.9200,1.799868
FILLER_56_566,VPWR,li1,266.5700,165.9200,1.799875
FILLER_56_539,VPWR,li1,253.6900,165.9200,1.799931
FILLER_56_536,VPWR,li1,252.7700,165.9200,1.799931
FILLER_56_533,VPWR,li1,251.3900,165.9200,1.799945
FILLER_56_522,VPWR,li1,245.8700,165.9200,1.799945
FILLER_56_519,VPWR,li1,244.9500,165.9200,1.799945
FILLER_56_501,VPWR,li1,236.4400,165.9200,1.799950
FILLER_56_498,VPWR,li1,235.2900,165.9200,1.799950
FILLER_56_495,VPWR,li1,233.9100,165.9200,1.799952
FILLER_56_492,VPWR,li1,232.5300,165.9200,1.799952
FILLER_56_489,VPWR,li1,231.1500,165.9200,1.799953
FILLER_56_486,VPWR,li1,229.7700,165.9200,1.799955
FILLER_56_483,VPWR,li1,228.3900,165.9200,1.799955
FILLER_56_443,VPWR,li1,209.9900,165.9200,1.799948
FILLER_56_440,VPWR,li1,208.6100,165.9200,1.799948
FILLER_56_437,VPWR,li1,207.2300,165.9200,1.799948
FILLER_56_434,VPWR,li1,205.8500,165.9200,1.799948
FILLER_56_431,VPWR,li1,204.4700,165.9200,1.799948
FILLER_56_427,VPWR,li1,202.4000,165.9200,1.799949
FILLER_56_424,VPWR,li1,201.2500,165.9200,1.799949
FILLER_56_421,VPWR,li1,199.8700,165.9200,1.799949
FILLER_56_418,VPWR,li1,198.2600,165.9200,1.799949
FILLER_56_415,VPWR,li1,197.1100,165.9200,1.799949
FILLER_56_412,VPWR,li1,195.7300,165.9200,1.799949
FILLER_56_400,VPWR,li1,190.2100,165.9200,1.799952
FILLER_56_397,VPWR,li1,188.8300,165.9200,1.799939
FILLER_56_394,VPWR,li1,187.4500,165.9200,1.799939
FILLER_56_365,VPWR,li1,173.6500,165.9200,1.799931
FILLER_56_361,VPWR,li1,172.2700,165.9200,1.799931
FILLER_56_329,VPWR,li1,157.0900,165.9200,1.799963
FILLER_56_326,VPWR,li1,156.1700,165.9200,1.799963
FILLER_56_323,VPWR,li1,154.7900,165.9200,1.799963
FILLER_56_278,VPWR,li1,134.0900,165.9200,1.799970
FILLER_56_275,VPWR,li1,132.7100,165.9200,1.799972
FILLER_56_264,VPWR,li1,127.6500,165.9200,1.799970
FILLER_56_253,VPWR,li1,122.1300,165.9200,1.799960
FILLER_56_236,VPWR,li1,114.5400,165.9200,1.799950
FILLER_56_225,VPWR,li1,109.4800,165.9200,1.799944
FILLER_56_222,VPWR,li1,108.3300,165.9200,1.799944
FILLER_56_200,VPWR,li1,97.7500,165.9200,1.799953
FILLER_56_197,VPWR,li1,96.8300,165.9200,1.799954
FILLER_56_195,VPWR,li1,95.4500,165.9200,1.799954
FILLER_56_192,VPWR,li1,94.5300,165.9200,1.799955
FILLER_56_189,VPWR,li1,93.1500,165.9200,1.799956
FILLER_56_186,VPWR,li1,91.7700,165.9200,1.799956
FILLER_56_183,VPWR,li1,90.3900,165.9200,1.799957
FILLER_56_180,VPWR,li1,89.0100,165.9200,1.799958
FILLER_56_174,VPWR,li1,86.0200,165.9200,1.799960
FILLER_56_162,VPWR,li1,80.7300,165.9200,1.799964
FILLER_56_159,VPWR,li1,79.3500,165.9200,1.799967
FILLER_56_156,VPWR,li1,77.9700,165.9200,1.799967
FILLER_56_153,VPWR,li1,76.5900,165.9200,1.799970
FILLER_56_150,VPWR,li1,75.2100,165.9200,1.799972
FILLER_56_147,VPWR,li1,73.8300,165.9200,1.799972
FILLER_56_144,VPWR,li1,72.4500,165.9200,1.799974
FILLER_56_141,VPWR,li1,71.0700,165.9200,1.799977
FILLER_56_138,VPWR,li1,69.4600,165.9200,1.799974
FILLER_56_135,VPWR,li1,68.3100,165.9200,1.799974
FILLER_56_132,VPWR,li1,66.9300,165.9200,1.799970
FILLER_56_129,VPWR,li1,65.5500,165.9200,1.799970
FILLER_56_117,VPWR,li1,59.8000,165.9200,1.799963
FILLER_56_114,VPWR,li1,58.6500,165.9200,1.799963
FILLER_56_111,VPWR,li1,57.2700,165.9200,1.799962
FILLER_56_108,VPWR,li1,55.8900,165.9200,1.799962
FILLER_56_104,VPWR,li1,53.8200,165.9200,1.799961
FILLER_56_91,VPWR,li1,48.0700,165.9200,1.799960
FILLER_56_88,VPWR,li1,46.6900,165.9200,1.799960
FILLER_56_85,VPWR,li1,45.3100,165.9200,1.799962
FILLER_56_81,VPWR,li1,43.4700,165.9200,1.799964
FILLER_56_78,VPWR,li1,42.0900,165.9200,1.799966
FILLER_56_67,VPWR,li1,36.8000,165.9200,1.799950
FILLER_56_61,VPWR,li1,34.0400,165.9200,1.799945
FILLER_56_38,VPWR,li1,23.4600,165.9200,1.799937
FILLER_56_18,VPWR,li1,14.0300,165.9200,1.799968
FILLER_56_3,VPWR,li1,7.5900,165.9200,1.799976
FILLER_55_611,VPWR,li1,286.8100,160.4800,1.799929
FILLER_55_547,VPWR,li1,257.3700,160.4800,1.799887
FILLER_55_524,VPWR,li1,247.0200,160.4800,1.799943
FILLER_55_514,VPWR,li1,242.4200,160.4800,1.799945
FILLER_55_502,VPWR,li1,236.9000,160.4800,1.799949
FILLER_55_499,VPWR,li1,235.7500,160.4800,1.799949
FILLER_55_478,VPWR,li1,226.0900,160.4800,1.799955
FILLER_55_475,VPWR,li1,224.7100,160.4800,1.799955
FILLER_55_458,VPWR,li1,216.4300,160.4800,1.799944
FILLER_55_455,VPWR,li1,215.5100,160.4800,1.799936
FILLER_55_452,VPWR,li1,214.1300,160.4800,1.799936
FILLER_55_449,VPWR,li1,212.7500,160.4800,1.799930
FILLER_55_402,VPWR,li1,190.6700,160.4800,1.799943
FILLER_55_399,VPWR,li1,189.7500,160.4800,1.799940
FILLER_55_396,VPWR,li1,188.3700,160.4800,1.799940
FILLER_55_393,VPWR,li1,186.9900,160.4800,1.799938
FILLER_55_386,VPWR,li1,183.5400,160.4800,1.799935
FILLER_55_351,VPWR,li1,167.6700,160.4800,1.799953
FILLER_55_348,VPWR,li1,166.2900,160.4800,1.799959
FILLER_55_345,VPWR,li1,164.9100,160.4800,1.799959
FILLER_55_325,VPWR,li1,155.2500,160.4800,1.799957
FILLER_55_322,VPWR,li1,154.3300,160.4800,1.799953
FILLER_55_319,VPWR,li1,152.9500,160.4800,1.799953
FILLER_55_313,VPWR,li1,149.9600,160.4800,1.799949
FILLER_55_310,VPWR,li1,148.8100,160.4800,1.799946
FILLER_55_298,VPWR,li1,143.2900,160.4800,1.799950
FILLER_55_290,VPWR,li1,139.3800,160.4800,1.799954
FILLER_55_287,VPWR,li1,138.2300,160.4800,1.799957
FILLER_55_284,VPWR,li1,136.8500,160.4800,1.799957
FILLER_55_281,VPWR,li1,135.4700,160.4800,1.799959
FILLER_55_256,VPWR,li1,123.9700,160.4800,1.799966
FILLER_55_213,VPWR,li1,103.9600,160.4800,1.799975
FILLER_55_210,VPWR,li1,102.8100,160.4800,1.799977
FILLER_55_207,VPWR,li1,101.4300,160.4800,1.799977
FILLER_55_204,VPWR,li1,100.0500,160.4800,1.799978
FILLER_55_191,VPWR,li1,93.6100,160.4800,1.799966
FILLER_55_180,VPWR,li1,88.5500,160.4800,1.799961
FILLER_55_169,VPWR,li1,83.4900,160.4800,1.799960
FILLER_55_167,VPWR,li1,82.5700,160.4800,1.799959
FILLER_55_164,VPWR,li1,81.6500,160.4800,1.799959
FILLER_55_161,VPWR,li1,80.2700,160.4800,1.799960
FILLER_55_152,VPWR,li1,75.6700,160.4800,1.799964
FILLER_55_136,VPWR,li1,68.7700,160.4800,1.799970
FILLER_55_126,VPWR,li1,64.1700,160.4800,1.799966
FILLER_55_123,VPWR,li1,62.7900,160.4800,1.799966
FILLER_55_113,VPWR,li1,57.9600,160.4800,1.799966
FILLER_55_111,VPWR,li1,56.8100,160.4800,1.799966
FILLER_55_108,VPWR,li1,55.8900,160.4800,1.799966
FILLER_55_76,VPWR,li1,41.1700,160.4800,1.799982
FILLER_55_73,VPWR,li1,39.7900,160.4800,1.799981
FILLER_55_70,VPWR,li1,38.4100,160.4800,1.799981
FILLER_55_54,VPWR,li1,30.8200,160.4800,1.799977
FILLER_55_51,VPWR,li1,29.6700,160.4800,1.799977
FILLER_55_48,VPWR,li1,28.2900,160.4800,1.799976
FILLER_55_45,VPWR,li1,26.9100,160.4800,1.799976
FILLER_55_39,VPWR,li1,23.9200,160.4800,1.799975
FILLER_55_3,VPWR,li1,7.1300,160.4800,1.799986
FILLER_54_611,VPWR,li1,286.8100,160.4800,1.799929
FILLER_54_597,VPWR,li1,280.6000,160.4800,1.799932
FILLER_54_566,VPWR,li1,266.1100,160.4800,1.799857
FILLER_54_542,VPWR,li1,255.5300,160.4800,1.799899
FILLER_54_533,VPWR,li1,250.9300,160.4800,1.799929
FILLER_54_524,VPWR,li1,247.2500,160.4800,1.799943
FILLER_54_504,VPWR,li1,237.8200,160.4800,1.799948
FILLER_54_501,VPWR,li1,236.6700,160.4800,1.799949
FILLER_54_498,VPWR,li1,235.2900,160.4800,1.799949
FILLER_54_486,VPWR,li1,229.7700,160.4800,1.799953
FILLER_54_454,VPWR,li1,214.5900,160.4800,1.799936
FILLER_54_449,VPWR,li1,212.2900,160.4800,1.799930
FILLER_54_438,VPWR,li1,207.4600,160.4800,1.799918
FILLER_54_435,VPWR,li1,206.3100,160.4800,1.799918
FILLER_54_432,VPWR,li1,204.9300,160.4800,1.799914
FILLER_54_429,VPWR,li1,203.5500,160.4800,1.799914
FILLER_54_424,VPWR,li1,200.7900,160.4800,1.799911
FILLER_54_421,VPWR,li1,199.8700,160.4800,1.799909
FILLER_54_402,VPWR,li1,191.1300,160.4800,1.799943
FILLER_54_399,VPWR,li1,189.7500,160.4800,1.799940
FILLER_54_328,VPWR,li1,156.6300,160.4800,1.799957
FILLER_54_325,VPWR,li1,155.7100,160.4800,1.799957
FILLER_54_322,VPWR,li1,154.3300,160.4800,1.799953
FILLER_54_309,VPWR,li1,147.8900,160.4800,1.799946
FILLER_54_297,VPWR,li1,142.8300,160.4800,1.799952
FILLER_54_270,VPWR,li1,129.9500,160.4800,1.799969
FILLER_54_246,VPWR,li1,119.1400,160.4800,1.799966
FILLER_54_243,VPWR,li1,117.9900,160.4800,1.799966
FILLER_54_240,VPWR,li1,116.6100,160.4800,1.799968
FILLER_54_237,VPWR,li1,115.2300,160.4800,1.799968
FILLER_54_227,VPWR,li1,110.1700,160.4800,1.799972
FILLER_54_224,VPWR,li1,109.2500,160.4800,1.799972
FILLER_54_221,VPWR,li1,107.8700,160.4800,1.799973
FILLER_54_218,VPWR,li1,106.4900,160.4800,1.799973
FILLER_54_215,VPWR,li1,105.1100,160.4800,1.799975
FILLER_54_212,VPWR,li1,103.7300,160.4800,1.799975
FILLER_54_209,VPWR,li1,102.3500,160.4800,1.799977
FILLER_54_206,VPWR,li1,100.9700,160.4800,1.799978
FILLER_54_203,VPWR,li1,99.5900,160.4800,1.799978
FILLER_54_200,VPWR,li1,98.2100,160.4800,1.799974
FILLER_54_197,VPWR,li1,96.8300,160.4800,1.799970
FILLER_54_195,VPWR,li1,95.4500,160.4800,1.799970
FILLER_54_192,VPWR,li1,94.5300,160.4800,1.799966
FILLER_54_189,VPWR,li1,93.1500,160.4800,1.799966
FILLER_54_186,VPWR,li1,91.7700,160.4800,1.799961
FILLER_54_183,VPWR,li1,90.3900,160.4800,1.799961
FILLER_54_180,VPWR,li1,89.0100,160.4800,1.799961
FILLER_54_177,VPWR,li1,87.6300,160.4800,1.799960
FILLER_54_162,VPWR,li1,80.2700,160.4800,1.799960
FILLER_54_139,VPWR,li1,69.6900,160.4800,1.799970
FILLER_54_127,VPWR,li1,64.4000,160.4800,1.799966
FILLER_54_104,VPWR,li1,54.0500,160.4800,1.799967
FILLER_54_83,VPWR,li1,43.9300,160.4800,1.799977
FILLER_54_80,VPWR,li1,43.0100,160.4800,1.799977
FILLER_54_69,VPWR,li1,37.7200,160.4800,1.799980
FILLER_54_66,VPWR,li1,36.5700,160.4800,1.799980
FILLER_54_63,VPWR,li1,35.1900,160.4800,1.799979
FILLER_54_53,VPWR,li1,30.1300,160.4800,1.799977
FILLER_54_50,VPWR,li1,29.2100,160.4800,1.799977
FILLER_54_35,VPWR,li1,22.0800,160.4800,1.799975
FILLER_54_32,VPWR,li1,20.9300,160.4800,1.799976
FILLER_54_29,VPWR,li1,19.5500,160.4800,1.799976
FILLER_53_603,VPWR,li1,283.1300,155.0400,1.799975
FILLER_53_571,VPWR,li1,268.4100,155.0400,1.799961
FILLER_53_558,VPWR,li1,262.6600,155.0400,1.799963
FILLER_53_547,VPWR,li1,257.6000,155.0400,1.799969
FILLER_53_544,VPWR,li1,256.4500,155.0400,1.799973
FILLER_53_541,VPWR,li1,255.0700,155.0400,1.799973
FILLER_53_532,VPWR,li1,250.9300,155.0400,1.799980
FILLER_53_529,VPWR,li1,249.5500,155.0400,1.799979
FILLER_53_526,VPWR,li1,248.1700,155.0400,1.799979
FILLER_53_521,VPWR,li1,245.4100,155.0400,1.799977
FILLER_53_505,VPWR,li1,238.2800,155.0400,1.799979
FILLER_53_503,VPWR,li1,237.1300,155.0400,1.799979
FILLER_53_500,VPWR,li1,236.2100,155.0400,1.799980
FILLER_53_497,VPWR,li1,234.8300,155.0400,1.799980
FILLER_53_494,VPWR,li1,233.4500,155.0400,1.799981
FILLER_53_484,VPWR,li1,228.3900,155.0400,1.799983
FILLER_53_481,VPWR,li1,227.4700,155.0400,1.799984
FILLER_53_478,VPWR,li1,226.0900,155.0400,1.799984
FILLER_53_475,VPWR,li1,224.7100,155.0400,1.799986
FILLER_53_472,VPWR,li1,223.3300,155.0400,1.799986
FILLER_53_461,VPWR,li1,218.2700,155.0400,1.799984
FILLER_53_458,VPWR,li1,216.8900,155.0400,1.799984
FILLER_53_455,VPWR,li1,215.5100,155.0400,1.799983
FILLER_53_452,VPWR,li1,214.1300,155.0400,1.799983
FILLER_53_449,VPWR,li1,212.7500,155.0400,1.799982
FILLER_53_438,VPWR,li1,207.2300,155.0400,1.799980
FILLER_53_435,VPWR,li1,206.3100,155.0400,1.799980
FILLER_53_420,VPWR,li1,199.1800,155.0400,1.799981
FILLER_53_417,VPWR,li1,198.0300,155.0400,1.799981
FILLER_53_414,VPWR,li1,196.6500,155.0400,1.799981
FILLER_53_411,VPWR,li1,195.2700,155.0400,1.799981
FILLER_53_355,VPWR,li1,169.2800,155.0400,1.799961
FILLER_53_307,VPWR,li1,147.2000,155.0400,1.799951
FILLER_53_284,VPWR,li1,136.6200,155.0400,1.799944
FILLER_53_281,VPWR,li1,135.4700,155.0400,1.799944
FILLER_53_268,VPWR,li1,129.4900,155.0400,1.799943
FILLER_53_245,VPWR,li1,118.6800,155.0400,1.799902
FILLER_53_240,VPWR,li1,116.1500,155.0400,1.799900
FILLER_53_225,VPWR,li1,109.7100,155.0400,1.799899
FILLER_53_223,VPWR,li1,108.3300,155.0400,1.799899
FILLER_53_220,VPWR,li1,107.4100,155.0400,1.799900
FILLER_53_208,VPWR,li1,101.6600,155.0400,1.799914
FILLER_53_205,VPWR,li1,100.5100,155.0400,1.799929
FILLER_53_202,VPWR,li1,99.1300,155.0400,1.799929
FILLER_53_199,VPWR,li1,97.7500,155.0400,1.799923
FILLER_53_165,VPWR,li1,82.1100,155.0400,1.799918
FILLER_53_144,VPWR,li1,71.9900,155.0400,1.799945
FILLER_53_141,VPWR,li1,71.0700,155.0400,1.799952
FILLER_53_135,VPWR,li1,68.0800,155.0400,1.799949
FILLER_53_128,VPWR,li1,65.0900,155.0400,1.799951
FILLER_53_125,VPWR,li1,63.7100,155.0400,1.799951
FILLER_53_122,VPWR,li1,62.3300,155.0400,1.799954
FILLER_53_119,VPWR,li1,60.9500,155.0400,1.799954
FILLER_53_113,VPWR,li1,57.7300,155.0400,1.799958
FILLER_53_110,VPWR,li1,56.5800,155.0400,1.799958
FILLER_53_107,VPWR,li1,55.4300,155.0400,1.799961
FILLER_53_104,VPWR,li1,54.0500,155.0400,1.799961
FILLER_53_95,VPWR,li1,49.4500,155.0400,1.799966
FILLER_53_92,VPWR,li1,48.5300,155.0400,1.799969
FILLER_53_89,VPWR,li1,47.1500,155.0400,1.799969
FILLER_53_86,VPWR,li1,45.7700,155.0400,1.799972
FILLER_53_83,VPWR,li1,44.3900,155.0400,1.799974
FILLER_53_80,VPWR,li1,43.0100,155.0400,1.799974
FILLER_53_77,VPWR,li1,41.6300,155.0400,1.799978
FILLER_53_74,VPWR,li1,40.2500,155.0400,1.799975
FILLER_53_54,VPWR,li1,30.8200,155.0400,1.799971
FILLER_53_51,VPWR,li1,29.6700,155.0400,1.799970
FILLER_53_48,VPWR,li1,28.2900,155.0400,1.799970
FILLER_53_45,VPWR,li1,26.9100,155.0400,1.799970
FILLER_53_42,VPWR,li1,25.5300,155.0400,1.799970
FILLER_53_3,VPWR,li1,7.3600,155.0400,1.799986
FILLER_52_610,VPWR,li1,286.5800,155.0400,1.799974
FILLER_52_599,VPWR,li1,281.5200,155.0400,1.799975
FILLER_52_589,VPWR,li1,276.9200,155.0400,1.799972
FILLER_52_581,VPWR,li1,273.2400,155.0400,1.799967
FILLER_52_573,VPWR,li1,269.3300,155.0400,1.799961
FILLER_52_559,VPWR,li1,263.3500,155.0400,1.799963
FILLER_52_549,VPWR,li1,258.2900,155.0400,1.799969
FILLER_52_546,VPWR,li1,257.3700,155.0400,1.799969
FILLER_52_536,VPWR,li1,252.5400,155.0400,1.799976
FILLER_52_533,VPWR,li1,251.3900,155.0400,1.799980
FILLER_52_500,VPWR,li1,235.9800,155.0400,1.799980
FILLER_52_495,VPWR,li1,233.4500,155.0400,1.799981
FILLER_52_492,VPWR,li1,232.5300,155.0400,1.799981
FILLER_52_489,VPWR,li1,231.1500,155.0400,1.799982
FILLER_52_486,VPWR,li1,229.7700,155.0400,1.799983
FILLER_52_474,VPWR,li1,224.0200,155.0400,1.799986
FILLER_52_443,VPWR,li1,209.5300,155.0400,1.799980
FILLER_52_419,VPWR,li1,198.4900,155.0400,1.799981
FILLER_52_412,VPWR,li1,195.2700,155.0400,1.799981
FILLER_52_402,VPWR,li1,190.6700,155.0400,1.799982
FILLER_52_399,VPWR,li1,189.7500,155.0400,1.799978
FILLER_52_363,VPWR,li1,172.7300,155.0400,1.799962
FILLER_52_360,VPWR,li1,171.8100,155.0400,1.799962
FILLER_52_338,VPWR,li1,161.2300,155.0400,1.799969
FILLER_52_333,VPWR,li1,158.9300,155.0400,1.799965
FILLER_52_325,VPWR,li1,155.4800,155.0400,1.799960
FILLER_52_322,VPWR,li1,154.3300,155.0400,1.799960
FILLER_52_319,VPWR,li1,152.9500,155.0400,1.799957
FILLER_52_309,VPWR,li1,148.1200,155.0400,1.799951
FILLER_52_285,VPWR,li1,137.0800,155.0400,1.799944
FILLER_52_282,VPWR,li1,135.9300,155.0400,1.799944
FILLER_52_251,VPWR,li1,121.2100,155.0400,1.799906
FILLER_52_244,VPWR,li1,118.4500,155.0400,1.799902
FILLER_52_241,VPWR,li1,117.0700,155.0400,1.799902
FILLER_52_214,VPWR,li1,104.4200,155.0400,1.799905
FILLER_52_204,VPWR,li1,99.5900,155.0400,1.799929
FILLER_52_201,VPWR,li1,98.6700,155.0400,1.799923
FILLER_52_194,VPWR,li1,95.2200,155.0400,1.799919
FILLER_52_191,VPWR,li1,94.0700,155.0400,1.799914
FILLER_52_188,VPWR,li1,92.6900,155.0400,1.799914
FILLER_52_185,VPWR,li1,91.3100,155.0400,1.799913
FILLER_52_182,VPWR,li1,89.9300,155.0400,1.799912
FILLER_52_179,VPWR,li1,88.5500,155.0400,1.799912
FILLER_52_176,VPWR,li1,87.1700,155.0400,1.799910
FILLER_52_164,VPWR,li1,81.6500,155.0400,1.799918
FILLER_52_161,VPWR,li1,80.2700,155.0400,1.799924
FILLER_52_158,VPWR,li1,78.8900,155.0400,1.799924
FILLER_52_145,VPWR,li1,72.9100,155.0400,1.799945
FILLER_52_128,VPWR,li1,65.0900,155.0400,1.799951
FILLER_52_125,VPWR,li1,63.7100,155.0400,1.799951
FILLER_52_122,VPWR,li1,62.3300,155.0400,1.799954
FILLER_52_119,VPWR,li1,60.9500,155.0400,1.799954
FILLER_52_107,VPWR,li1,55.4300,155.0400,1.799961
FILLER_52_104,VPWR,li1,54.0500,155.0400,1.799961
FILLER_52_85,VPWR,li1,44.8500,155.0400,1.799972
FILLER_52_83,VPWR,li1,43.9300,155.0400,1.799974
FILLER_52_72,VPWR,li1,38.8700,155.0400,1.799975
FILLER_52_67,VPWR,li1,36.5700,155.0400,1.799973
FILLER_52_62,VPWR,li1,34.2700,155.0400,1.799972
FILLER_52_38,VPWR,li1,23.6900,155.0400,1.799971
FILLER_52_35,VPWR,li1,22.3100,155.0400,1.799971
FILLER_52_32,VPWR,li1,20.9300,155.0400,1.799972
FILLER_52_29,VPWR,li1,19.5500,155.0400,1.799972
FILLER_52_25,VPWR,li1,17.7100,155.0400,1.799974
FILLER_52_3,VPWR,li1,7.1300,155.0400,1.799986
FILLER_51_588,VPWR,li1,276.6900,149.6000,1.799958
FILLER_51_569,VPWR,li1,267.7200,149.6000,1.799951
FILLER_51_559,VPWR,li1,262.8900,149.6000,1.799954
FILLER_51_556,VPWR,li1,261.9700,149.6000,1.799956
FILLER_51_553,VPWR,li1,260.5900,149.6000,1.799956
FILLER_51_509,VPWR,li1,240.3500,149.6000,1.799960
FILLER_51_495,VPWR,li1,233.6800,149.6000,1.799961
FILLER_51_483,VPWR,li1,228.3900,149.6000,1.799968
FILLER_51_461,VPWR,li1,217.8100,149.6000,1.799975
FILLER_51_458,VPWR,li1,216.8900,149.6000,1.799975
FILLER_51_449,VPWR,li1,212.7500,149.6000,1.799973
FILLER_51_447,VPWR,li1,211.3700,149.6000,1.799972
FILLER_51_444,VPWR,li1,210.4500,149.6000,1.799972
FILLER_51_413,VPWR,li1,195.7300,149.6000,1.799980
FILLER_51_410,VPWR,li1,194.8100,149.6000,1.799980
FILLER_51_400,VPWR,li1,189.7500,149.6000,1.799984
FILLER_51_390,VPWR,li1,185.3800,149.6000,1.799980
FILLER_51_382,VPWR,li1,181.7000,149.6000,1.799977
FILLER_51_367,VPWR,li1,175.0300,149.6000,1.799973
FILLER_51_360,VPWR,li1,171.3500,149.6000,1.799972
FILLER_51_351,VPWR,li1,167.2100,149.6000,1.799969
FILLER_51_348,VPWR,li1,166.2900,149.6000,1.799969
FILLER_51_337,VPWR,li1,160.7700,149.6000,1.799970
FILLER_51_334,VPWR,li1,159.6200,149.6000,1.799970
FILLER_51_324,VPWR,li1,155.0200,149.6000,1.799954
FILLER_51_321,VPWR,li1,153.8700,149.6000,1.799954
FILLER_51_308,VPWR,li1,147.4300,149.6000,1.799937
FILLER_51_293,VPWR,li1,140.7600,149.6000,1.799945
FILLER_51_290,VPWR,li1,139.6100,149.6000,1.799945
FILLER_51_287,VPWR,li1,138.2300,149.6000,1.799950
FILLER_51_277,VPWR,li1,133.6300,149.6000,1.799962
FILLER_51_240,VPWR,li1,116.1500,149.6000,1.799973
FILLER_51_237,VPWR,li1,115.2300,149.6000,1.799973
FILLER_51_225,VPWR,li1,109.7100,149.6000,1.799975
FILLER_51_215,VPWR,li1,105.1100,149.6000,1.799977
FILLER_51_212,VPWR,li1,103.7300,149.6000,1.799978
FILLER_51_202,VPWR,li1,98.6700,149.6000,1.799973
FILLER_51_199,VPWR,li1,97.7500,149.6000,1.799973
FILLER_51_180,VPWR,li1,88.7800,149.6000,1.799956
FILLER_51_159,VPWR,li1,79.1200,149.6000,1.799960
FILLER_51_156,VPWR,li1,77.9700,149.6000,1.799962
FILLER_51_153,VPWR,li1,76.5900,149.6000,1.799962
FILLER_51_150,VPWR,li1,75.2100,149.6000,1.799966
FILLER_51_147,VPWR,li1,73.8300,149.6000,1.799969
FILLER_51_137,VPWR,li1,68.7700,149.6000,1.799970
FILLER_51_134,VPWR,li1,67.8500,149.6000,1.799970
FILLER_51_111,VPWR,li1,56.8100,149.6000,1.799964
FILLER_51_102,VPWR,li1,52.6700,149.6000,1.799964
FILLER_51_99,VPWR,li1,51.7500,149.6000,1.799964
FILLER_51_67,VPWR,li1,36.8000,149.6000,1.799968
FILLER_51_57,VPWR,li1,31.9700,149.6000,1.799963
FILLER_51_48,VPWR,li1,28.2900,149.6000,1.799958
FILLER_51_3,VPWR,li1,7.5900,149.6000,1.799975
FILLER_50_593,VPWR,li1,278.5300,149.6000,1.799963
FILLER_50_585,VPWR,li1,275.3100,149.6000,1.799958
FILLER_50_578,VPWR,li1,271.6300,149.6000,1.799950
FILLER_50_545,VPWR,li1,256.9100,149.6000,1.799964
FILLER_50_542,VPWR,li1,255.5300,149.6000,1.799964
FILLER_50_539,VPWR,li1,254.1500,149.6000,1.799968
FILLER_50_536,VPWR,li1,252.7700,149.6000,1.799968
FILLER_50_533,VPWR,li1,251.3900,149.6000,1.799971
FILLER_50_522,VPWR,li1,246.1000,149.6000,1.799963
FILLER_50_491,VPWR,li1,231.6100,149.6000,1.799963
FILLER_50_488,VPWR,li1,230.6900,149.6000,1.799965
FILLER_50_485,VPWR,li1,229.3100,149.6000,1.799965
FILLER_50_474,VPWR,li1,224.0200,149.6000,1.799972
FILLER_50_462,VPWR,li1,218.7300,149.6000,1.799976
FILLER_50_459,VPWR,li1,217.3500,149.6000,1.799975
FILLER_50_436,VPWR,li1,206.5400,149.6000,1.799972
FILLER_50_433,VPWR,li1,205.3900,149.6000,1.799972
FILLER_50_430,VPWR,li1,204.0100,149.6000,1.799973
FILLER_50_427,VPWR,li1,202.6300,149.6000,1.799973
FILLER_50_424,VPWR,li1,201.2500,149.6000,1.799974
FILLER_50_421,VPWR,li1,199.8700,149.6000,1.799975
FILLER_50_409,VPWR,li1,194.1200,149.6000,1.799980
FILLER_50_406,VPWR,li1,192.9700,149.6000,1.799982
FILLER_50_403,VPWR,li1,191.5900,149.6000,1.799982
FILLER_50_391,VPWR,li1,186.0700,149.6000,1.799980
FILLER_50_371,VPWR,li1,176.6400,149.6000,1.799973
FILLER_50_368,VPWR,li1,175.4900,149.6000,1.799973
FILLER_50_365,VPWR,li1,174.1100,149.6000,1.799972
FILLER_50_355,VPWR,li1,169.5100,149.6000,1.799970
FILLER_50_352,VPWR,li1,168.1300,149.6000,1.799970
FILLER_50_349,VPWR,li1,166.7500,149.6000,1.799969
FILLER_50_346,VPWR,li1,165.3700,149.6000,1.799968
FILLER_50_312,VPWR,li1,149.2700,149.6000,1.799942
FILLER_50_309,VPWR,li1,148.3500,149.6000,1.799937
FILLER_50_298,VPWR,li1,142.8300,149.6000,1.799940
FILLER_50_295,VPWR,li1,141.9100,149.6000,1.799940
FILLER_50_292,VPWR,li1,140.5300,149.6000,1.799945
FILLER_50_282,VPWR,li1,135.4700,149.6000,1.799957
FILLER_50_250,VPWR,li1,120.9800,149.6000,1.799971
FILLER_50_242,VPWR,li1,117.3000,149.6000,1.799972
FILLER_50_239,VPWR,li1,116.1500,149.6000,1.799973
FILLER_50_236,VPWR,li1,114.7700,149.6000,1.799973
FILLER_50_233,VPWR,li1,113.3900,149.6000,1.799974
FILLER_50_230,VPWR,li1,112.0100,149.6000,1.799974
FILLER_50_225,VPWR,li1,109.2500,149.6000,1.799975
FILLER_50_222,VPWR,li1,108.3300,149.6000,1.799976
FILLER_50_219,VPWR,li1,106.9500,149.6000,1.799976
FILLER_50_216,VPWR,li1,105.5700,149.6000,1.799977
FILLER_50_213,VPWR,li1,104.1900,149.6000,1.799978
FILLER_50_210,VPWR,li1,102.8100,149.6000,1.799978
FILLER_50_207,VPWR,li1,101.4300,149.6000,1.799979
FILLER_50_193,VPWR,li1,94.9900,149.6000,1.799968
FILLER_50_190,VPWR,li1,93.6100,149.6000,1.799963
FILLER_50_187,VPWR,li1,92.2300,149.6000,1.799963
FILLER_50_176,VPWR,li1,86.9400,149.6000,1.799955
FILLER_50_173,VPWR,li1,85.7900,149.6000,1.799954
FILLER_50_163,VPWR,li1,80.9600,149.6000,1.799956
FILLER_50_160,VPWR,li1,79.8100,149.6000,1.799960
FILLER_50_157,VPWR,li1,78.4300,149.6000,1.799960
FILLER_50_154,VPWR,li1,77.0500,149.6000,1.799962
FILLER_50_151,VPWR,li1,75.6700,149.6000,1.799966
FILLER_50_148,VPWR,li1,74.2900,149.6000,1.799966
FILLER_50_145,VPWR,li1,72.9100,149.6000,1.799969
FILLER_50_138,VPWR,li1,69.4600,149.6000,1.799970
FILLER_50_135,VPWR,li1,68.3100,149.6000,1.799970
FILLER_50_132,VPWR,li1,66.9300,149.6000,1.799968
FILLER_50_129,VPWR,li1,65.5500,149.6000,1.799968
FILLER_50_116,VPWR,li1,59.5700,149.6000,1.799965
FILLER_50_113,VPWR,li1,58.1900,149.6000,1.799965
FILLER_50_110,VPWR,li1,56.8100,149.6000,1.799964
FILLER_50_107,VPWR,li1,55.4300,149.6000,1.799964
FILLER_50_104,VPWR,li1,54.0500,149.6000,1.799964
FILLER_50_93,VPWR,li1,48.5300,149.6000,1.799964
FILLER_50_90,VPWR,li1,47.6100,149.6000,1.799966
FILLER_50_85,VPWR,li1,44.8500,149.6000,1.799967
FILLER_50_81,VPWR,li1,43.4700,149.6000,1.799970
FILLER_50_78,VPWR,li1,42.0900,149.6000,1.799970
FILLER_50_75,VPWR,li1,40.7100,149.6000,1.799974
FILLER_50_72,VPWR,li1,39.3300,149.6000,1.799974
FILLER_50_65,VPWR,li1,36.1100,149.6000,1.799968
FILLER_50_62,VPWR,li1,34.7300,149.6000,1.799966
FILLER_50_6,VPWR,li1,8.5100,149.6000,1.799975
FILLER_50_3,VPWR,li1,7.5900,149.6000,1.799975
FILLER_49_607,VPWR,li1,284.9700,144.1600,1.799961
FILLER_49_579,VPWR,li1,272.5500,144.1600,1.799950
FILLER_49_572,VPWR,li1,269.3300,144.1600,1.799948
FILLER_49_569,VPWR,li1,267.9500,144.1600,1.799948
FILLER_49_557,VPWR,li1,262.4300,144.1600,1.799951
FILLER_49_545,VPWR,li1,256.9100,144.1600,1.799961
FILLER_49_542,VPWR,li1,255.5300,144.1600,1.799961
FILLER_49_539,VPWR,li1,254.1500,144.1600,1.799966
FILLER_49_536,VPWR,li1,252.7700,144.1600,1.799966
FILLER_49_525,VPWR,li1,247.7100,144.1600,1.799966
FILLER_49_515,VPWR,li1,242.6500,144.1600,1.799959
FILLER_49_505,VPWR,li1,238.2800,144.1600,1.799959
FILLER_49_476,VPWR,li1,225.1700,144.1600,1.799969
FILLER_49_473,VPWR,li1,223.7900,144.1600,1.799972
FILLER_49_470,VPWR,li1,222.4100,144.1600,1.799972
FILLER_49_445,VPWR,li1,210.9100,144.1600,1.799970
FILLER_49_442,VPWR,li1,209.5300,144.1600,1.799968
FILLER_49_403,VPWR,li1,191.1300,144.1600,1.799977
FILLER_49_400,VPWR,li1,190.2100,144.1600,1.799980
FILLER_49_397,VPWR,li1,188.8300,144.1600,1.799980
FILLER_49_340,VPWR,li1,162.3800,144.1600,1.799981
FILLER_49_337,VPWR,li1,161.2300,144.1600,1.799983
FILLER_49_335,VPWR,li1,159.8500,144.1600,1.799983
FILLER_49_332,VPWR,li1,158.9300,144.1600,1.799981
FILLER_49_309,VPWR,li1,148.1200,144.1600,1.799971
FILLER_49_287,VPWR,li1,137.7700,144.1600,1.799973
FILLER_49_284,VPWR,li1,136.8500,144.1600,1.799973
FILLER_49_281,VPWR,li1,135.4700,144.1600,1.799976
FILLER_49_277,VPWR,li1,133.6300,144.1600,1.799978
FILLER_49_274,VPWR,li1,132.2500,144.1600,1.799978
FILLER_49_264,VPWR,li1,127.4200,144.1600,1.799976
FILLER_49_242,VPWR,li1,117.0700,144.1600,1.799971
FILLER_49_239,VPWR,li1,116.1500,144.1600,1.799970
FILLER_49_236,VPWR,li1,114.7700,144.1600,1.799970
FILLER_49_225,VPWR,li1,109.2500,144.1600,1.799970
FILLER_49_215,VPWR,li1,104.6500,144.1600,1.799970
FILLER_49_206,VPWR,li1,100.5100,144.1600,1.799973
FILLER_49_203,VPWR,li1,99.5900,144.1600,1.799973
FILLER_49_200,VPWR,li1,98.2100,144.1600,1.799968
FILLER_49_194,VPWR,li1,95.2200,144.1600,1.799965
FILLER_49_191,VPWR,li1,94.0700,144.1600,1.799962
FILLER_49_188,VPWR,li1,92.6900,144.1600,1.799962
FILLER_49_185,VPWR,li1,91.3100,144.1600,1.799959
FILLER_49_182,VPWR,li1,89.9300,144.1600,1.799959
FILLER_49_179,VPWR,li1,88.5500,144.1600,1.799956
FILLER_49_153,VPWR,li1,76.5900,144.1600,1.799956
FILLER_49_137,VPWR,li1,68.7700,144.1600,1.799968
FILLER_49_123,VPWR,li1,62.5600,144.1600,1.799967
FILLER_49_109,VPWR,li1,56.3500,144.1600,1.799968
FILLER_49_106,VPWR,li1,54.9700,144.1600,1.799968
FILLER_49_103,VPWR,li1,53.5900,144.1600,1.799968
FILLER_49_100,VPWR,li1,52.2100,144.1600,1.799968
FILLER_49_97,VPWR,li1,50.8300,144.1600,1.799969
FILLER_49_94,VPWR,li1,49.4500,144.1600,1.799969
FILLER_49_91,VPWR,li1,48.0700,144.1600,1.799970
FILLER_49_88,VPWR,li1,46.6900,144.1600,1.799970
FILLER_49_85,VPWR,li1,45.3100,144.1600,1.799971
FILLER_49_57,VPWR,li1,32.4300,144.1600,1.799956
FILLER_49_53,VPWR,li1,30.5900,144.1600,1.799952
FILLER_49_10,VPWR,li1,10.3500,144.1600,1.799971
FILLER_49_3,VPWR,li1,7.1300,144.1600,1.799970
FILLER_48_595,VPWR,li1,279.6800,144.1600,1.799966
FILLER_48_589,VPWR,li1,276.9200,144.1600,1.799956
FILLER_48_586,VPWR,li1,275.5400,144.1600,1.799956
FILLER_48_568,VPWR,li1,267.2600,144.1600,1.799948
FILLER_48_544,VPWR,li1,256.4500,144.1600,1.799961
FILLER_48_533,VPWR,li1,250.9300,144.1600,1.799970
FILLER_48_462,VPWR,li1,218.5000,144.1600,1.799973
FILLER_48_459,VPWR,li1,217.3500,144.1600,1.799973
FILLER_48_456,VPWR,li1,215.9700,144.1600,1.799972
FILLER_48_453,VPWR,li1,214.5900,144.1600,1.799972
FILLER_48_430,VPWR,li1,203.7800,144.1600,1.799969
FILLER_48_427,VPWR,li1,202.6300,144.1600,1.799969
FILLER_48_424,VPWR,li1,201.2500,144.1600,1.799969
FILLER_48_421,VPWR,li1,199.8700,144.1600,1.799971
FILLER_48_418,VPWR,li1,198.2600,144.1600,1.799973
FILLER_48_415,VPWR,li1,197.1100,144.1600,1.799973
FILLER_48_393,VPWR,li1,186.5300,144.1600,1.799978
FILLER_48_362,VPWR,li1,172.5000,144.1600,1.799974
FILLER_48_355,VPWR,li1,169.0500,144.1600,1.799976
FILLER_48_352,VPWR,li1,168.1300,144.1600,1.799976
FILLER_48_336,VPWR,li1,160.5400,144.1600,1.799983
FILLER_48_333,VPWR,li1,159.3900,144.1600,1.799981
FILLER_48_330,VPWR,li1,158.0100,144.1600,1.799981
FILLER_48_327,VPWR,li1,156.6300,144.1600,1.799977
FILLER_48_324,VPWR,li1,155.2500,144.1600,1.799977
FILLER_48_309,VPWR,li1,147.8900,144.1600,1.799971
FILLER_48_297,VPWR,li1,142.8300,144.1600,1.799969
FILLER_48_294,VPWR,li1,141.4500,144.1600,1.799971
FILLER_48_291,VPWR,li1,140.0700,144.1600,1.799971
FILLER_48_262,VPWR,li1,126.2700,144.1600,1.799976
FILLER_48_259,VPWR,li1,125.3500,144.1600,1.799974
FILLER_48_256,VPWR,li1,123.9700,144.1600,1.799974
FILLER_48_253,VPWR,li1,122.5900,144.1600,1.799972
FILLER_48_251,VPWR,li1,121.2100,144.1600,1.799972
FILLER_48_248,VPWR,li1,120.2900,144.1600,1.799971
FILLER_48_245,VPWR,li1,118.9100,144.1600,1.799971
FILLER_48_236,VPWR,li1,114.7700,144.1600,1.799970
FILLER_48_225,VPWR,li1,109.7100,144.1600,1.799970
FILLER_48_211,VPWR,li1,103.0400,144.1600,1.799970
FILLER_48_208,VPWR,li1,101.8900,144.1600,1.799970
FILLER_48_205,VPWR,li1,100.5100,144.1600,1.799973
FILLER_48_202,VPWR,li1,99.1300,144.1600,1.799973
FILLER_48_181,VPWR,li1,89.4700,144.1600,1.799956
FILLER_48_178,VPWR,li1,88.0900,144.1600,1.799956
FILLER_48_141,VPWR,li1,71.0700,144.1600,1.799968
FILLER_48_139,VPWR,li1,69.6900,144.1600,1.799968
FILLER_48_136,VPWR,li1,68.7700,144.1600,1.799968
FILLER_48_127,VPWR,li1,64.4000,144.1600,1.799967
FILLER_48_124,VPWR,li1,63.2500,144.1600,1.799967
FILLER_48_121,VPWR,li1,61.8700,144.1600,1.799967
FILLER_48_118,VPWR,li1,60.4900,144.1600,1.799967
FILLER_48_115,VPWR,li1,59.1100,144.1600,1.799967
FILLER_48_112,VPWR,li1,57.7300,144.1600,1.799967
FILLER_48_109,VPWR,li1,56.3500,144.1600,1.799968
FILLER_48_106,VPWR,li1,54.9700,144.1600,1.799968
FILLER_48_81,VPWR,li1,43.4700,144.1600,1.799972
FILLER_48_78,VPWR,li1,42.0900,144.1600,1.799972
FILLER_48_67,VPWR,li1,36.8000,144.1600,1.799967
FILLER_48_36,VPWR,li1,22.3100,144.1600,1.799947
FILLER_47_593,VPWR,li1,278.5300,138.7200,1.799961
FILLER_47_587,VPWR,li1,276.0000,138.7200,1.799957
FILLER_47_571,VPWR,li1,268.4100,138.7200,1.799947
FILLER_47_558,VPWR,li1,262.6600,138.7200,1.799951
FILLER_47_555,VPWR,li1,261.5100,138.7200,1.799956
FILLER_47_552,VPWR,li1,260.1300,138.7200,1.799956
FILLER_47_549,VPWR,li1,258.7500,138.7200,1.799961
FILLER_47_546,VPWR,li1,257.3700,138.7200,1.799961
FILLER_47_533,VPWR,li1,251.3900,138.7200,1.799975
FILLER_47_505,VPWR,li1,238.5100,138.7200,1.799970
FILLER_47_501,VPWR,li1,236.6700,138.7200,1.799969
FILLER_47_498,VPWR,li1,235.2900,138.7200,1.799969
FILLER_47_492,VPWR,li1,232.3000,138.7200,1.799970
FILLER_47_489,VPWR,li1,231.1500,138.7200,1.799970
FILLER_47_486,VPWR,li1,229.7700,138.7200,1.799971
FILLER_47_462,VPWR,li1,218.7300,138.7200,1.799977
FILLER_47_446,VPWR,li1,211.1400,138.7200,1.799974
FILLER_47_443,VPWR,li1,209.9900,138.7200,1.799974
FILLER_47_440,VPWR,li1,208.6100,138.7200,1.799974
FILLER_47_437,VPWR,li1,207.2300,138.7200,1.799974
FILLER_47_434,VPWR,li1,205.8500,138.7200,1.799974
FILLER_47_431,VPWR,li1,204.4700,138.7200,1.799974
FILLER_47_428,VPWR,li1,203.0900,138.7200,1.799974
FILLER_47_417,VPWR,li1,198.0300,138.7200,1.799974
FILLER_47_414,VPWR,li1,196.6500,138.7200,1.799974
FILLER_47_379,VPWR,li1,180.0900,138.7200,1.799966
FILLER_47_364,VPWR,li1,173.6500,138.7200,1.799970
FILLER_47_361,VPWR,li1,172.2700,138.7200,1.799972
FILLER_47_358,VPWR,li1,170.8900,138.7200,1.799972
FILLER_47_355,VPWR,li1,169.5100,138.7200,1.799975
FILLER_47_352,VPWR,li1,168.1300,138.7200,1.799975
FILLER_47_349,VPWR,li1,166.7500,138.7200,1.799978
FILLER_47_346,VPWR,li1,165.3700,138.7200,1.799978
FILLER_47_343,VPWR,li1,163.9900,138.7200,1.799980
FILLER_47_340,VPWR,li1,162.6100,138.7200,1.799980
FILLER_47_337,VPWR,li1,161.2300,138.7200,1.799983
FILLER_47_324,VPWR,li1,155.2500,138.7200,1.799976
FILLER_47_321,VPWR,li1,153.8700,138.7200,1.799976
FILLER_47_297,VPWR,li1,142.8300,138.7200,1.799970
FILLER_47_294,VPWR,li1,141.4500,138.7200,1.799971
FILLER_47_291,VPWR,li1,140.0700,138.7200,1.799971
FILLER_47_277,VPWR,li1,133.6300,138.7200,1.799973
FILLER_47_268,VPWR,li1,129.0300,138.7200,1.799978
FILLER_47_238,VPWR,li1,115.2300,138.7200,1.799963
FILLER_47_202,VPWR,li1,98.6700,138.7200,1.799962
FILLER_47_199,VPWR,li1,97.7500,138.7200,1.799962
FILLER_47_196,VPWR,li1,96.3700,138.7200,1.799962
FILLER_47_193,VPWR,li1,94.9900,138.7200,1.799962
FILLER_47_190,VPWR,li1,93.6100,138.7200,1.799962
FILLER_47_187,VPWR,li1,92.2300,138.7200,1.799962
FILLER_47_184,VPWR,li1,90.8500,138.7200,1.799963
FILLER_47_181,VPWR,li1,89.4700,138.7200,1.799963
FILLER_47_178,VPWR,li1,88.0900,138.7200,1.799963
FILLER_47_175,VPWR,li1,86.7100,138.7200,1.799963
FILLER_47_172,VPWR,li1,85.3300,138.7200,1.799963
FILLER_47_169,VPWR,li1,83.9500,138.7200,1.799963
FILLER_47_166,VPWR,li1,82.3400,138.7200,1.799963
FILLER_47_163,VPWR,li1,81.1900,138.7200,1.799964
FILLER_47_160,VPWR,li1,79.8100,138.7200,1.799964
FILLER_47_157,VPWR,li1,78.4300,138.7200,1.799965
FILLER_47_154,VPWR,li1,77.0500,138.7200,1.799965
FILLER_47_151,VPWR,li1,75.6700,138.7200,1.799966
FILLER_47_146,VPWR,li1,72.9100,138.7200,1.799968
FILLER_47_139,VPWR,li1,69.9200,138.7200,1.799973
FILLER_47_136,VPWR,li1,68.7700,138.7200,1.799970
FILLER_47_133,VPWR,li1,67.3900,138.7200,1.799968
FILLER_47_130,VPWR,li1,66.0100,138.7200,1.799968
FILLER_47_127,VPWR,li1,64.6300,138.7200,1.799967
FILLER_47_117,VPWR,li1,59.8000,138.7200,1.799963
FILLER_47_109,VPWR,li1,56.3500,138.7200,1.799961
FILLER_47_106,VPWR,li1,54.9700,138.7200,1.799961
FILLER_47_99,VPWR,li1,51.2900,138.7200,1.799961
FILLER_47_75,VPWR,li1,40.7100,138.7200,1.799966
FILLER_47_57,VPWR,li1,32.2000,138.7200,1.799940
FILLER_47_55,VPWR,li1,31.0500,138.7200,1.799934
FILLER_47_24,VPWR,li1,17.0200,138.7200,1.799946
FILLER_46_601,VPWR,li1,282.4400,138.7200,1.799963
FILLER_46_589,VPWR,li1,277.1500,138.7200,1.799957
FILLER_46_566,VPWR,li1,266.1100,138.7200,1.799947
FILLER_46_545,VPWR,li1,256.9100,138.7200,1.799965
FILLER_46_542,VPWR,li1,255.5300,138.7200,1.799965
FILLER_46_539,VPWR,li1,254.1500,138.7200,1.799971
FILLER_46_536,VPWR,li1,252.7700,138.7200,1.799971
FILLER_46_533,VPWR,li1,251.3900,138.7200,1.799975
FILLER_46_531,VPWR,li1,250.0100,138.7200,1.799974
FILLER_46_528,VPWR,li1,249.0900,138.7200,1.799974
FILLER_46_518,VPWR,li1,244.0300,138.7200,1.799971
FILLER_46_509,VPWR,li1,240.1200,138.7200,1.799970
FILLER_46_485,VPWR,li1,229.3100,138.7200,1.799971
FILLER_46_465,VPWR,li1,219.8800,138.7200,1.799977
FILLER_46_459,VPWR,li1,217.1200,138.7200,1.799975
FILLER_46_456,VPWR,li1,215.9700,138.7200,1.799975
FILLER_46_453,VPWR,li1,214.5900,138.7200,1.799975
FILLER_46_450,VPWR,li1,213.2100,138.7200,1.799975
FILLER_46_447,VPWR,li1,211.8300,138.7200,1.799975
FILLER_46_444,VPWR,li1,210.4500,138.7200,1.799974
FILLER_46_433,VPWR,li1,205.1600,138.7200,1.799974
FILLER_46_430,VPWR,li1,204.0100,138.7200,1.799974
FILLER_46_398,VPWR,li1,188.8300,138.7200,1.799973
FILLER_46_361,VPWR,li1,172.2700,138.7200,1.799972
FILLER_46_358,VPWR,li1,170.8900,138.7200,1.799972
FILLER_46_355,VPWR,li1,169.5100,138.7200,1.799975
FILLER_46_352,VPWR,li1,168.1300,138.7200,1.799975
FILLER_46_349,VPWR,li1,166.7500,138.7200,1.799978
FILLER_46_346,VPWR,li1,165.3700,138.7200,1.799978
FILLER_46_343,VPWR,li1,163.9900,138.7200,1.799980
FILLER_46_340,VPWR,li1,162.6100,138.7200,1.799980
FILLER_46_337,VPWR,li1,161.2300,138.7200,1.799983
FILLER_46_334,VPWR,li1,159.8500,138.7200,1.799983
FILLER_46_331,VPWR,li1,158.4700,138.7200,1.799981
FILLER_46_328,VPWR,li1,157.0900,138.7200,1.799978
FILLER_46_325,VPWR,li1,155.7100,138.7200,1.799978
FILLER_46_322,VPWR,li1,154.3300,138.7200,1.799976
FILLER_46_312,VPWR,li1,149.5000,138.7200,1.799971
FILLER_46_309,VPWR,li1,148.3500,138.7200,1.799969
FILLER_46_305,VPWR,li1,146.5100,138.7200,1.799970
FILLER_46_302,VPWR,li1,145.1300,138.7200,1.799970
FILLER_46_299,VPWR,li1,143.7500,138.7200,1.799970
FILLER_46_296,VPWR,li1,142.3700,138.7200,1.799970
FILLER_46_293,VPWR,li1,140.9900,138.7200,1.799971
FILLER_46_262,VPWR,li1,126.5000,138.7200,1.799972
FILLER_46_259,VPWR,li1,125.3500,138.7200,1.799972
FILLER_46_246,VPWR,li1,119.1400,138.7200,1.799964
FILLER_46_238,VPWR,li1,115.4600,138.7200,1.799963
FILLER_46_235,VPWR,li1,114.3100,138.7200,1.799963
FILLER_46_232,VPWR,li1,112.9300,138.7200,1.799963
FILLER_46_220,VPWR,li1,107.4100,138.7200,1.799965
FILLER_46_217,VPWR,li1,106.0300,138.7200,1.799966
FILLER_46_214,VPWR,li1,104.6500,138.7200,1.799966
FILLER_46_207,VPWR,li1,100.9700,138.7200,1.799968
FILLER_46_197,VPWR,li1,96.8300,138.7200,1.799962
FILLER_46_195,VPWR,li1,95.4500,138.7200,1.799962
FILLER_46_192,VPWR,li1,94.5300,138.7200,1.799962
FILLER_46_189,VPWR,li1,93.1500,138.7200,1.799962
FILLER_46_186,VPWR,li1,91.7700,138.7200,1.799963
FILLER_46_183,VPWR,li1,90.3900,138.7200,1.799963
FILLER_46_180,VPWR,li1,89.0100,138.7200,1.799963
FILLER_46_177,VPWR,li1,87.6300,138.7200,1.799963
FILLER_46_174,VPWR,li1,86.2500,138.7200,1.799963
FILLER_46_171,VPWR,li1,84.8700,138.7200,1.799963
FILLER_46_161,VPWR,li1,79.8100,138.7200,1.799964
FILLER_46_150,VPWR,li1,74.9800,138.7200,1.799966
FILLER_46_147,VPWR,li1,73.8300,138.7200,1.799968
FILLER_46_144,VPWR,li1,72.4500,138.7200,1.799968
FILLER_46_141,VPWR,li1,71.0700,138.7200,1.799973
FILLER_46_135,VPWR,li1,67.8500,138.7200,1.799970
FILLER_46_132,VPWR,li1,66.9300,138.7200,1.799968
FILLER_46_129,VPWR,li1,65.5500,138.7200,1.799967
FILLER_46_126,VPWR,li1,64.1700,138.7200,1.799967
FILLER_46_123,VPWR,li1,62.7900,138.7200,1.799964
FILLER_46_120,VPWR,li1,61.4100,138.7200,1.799963
FILLER_46_74,VPWR,li1,39.7900,138.7200,1.799958
FILLER_46_71,VPWR,li1,38.8700,138.7200,1.799958
FILLER_46_61,VPWR,li1,33.8100,138.7200,1.799940
FILLER_46_58,VPWR,li1,32.8900,138.7200,1.799940
FILLER_46_26,VPWR,li1,17.9400,138.7200,1.799937
FILLER_46_6,VPWR,li1,8.7400,138.7200,1.799964
FILLER_46_3,VPWR,li1,7.5900,138.7200,1.799964
FILLER_45_609,VPWR,li1,286.3500,133.2800,1.799973
FILLER_45_561,VPWR,li1,264.2700,133.2800,1.799937
FILLER_45_558,VPWR,li1,262.6600,133.2800,1.799939
FILLER_45_544,VPWR,li1,256.4500,133.2800,1.799947
FILLER_45_541,VPWR,li1,255.0700,133.2800,1.799947
FILLER_45_534,VPWR,li1,251.6200,133.2800,1.799954
FILLER_45_524,VPWR,li1,247.0200,133.2800,1.799939
FILLER_45_521,VPWR,li1,245.8700,133.2800,1.799939
FILLER_45_518,VPWR,li1,244.4900,133.2800,1.799930
FILLER_45_515,VPWR,li1,243.1100,133.2800,1.799930
FILLER_45_508,VPWR,li1,239.4300,133.2800,1.799920
FILLER_45_505,VPWR,li1,238.5100,133.2800,1.799915
FILLER_45_503,VPWR,li1,237.1300,133.2800,1.799915
FILLER_45_500,VPWR,li1,236.2100,133.2800,1.799910
FILLER_45_497,VPWR,li1,234.8300,133.2800,1.799910
FILLER_45_484,VPWR,li1,228.6200,133.2800,1.799914
FILLER_45_481,VPWR,li1,227.4700,133.2800,1.799920
FILLER_45_478,VPWR,li1,226.0900,133.2800,1.799928
FILLER_45_472,VPWR,li1,223.1000,133.2800,1.799937
FILLER_45_469,VPWR,li1,221.9500,133.2800,1.799944
FILLER_45_466,VPWR,li1,220.5700,133.2800,1.799944
FILLER_45_463,VPWR,li1,219.1900,133.2800,1.799937
FILLER_45_460,VPWR,li1,217.8100,133.2800,1.799937
FILLER_45_453,VPWR,li1,214.5900,133.2800,1.799926
FILLER_45_445,VPWR,li1,210.9100,133.2800,1.799922
FILLER_45_434,VPWR,li1,205.6200,133.2800,1.799914
FILLER_45_380,VPWR,li1,181.0100,133.2800,1.799950
FILLER_45_357,VPWR,li1,170.4300,133.2800,1.799961
FILLER_45_354,VPWR,li1,169.0500,133.2800,1.799963
FILLER_45_351,VPWR,li1,167.6700,133.2800,1.799963
FILLER_45_348,VPWR,li1,166.2900,133.2800,1.799967
FILLER_45_337,VPWR,li1,161.0000,133.2800,1.799975
FILLER_45_324,VPWR,li1,155.2500,133.2800,1.799972
FILLER_45_321,VPWR,li1,153.8700,133.2800,1.799970
FILLER_45_318,VPWR,li1,152.4900,133.2800,1.799970
FILLER_45_306,VPWR,li1,146.9700,133.2800,1.799966
FILLER_45_303,VPWR,li1,145.5900,133.2800,1.799966
FILLER_45_300,VPWR,li1,144.2100,133.2800,1.799966
FILLER_45_290,VPWR,li1,139.1500,133.2800,1.799966
FILLER_45_287,VPWR,li1,138.2300,133.2800,1.799967
FILLER_45_284,VPWR,li1,136.8500,133.2800,1.799967
FILLER_45_281,VPWR,li1,135.4700,133.2800,1.799970
FILLER_45_278,VPWR,li1,133.8600,133.2800,1.799970
FILLER_45_275,VPWR,li1,132.7100,133.2800,1.799972
FILLER_45_266,VPWR,li1,128.1100,133.2800,1.799968
FILLER_45_260,VPWR,li1,125.5800,133.2800,1.799964
FILLER_45_257,VPWR,li1,124.4300,133.2800,1.799964
FILLER_45_254,VPWR,li1,123.0500,133.2800,1.799961
FILLER_45_251,VPWR,li1,121.6700,133.2800,1.799961
FILLER_45_240,VPWR,li1,116.6100,133.2800,1.799955
FILLER_45_237,VPWR,li1,115.2300,133.2800,1.799952
FILLER_45_234,VPWR,li1,113.8500,133.2800,1.799952
FILLER_45_231,VPWR,li1,112.4700,133.2800,1.799952
FILLER_45_228,VPWR,li1,111.0900,133.2800,1.799952
FILLER_45_225,VPWR,li1,109.7100,133.2800,1.799951
FILLER_45_221,VPWR,li1,107.8700,133.2800,1.799951
FILLER_45_215,VPWR,li1,104.6500,133.2800,1.799951
FILLER_45_212,VPWR,li1,103.7300,133.2800,1.799952
FILLER_45_209,VPWR,li1,102.3500,133.2800,1.799952
FILLER_45_206,VPWR,li1,100.9700,133.2800,1.799952
FILLER_45_203,VPWR,li1,99.5900,133.2800,1.799939
FILLER_45_200,VPWR,li1,98.2100,133.2800,1.799939
FILLER_45_179,VPWR,li1,88.5500,133.2800,1.799895
FILLER_45_176,VPWR,li1,87.1700,133.2800,1.799895
FILLER_45_166,VPWR,li1,82.3400,133.2800,1.799899
FILLER_45_131,VPWR,li1,66.2400,133.2800,1.799937
FILLER_45_128,VPWR,li1,65.0900,133.2800,1.799937
FILLER_45_122,VPWR,li1,62.1000,133.2800,1.799935
FILLER_45_119,VPWR,li1,60.9500,133.2800,1.799936
FILLER_45_116,VPWR,li1,59.5700,133.2800,1.799936
FILLER_45_113,VPWR,li1,58.1900,133.2800,1.799937
FILLER_45_109,VPWR,li1,56.3500,133.2800,1.799937
FILLER_45_106,VPWR,li1,54.9700,133.2800,1.799937
FILLER_45_103,VPWR,li1,53.5900,133.2800,1.799940
FILLER_45_100,VPWR,li1,52.2100,133.2800,1.799940
FILLER_45_97,VPWR,li1,50.8300,133.2800,1.799943
FILLER_45_94,VPWR,li1,49.4500,133.2800,1.799943
FILLER_45_82,VPWR,li1,43.9300,133.2800,1.799954
FILLER_45_79,VPWR,li1,42.5500,133.2800,1.799954
FILLER_45_57,VPWR,li1,31.9700,133.2800,1.799945
FILLER_45_47,VPWR,li1,27.3700,133.2800,1.799945
FILLER_45_3,VPWR,li1,7.3600,133.2800,1.799969
FILLER_44_611,VPWR,li1,286.8100,133.2800,1.799973
FILLER_44_592,VPWR,li1,278.3000,133.2800,1.799966
FILLER_44_589,VPWR,li1,277.1500,133.2800,1.799958
FILLER_44_574,VPWR,li1,270.2500,133.2800,1.799942
FILLER_44_571,VPWR,li1,268.8700,133.2800,1.799934
FILLER_44_554,VPWR,li1,261.0500,133.2800,1.799939
FILLER_44_551,VPWR,li1,259.6700,133.2800,1.799941
FILLER_44_548,VPWR,li1,258.2900,133.2800,1.799944
FILLER_44_545,VPWR,li1,256.9100,133.2800,1.799944
FILLER_44_542,VPWR,li1,255.5300,133.2800,1.799947
FILLER_44_539,VPWR,li1,254.1500,133.2800,1.799950
FILLER_44_536,VPWR,li1,252.7700,133.2800,1.799950
FILLER_44_533,VPWR,li1,251.3900,133.2800,1.799954
FILLER_44_531,VPWR,li1,250.0100,133.2800,1.799954
FILLER_44_480,VPWR,li1,226.7800,133.2800,1.799920
FILLER_44_477,VPWR,li1,225.6300,133.2800,1.799928
FILLER_44_473,VPWR,li1,223.7900,133.2800,1.799937
FILLER_44_470,VPWR,li1,222.4100,133.2800,1.799937
FILLER_44_467,VPWR,li1,221.0300,133.2800,1.799944
FILLER_44_455,VPWR,li1,215.5100,133.2800,1.799931
FILLER_44_432,VPWR,li1,204.7000,133.2800,1.799914
FILLER_44_421,VPWR,li1,199.6400,133.2800,1.799912
FILLER_44_398,VPWR,li1,188.8300,133.2800,1.799951
FILLER_44_395,VPWR,li1,187.9100,133.2800,1.799951
FILLER_44_392,VPWR,li1,186.5300,133.2800,1.799951
FILLER_44_369,VPWR,li1,175.7200,133.2800,1.799954
FILLER_44_361,VPWR,li1,172.2700,133.2800,1.799957
FILLER_44_349,VPWR,li1,166.7500,133.2800,1.799967
FILLER_44_346,VPWR,li1,165.3700,133.2800,1.799967
FILLER_44_343,VPWR,li1,163.9900,133.2800,1.799971
FILLER_44_340,VPWR,li1,162.6100,133.2800,1.799971
FILLER_44_333,VPWR,li1,159.3900,133.2800,1.799974
FILLER_44_330,VPWR,li1,158.0100,133.2800,1.799974
FILLER_44_327,VPWR,li1,156.6300,133.2800,1.799972
FILLER_44_324,VPWR,li1,155.2500,133.2800,1.799972
FILLER_44_321,VPWR,li1,153.8700,133.2800,1.799970
FILLER_44_318,VPWR,li1,152.4900,133.2800,1.799970
FILLER_44_315,VPWR,li1,151.1100,133.2800,1.799968
FILLER_44_312,VPWR,li1,149.7300,133.2800,1.799968
FILLER_44_309,VPWR,li1,148.3500,133.2800,1.799967
FILLER_44_299,VPWR,li1,143.2900,133.2800,1.799966
FILLER_44_296,VPWR,li1,142.3700,133.2800,1.799966
FILLER_44_293,VPWR,li1,140.9900,133.2800,1.799966
FILLER_44_290,VPWR,li1,139.6100,133.2800,1.799966
FILLER_44_284,VPWR,li1,136.6200,133.2800,1.799967
FILLER_44_273,VPWR,li1,131.7900,133.2800,1.799972
FILLER_44_265,VPWR,li1,127.6500,133.2800,1.799968
FILLER_44_262,VPWR,li1,126.7300,133.2800,1.799968
FILLER_44_249,VPWR,li1,120.7500,133.2800,1.799957
FILLER_44_246,VPWR,li1,119.3700,133.2800,1.799957
FILLER_44_212,VPWR,li1,103.7300,133.2800,1.799952
FILLER_44_209,VPWR,li1,102.3500,133.2800,1.799952
FILLER_44_206,VPWR,li1,100.9700,133.2800,1.799952
FILLER_44_183,VPWR,li1,90.1600,133.2800,1.799901
FILLER_44_162,VPWR,li1,80.2700,133.2800,1.799909
FILLER_44_159,VPWR,li1,79.3500,133.2800,1.799909
FILLER_44_154,VPWR,li1,76.5900,133.2800,1.799919
FILLER_44_151,VPWR,li1,75.6700,133.2800,1.799926
FILLER_44_148,VPWR,li1,74.2900,133.2800,1.799926
FILLER_44_118,VPWR,li1,60.4900,133.2800,1.799936
FILLER_44_103,VPWR,li1,53.1300,133.2800,1.799940
FILLER_44_100,VPWR,li1,52.2100,133.2800,1.799940
FILLER_44_97,VPWR,li1,50.8300,133.2800,1.799943
FILLER_44_94,VPWR,li1,49.4500,133.2800,1.799943
FILLER_44_91,VPWR,li1,48.0700,133.2800,1.799946
FILLER_44_88,VPWR,li1,46.6900,133.2800,1.799946
FILLER_44_85,VPWR,li1,45.3100,133.2800,1.799950
FILLER_44_82,VPWR,li1,43.7000,133.2800,1.799954
FILLER_44_73,VPWR,li1,39.7900,133.2800,1.799954
FILLER_44_70,VPWR,li1,38.4100,133.2800,1.799954
FILLER_44_67,VPWR,li1,37.0300,133.2800,1.799949
FILLER_44_64,VPWR,li1,35.6500,133.2800,1.799949
FILLER_44_40,VPWR,li1,24.6100,133.2800,1.799946
FILLER_44_29,VPWR,li1,19.3200,133.2800,1.799952
FILLER_44_27,VPWR,li1,18.1700,133.2800,1.799955
FILLER_44_24,VPWR,li1,17.2500,133.2800,1.799955
FILLER_43_609,VPWR,li1,286.3500,127.8400,1.799975
FILLER_43_600,VPWR,li1,281.7500,127.8400,1.799978
FILLER_43_579,VPWR,li1,272.5500,127.8400,1.799971
FILLER_43_576,VPWR,li1,271.1700,127.8400,1.799968
FILLER_43_571,VPWR,li1,268.4100,127.8400,1.799966
FILLER_43_568,VPWR,li1,267.4900,127.8400,1.799966
FILLER_43_565,VPWR,li1,266.1100,127.8400,1.799964
FILLER_43_559,VPWR,li1,262.8900,127.8400,1.799962
FILLER_43_546,VPWR,li1,256.9100,127.8400,1.799963
FILLER_43_532,VPWR,li1,250.4700,127.8400,1.799971
FILLER_43_529,VPWR,li1,249.5500,127.8400,1.799971
FILLER_43_526,VPWR,li1,248.1700,127.8400,1.799968
FILLER_43_512,VPWR,li1,241.2700,127.8400,1.799958
FILLER_43_480,VPWR,li1,227.0100,127.8400,1.799954
FILLER_43_477,VPWR,li1,225.6300,127.8400,1.799956
FILLER_43_474,VPWR,li1,224.2500,127.8400,1.799957
FILLER_43_471,VPWR,li1,222.8700,127.8400,1.799957
FILLER_43_468,VPWR,li1,221.4900,127.8400,1.799959
FILLER_43_456,VPWR,li1,215.9700,127.8400,1.799940
FILLER_43_447,VPWR,li1,211.3700,127.8400,1.799926
FILLER_43_444,VPWR,li1,210.4500,127.8400,1.799920
FILLER_43_428,VPWR,li1,203.0900,127.8400,1.799932
FILLER_43_410,VPWR,li1,194.8100,127.8400,1.799952
FILLER_43_390,VPWR,li1,185.3800,127.8400,1.799955
FILLER_43_337,VPWR,li1,161.2300,127.8400,1.799968
FILLER_43_334,VPWR,li1,159.6200,127.8400,1.799968
FILLER_43_331,VPWR,li1,158.4700,127.8400,1.799965
FILLER_43_328,VPWR,li1,157.0900,127.8400,1.799965
FILLER_43_325,VPWR,li1,155.7100,127.8400,1.799962
FILLER_43_322,VPWR,li1,154.3300,127.8400,1.799959
FILLER_43_299,VPWR,li1,143.5200,127.8400,1.799953
FILLER_43_296,VPWR,li1,142.3700,127.8400,1.799953
FILLER_43_285,VPWR,li1,137.0800,127.8400,1.799954
FILLER_43_279,VPWR,li1,134.0900,127.8400,1.799956
FILLER_43_276,VPWR,li1,133.1700,127.8400,1.799956
FILLER_43_255,VPWR,li1,123.5100,127.8400,1.799929
FILLER_43_252,VPWR,li1,122.1300,127.8400,1.799930
FILLER_43_245,VPWR,li1,118.9100,127.8400,1.799935
FILLER_43_234,VPWR,li1,113.6200,127.8400,1.799942
FILLER_43_231,VPWR,li1,112.4700,127.8400,1.799942
FILLER_43_228,VPWR,li1,111.0900,127.8400,1.799946
FILLER_43_225,VPWR,li1,109.7100,127.8400,1.799950
FILLER_43_222,VPWR,li1,108.1000,127.8400,1.799950
FILLER_43_219,VPWR,li1,106.9500,127.8400,1.799954
FILLER_43_216,VPWR,li1,105.5700,127.8400,1.799958
FILLER_43_213,VPWR,li1,104.1900,127.8400,1.799958
FILLER_43_210,VPWR,li1,102.8100,127.8400,1.799962
FILLER_43_199,VPWR,li1,97.2900,127.8400,1.799963
FILLER_43_196,VPWR,li1,96.3700,127.8400,1.799960
FILLER_43_193,VPWR,li1,94.9900,127.8400,1.799956
FILLER_43_190,VPWR,li1,93.6100,127.8400,1.799956
FILLER_43_185,VPWR,li1,90.8500,127.8400,1.799951
FILLER_43_175,VPWR,li1,86.4800,127.8400,1.799949
FILLER_43_172,VPWR,li1,85.3300,127.8400,1.799949
FILLER_43_169,VPWR,li1,83.9500,127.8400,1.799952
FILLER_43_155,VPWR,li1,77.5100,127.8400,1.799961
FILLER_43_152,VPWR,li1,76.1300,127.8400,1.799964
FILLER_43_149,VPWR,li1,74.7500,127.8400,1.799969
FILLER_43_146,VPWR,li1,73.3700,127.8400,1.799969
FILLER_43_138,VPWR,li1,69.4600,127.8400,1.799976
FILLER_43_128,VPWR,li1,64.6300,127.8400,1.799972
FILLER_43_125,VPWR,li1,63.7100,127.8400,1.799972
FILLER_43_117,VPWR,li1,59.5700,127.8400,1.799971
FILLER_43_110,VPWR,li1,56.5800,127.8400,1.799970
FILLER_43_107,VPWR,li1,55.4300,127.8400,1.799970
FILLER_43_104,VPWR,li1,54.0500,127.8400,1.799971
FILLER_43_101,VPWR,li1,52.6700,127.8400,1.799971
FILLER_43_98,VPWR,li1,51.2900,127.8400,1.799971
FILLER_43_95,VPWR,li1,49.9100,127.8400,1.799971
FILLER_43_92,VPWR,li1,48.5300,127.8400,1.799971
FILLER_43_89,VPWR,li1,47.1500,127.8400,1.799972
FILLER_43_86,VPWR,li1,45.7700,127.8400,1.799972
FILLER_43_83,VPWR,li1,44.3900,127.8400,1.799972
FILLER_43_76,VPWR,li1,40.9400,127.8400,1.799975
FILLER_43_73,VPWR,li1,39.7900,127.8400,1.799975
FILLER_43_57,VPWR,li1,32.2000,127.8400,1.799966
FILLER_43_3,VPWR,li1,7.5900,127.8400,1.799981
FILLER_42_611,VPWR,li1,286.8100,127.8400,1.799975
FILLER_42_608,VPWR,li1,285.8900,127.8400,1.799975
FILLER_42_563,VPWR,li1,265.1900,127.8400,1.799964
FILLER_42_531,VPWR,li1,250.0100,127.8400,1.799971
FILLER_42_528,VPWR,li1,249.0900,127.8400,1.799968
FILLER_42_525,VPWR,li1,247.7100,127.8400,1.799968
FILLER_42_522,VPWR,li1,246.3300,127.8400,1.799964
FILLER_42_519,VPWR,li1,244.9500,127.8400,1.799961
FILLER_42_516,VPWR,li1,243.5700,127.8400,1.799961
FILLER_42_513,VPWR,li1,242.1900,127.8400,1.799958
FILLER_42_510,VPWR,li1,240.8100,127.8400,1.799955
FILLER_42_507,VPWR,li1,239.4300,127.8400,1.799955
FILLER_42_487,VPWR,li1,230.2300,127.8400,1.799951
FILLER_42_475,VPWR,li1,224.2500,127.8400,1.799957
FILLER_42_472,VPWR,li1,223.3300,127.8400,1.799957
FILLER_42_469,VPWR,li1,221.9500,127.8400,1.799959
FILLER_42_466,VPWR,li1,220.5700,127.8400,1.799959
FILLER_42_463,VPWR,li1,219.1900,127.8400,1.799948
FILLER_42_460,VPWR,li1,217.8100,127.8400,1.799948
FILLER_42_455,VPWR,li1,215.0500,127.8400,1.799932
FILLER_42_436,VPWR,li1,206.5400,127.8400,1.799926
FILLER_42_402,VPWR,li1,191.1300,127.8400,1.799964
FILLER_42_371,VPWR,li1,176.8700,127.8400,1.799953
FILLER_42_368,VPWR,li1,175.4900,127.8400,1.799953
FILLER_42_365,VPWR,li1,174.1100,127.8400,1.799953
FILLER_42_362,VPWR,li1,172.5000,127.8400,1.799954
FILLER_42_359,VPWR,li1,171.3500,127.8400,1.799954
FILLER_42_356,VPWR,li1,169.9700,127.8400,1.799955
FILLER_42_353,VPWR,li1,168.5900,127.8400,1.799955
FILLER_42_329,VPWR,li1,157.5500,127.8400,1.799965
FILLER_42_326,VPWR,li1,156.1700,127.8400,1.799962
FILLER_42_323,VPWR,li1,154.7900,127.8400,1.799962
FILLER_42_296,VPWR,li1,142.3700,127.8400,1.799953
FILLER_42_293,VPWR,li1,140.9900,127.8400,1.799953
FILLER_42_290,VPWR,li1,139.6100,127.8400,1.799953
FILLER_42_287,VPWR,li1,138.2300,127.8400,1.799954
FILLER_42_284,VPWR,li1,136.8500,127.8400,1.799954
FILLER_42_281,VPWR,li1,135.4700,127.8400,1.799954
FILLER_42_278,VPWR,li1,134.0900,127.8400,1.799956
FILLER_42_275,VPWR,li1,132.7100,127.8400,1.799956
FILLER_42_264,VPWR,li1,127.4200,127.8400,1.799941
FILLER_42_242,VPWR,li1,117.3000,127.8400,1.799935
FILLER_42_239,VPWR,li1,116.1500,127.8400,1.799938
FILLER_42_236,VPWR,li1,114.7700,127.8400,1.799938
FILLER_42_233,VPWR,li1,113.3900,127.8400,1.799942
FILLER_42_230,VPWR,li1,112.0100,127.8400,1.799946
FILLER_42_227,VPWR,li1,110.6300,127.8400,1.799946
FILLER_42_218,VPWR,li1,106.0300,127.8400,1.799954
FILLER_42_215,VPWR,li1,105.1100,127.8400,1.799958
FILLER_42_212,VPWR,li1,103.7300,127.8400,1.799962
FILLER_42_209,VPWR,li1,102.3500,127.8400,1.799962
FILLER_42_206,VPWR,li1,100.9700,127.8400,1.799967
FILLER_42_197,VPWR,li1,96.8300,127.8400,1.799960
FILLER_42_195,VPWR,li1,95.4500,127.8400,1.799960
FILLER_42_192,VPWR,li1,94.5300,127.8400,1.799956
FILLER_42_189,VPWR,li1,93.1500,127.8400,1.799953
FILLER_42_186,VPWR,li1,91.7700,127.8400,1.799953
FILLER_42_183,VPWR,li1,90.3900,127.8400,1.799951
FILLER_42_169,VPWR,li1,83.4900,127.8400,1.799952
FILLER_42_144,VPWR,li1,72.2200,127.8400,1.799972
FILLER_42_141,VPWR,li1,71.0700,127.8400,1.799976
FILLER_42_138,VPWR,li1,69.4600,127.8400,1.799976
FILLER_42_97,VPWR,li1,50.6000,127.8400,1.799971
FILLER_42_94,VPWR,li1,49.4500,127.8400,1.799971
FILLER_42_91,VPWR,li1,48.0700,127.8400,1.799972
FILLER_42_88,VPWR,li1,46.6900,127.8400,1.799972
FILLER_42_85,VPWR,li1,45.3100,127.8400,1.799972
FILLER_42_78,VPWR,li1,41.8600,127.8400,1.799973
FILLER_42_55,VPWR,li1,31.2800,127.8400,1.799964
FILLER_42_52,VPWR,li1,30.1300,127.8400,1.799964
FILLER_42_38,VPWR,li1,23.2300,127.8400,1.799962
FILLER_42_3,VPWR,li1,7.3600,127.8400,1.799981
FILLER_41_609,VPWR,li1,286.3500,122.4000,1.799981
FILLER_41_606,VPWR,li1,284.9700,122.4000,1.799981
FILLER_41_603,VPWR,li1,283.5900,122.4000,1.799981
FILLER_41_597,VPWR,li1,280.6000,122.4000,1.799983
FILLER_41_594,VPWR,li1,279.4500,122.4000,1.799981
FILLER_41_591,VPWR,li1,278.0700,122.4000,1.799981
FILLER_41_588,VPWR,li1,276.6900,122.4000,1.799980
FILLER_41_585,VPWR,li1,275.3100,122.4000,1.799980
FILLER_41_582,VPWR,li1,273.9300,122.4000,1.799979
FILLER_41_579,VPWR,li1,272.5500,122.4000,1.799978
FILLER_41_576,VPWR,li1,271.1700,122.4000,1.799978
FILLER_41_567,VPWR,li1,266.8000,122.4000,1.799975
FILLER_41_564,VPWR,li1,265.6500,122.4000,1.799975
FILLER_41_561,VPWR,li1,264.2700,122.4000,1.799975
FILLER_41_558,VPWR,li1,262.6600,122.4000,1.799975
FILLER_41_555,VPWR,li1,261.5100,122.4000,1.799975
FILLER_41_544,VPWR,li1,256.2200,122.4000,1.799976
FILLER_41_541,VPWR,li1,255.0700,122.4000,1.799976
FILLER_41_538,VPWR,li1,253.6900,122.4000,1.799978
FILLER_41_533,VPWR,li1,250.9300,122.4000,1.799979
FILLER_41_522,VPWR,li1,246.3300,122.4000,1.799971
FILLER_41_501,VPWR,li1,236.6700,122.4000,1.799960
FILLER_41_498,VPWR,li1,235.2900,122.4000,1.799960
FILLER_41_459,VPWR,li1,217.3500,122.4000,1.799967
FILLER_41_449,VPWR,li1,212.5200,122.4000,1.799959
FILLER_41_447,VPWR,li1,211.3700,122.4000,1.799959
FILLER_41_444,VPWR,li1,210.4500,122.4000,1.799957
FILLER_41_441,VPWR,li1,209.0700,122.4000,1.799957
FILLER_41_393,VPWR,li1,186.7600,122.4000,1.799954
FILLER_41_378,VPWR,li1,179.6300,122.4000,1.799942
FILLER_41_375,VPWR,li1,178.7100,122.4000,1.799939
FILLER_41_372,VPWR,li1,177.3300,122.4000,1.799939
FILLER_41_369,VPWR,li1,175.9500,122.4000,1.799936
FILLER_41_366,VPWR,li1,174.5700,122.4000,1.799932
FILLER_41_363,VPWR,li1,173.1900,122.4000,1.799932
FILLER_41_360,VPWR,li1,171.8100,122.4000,1.799927
FILLER_41_357,VPWR,li1,170.4300,122.4000,1.799927
FILLER_41_312,VPWR,li1,149.7300,122.4000,1.799943
FILLER_41_309,VPWR,li1,148.3500,122.4000,1.799945
FILLER_41_306,VPWR,li1,146.9700,122.4000,1.799948
FILLER_41_303,VPWR,li1,145.5900,122.4000,1.799948
FILLER_41_293,VPWR,li1,140.7600,122.4000,1.799954
FILLER_41_290,VPWR,li1,139.6100,122.4000,1.799958
FILLER_41_287,VPWR,li1,138.2300,122.4000,1.799958
FILLER_41_284,VPWR,li1,136.8500,122.4000,1.799962
FILLER_41_281,VPWR,li1,135.4700,122.4000,1.799962
FILLER_41_279,VPWR,li1,134.0900,122.4000,1.799965
FILLER_41_276,VPWR,li1,133.1700,122.4000,1.799968
FILLER_41_273,VPWR,li1,131.7900,122.4000,1.799968
FILLER_41_264,VPWR,li1,127.6500,122.4000,1.799967
FILLER_41_231,VPWR,li1,112.4700,122.4000,1.799951
FILLER_41_228,VPWR,li1,111.0900,122.4000,1.799950
FILLER_41_225,VPWR,li1,109.7100,122.4000,1.799950
FILLER_41_197,VPWR,li1,96.6000,122.4000,1.799937
FILLER_41_194,VPWR,li1,95.4500,122.4000,1.799937
FILLER_41_191,VPWR,li1,94.0700,122.4000,1.799932
FILLER_41_188,VPWR,li1,92.6900,122.4000,1.799929
FILLER_41_185,VPWR,li1,91.3100,122.4000,1.799929
FILLER_41_179,VPWR,li1,88.3200,122.4000,1.799924
FILLER_41_176,VPWR,li1,87.1700,122.4000,1.799924
FILLER_41_169,VPWR,li1,83.9500,122.4000,1.799927
FILLER_41_165,VPWR,li1,82.1100,122.4000,1.799930
FILLER_41_162,VPWR,li1,80.7300,122.4000,1.799934
FILLER_41_159,VPWR,li1,79.3500,122.4000,1.799934
FILLER_41_156,VPWR,li1,77.9700,122.4000,1.799941
FILLER_41_153,VPWR,li1,76.5900,122.4000,1.799941
FILLER_41_150,VPWR,li1,75.2100,122.4000,1.799948
FILLER_41_147,VPWR,li1,73.8300,122.4000,1.799948
FILLER_41_122,VPWR,li1,62.3300,122.4000,1.799945
FILLER_41_119,VPWR,li1,60.9500,122.4000,1.799945
FILLER_41_113,VPWR,li1,57.9600,122.4000,1.799942
FILLER_41_106,VPWR,li1,54.7400,122.4000,1.799941
FILLER_41_57,VPWR,li1,32.4300,122.4000,1.799955
FILLER_41_53,VPWR,li1,30.5900,122.4000,1.799954
FILLER_41_3,VPWR,li1,7.5900,122.4000,1.799979
FILLER_40_597,VPWR,li1,280.3700,122.4000,1.799983
FILLER_40_589,VPWR,li1,276.6900,122.4000,1.799980
FILLER_40_586,VPWR,li1,275.5400,122.4000,1.799980
FILLER_40_583,VPWR,li1,274.3900,122.4000,1.799979
FILLER_40_580,VPWR,li1,273.0100,122.4000,1.799979
FILLER_40_577,VPWR,li1,271.6300,122.4000,1.799978
FILLER_40_574,VPWR,li1,270.2500,122.4000,1.799977
FILLER_40_555,VPWR,li1,261.5100,122.4000,1.799975
FILLER_40_552,VPWR,li1,260.1300,122.4000,1.799975
FILLER_40_549,VPWR,li1,258.7500,122.4000,1.799975
FILLER_40_546,VPWR,li1,257.3700,122.4000,1.799975
FILLER_40_536,VPWR,li1,252.3100,122.4000,1.799978
FILLER_40_533,VPWR,li1,251.3900,122.4000,1.799979
FILLER_40_530,VPWR,li1,249.7800,122.4000,1.799975
FILLER_40_527,VPWR,li1,248.6300,122.4000,1.799975
FILLER_40_519,VPWR,li1,244.4900,122.4000,1.799967
FILLER_40_456,VPWR,li1,215.5100,122.4000,1.799963
FILLER_40_453,VPWR,li1,214.5900,122.4000,1.799963
FILLER_40_430,VPWR,li1,203.7800,122.4000,1.799955
FILLER_40_399,VPWR,li1,189.7500,122.4000,1.799959
FILLER_40_377,VPWR,li1,179.1700,122.4000,1.799942
FILLER_40_374,VPWR,li1,178.2500,122.4000,1.799939
FILLER_40_371,VPWR,li1,176.8700,122.4000,1.799936
FILLER_40_368,VPWR,li1,175.4900,122.4000,1.799936
FILLER_40_365,VPWR,li1,174.1100,122.4000,1.799932
FILLER_40_353,VPWR,li1,168.3600,122.4000,1.799925
FILLER_40_326,VPWR,li1,156.1700,122.4000,1.799940
FILLER_40_309,VPWR,li1,147.8900,122.4000,1.799945
FILLER_40_298,VPWR,li1,143.2900,122.4000,1.799951
FILLER_40_295,VPWR,li1,141.9100,122.4000,1.799954
FILLER_40_283,VPWR,li1,136.3900,122.4000,1.799962
FILLER_40_280,VPWR,li1,135.0100,122.4000,1.799965
FILLER_40_277,VPWR,li1,133.6300,122.4000,1.799965
FILLER_40_274,VPWR,li1,132.2500,122.4000,1.799968
FILLER_40_264,VPWR,li1,127.1900,122.4000,1.799967
FILLER_40_259,VPWR,li1,124.8900,122.4000,1.799962
FILLER_40_256,VPWR,li1,123.9700,122.4000,1.799959
FILLER_40_253,VPWR,li1,122.5900,122.4000,1.799959
FILLER_40_247,VPWR,li1,119.3700,122.4000,1.799954
FILLER_40_244,VPWR,li1,118.4500,122.4000,1.799954
FILLER_40_223,VPWR,li1,108.7900,122.4000,1.799950
FILLER_40_220,VPWR,li1,107.4100,122.4000,1.799950
FILLER_40_209,VPWR,li1,102.1200,122.4000,1.799954
FILLER_40_188,VPWR,li1,92.2300,122.4000,1.799929
FILLER_40_181,VPWR,li1,89.0100,122.4000,1.799924
FILLER_40_168,VPWR,li1,83.4900,122.4000,1.799930
FILLER_40_165,VPWR,li1,82.1100,122.4000,1.799930
FILLER_40_162,VPWR,li1,80.7300,122.4000,1.799934
FILLER_40_119,VPWR,li1,60.9500,122.4000,1.799945
FILLER_40_95,VPWR,li1,49.4500,122.4000,1.799943
FILLER_40_88,VPWR,li1,46.6900,122.4000,1.799950
FILLER_40_85,VPWR,li1,45.3100,122.4000,1.799950
FILLER_40_68,VPWR,li1,37.4900,122.4000,1.799961
FILLER_40_38,VPWR,li1,23.2300,122.4000,1.799958
FILLER_40_27,VPWR,li1,18.1700,122.4000,1.799967
FILLER_40_24,VPWR,li1,17.2500,122.4000,1.799967
FILLER_39_610,VPWR,li1,286.5800,116.9600,1.799969
FILLER_39_590,VPWR,li1,277.6100,116.9600,1.799967
FILLER_39_587,VPWR,li1,276.2300,116.9600,1.799966
FILLER_39_584,VPWR,li1,274.8500,116.9600,1.799966
FILLER_39_570,VPWR,li1,267.9500,116.9600,1.799962
FILLER_39_561,VPWR,li1,263.8100,116.9600,1.799962
FILLER_39_548,VPWR,li1,258.2900,116.9600,1.799967
FILLER_39_537,VPWR,li1,252.7700,116.9600,1.799971
FILLER_39_534,VPWR,li1,251.8500,116.9600,1.799974
FILLER_39_531,VPWR,li1,250.4700,116.9600,1.799974
FILLER_39_508,VPWR,li1,239.6600,116.9600,1.799957
FILLER_39_505,VPWR,li1,238.5100,116.9600,1.799956
FILLER_39_490,VPWR,li1,231.3800,116.9600,1.799954
FILLER_39_487,VPWR,li1,230.2300,116.9600,1.799956
FILLER_39_484,VPWR,li1,228.8500,116.9600,1.799956
FILLER_39_481,VPWR,li1,227.4700,116.9600,1.799958
FILLER_39_449,VPWR,li1,212.5200,116.9600,1.799948
FILLER_39_424,VPWR,li1,201.2500,116.9600,1.799943
FILLER_39_421,VPWR,li1,199.8700,116.9600,1.799944
FILLER_39_397,VPWR,li1,188.8300,116.9600,1.799963
FILLER_39_377,VPWR,li1,179.6300,116.9600,1.799953
FILLER_39_355,VPWR,li1,169.0500,116.9600,1.799955
FILLER_39_349,VPWR,li1,166.5200,116.9600,1.799958
FILLER_39_346,VPWR,li1,165.3700,116.9600,1.799958
FILLER_39_334,VPWR,li1,159.6200,116.9600,1.799970
FILLER_39_331,VPWR,li1,158.4700,116.9600,1.799968
FILLER_39_328,VPWR,li1,157.0900,116.9600,1.799968
FILLER_39_325,VPWR,li1,155.7100,116.9600,1.799967
FILLER_39_314,VPWR,li1,150.4200,116.9600,1.799963
FILLER_39_287,VPWR,li1,138.0000,116.9600,1.799964
FILLER_39_284,VPWR,li1,136.8500,116.9600,1.799966
FILLER_39_281,VPWR,li1,135.4700,116.9600,1.799966
FILLER_39_279,VPWR,li1,134.0900,116.9600,1.799969
FILLER_39_276,VPWR,li1,133.1700,116.9600,1.799969
FILLER_39_273,VPWR,li1,131.7900,116.9600,1.799972
FILLER_39_270,VPWR,li1,130.4100,116.9600,1.799972
FILLER_39_267,VPWR,li1,129.0300,116.9600,1.799967
FILLER_39_255,VPWR,li1,123.5100,116.9600,1.799955
FILLER_39_252,VPWR,li1,122.1300,116.9600,1.799955
FILLER_39_249,VPWR,li1,120.7500,116.9600,1.799952
FILLER_39_246,VPWR,li1,119.3700,116.9600,1.799948
FILLER_39_243,VPWR,li1,117.9900,116.9600,1.799948
FILLER_39_240,VPWR,li1,116.6100,116.9600,1.799943
FILLER_39_237,VPWR,li1,115.2300,116.9600,1.799943
FILLER_39_234,VPWR,li1,113.8500,116.9600,1.799938
FILLER_39_231,VPWR,li1,112.4700,116.9600,1.799938
FILLER_39_228,VPWR,li1,111.0900,116.9600,1.799934
FILLER_39_225,VPWR,li1,109.7100,116.9600,1.799934
FILLER_39_222,VPWR,li1,108.1000,116.9600,1.799930
FILLER_39_219,VPWR,li1,106.9500,116.9600,1.799927
FILLER_39_216,VPWR,li1,105.5700,116.9600,1.799927
FILLER_39_213,VPWR,li1,104.1900,116.9600,1.799922
FILLER_39_208,VPWR,li1,101.4300,116.9600,1.799934
FILLER_39_205,VPWR,li1,100.5100,116.9600,1.799934
FILLER_39_187,VPWR,li1,91.7700,116.9600,1.799917
FILLER_39_178,VPWR,li1,88.0900,116.9600,1.799917
FILLER_39_175,VPWR,li1,86.7100,116.9600,1.799917
FILLER_39_172,VPWR,li1,85.3300,116.9600,1.799919
FILLER_39_169,VPWR,li1,83.9500,116.9600,1.799922
FILLER_39_166,VPWR,li1,82.3400,116.9600,1.799922
FILLER_39_147,VPWR,li1,73.3700,116.9600,1.799949
FILLER_39_113,VPWR,li1,57.7300,116.9600,1.799955
FILLER_39_110,VPWR,li1,56.5800,116.9600,1.799955
FILLER_39_92,VPWR,li1,48.0700,116.9600,1.799962
FILLER_39_89,VPWR,li1,47.1500,116.9600,1.799962
FILLER_39_86,VPWR,li1,45.7700,116.9600,1.799965
FILLER_39_83,VPWR,li1,44.3900,116.9600,1.799967
FILLER_39_80,VPWR,li1,43.0100,116.9600,1.799967
FILLER_39_71,VPWR,li1,38.4100,116.9600,1.799965
FILLER_39_68,VPWR,li1,37.4900,116.9600,1.799959
FILLER_39_65,VPWR,li1,36.1100,116.9600,1.799959
FILLER_39_54,VPWR,li1,30.8200,116.9600,1.799954
FILLER_39_51,VPWR,li1,29.6700,116.9600,1.799954
FILLER_39_6,VPWR,li1,8.7400,116.9600,1.799972
FILLER_39_3,VPWR,li1,7.5900,116.9600,1.799972
FILLER_38_611,VPWR,li1,286.8100,116.9600,1.799969
FILLER_38_603,VPWR,li1,283.3600,116.9600,1.799969
FILLER_38_598,VPWR,li1,280.8300,116.9600,1.799970
FILLER_38_589,VPWR,li1,276.6900,116.9600,1.799967
FILLER_38_585,VPWR,li1,275.3100,116.9600,1.799966
FILLER_38_582,VPWR,li1,273.9300,116.9600,1.799964
FILLER_38_579,VPWR,li1,272.5500,116.9600,1.799964
FILLER_38_576,VPWR,li1,271.1700,116.9600,1.799963
FILLER_38_573,VPWR,li1,269.7900,116.9600,1.799963
FILLER_38_570,VPWR,li1,267.9500,116.9600,1.799962
FILLER_38_548,VPWR,li1,257.8300,116.9600,1.799967
FILLER_38_545,VPWR,li1,256.9100,116.9600,1.799969
FILLER_38_542,VPWR,li1,255.5300,116.9600,1.799969
FILLER_38_530,VPWR,li1,249.7800,116.9600,1.799970
FILLER_38_527,VPWR,li1,248.6300,116.9600,1.799970
FILLER_38_524,VPWR,li1,247.2500,116.9600,1.799964
FILLER_38_521,VPWR,li1,245.8700,116.9600,1.799964
FILLER_38_510,VPWR,li1,240.8100,116.9600,1.799957
FILLER_38_507,VPWR,li1,239.4300,116.9600,1.799957
FILLER_38_504,VPWR,li1,238.0500,116.9600,1.799956
FILLER_38_480,VPWR,li1,227.0100,116.9600,1.799958
FILLER_38_477,VPWR,li1,225.6300,116.9600,1.799960
FILLER_38_467,VPWR,li1,220.5700,116.9600,1.799965
FILLER_38_445,VPWR,li1,210.4500,116.9600,1.799946
FILLER_38_425,VPWR,li1,201.4800,116.9600,1.799943
FILLER_38_419,VPWR,li1,198.4900,116.9600,1.799944
FILLER_38_377,VPWR,li1,179.6300,116.9600,1.799953
FILLER_38_372,VPWR,li1,176.8700,116.9600,1.799952
FILLER_38_369,VPWR,li1,175.9500,116.9600,1.799952
FILLER_38_361,VPWR,li1,172.2700,116.9600,1.799952
FILLER_38_358,VPWR,li1,170.8900,116.9600,1.799952
FILLER_38_327,VPWR,li1,156.4000,116.9600,1.799967
FILLER_38_324,VPWR,li1,155.2500,116.9600,1.799967
FILLER_38_321,VPWR,li1,153.8700,116.9600,1.799965
FILLER_38_318,VPWR,li1,152.4900,116.9600,1.799965
FILLER_38_307,VPWR,li1,146.9700,116.9600,1.799962
FILLER_38_304,VPWR,li1,146.0500,116.9600,1.799962
FILLER_38_301,VPWR,li1,144.6700,116.9600,1.799962
FILLER_38_279,VPWR,li1,134.0900,116.9600,1.799969
FILLER_38_274,VPWR,li1,131.7900,116.9600,1.799972
FILLER_38_271,VPWR,li1,130.8700,116.9600,1.799972
FILLER_38_268,VPWR,li1,129.4900,116.9600,1.799967
FILLER_38_265,VPWR,li1,128.1100,116.9600,1.799967
FILLER_38_262,VPWR,li1,126.7300,116.9600,1.799961
FILLER_38_256,VPWR,li1,123.7400,116.9600,1.799955
FILLER_38_253,VPWR,li1,122.5900,116.9600,1.799955
FILLER_38_243,VPWR,li1,117.9900,116.9600,1.799948
FILLER_38_240,VPWR,li1,116.6100,116.9600,1.799943
FILLER_38_237,VPWR,li1,115.2300,116.9600,1.799943
FILLER_38_234,VPWR,li1,113.8500,116.9600,1.799938
FILLER_38_223,VPWR,li1,108.7900,116.9600,1.799930
FILLER_38_220,VPWR,li1,107.4100,116.9600,1.799930
FILLER_38_203,VPWR,li1,99.5900,116.9600,1.799928
FILLER_38_200,VPWR,li1,98.2100,116.9600,1.799928
FILLER_38_197,VPWR,li1,96.8300,116.9600,1.799923
FILLER_38_190,VPWR,li1,93.3800,116.9600,1.799917
FILLER_38_171,VPWR,li1,84.6400,116.9600,1.799919
FILLER_38_168,VPWR,li1,83.4900,116.9600,1.799922
FILLER_38_159,VPWR,li1,79.1200,116.9600,1.799931
FILLER_38_156,VPWR,li1,77.9700,116.9600,1.799931
FILLER_38_145,VPWR,li1,72.9100,116.9600,1.799949
FILLER_38_139,VPWR,li1,69.6900,116.9600,1.799958
FILLER_38_136,VPWR,li1,68.7700,116.9600,1.799958
FILLER_38_133,VPWR,li1,67.3900,116.9600,1.799956
FILLER_38_85,VPWR,li1,44.8500,116.9600,1.799965
FILLER_38_81,VPWR,li1,43.4700,116.9600,1.799967
FILLER_38_78,VPWR,li1,42.0900,116.9600,1.799970
FILLER_38_54,VPWR,li1,31.0500,116.9600,1.799954
FILLER_38_27,VPWR,li1,18.1700,116.9600,1.799960
FILLER_38_24,VPWR,li1,17.2500,116.9600,1.799960
FILLER_37_601,VPWR,li1,282.2100,111.5200,1.799979
FILLER_37_588,VPWR,li1,276.6900,111.5200,1.799978
FILLER_37_547,VPWR,li1,257.3700,111.5200,1.799972
FILLER_37_501,VPWR,li1,236.6700,111.5200,1.799965
FILLER_37_498,VPWR,li1,235.2900,111.5200,1.799966
FILLER_37_486,VPWR,li1,229.7700,111.5200,1.799967
FILLER_37_483,VPWR,li1,228.3900,111.5200,1.799967
FILLER_37_480,VPWR,li1,227.0100,111.5200,1.799967
FILLER_37_457,VPWR,li1,216.4300,111.5200,1.799967
FILLER_37_447,VPWR,li1,211.3700,111.5200,1.799960
FILLER_37_436,VPWR,li1,206.7700,111.5200,1.799955
FILLER_37_433,VPWR,li1,205.3900,111.5200,1.799954
FILLER_37_423,VPWR,li1,200.3300,111.5200,1.799955
FILLER_37_411,VPWR,li1,195.2700,111.5200,1.799960
FILLER_37_408,VPWR,li1,193.8900,111.5200,1.799963
FILLER_37_393,VPWR,li1,186.7600,111.5200,1.799960
FILLER_37_370,VPWR,li1,175.9500,111.5200,1.799957
FILLER_37_367,VPWR,li1,175.0300,111.5200,1.799957
FILLER_37_356,VPWR,li1,169.7400,111.5200,1.799963
FILLER_37_353,VPWR,li1,168.5900,111.5200,1.799965
FILLER_37_350,VPWR,li1,167.2100,111.5200,1.799965
FILLER_37_347,VPWR,li1,165.8300,111.5200,1.799968
FILLER_37_337,VPWR,li1,160.7700,111.5200,1.799974
FILLER_37_335,VPWR,li1,159.8500,111.5200,1.799977
FILLER_37_332,VPWR,li1,158.9300,111.5200,1.799977
FILLER_37_329,VPWR,li1,157.5500,111.5200,1.799975
FILLER_37_326,VPWR,li1,156.1700,111.5200,1.799975
FILLER_37_323,VPWR,li1,154.7900,111.5200,1.799974
FILLER_37_320,VPWR,li1,153.4100,111.5200,1.799974
FILLER_37_317,VPWR,li1,152.0300,111.5200,1.799974
FILLER_37_314,VPWR,li1,150.6500,111.5200,1.799972
FILLER_37_311,VPWR,li1,149.2700,111.5200,1.799972
FILLER_37_308,VPWR,li1,147.8900,111.5200,1.799972
FILLER_37_305,VPWR,li1,146.5100,111.5200,1.799972
FILLER_37_302,VPWR,li1,145.1300,111.5200,1.799971
FILLER_37_278,VPWR,li1,133.8600,111.5200,1.799973
FILLER_37_275,VPWR,li1,132.7100,111.5200,1.799973
FILLER_37_272,VPWR,li1,131.3300,111.5200,1.799975
FILLER_37_269,VPWR,li1,129.9500,111.5200,1.799970
FILLER_37_266,VPWR,li1,128.5700,111.5200,1.799970
FILLER_37_237,VPWR,li1,115.2300,111.5200,1.799943
FILLER_37_225,VPWR,li1,109.7100,111.5200,1.799942
FILLER_37_212,VPWR,li1,103.7300,111.5200,1.799945
FILLER_37_209,VPWR,li1,102.3500,111.5200,1.799945
FILLER_37_202,VPWR,li1,99.1300,111.5200,1.799933
FILLER_37_199,VPWR,li1,97.7500,111.5200,1.799933
FILLER_37_181,VPWR,li1,89.2400,111.5200,1.799898
FILLER_37_175,VPWR,li1,86.4800,111.5200,1.799888
FILLER_37_167,VPWR,li1,82.5700,111.5200,1.799897
FILLER_37_164,VPWR,li1,81.6500,111.5200,1.799897
FILLER_37_145,VPWR,li1,72.6800,111.5200,1.799933
FILLER_37_142,VPWR,li1,71.5300,111.5200,1.799944
FILLER_37_139,VPWR,li1,70.1500,111.5200,1.799944
FILLER_37_102,VPWR,li1,52.6700,111.5200,1.799944
FILLER_37_99,VPWR,li1,51.7500,111.5200,1.799946
FILLER_37_96,VPWR,li1,50.3700,111.5200,1.799946
FILLER_37_93,VPWR,li1,48.9900,111.5200,1.799950
FILLER_37_90,VPWR,li1,47.6100,111.5200,1.799955
FILLER_37_73,VPWR,li1,39.5600,111.5200,1.799971
FILLER_37_63,VPWR,li1,34.7300,111.5200,1.799963
FILLER_37_60,VPWR,li1,33.8100,111.5200,1.799963
FILLER_37_57,VPWR,li1,32.4300,111.5200,1.799963
FILLER_37_45,VPWR,li1,26.6800,111.5200,1.799961
FILLER_37_42,VPWR,li1,25.5300,111.5200,1.799961
FILLER_37_11,VPWR,li1,10.8100,111.5200,1.799977
FILLER_36_610,VPWR,li1,286.5800,111.5200,1.799976
FILLER_36_589,VPWR,li1,276.6900,111.5200,1.799978
FILLER_36_582,VPWR,li1,273.7000,111.5200,1.799974
FILLER_36_579,VPWR,li1,272.5500,111.5200,1.799974
FILLER_36_567,VPWR,li1,266.5700,111.5200,1.799969
FILLER_36_555,VPWR,li1,261.5100,111.5200,1.799970
FILLER_36_543,VPWR,li1,255.7600,111.5200,1.799972
FILLER_36_533,VPWR,li1,250.9300,111.5200,1.799976
FILLER_36_520,VPWR,li1,245.1800,111.5200,1.799969
FILLER_36_517,VPWR,li1,244.0300,111.5200,1.799965
FILLER_36_514,VPWR,li1,242.6500,111.5200,1.799965
FILLER_36_503,VPWR,li1,237.3600,111.5200,1.799965
FILLER_36_500,VPWR,li1,236.2100,111.5200,1.799966
FILLER_36_497,VPWR,li1,234.8300,111.5200,1.799966
FILLER_36_494,VPWR,li1,233.4500,111.5200,1.799966
FILLER_36_491,VPWR,li1,232.0700,111.5200,1.799966
FILLER_36_488,VPWR,li1,230.6900,111.5200,1.799967
FILLER_36_483,VPWR,li1,227.9300,111.5200,1.799967
FILLER_36_480,VPWR,li1,227.0100,111.5200,1.799967
FILLER_36_477,VPWR,li1,225.6300,111.5200,1.799968
FILLER_36_453,VPWR,li1,214.3600,111.5200,1.799962
FILLER_36_450,VPWR,li1,213.2100,111.5200,1.799962
FILLER_36_447,VPWR,li1,211.8300,111.5200,1.799960
FILLER_36_444,VPWR,li1,210.4500,111.5200,1.799957
FILLER_36_429,VPWR,li1,203.3200,111.5200,1.799954
FILLER_36_418,VPWR,li1,198.2600,111.5200,1.799957
FILLER_36_395,VPWR,li1,187.6800,111.5200,1.799963
FILLER_36_386,VPWR,li1,183.3100,111.5200,1.799957
FILLER_36_361,VPWR,li1,172.2700,111.5200,1.799959
FILLER_36_354,VPWR,li1,169.0500,111.5200,1.799963
FILLER_36_351,VPWR,li1,167.6700,111.5200,1.799965
FILLER_36_348,VPWR,li1,166.2900,111.5200,1.799968
FILLER_36_345,VPWR,li1,164.9100,111.5200,1.799968
FILLER_36_321,VPWR,li1,153.8700,111.5200,1.799974
FILLER_36_318,VPWR,li1,152.4900,111.5200,1.799974
FILLER_36_306,VPWR,li1,146.7400,111.5200,1.799972
FILLER_36_303,VPWR,li1,145.5900,111.5200,1.799971
FILLER_36_300,VPWR,li1,144.2100,111.5200,1.799971
FILLER_36_297,VPWR,li1,142.8300,111.5200,1.799970
FILLER_36_294,VPWR,li1,141.4500,111.5200,1.799970
FILLER_36_291,VPWR,li1,140.0700,111.5200,1.799970
FILLER_36_288,VPWR,li1,138.6900,111.5200,1.799971
FILLER_36_285,VPWR,li1,137.3100,111.5200,1.799971
FILLER_36_282,VPWR,li1,135.9300,111.5200,1.799972
FILLER_36_267,VPWR,li1,129.0300,111.5200,1.799970
FILLER_36_256,VPWR,li1,123.7400,111.5200,1.799956
FILLER_36_253,VPWR,li1,122.5900,111.5200,1.799953
FILLER_36_250,VPWR,li1,120.9800,111.5200,1.799953
FILLER_36_240,VPWR,li1,116.3800,111.5200,1.799943
FILLER_36_218,VPWR,li1,106.0300,111.5200,1.799944
FILLER_36_215,VPWR,li1,105.1100,111.5200,1.799944
FILLER_36_212,VPWR,li1,103.7300,111.5200,1.799945
FILLER_36_209,VPWR,li1,102.3500,111.5200,1.799945
FILLER_36_193,VPWR,li1,94.9900,111.5200,1.799917
FILLER_36_190,VPWR,li1,93.6100,111.5200,1.799909
FILLER_36_187,VPWR,li1,92.2300,111.5200,1.799909
FILLER_36_184,VPWR,li1,90.8500,111.5200,1.799898
FILLER_36_181,VPWR,li1,89.4700,111.5200,1.799898
FILLER_36_172,VPWR,li1,84.8700,111.5200,1.799890
FILLER_36_161,VPWR,li1,80.2700,111.5200,1.799907
FILLER_36_158,VPWR,li1,78.8900,111.5200,1.799907
FILLER_36_155,VPWR,li1,77.5100,111.5200,1.799913
FILLER_36_141,VPWR,li1,70.6100,111.5200,1.799944
FILLER_36_109,VPWR,li1,55.8900,111.5200,1.799939
FILLER_36_106,VPWR,li1,54.9700,111.5200,1.799942
FILLER_36_103,VPWR,li1,53.5900,111.5200,1.799944
FILLER_36_100,VPWR,li1,52.2100,111.5200,1.799944
FILLER_36_95,VPWR,li1,49.4500,111.5200,1.799950
FILLER_36_92,VPWR,li1,48.5300,111.5200,1.799950
FILLER_36_83,VPWR,li1,43.9300,111.5200,1.799960
FILLER_36_80,VPWR,li1,43.0100,111.5200,1.799965
FILLER_36_77,VPWR,li1,41.6300,111.5200,1.799965
FILLER_36_74,VPWR,li1,40.2500,111.5200,1.799971
FILLER_36_71,VPWR,li1,38.8700,111.5200,1.799971
FILLER_36_49,VPWR,li1,28.2900,111.5200,1.799961
FILLER_36_38,VPWR,li1,23.4600,111.5200,1.799961
FILLER_36_27,VPWR,li1,18.1700,111.5200,1.799963
FILLER_36_3,VPWR,li1,7.5900,111.5200,1.799977
FILLER_35_609,VPWR,li1,286.3500,106.0800,1.799973
FILLER_35_606,VPWR,li1,284.9700,106.0800,1.799973
FILLER_35_603,VPWR,li1,283.5900,106.0800,1.799973
FILLER_35_598,VPWR,li1,280.8300,106.0800,1.799974
FILLER_35_595,VPWR,li1,279.9100,106.0800,1.799968
FILLER_35_592,VPWR,li1,278.5300,106.0800,1.799968
FILLER_35_583,VPWR,li1,274.3900,106.0800,1.799957
FILLER_35_580,VPWR,li1,273.0100,106.0800,1.799957
FILLER_35_577,VPWR,li1,271.6300,106.0800,1.799955
FILLER_35_574,VPWR,li1,270.2500,106.0800,1.799955
FILLER_35_561,VPWR,li1,263.8100,106.0800,1.799956
FILLER_35_558,VPWR,li1,262.6600,106.0800,1.799958
FILLER_35_528,VPWR,li1,248.8600,106.0800,1.799964
FILLER_35_525,VPWR,li1,247.7100,106.0800,1.799964
FILLER_35_522,VPWR,li1,246.3300,106.0800,1.799960
FILLER_35_519,VPWR,li1,244.9500,106.0800,1.799954
FILLER_35_508,VPWR,li1,239.6600,106.0800,1.799949
FILLER_35_505,VPWR,li1,238.5100,106.0800,1.799946
FILLER_35_502,VPWR,li1,236.9000,106.0800,1.799946
FILLER_35_499,VPWR,li1,235.7500,106.0800,1.799946
FILLER_35_496,VPWR,li1,234.3700,106.0800,1.799944
FILLER_35_493,VPWR,li1,232.9900,106.0800,1.799944
FILLER_35_482,VPWR,li1,227.4700,106.0800,1.799942
FILLER_35_479,VPWR,li1,226.5500,106.0800,1.799942
FILLER_35_476,VPWR,li1,225.1700,106.0800,1.799941
FILLER_35_465,VPWR,li1,219.6500,106.0800,1.799931
FILLER_35_462,VPWR,li1,218.7300,106.0800,1.799931
FILLER_35_452,VPWR,li1,213.6700,106.0800,1.799899
FILLER_35_449,VPWR,li1,212.7500,106.0800,1.799886
FILLER_35_435,VPWR,li1,206.3100,106.0800,1.799900
FILLER_35_432,VPWR,li1,204.9300,106.0800,1.799905
FILLER_35_429,VPWR,li1,203.5500,106.0800,1.799911
FILLER_35_426,VPWR,li1,202.1700,106.0800,1.799911
FILLER_35_423,VPWR,li1,200.7900,106.0800,1.799922
FILLER_35_420,VPWR,li1,199.4100,106.0800,1.799922
FILLER_35_417,VPWR,li1,198.0300,106.0800,1.799928
FILLER_35_399,VPWR,li1,189.2900,106.0800,1.799957
FILLER_35_396,VPWR,li1,188.3700,106.0800,1.799957
FILLER_35_393,VPWR,li1,186.9900,106.0800,1.799955
FILLER_35_391,VPWR,li1,185.6100,106.0800,1.799954
FILLER_35_388,VPWR,li1,184.6900,106.0800,1.799954
FILLER_35_373,VPWR,li1,177.7900,106.0800,1.799957
FILLER_35_370,VPWR,li1,176.4100,106.0800,1.799957
FILLER_35_361,VPWR,li1,172.2700,106.0800,1.799961
FILLER_35_358,VPWR,li1,170.8900,106.0800,1.799965
FILLER_35_351,VPWR,li1,167.6700,106.0800,1.799969
FILLER_35_348,VPWR,li1,166.2900,106.0800,1.799972
FILLER_35_345,VPWR,li1,164.9100,106.0800,1.799972
FILLER_35_335,VPWR,li1,159.8500,106.0800,1.799981
FILLER_35_332,VPWR,li1,158.9300,106.0800,1.799981
FILLER_35_321,VPWR,li1,153.6400,106.0800,1.799981
FILLER_35_318,VPWR,li1,152.4900,106.0800,1.799981
FILLER_35_315,VPWR,li1,151.1100,106.0800,1.799982
FILLER_35_312,VPWR,li1,149.7300,106.0800,1.799982
FILLER_35_309,VPWR,li1,148.3500,106.0800,1.799982
FILLER_35_306,VPWR,li1,146.9700,106.0800,1.799983
FILLER_35_293,VPWR,li1,140.9900,106.0800,1.799984
FILLER_35_290,VPWR,li1,139.6100,106.0800,1.799984
FILLER_35_287,VPWR,li1,138.2300,106.0800,1.799984
FILLER_35_284,VPWR,li1,136.8500,106.0800,1.799985
FILLER_35_281,VPWR,li1,135.4700,106.0800,1.799986
FILLER_35_278,VPWR,li1,133.8600,106.0800,1.799986
FILLER_35_275,VPWR,li1,132.7100,106.0800,1.799986
FILLER_35_272,VPWR,li1,131.3300,106.0800,1.799986
FILLER_35_269,VPWR,li1,129.9500,106.0800,1.799987
FILLER_35_266,VPWR,li1,128.5700,106.0800,1.799985
FILLER_35_263,VPWR,li1,127.1900,106.0800,1.799985
FILLER_35_260,VPWR,li1,125.8100,106.0800,1.799982
FILLER_35_257,VPWR,li1,124.4300,106.0800,1.799982
FILLER_35_254,VPWR,li1,123.0500,106.0800,1.799980
FILLER_35_251,VPWR,li1,121.6700,106.0800,1.799978
FILLER_35_248,VPWR,li1,120.2900,106.0800,1.799978
FILLER_35_228,VPWR,li1,111.0900,106.0800,1.799970
FILLER_35_225,VPWR,li1,109.7100,106.0800,1.799971
FILLER_35_222,VPWR,li1,108.1000,106.0800,1.799972
FILLER_35_219,VPWR,li1,106.9500,106.0800,1.799972
FILLER_35_216,VPWR,li1,105.5700,106.0800,1.799972
FILLER_35_213,VPWR,li1,104.1900,106.0800,1.799972
FILLER_35_210,VPWR,li1,102.8100,106.0800,1.799973
FILLER_35_207,VPWR,li1,101.4300,106.0800,1.799973
FILLER_35_199,VPWR,li1,97.7500,106.0800,1.799970
FILLER_35_196,VPWR,li1,96.3700,106.0800,1.799967
FILLER_35_193,VPWR,li1,94.9900,106.0800,1.799963
FILLER_35_190,VPWR,li1,93.6100,106.0800,1.799963
FILLER_35_187,VPWR,li1,92.2300,106.0800,1.799959
FILLER_35_184,VPWR,li1,90.8500,106.0800,1.799959
FILLER_35_181,VPWR,li1,89.4700,106.0800,1.799954
FILLER_35_178,VPWR,li1,88.0900,106.0800,1.799954
FILLER_35_175,VPWR,li1,86.7100,106.0800,1.799951
FILLER_35_172,VPWR,li1,85.3300,106.0800,1.799948
FILLER_35_169,VPWR,li1,83.9500,106.0800,1.799948
FILLER_35_162,VPWR,li1,80.5000,106.0800,1.799947
FILLER_35_155,VPWR,li1,77.5100,106.0800,1.799951
FILLER_35_152,VPWR,li1,76.1300,106.0800,1.799951
FILLER_35_113,VPWR,li1,57.7300,106.0800,1.799952
FILLER_35_89,VPWR,li1,46.9200,106.0800,1.799966
FILLER_35_86,VPWR,li1,45.7700,106.0800,1.799966
FILLER_35_83,VPWR,li1,44.3900,106.0800,1.799969
FILLER_35_80,VPWR,li1,43.0100,106.0800,1.799969
FILLER_35_77,VPWR,li1,41.6300,106.0800,1.799973
FILLER_35_74,VPWR,li1,40.2500,106.0800,1.799973
FILLER_35_71,VPWR,li1,38.8700,106.0800,1.799968
FILLER_35_68,VPWR,li1,37.4900,106.0800,1.799968
FILLER_35_57,VPWR,li1,32.4300,106.0800,1.799959
FILLER_35_54,VPWR,li1,30.8200,106.0800,1.799957
FILLER_35_3,VPWR,li1,7.1300,106.0800,1.799973
FILLER_34_609,VPWR,li1,286.3500,106.0800,1.799973
FILLER_34_589,VPWR,li1,276.9200,106.0800,1.799959
FILLER_34_586,VPWR,li1,275.5400,106.0800,1.799959
FILLER_34_557,VPWR,li1,261.9700,106.0800,1.799958
FILLER_34_554,VPWR,li1,261.0500,106.0800,1.799958
FILLER_34_545,VPWR,li1,256.4500,106.0800,1.799963
FILLER_34_542,VPWR,li1,255.5300,106.0800,1.799963
FILLER_34_539,VPWR,li1,254.1500,106.0800,1.799966
FILLER_34_536,VPWR,li1,252.7700,106.0800,1.799966
FILLER_34_533,VPWR,li1,251.3900,106.0800,1.799969
FILLER_34_530,VPWR,li1,249.7800,106.0800,1.799969
FILLER_34_527,VPWR,li1,248.6300,106.0800,1.799964
FILLER_34_524,VPWR,li1,247.2500,106.0800,1.799960
FILLER_34_521,VPWR,li1,245.8700,106.0800,1.799960
FILLER_34_513,VPWR,li1,241.7300,106.0800,1.799951
FILLER_34_510,VPWR,li1,240.8100,106.0800,1.799949
FILLER_34_500,VPWR,li1,236.2100,106.0800,1.799946
FILLER_34_489,VPWR,li1,230.6900,106.0800,1.799943
FILLER_34_486,VPWR,li1,229.7700,106.0800,1.799943
FILLER_34_483,VPWR,li1,228.3900,106.0800,1.799943
FILLER_34_473,VPWR,li1,223.7900,106.0800,1.799942
FILLER_34_470,VPWR,li1,222.4100,106.0800,1.799942
FILLER_34_467,VPWR,li1,221.0300,106.0800,1.799943
FILLER_34_464,VPWR,li1,219.6500,106.0800,1.799931
FILLER_34_440,VPWR,li1,208.3800,106.0800,1.799894
FILLER_34_437,VPWR,li1,207.2300,106.0800,1.799900
FILLER_34_434,VPWR,li1,205.8500,106.0800,1.799905
FILLER_34_431,VPWR,li1,204.4700,106.0800,1.799905
FILLER_34_424,VPWR,li1,201.0200,106.0800,1.799922
FILLER_34_421,VPWR,li1,199.8700,106.0800,1.799922
FILLER_34_419,VPWR,li1,198.4900,106.0800,1.799928
FILLER_34_416,VPWR,li1,197.5700,106.0800,1.799928
FILLER_34_406,VPWR,li1,192.5100,106.0800,1.799948
FILLER_34_403,VPWR,li1,191.5900,106.0800,1.799958
FILLER_34_400,VPWR,li1,190.2100,106.0800,1.799958
FILLER_34_383,VPWR,li1,182.3900,106.0800,1.799952
FILLER_34_380,VPWR,li1,181.0100,106.0800,1.799952
FILLER_34_377,VPWR,li1,179.6300,106.0800,1.799955
FILLER_34_374,VPWR,li1,178.2500,106.0800,1.799955
FILLER_34_371,VPWR,li1,176.8700,106.0800,1.799957
FILLER_34_368,VPWR,li1,175.4900,106.0800,1.799959
FILLER_34_365,VPWR,li1,174.1100,106.0800,1.799959
FILLER_34_361,VPWR,li1,172.2700,106.0800,1.799961
FILLER_34_358,VPWR,li1,170.8900,106.0800,1.799965
FILLER_34_355,VPWR,li1,169.5100,106.0800,1.799965
FILLER_34_352,VPWR,li1,168.1300,106.0800,1.799969
FILLER_34_333,VPWR,li1,158.9300,106.0800,1.799981
FILLER_34_330,VPWR,li1,158.0100,106.0800,1.799981
FILLER_34_327,VPWR,li1,156.6300,106.0800,1.799981
FILLER_34_324,VPWR,li1,155.2500,106.0800,1.799981
FILLER_34_321,VPWR,li1,153.8700,106.0800,1.799981
FILLER_34_318,VPWR,li1,152.4900,106.0800,1.799981
FILLER_34_315,VPWR,li1,151.1100,106.0800,1.799982
FILLER_34_312,VPWR,li1,149.7300,106.0800,1.799982
FILLER_34_309,VPWR,li1,148.3500,106.0800,1.799982
FILLER_34_306,VPWR,li1,146.7400,106.0800,1.799983
FILLER_34_303,VPWR,li1,145.5900,106.0800,1.799983
FILLER_34_300,VPWR,li1,144.2100,106.0800,1.799983
FILLER_34_297,VPWR,li1,142.8300,106.0800,1.799983
FILLER_34_294,VPWR,li1,141.4500,106.0800,1.799984
FILLER_34_291,VPWR,li1,140.0700,106.0800,1.799984
FILLER_34_288,VPWR,li1,138.6900,106.0800,1.799984
FILLER_34_285,VPWR,li1,137.3100,106.0800,1.799985
FILLER_34_282,VPWR,li1,135.9300,106.0800,1.799985
FILLER_34_270,VPWR,li1,130.1800,106.0800,1.799987
FILLER_34_267,VPWR,li1,129.0300,106.0800,1.799987
FILLER_34_264,VPWR,li1,127.6500,106.0800,1.799985
FILLER_34_253,VPWR,li1,122.1300,106.0800,1.799980
FILLER_34_251,VPWR,li1,121.2100,106.0800,1.799978
FILLER_34_248,VPWR,li1,120.2900,106.0800,1.799978
FILLER_34_245,VPWR,li1,118.9100,106.0800,1.799975
FILLER_34_242,VPWR,li1,117.5300,106.0800,1.799975
FILLER_34_219,VPWR,li1,106.7200,106.0800,1.799972
FILLER_34_216,VPWR,li1,105.5700,106.0800,1.799972
FILLER_34_213,VPWR,li1,104.1900,106.0800,1.799972
FILLER_34_210,VPWR,li1,102.8100,106.0800,1.799973
FILLER_34_207,VPWR,li1,101.4300,106.0800,1.799973
FILLER_34_201,VPWR,li1,98.2100,106.0800,1.799970
FILLER_34_193,VPWR,li1,94.9900,106.0800,1.799963
FILLER_34_190,VPWR,li1,93.6100,106.0800,1.799963
FILLER_34_187,VPWR,li1,92.2300,106.0800,1.799959
FILLER_34_174,VPWR,li1,85.7900,106.0800,1.799951
FILLER_34_167,VPWR,li1,83.0300,106.0800,1.799947
FILLER_34_164,VPWR,li1,81.6500,106.0800,1.799947
FILLER_34_141,VPWR,li1,70.8400,106.0800,1.799965
FILLER_34_126,VPWR,li1,63.7100,106.0800,1.799955
FILLER_34_111,VPWR,li1,56.8100,106.0800,1.799954
FILLER_34_108,VPWR,li1,55.8900,106.0800,1.799954
FILLER_34_105,VPWR,li1,54.5100,106.0800,1.799956
FILLER_34_100,VPWR,li1,51.7500,106.0800,1.799959
FILLER_34_97,VPWR,li1,50.8300,106.0800,1.799959
FILLER_34_94,VPWR,li1,49.4500,106.0800,1.799963
FILLER_34_91,VPWR,li1,48.0700,106.0800,1.799963
FILLER_34_88,VPWR,li1,46.6900,106.0800,1.799966
FILLER_34_85,VPWR,li1,45.3100,106.0800,1.799966
FILLER_34_71,VPWR,li1,38.4100,106.0800,1.799968
FILLER_34_25,VPWR,li1,17.7100,106.0800,1.799961
FILLER_34_3,VPWR,li1,7.1300,106.0800,1.799973
FILLER_33_610,VPWR,li1,286.5800,100.6400,1.799958
FILLER_33_584,VPWR,li1,274.6200,100.6400,1.799941
FILLER_33_581,VPWR,li1,273.4700,100.6400,1.799931
FILLER_33_549,VPWR,li1,258.5200,100.6400,1.799942
FILLER_33_546,VPWR,li1,257.3700,100.6400,1.799951
FILLER_33_543,VPWR,li1,255.9900,100.6400,1.799951
FILLER_33_532,VPWR,li1,250.4700,100.6400,1.799972
FILLER_33_529,VPWR,li1,249.5500,100.6400,1.799972
FILLER_33_526,VPWR,li1,248.1700,100.6400,1.799972
FILLER_33_523,VPWR,li1,246.7900,100.6400,1.799972
FILLER_33_520,VPWR,li1,245.4100,100.6400,1.799972
FILLER_33_517,VPWR,li1,244.0300,100.6400,1.799973
FILLER_33_514,VPWR,li1,242.6500,100.6400,1.799973
FILLER_33_511,VPWR,li1,241.2700,100.6400,1.799973
FILLER_33_508,VPWR,li1,239.8900,100.6400,1.799973
FILLER_33_505,VPWR,li1,238.5100,100.6400,1.799973
FILLER_33_501,VPWR,li1,236.6700,100.6400,1.799973
FILLER_33_494,VPWR,li1,232.9900,100.6400,1.799975
FILLER_33_491,VPWR,li1,232.0700,100.6400,1.799975
FILLER_33_488,VPWR,li1,230.6900,100.6400,1.799976
FILLER_33_464,VPWR,li1,219.6500,100.6400,1.799982
FILLER_33_461,VPWR,li1,218.2700,100.6400,1.799981
FILLER_33_458,VPWR,li1,216.8900,100.6400,1.799978
FILLER_33_455,VPWR,li1,215.5100,100.6400,1.799978
FILLER_33_452,VPWR,li1,214.1300,100.6400,1.799977
FILLER_33_449,VPWR,li1,212.7500,100.6400,1.799975
FILLER_33_437,VPWR,li1,207.0000,100.6400,1.799970
FILLER_33_417,VPWR,li1,197.8000,100.6400,1.799967
FILLER_33_403,VPWR,li1,191.5900,100.6400,1.799967
FILLER_33_400,VPWR,li1,190.2100,100.6400,1.799967
FILLER_33_393,VPWR,li1,186.9900,100.6400,1.799965
FILLER_33_390,VPWR,li1,185.3800,100.6400,1.799966
FILLER_33_382,VPWR,li1,181.9300,100.6400,1.799967
FILLER_33_379,VPWR,li1,180.5500,100.6400,1.799968
FILLER_33_376,VPWR,li1,179.1700,100.6400,1.799968
FILLER_33_373,VPWR,li1,177.7900,100.6400,1.799969
FILLER_33_340,VPWR,li1,162.3800,100.6400,1.799980
FILLER_33_337,VPWR,li1,161.2300,100.6400,1.799980
FILLER_33_333,VPWR,li1,159.3900,100.6400,1.799982
FILLER_33_330,VPWR,li1,158.0100,100.6400,1.799980
FILLER_33_316,VPWR,li1,151.1100,100.6400,1.799971
FILLER_33_313,VPWR,li1,150.1900,100.6400,1.799971
FILLER_33_306,VPWR,li1,146.5100,100.6400,1.799970
FILLER_33_303,VPWR,li1,145.5900,100.6400,1.799971
FILLER_33_300,VPWR,li1,144.2100,100.6400,1.799971
FILLER_33_297,VPWR,li1,142.8300,100.6400,1.799973
FILLER_33_290,VPWR,li1,139.6100,100.6400,1.799975
FILLER_33_287,VPWR,li1,138.2300,100.6400,1.799975
FILLER_33_284,VPWR,li1,136.8500,100.6400,1.799976
FILLER_33_281,VPWR,li1,135.4700,100.6400,1.799978
FILLER_33_279,VPWR,li1,134.0900,100.6400,1.799978
FILLER_33_276,VPWR,li1,133.1700,100.6400,1.799980
FILLER_33_264,VPWR,li1,127.6500,100.6400,1.799978
FILLER_33_261,VPWR,li1,126.2700,100.6400,1.799976
FILLER_33_258,VPWR,li1,124.8900,100.6400,1.799976
FILLER_33_255,VPWR,li1,123.5100,100.6400,1.799973
FILLER_33_252,VPWR,li1,122.1300,100.6400,1.799971
FILLER_33_249,VPWR,li1,120.7500,100.6400,1.799971
FILLER_33_246,VPWR,li1,119.3700,100.6400,1.799967
FILLER_33_243,VPWR,li1,117.9900,100.6400,1.799967
FILLER_33_240,VPWR,li1,116.6100,100.6400,1.799967
FILLER_33_237,VPWR,li1,115.2300,100.6400,1.799967
FILLER_33_234,VPWR,li1,113.8500,100.6400,1.799967
FILLER_33_231,VPWR,li1,112.4700,100.6400,1.799967
FILLER_33_228,VPWR,li1,111.0900,100.6400,1.799967
FILLER_33_225,VPWR,li1,109.7100,100.6400,1.799967
FILLER_33_221,VPWR,li1,107.8700,100.6400,1.799968
FILLER_33_218,VPWR,li1,106.4900,100.6400,1.799969
FILLER_33_215,VPWR,li1,105.1100,100.6400,1.799971
FILLER_33_212,VPWR,li1,103.7300,100.6400,1.799971
FILLER_33_209,VPWR,li1,102.3500,100.6400,1.799973
FILLER_33_206,VPWR,li1,100.9700,100.6400,1.799976
FILLER_33_203,VPWR,li1,99.5900,100.6400,1.799976
FILLER_33_200,VPWR,li1,98.2100,100.6400,1.799974
FILLER_33_197,VPWR,li1,96.8300,100.6400,1.799972
FILLER_33_194,VPWR,li1,95.4500,100.6400,1.799970
FILLER_33_191,VPWR,li1,94.0700,100.6400,1.799970
FILLER_33_188,VPWR,li1,92.6900,100.6400,1.799967
FILLER_33_185,VPWR,li1,91.3100,100.6400,1.799967
FILLER_33_169,VPWR,li1,83.7200,100.6400,1.799964
FILLER_33_166,VPWR,li1,82.3400,100.6400,1.799964
FILLER_33_147,VPWR,li1,73.3700,100.6400,1.799967
FILLER_33_139,VPWR,li1,70.1500,100.6400,1.799972
FILLER_33_113,VPWR,li1,57.7300,100.6400,1.799956
FILLER_33_101,VPWR,li1,52.2100,100.6400,1.799952
FILLER_33_98,VPWR,li1,51.2900,100.6400,1.799952
FILLER_33_88,VPWR,li1,46.2300,100.6400,1.799951
FILLER_33_85,VPWR,li1,45.3100,100.6400,1.799951
FILLER_33_82,VPWR,li1,43.9300,100.6400,1.799951
FILLER_33_79,VPWR,li1,42.5500,100.6400,1.799951
FILLER_33_76,VPWR,li1,41.1700,100.6400,1.799951
FILLER_33_57,VPWR,li1,31.9700,100.6400,1.799925
FILLER_33_35,VPWR,li1,21.8500,100.6400,1.799908
FILLER_33_3,VPWR,li1,7.5900,100.6400,1.799950
FILLER_32_609,VPWR,li1,286.3500,100.6400,1.799958
FILLER_32_606,VPWR,li1,284.9700,100.6400,1.799958
FILLER_32_603,VPWR,li1,283.5900,100.6400,1.799958
FILLER_32_595,VPWR,li1,279.4500,100.6400,1.799959
FILLER_32_589,VPWR,li1,276.9200,100.6400,1.799949
FILLER_32_587,VPWR,li1,275.7700,100.6400,1.799941
FILLER_32_584,VPWR,li1,274.8500,100.6400,1.799941
FILLER_32_581,VPWR,li1,273.4700,100.6400,1.799931
FILLER_32_578,VPWR,li1,272.0900,100.6400,1.799931
FILLER_32_568,VPWR,li1,267.0300,100.6400,1.799921
FILLER_32_565,VPWR,li1,266.1100,100.6400,1.799921
FILLER_32_558,VPWR,li1,262.8900,100.6400,1.799928
FILLER_32_555,VPWR,li1,261.5100,100.6400,1.799934
FILLER_32_552,VPWR,li1,260.1300,100.6400,1.799942
FILLER_32_549,VPWR,li1,258.7500,100.6400,1.799942
FILLER_32_546,VPWR,li1,257.3700,100.6400,1.799951
FILLER_32_543,VPWR,li1,255.9900,100.6400,1.799951
FILLER_32_518,VPWR,li1,244.2600,100.6400,1.799973
FILLER_32_515,VPWR,li1,243.1100,100.6400,1.799973
FILLER_32_512,VPWR,li1,241.7300,100.6400,1.799973
FILLER_32_509,VPWR,li1,240.3500,100.6400,1.799973
FILLER_32_498,VPWR,li1,234.8300,100.6400,1.799974
FILLER_32_495,VPWR,li1,233.9100,100.6400,1.799974
FILLER_32_492,VPWR,li1,232.5300,100.6400,1.799975
FILLER_32_489,VPWR,li1,231.1500,100.6400,1.799976
FILLER_32_486,VPWR,li1,229.7700,100.6400,1.799976
FILLER_32_483,VPWR,li1,228.3900,100.6400,1.799977
FILLER_32_480,VPWR,li1,227.0100,100.6400,1.799977
FILLER_32_477,VPWR,li1,225.6300,100.6400,1.799978
FILLER_32_475,VPWR,li1,224.2500,100.6400,1.799978
FILLER_32_472,VPWR,li1,223.3300,100.6400,1.799980
FILLER_32_460,VPWR,li1,217.8100,100.6400,1.799981
FILLER_32_457,VPWR,li1,216.4300,100.6400,1.799978
FILLER_32_454,VPWR,li1,215.0500,100.6400,1.799977
FILLER_32_451,VPWR,li1,213.6700,100.6400,1.799977
FILLER_32_448,VPWR,li1,212.2900,100.6400,1.799975
FILLER_32_445,VPWR,li1,210.9100,100.6400,1.799973
FILLER_32_442,VPWR,li1,209.5300,100.6400,1.799973
FILLER_32_439,VPWR,li1,208.1500,100.6400,1.799970
FILLER_32_436,VPWR,li1,206.7700,100.6400,1.799970
FILLER_32_433,VPWR,li1,205.3900,100.6400,1.799968
FILLER_32_430,VPWR,li1,204.0100,100.6400,1.799968
FILLER_32_421,VPWR,li1,199.4100,100.6400,1.799967
FILLER_32_417,VPWR,li1,198.0300,100.6400,1.799967
FILLER_32_411,VPWR,li1,195.0400,100.6400,1.799967
FILLER_32_408,VPWR,li1,193.8900,100.6400,1.799967
FILLER_32_405,VPWR,li1,192.5100,100.6400,1.799967
FILLER_32_393,VPWR,li1,186.7600,100.6400,1.799965
FILLER_32_390,VPWR,li1,185.6100,100.6400,1.799965
FILLER_32_387,VPWR,li1,184.2300,100.6400,1.799966
FILLER_32_374,VPWR,li1,178.2500,100.6400,1.799969
FILLER_32_371,VPWR,li1,176.8700,100.6400,1.799969
FILLER_32_368,VPWR,li1,175.4900,100.6400,1.799971
FILLER_32_365,VPWR,li1,174.1100,100.6400,1.799971
FILLER_32_363,VPWR,li1,172.7300,100.6400,1.799972
FILLER_32_360,VPWR,li1,171.8100,100.6400,1.799972
FILLER_32_357,VPWR,li1,170.4300,100.6400,1.799974
FILLER_32_354,VPWR,li1,169.0500,100.6400,1.799974
FILLER_32_351,VPWR,li1,167.6700,100.6400,1.799976
FILLER_32_348,VPWR,li1,166.2900,100.6400,1.799976
FILLER_32_341,VPWR,li1,163.0700,100.6400,1.799978
FILLER_32_338,VPWR,li1,161.6900,100.6400,1.799980
FILLER_32_335,VPWR,li1,160.3100,100.6400,1.799982
FILLER_32_332,VPWR,li1,158.9300,100.6400,1.799980
FILLER_32_329,VPWR,li1,157.5500,100.6400,1.799980
FILLER_32_326,VPWR,li1,156.1700,100.6400,1.799977
FILLER_32_323,VPWR,li1,154.7900,100.6400,1.799977
FILLER_32_320,VPWR,li1,153.4100,100.6400,1.799974
FILLER_32_317,VPWR,li1,152.0300,100.6400,1.799974
FILLER_32_307,VPWR,li1,146.9700,100.6400,1.799970
FILLER_32_300,VPWR,li1,144.2100,100.6400,1.799971
FILLER_32_289,VPWR,li1,138.9200,100.6400,1.799975
FILLER_32_286,VPWR,li1,137.7700,100.6400,1.799976
FILLER_32_283,VPWR,li1,136.3900,100.6400,1.799976
FILLER_32_280,VPWR,li1,135.0100,100.6400,1.799978
FILLER_32_277,VPWR,li1,133.6300,100.6400,1.799980
FILLER_32_274,VPWR,li1,132.2500,100.6400,1.799980
FILLER_32_271,VPWR,li1,130.8700,100.6400,1.799982
FILLER_32_268,VPWR,li1,129.4900,100.6400,1.799982
FILLER_32_265,VPWR,li1,128.1100,100.6400,1.799978
FILLER_32_262,VPWR,li1,126.7300,100.6400,1.799978
FILLER_32_259,VPWR,li1,125.3500,100.6400,1.799976
FILLER_32_256,VPWR,li1,123.9700,100.6400,1.799973
FILLER_32_253,VPWR,li1,122.5900,100.6400,1.799973
FILLER_32_251,VPWR,li1,121.2100,100.6400,1.799971
FILLER_32_236,VPWR,li1,114.5400,100.6400,1.799967
FILLER_32_233,VPWR,li1,113.3900,100.6400,1.799967
FILLER_32_230,VPWR,li1,112.0100,100.6400,1.799967
FILLER_32_227,VPWR,li1,110.6300,100.6400,1.799967
FILLER_32_220,VPWR,li1,106.9500,100.6400,1.799969
FILLER_32_217,VPWR,li1,106.0300,100.6400,1.799969
FILLER_32_214,VPWR,li1,104.6500,100.6400,1.799971
FILLER_32_211,VPWR,li1,103.2700,100.6400,1.799973
FILLER_32_204,VPWR,li1,100.0500,100.6400,1.799976
FILLER_32_195,VPWR,li1,95.4500,100.6400,1.799970
FILLER_32_192,VPWR,li1,94.5300,100.6400,1.799970
FILLER_32_168,VPWR,li1,83.4900,100.6400,1.799964
FILLER_32_165,VPWR,li1,82.1100,100.6400,1.799964
FILLER_32_162,VPWR,li1,80.7300,100.6400,1.799964
FILLER_32_141,VPWR,li1,71.0700,100.6400,1.799970
FILLER_32_137,VPWR,li1,69.2300,100.6400,1.799972
FILLER_32_116,VPWR,li1,59.1100,100.6400,1.799958
FILLER_32_102,VPWR,li1,52.9000,100.6400,1.799952
FILLER_32_94,VPWR,li1,49.4500,100.6400,1.799951
FILLER_32_91,VPWR,li1,48.0700,100.6400,1.799951
FILLER_32_88,VPWR,li1,46.6900,100.6400,1.799951
FILLER_32_85,VPWR,li1,45.3100,100.6400,1.799951
FILLER_32_82,VPWR,li1,43.7000,100.6400,1.799951
FILLER_32_74,VPWR,li1,39.7900,100.6400,1.799953
FILLER_32_71,VPWR,li1,38.8700,100.6400,1.799953
FILLER_32_57,VPWR,li1,32.2000,100.6400,1.799925
FILLER_32_54,VPWR,li1,31.0500,100.6400,1.799919
FILLER_32_51,VPWR,li1,29.6700,100.6400,1.799919
FILLER_32_48,VPWR,li1,28.2900,100.6400,1.799912
FILLER_32_6,VPWR,li1,8.5100,100.6400,1.799950
FILLER_32_3,VPWR,li1,7.5900,100.6400,1.799950
FILLER_31_578,VPWR,li1,272.0900,95.2000,1.799951
FILLER_31_575,VPWR,li1,270.7100,95.2000,1.799950
FILLER_31_572,VPWR,li1,269.3300,95.2000,1.799949
FILLER_31_569,VPWR,li1,267.9500,95.2000,1.799949
FILLER_31_558,VPWR,li1,262.6600,95.2000,1.799950
FILLER_31_547,VPWR,li1,257.6000,95.2000,1.799955
FILLER_31_544,VPWR,li1,256.4500,95.2000,1.799955
FILLER_31_541,VPWR,li1,255.0700,95.2000,1.799959
FILLER_31_538,VPWR,li1,253.6900,95.2000,1.799959
FILLER_31_535,VPWR,li1,252.3100,95.2000,1.799967
FILLER_31_532,VPWR,li1,250.9300,95.2000,1.799974
FILLER_31_529,VPWR,li1,249.5500,95.2000,1.799974
FILLER_31_526,VPWR,li1,248.1700,95.2000,1.799974
FILLER_31_523,VPWR,li1,246.7900,95.2000,1.799974
FILLER_31_514,VPWR,li1,242.1900,95.2000,1.799976
FILLER_31_511,VPWR,li1,241.2700,95.2000,1.799977
FILLER_31_508,VPWR,li1,239.8900,95.2000,1.799978
FILLER_31_505,VPWR,li1,238.5100,95.2000,1.799978
FILLER_31_501,VPWR,li1,236.6700,95.2000,1.799979
FILLER_31_498,VPWR,li1,235.2900,95.2000,1.799981
FILLER_31_495,VPWR,li1,233.9100,95.2000,1.799981
FILLER_31_492,VPWR,li1,232.5300,95.2000,1.799982
FILLER_31_489,VPWR,li1,231.1500,95.2000,1.799982
FILLER_31_486,VPWR,li1,229.7700,95.2000,1.799984
FILLER_31_483,VPWR,li1,228.3900,95.2000,1.799985
FILLER_31_480,VPWR,li1,227.0100,95.2000,1.799985
FILLER_31_477,VPWR,li1,225.6300,95.2000,1.799987
FILLER_31_474,VPWR,li1,224.2500,95.2000,1.799987
FILLER_31_471,VPWR,li1,222.8700,95.2000,1.799988
FILLER_31_461,VPWR,li1,217.8100,95.2000,1.799990
FILLER_31_455,VPWR,li1,215.2800,95.2000,1.799989
FILLER_31_452,VPWR,li1,214.1300,95.2000,1.799988
FILLER_31_449,VPWR,li1,212.7500,95.2000,1.799988
FILLER_31_447,VPWR,li1,211.3700,95.2000,1.799988
FILLER_31_444,VPWR,li1,210.4500,95.2000,1.799988
FILLER_31_441,VPWR,li1,209.0700,95.2000,1.799987
FILLER_31_438,VPWR,li1,207.6900,95.2000,1.799987
FILLER_31_427,VPWR,li1,202.6300,95.2000,1.799987
FILLER_31_424,VPWR,li1,201.2500,95.2000,1.799987
FILLER_31_421,VPWR,li1,199.8700,95.2000,1.799987
FILLER_31_418,VPWR,li1,198.4900,95.2000,1.799987
FILLER_31_415,VPWR,li1,197.1100,95.2000,1.799987
FILLER_31_409,VPWR,li1,194.1200,95.2000,1.799987
FILLER_31_406,VPWR,li1,192.9700,95.2000,1.799987
FILLER_31_403,VPWR,li1,191.5900,95.2000,1.799987
FILLER_31_400,VPWR,li1,190.2100,95.2000,1.799988
FILLER_31_397,VPWR,li1,188.8300,95.2000,1.799988
FILLER_31_389,VPWR,li1,185.1500,95.2000,1.799985
FILLER_31_386,VPWR,li1,183.7700,95.2000,1.799985
FILLER_31_383,VPWR,li1,182.3900,95.2000,1.799985
FILLER_31_380,VPWR,li1,181.0100,95.2000,1.799985
FILLER_31_374,VPWR,li1,178.2500,95.2000,1.799985
FILLER_31_371,VPWR,li1,176.8700,95.2000,1.799985
FILLER_31_368,VPWR,li1,175.4900,95.2000,1.799985
FILLER_31_365,VPWR,li1,174.1100,95.2000,1.799985
FILLER_31_362,VPWR,li1,172.7300,95.2000,1.799985
FILLER_31_359,VPWR,li1,171.3500,95.2000,1.799985
FILLER_31_356,VPWR,li1,169.9700,95.2000,1.799985
FILLER_31_340,VPWR,li1,162.1500,95.2000,1.799988
FILLER_31_337,VPWR,li1,161.2300,95.2000,1.799988
FILLER_31_325,VPWR,li1,155.2500,95.2000,1.799987
FILLER_31_322,VPWR,li1,154.3300,95.2000,1.799987
FILLER_31_319,VPWR,li1,152.9500,95.2000,1.799986
FILLER_31_316,VPWR,li1,151.5700,95.2000,1.799986
FILLER_31_306,VPWR,li1,146.9700,95.2000,1.799984
FILLER_31_303,VPWR,li1,145.5900,95.2000,1.799983
FILLER_31_300,VPWR,li1,144.2100,95.2000,1.799983
FILLER_31_297,VPWR,li1,142.8300,95.2000,1.799983
FILLER_31_294,VPWR,li1,141.4500,95.2000,1.799983
FILLER_31_287,VPWR,li1,138.2300,95.2000,1.799982
FILLER_31_284,VPWR,li1,136.8500,95.2000,1.799982
FILLER_31_281,VPWR,li1,135.4700,95.2000,1.799982
FILLER_31_277,VPWR,li1,133.6300,95.2000,1.799983
FILLER_31_274,VPWR,li1,132.2500,95.2000,1.799983
FILLER_31_264,VPWR,li1,127.6500,95.2000,1.799976
FILLER_31_261,VPWR,li1,126.2700,95.2000,1.799976
FILLER_31_258,VPWR,li1,124.8900,95.2000,1.799972
FILLER_31_253,VPWR,li1,122.1300,95.2000,1.799968
FILLER_31_246,VPWR,li1,119.3700,95.2000,1.799965
FILLER_31_243,VPWR,li1,117.9900,95.2000,1.799961
FILLER_31_240,VPWR,li1,116.6100,95.2000,1.799961
FILLER_31_237,VPWR,li1,115.2300,95.2000,1.799959
FILLER_31_234,VPWR,li1,113.8500,95.2000,1.799957
FILLER_31_231,VPWR,li1,112.4700,95.2000,1.799957
FILLER_31_228,VPWR,li1,111.0900,95.2000,1.799954
FILLER_31_225,VPWR,li1,109.7100,95.2000,1.799954
FILLER_31_223,VPWR,li1,108.3300,95.2000,1.799952
FILLER_31_220,VPWR,li1,107.4100,95.2000,1.799952
FILLER_31_212,VPWR,li1,103.5000,95.2000,1.799948
FILLER_31_209,VPWR,li1,102.3500,95.2000,1.799946
FILLER_31_206,VPWR,li1,100.9700,95.2000,1.799945
FILLER_31_201,VPWR,li1,98.2100,95.2000,1.799934
FILLER_31_198,VPWR,li1,97.2900,95.2000,1.799934
FILLER_31_195,VPWR,li1,95.9100,95.2000,1.799924
FILLER_31_172,VPWR,li1,85.3300,95.2000,1.799921
FILLER_31_169,VPWR,li1,83.9500,95.2000,1.799925
FILLER_31_166,VPWR,li1,82.3400,95.2000,1.799925
FILLER_31_163,VPWR,li1,81.1900,95.2000,1.799929
FILLER_31_160,VPWR,li1,79.8100,95.2000,1.799929
FILLER_31_157,VPWR,li1,78.4300,95.2000,1.799933
FILLER_31_154,VPWR,li1,77.0500,95.2000,1.799940
FILLER_31_151,VPWR,li1,75.6700,95.2000,1.799940
FILLER_31_148,VPWR,li1,74.2900,95.2000,1.799947
FILLER_31_145,VPWR,li1,72.9100,95.2000,1.799947
FILLER_31_125,VPWR,li1,63.2500,95.2000,1.799940
FILLER_31_113,VPWR,li1,58.1900,95.2000,1.799937
FILLER_31_111,VPWR,li1,56.8100,95.2000,1.799937
FILLER_31_108,VPWR,li1,55.8900,95.2000,1.799937
FILLER_31_105,VPWR,li1,54.5100,95.2000,1.799939
FILLER_31_100,VPWR,li1,51.7500,95.2000,1.799940
FILLER_31_97,VPWR,li1,50.8300,95.2000,1.799940
FILLER_31_87,VPWR,li1,45.7700,95.2000,1.799951
FILLER_31_84,VPWR,li1,44.8500,95.2000,1.799951
FILLER_31_79,VPWR,li1,42.0900,95.2000,1.799955
FILLER_31_57,VPWR,li1,32.4300,95.2000,1.799952
FILLER_31_53,VPWR,li1,30.5900,95.2000,1.799953
FILLER_31_50,VPWR,li1,29.2100,95.2000,1.799953
FILLER_31_47,VPWR,li1,27.8300,95.2000,1.799953
FILLER_31_38,VPWR,li1,23.4600,95.2000,1.799954
FILLER_31_6,VPWR,li1,8.7400,95.2000,1.799974
FILLER_31_3,VPWR,li1,7.5900,95.2000,1.799974
FILLER_30_609,VPWR,li1,286.3500,95.2000,1.799963
FILLER_30_586,VPWR,li1,275.5400,95.2000,1.799952
FILLER_30_583,VPWR,li1,274.3900,95.2000,1.799952
FILLER_30_580,VPWR,li1,273.0100,95.2000,1.799951
FILLER_30_577,VPWR,li1,271.6300,95.2000,1.799950
FILLER_30_574,VPWR,li1,270.2500,95.2000,1.799950
FILLER_30_539,VPWR,li1,253.6900,95.2000,1.799959
FILLER_30_536,VPWR,li1,252.7700,95.2000,1.799967
FILLER_30_533,VPWR,li1,251.3900,95.2000,1.799967
FILLER_30_529,VPWR,li1,249.5500,95.2000,1.799974
FILLER_30_526,VPWR,li1,248.1700,95.2000,1.799974
FILLER_30_523,VPWR,li1,246.7900,95.2000,1.799974
FILLER_30_520,VPWR,li1,245.4100,95.2000,1.799975
FILLER_30_509,VPWR,li1,240.3500,95.2000,1.799977
FILLER_30_506,VPWR,li1,238.9700,95.2000,1.799978
FILLER_30_503,VPWR,li1,237.5900,95.2000,1.799979
FILLER_30_500,VPWR,li1,236.2100,95.2000,1.799979
FILLER_30_497,VPWR,li1,234.8300,95.2000,1.799981
FILLER_30_486,VPWR,li1,229.3100,95.2000,1.799984
FILLER_30_483,VPWR,li1,228.3900,95.2000,1.799985
FILLER_30_480,VPWR,li1,227.0100,95.2000,1.799985
FILLER_30_477,VPWR,li1,225.6300,95.2000,1.799987
FILLER_30_473,VPWR,li1,223.7900,95.2000,1.799988
FILLER_30_470,VPWR,li1,222.4100,95.2000,1.799988
FILLER_30_467,VPWR,li1,221.0300,95.2000,1.799990
FILLER_30_464,VPWR,li1,219.6500,95.2000,1.799990
FILLER_30_461,VPWR,li1,218.2700,95.2000,1.799990
FILLER_30_458,VPWR,li1,216.8900,95.2000,1.799989
FILLER_30_455,VPWR,li1,215.5100,95.2000,1.799989
FILLER_30_434,VPWR,li1,205.8500,95.2000,1.799987
FILLER_30_431,VPWR,li1,204.4700,95.2000,1.799987
FILLER_30_417,VPWR,li1,198.0300,95.2000,1.799987
FILLER_30_399,VPWR,li1,189.7500,95.2000,1.799988
FILLER_30_396,VPWR,li1,188.3700,95.2000,1.799985
FILLER_30_391,VPWR,li1,185.6100,95.2000,1.799985
FILLER_30_386,VPWR,li1,183.3100,95.2000,1.799985
FILLER_30_383,VPWR,li1,182.3900,95.2000,1.799985
FILLER_30_380,VPWR,li1,181.0100,95.2000,1.799985
FILLER_30_377,VPWR,li1,179.6300,95.2000,1.799985
FILLER_30_374,VPWR,li1,178.2500,95.2000,1.799985
FILLER_30_371,VPWR,li1,176.8700,95.2000,1.799985
FILLER_30_368,VPWR,li1,175.4900,95.2000,1.799985
FILLER_30_365,VPWR,li1,174.1100,95.2000,1.799985
FILLER_30_363,VPWR,li1,172.7300,95.2000,1.799985
FILLER_30_360,VPWR,li1,171.8100,95.2000,1.799985
FILLER_30_357,VPWR,li1,170.4300,95.2000,1.799985
FILLER_30_339,VPWR,li1,162.1500,95.2000,1.799988
FILLER_30_336,VPWR,li1,160.7700,95.2000,1.799989
FILLER_30_333,VPWR,li1,159.3900,95.2000,1.799989
FILLER_30_330,VPWR,li1,158.0100,95.2000,1.799988
FILLER_30_327,VPWR,li1,156.6300,95.2000,1.799988
FILLER_30_324,VPWR,li1,155.2500,95.2000,1.799987
FILLER_30_312,VPWR,li1,149.7300,95.2000,1.799984
FILLER_30_309,VPWR,li1,148.3500,95.2000,1.799984
FILLER_30_302,VPWR,li1,144.9000,95.2000,1.799983
FILLER_30_286,VPWR,li1,137.3100,95.2000,1.799982
FILLER_30_283,VPWR,li1,136.3900,95.2000,1.799982
FILLER_30_280,VPWR,li1,135.0100,95.2000,1.799982
FILLER_30_277,VPWR,li1,133.6300,95.2000,1.799983
FILLER_30_259,VPWR,li1,124.8900,95.2000,1.799972
FILLER_30_256,VPWR,li1,123.9700,95.2000,1.799972
FILLER_30_253,VPWR,li1,122.5900,95.2000,1.799968
FILLER_30_250,VPWR,li1,120.9800,95.2000,1.799965
FILLER_30_237,VPWR,li1,114.7700,95.2000,1.799959
FILLER_30_223,VPWR,li1,108.3300,95.2000,1.799952
FILLER_30_220,VPWR,li1,107.4100,95.2000,1.799952
FILLER_30_217,VPWR,li1,106.0300,95.2000,1.799950
FILLER_30_214,VPWR,li1,104.6500,95.2000,1.799948
FILLER_30_211,VPWR,li1,103.2700,95.2000,1.799948
FILLER_30_187,VPWR,li1,91.7700,95.2000,1.799914
FILLER_30_184,VPWR,li1,90.8500,95.2000,1.799914
FILLER_30_181,VPWR,li1,89.4700,95.2000,1.799918
FILLER_30_178,VPWR,li1,88.0900,95.2000,1.799918
FILLER_30_175,VPWR,li1,86.7100,95.2000,1.799921
FILLER_30_161,VPWR,li1,79.8100,95.2000,1.799929
FILLER_30_151,VPWR,li1,75.6700,95.2000,1.799940
FILLER_30_148,VPWR,li1,74.2900,95.2000,1.799947
FILLER_30_145,VPWR,li1,72.9100,95.2000,1.799947
FILLER_30_139,VPWR,li1,69.6900,95.2000,1.799950
FILLER_30_121,VPWR,li1,61.8700,95.2000,1.799938
FILLER_30_105,VPWR,li1,54.5100,95.2000,1.799939
FILLER_30_102,VPWR,li1,53.1300,95.2000,1.799939
FILLER_30_91,VPWR,li1,47.8400,95.2000,1.799947
FILLER_30_88,VPWR,li1,46.6900,95.2000,1.799947
FILLER_30_85,VPWR,li1,45.3100,95.2000,1.799951
FILLER_30_69,VPWR,li1,37.7200,95.2000,1.799958
FILLER_30_63,VPWR,li1,34.9600,95.2000,1.799952
FILLER_30_60,VPWR,li1,33.8100,95.2000,1.799952
FILLER_30_57,VPWR,li1,32.4300,95.2000,1.799952
FILLER_30_40,VPWR,li1,24.3800,95.2000,1.799954
FILLER_30_37,VPWR,li1,23.2300,95.2000,1.799954
FILLER_30_27,VPWR,li1,18.1700,95.2000,1.799960
FILLER_30_24,VPWR,li1,17.2500,95.2000,1.799960
FILLER_29_611,VPWR,li1,286.8100,89.7600,1.799916
FILLER_29_608,VPWR,li1,285.8900,89.7600,1.799916
FILLER_29_577,VPWR,li1,271.4000,89.7600,1.799882
FILLER_29_561,VPWR,li1,264.0400,89.7600,1.799886
FILLER_29_553,VPWR,li1,260.1300,89.7600,1.799901
FILLER_29_550,VPWR,li1,259.2100,89.7600,1.799901
FILLER_29_547,VPWR,li1,257.8300,89.7600,1.799911
FILLER_29_544,VPWR,li1,256.4500,89.7600,1.799924
FILLER_29_541,VPWR,li1,255.0700,89.7600,1.799924
FILLER_29_538,VPWR,li1,253.6900,89.7600,1.799935
FILLER_29_535,VPWR,li1,252.3100,89.7600,1.799944
FILLER_29_532,VPWR,li1,250.9300,89.7600,1.799944
FILLER_29_520,VPWR,li1,244.9500,89.7600,1.799954
FILLER_29_517,VPWR,li1,244.0300,89.7600,1.799954
FILLER_29_514,VPWR,li1,242.6500,89.7600,1.799954
FILLER_29_511,VPWR,li1,241.2700,89.7600,1.799954
FILLER_29_508,VPWR,li1,239.8900,89.7600,1.799954
FILLER_29_505,VPWR,li1,238.5100,89.7600,1.799954
FILLER_29_503,VPWR,li1,237.1300,89.7600,1.799954
FILLER_29_500,VPWR,li1,236.2100,89.7600,1.799954
FILLER_29_497,VPWR,li1,234.8300,89.7600,1.799956
FILLER_29_494,VPWR,li1,233.4500,89.7600,1.799956
FILLER_29_491,VPWR,li1,232.0700,89.7600,1.799957
FILLER_29_488,VPWR,li1,230.6900,89.7600,1.799958
FILLER_29_485,VPWR,li1,229.3100,89.7600,1.799958
FILLER_29_482,VPWR,li1,227.9300,89.7600,1.799960
FILLER_29_464,VPWR,li1,219.4200,89.7600,1.799971
FILLER_29_461,VPWR,li1,218.2700,89.7600,1.799972
FILLER_29_458,VPWR,li1,216.8900,89.7600,1.799972
FILLER_29_455,VPWR,li1,215.5100,89.7600,1.799972
FILLER_29_452,VPWR,li1,214.1300,89.7600,1.799973
FILLER_29_449,VPWR,li1,212.7500,89.7600,1.799973
FILLER_29_445,VPWR,li1,210.9100,89.7600,1.799974
FILLER_29_442,VPWR,li1,209.5300,89.7600,1.799975
FILLER_29_439,VPWR,li1,208.1500,89.7600,1.799976
FILLER_29_436,VPWR,li1,206.7700,89.7600,1.799976
FILLER_29_433,VPWR,li1,205.3900,89.7600,1.799977
FILLER_29_430,VPWR,li1,204.0100,89.7600,1.799977
FILLER_29_427,VPWR,li1,202.6300,89.7600,1.799979
FILLER_29_424,VPWR,li1,201.2500,89.7600,1.799979
FILLER_29_421,VPWR,li1,199.8700,89.7600,1.799981
FILLER_29_408,VPWR,li1,193.8900,89.7600,1.799985
FILLER_29_405,VPWR,li1,192.5100,89.7600,1.799985
FILLER_29_402,VPWR,li1,191.1300,89.7600,1.799986
FILLER_29_381,VPWR,li1,181.0100,89.7600,1.799981
FILLER_29_356,VPWR,li1,169.9700,89.7600,1.799981
FILLER_29_343,VPWR,li1,163.9900,89.7600,1.799988
FILLER_29_340,VPWR,li1,162.6100,89.7600,1.799988
FILLER_29_337,VPWR,li1,161.2300,89.7600,1.799990
FILLER_29_333,VPWR,li1,159.3900,89.7600,1.799989
FILLER_29_330,VPWR,li1,158.0100,89.7600,1.799989
FILLER_29_323,VPWR,li1,154.7900,89.7600,1.799988
FILLER_29_320,VPWR,li1,153.4100,89.7600,1.799988
FILLER_29_317,VPWR,li1,152.0300,89.7600,1.799988
FILLER_29_314,VPWR,li1,150.6500,89.7600,1.799988
FILLER_29_311,VPWR,li1,149.2700,89.7600,1.799988
FILLER_29_308,VPWR,li1,147.8900,89.7600,1.799988
FILLER_29_305,VPWR,li1,146.5100,89.7600,1.799988
FILLER_29_302,VPWR,li1,145.1300,89.7600,1.799988
FILLER_29_299,VPWR,li1,143.7500,89.7600,1.799988
FILLER_29_296,VPWR,li1,142.3700,89.7600,1.799988
FILLER_29_293,VPWR,li1,140.9900,89.7600,1.799988
FILLER_29_290,VPWR,li1,139.6100,89.7600,1.799987
FILLER_29_287,VPWR,li1,138.2300,89.7600,1.799987
FILLER_29_284,VPWR,li1,136.8500,89.7600,1.799988
FILLER_29_281,VPWR,li1,135.4700,89.7600,1.799988
FILLER_29_279,VPWR,li1,134.0900,89.7600,1.799988
FILLER_29_276,VPWR,li1,133.1700,89.7600,1.799988
FILLER_29_273,VPWR,li1,131.7900,89.7600,1.799988
FILLER_29_270,VPWR,li1,130.4100,89.7600,1.799989
FILLER_29_267,VPWR,li1,129.0300,89.7600,1.799987
FILLER_29_264,VPWR,li1,127.6500,89.7600,1.799987
FILLER_29_261,VPWR,li1,126.2700,89.7600,1.799984
FILLER_29_258,VPWR,li1,124.8900,89.7600,1.799982
FILLER_29_255,VPWR,li1,123.5100,89.7600,1.799982
FILLER_29_252,VPWR,li1,122.1300,89.7600,1.799979
FILLER_29_246,VPWR,li1,119.3700,89.7600,1.799977
FILLER_29_243,VPWR,li1,117.9900,89.7600,1.799974
FILLER_29_240,VPWR,li1,116.6100,89.7600,1.799972
FILLER_29_225,VPWR,li1,109.7100,89.7600,1.799969
FILLER_29_223,VPWR,li1,108.3300,89.7600,1.799969
FILLER_29_220,VPWR,li1,107.4100,89.7600,1.799969
FILLER_29_217,VPWR,li1,106.0300,89.7600,1.799968
FILLER_29_211,VPWR,li1,103.0400,89.7600,1.799969
FILLER_29_208,VPWR,li1,101.8900,89.7600,1.799969
FILLER_29_205,VPWR,li1,100.5100,89.7600,1.799970
FILLER_29_202,VPWR,li1,99.1300,89.7600,1.799965
FILLER_29_199,VPWR,li1,97.7500,89.7600,1.799965
FILLER_29_196,VPWR,li1,96.3700,89.7600,1.799959
FILLER_29_193,VPWR,li1,94.9900,89.7600,1.799952
FILLER_29_190,VPWR,li1,93.6100,89.7600,1.799952
FILLER_29_187,VPWR,li1,92.2300,89.7600,1.799943
FILLER_29_180,VPWR,li1,89.0100,89.7600,1.799938
FILLER_29_177,VPWR,li1,87.6300,89.7600,1.799938
FILLER_29_172,VPWR,li1,84.8700,89.7600,1.799933
FILLER_29_169,VPWR,li1,83.9500,89.7600,1.799931
FILLER_29_159,VPWR,li1,78.8900,89.7600,1.799940
FILLER_29_156,VPWR,li1,77.9700,89.7600,1.799940
FILLER_29_146,VPWR,li1,72.9100,89.7600,1.799951
FILLER_29_143,VPWR,li1,71.9900,89.7600,1.799951
FILLER_29_140,VPWR,li1,70.6100,89.7600,1.799956
FILLER_29_113,VPWR,li1,57.9600,89.7600,1.799938
FILLER_29_92,VPWR,li1,48.5300,89.7600,1.799941
FILLER_29_89,VPWR,li1,47.1500,89.7600,1.799945
FILLER_29_86,VPWR,li1,45.7700,89.7600,1.799945
FILLER_29_83,VPWR,li1,44.3900,89.7600,1.799948
FILLER_29_80,VPWR,li1,43.0100,89.7600,1.799952
FILLER_29_63,VPWR,li1,34.9600,89.7600,1.799956
FILLER_29_60,VPWR,li1,33.8100,89.7600,1.799956
FILLER_29_57,VPWR,li1,32.4300,89.7600,1.799956
FILLER_29_54,VPWR,li1,30.8200,89.7600,1.799957
FILLER_29_51,VPWR,li1,29.6700,89.7600,1.799959
FILLER_29_48,VPWR,li1,28.2900,89.7600,1.799959
FILLER_29_27,VPWR,li1,18.4000,89.7600,1.799968
FILLER_29_24,VPWR,li1,17.2500,89.7600,1.799971
FILLER_28_609,VPWR,li1,286.3500,89.7600,1.799916
FILLER_28_606,VPWR,li1,284.9700,89.7600,1.799916
FILLER_28_595,VPWR,li1,279.6800,89.7600,1.799906
FILLER_28_589,VPWR,li1,276.9200,89.7600,1.799897
FILLER_28_582,VPWR,li1,273.9300,89.7600,1.799887
FILLER_28_574,VPWR,li1,270.2500,89.7600,1.799879
FILLER_28_571,VPWR,li1,268.8700,89.7600,1.799879
FILLER_28_566,VPWR,li1,266.1100,89.7600,1.799879
FILLER_28_563,VPWR,li1,265.1900,89.7600,1.799886
FILLER_28_560,VPWR,li1,263.8100,89.7600,1.799886
FILLER_28_557,VPWR,li1,262.4300,89.7600,1.799893
FILLER_28_551,VPWR,li1,259.4400,89.7600,1.799901
FILLER_28_539,VPWR,li1,253.6900,89.7600,1.799935
FILLER_28_536,VPWR,li1,252.7700,89.7600,1.799935
FILLER_28_533,VPWR,li1,251.3900,89.7600,1.799944
FILLER_28_529,VPWR,li1,249.5500,89.7600,1.799955
FILLER_28_526,VPWR,li1,248.1700,89.7600,1.799954
FILLER_28_523,VPWR,li1,246.7900,89.7600,1.799954
FILLER_28_518,VPWR,li1,244.0300,89.7600,1.799954
FILLER_28_515,VPWR,li1,243.1100,89.7600,1.799954
FILLER_28_495,VPWR,li1,233.4500,89.7600,1.799956
FILLER_28_492,VPWR,li1,232.5300,89.7600,1.799957
FILLER_28_489,VPWR,li1,231.1500,89.7600,1.799957
FILLER_28_486,VPWR,li1,229.7700,89.7600,1.799958
FILLER_28_483,VPWR,li1,228.3900,89.7600,1.799960
FILLER_28_480,VPWR,li1,227.0100,89.7600,1.799960
FILLER_28_477,VPWR,li1,225.6300,89.7600,1.799961
FILLER_28_475,VPWR,li1,224.2500,89.7600,1.799961
FILLER_28_469,VPWR,li1,221.7200,89.7600,1.799963
FILLER_28_466,VPWR,li1,220.5700,89.7600,1.799971
FILLER_28_463,VPWR,li1,219.1900,89.7600,1.799971
FILLER_28_460,VPWR,li1,217.8100,89.7600,1.799972
FILLER_28_457,VPWR,li1,216.4300,89.7600,1.799972
FILLER_28_454,VPWR,li1,215.0500,89.7600,1.799972
FILLER_28_451,VPWR,li1,213.6700,89.7600,1.799973
FILLER_28_445,VPWR,li1,210.6800,89.7600,1.799974
FILLER_28_436,VPWR,li1,206.5400,89.7600,1.799976
FILLER_28_433,VPWR,li1,205.3900,89.7600,1.799977
FILLER_28_430,VPWR,li1,204.0100,89.7600,1.799977
FILLER_28_427,VPWR,li1,202.6300,89.7600,1.799979
FILLER_28_424,VPWR,li1,201.2500,89.7600,1.799979
FILLER_28_421,VPWR,li1,199.8700,89.7600,1.799981
FILLER_28_418,VPWR,li1,198.2600,89.7600,1.799981
FILLER_28_415,VPWR,li1,197.1100,89.7600,1.799982
FILLER_28_409,VPWR,li1,194.1200,89.7600,1.799985
FILLER_28_377,VPWR,li1,179.6300,89.7600,1.799981
FILLER_28_374,VPWR,li1,178.2500,89.7600,1.799981
FILLER_28_361,VPWR,li1,172.2700,89.7600,1.799981
FILLER_28_341,VPWR,li1,162.8400,89.7600,1.799988
FILLER_28_338,VPWR,li1,161.6900,89.7600,1.799990
FILLER_28_335,VPWR,li1,160.3100,89.7600,1.799990
FILLER_28_332,VPWR,li1,158.9300,89.7600,1.799989
FILLER_28_321,VPWR,li1,153.6400,89.7600,1.799988
FILLER_28_318,VPWR,li1,152.4900,89.7600,1.799988
FILLER_28_315,VPWR,li1,151.1100,89.7600,1.799988
FILLER_28_312,VPWR,li1,149.7300,89.7600,1.799988
FILLER_28_309,VPWR,li1,148.3500,89.7600,1.799988
FILLER_28_298,VPWR,li1,143.0600,89.7600,1.799988
FILLER_28_295,VPWR,li1,141.9100,89.7600,1.799988
FILLER_28_283,VPWR,li1,136.3900,89.7600,1.799988
FILLER_28_280,VPWR,li1,135.0100,89.7600,1.799988
FILLER_28_277,VPWR,li1,133.6300,89.7600,1.799988
FILLER_28_274,VPWR,li1,132.2500,89.7600,1.799988
FILLER_28_271,VPWR,li1,130.8700,89.7600,1.799989
FILLER_28_268,VPWR,li1,129.4900,89.7600,1.799989
FILLER_28_265,VPWR,li1,128.1100,89.7600,1.799987
FILLER_28_262,VPWR,li1,126.7300,89.7600,1.799984
FILLER_28_259,VPWR,li1,125.3500,89.7600,1.799984
FILLER_28_256,VPWR,li1,123.9700,89.7600,1.799982
FILLER_28_253,VPWR,li1,122.5900,89.7600,1.799979
FILLER_28_251,VPWR,li1,121.2100,89.7600,1.799979
FILLER_28_248,VPWR,li1,120.2900,89.7600,1.799977
FILLER_28_245,VPWR,li1,118.9100,89.7600,1.799974
FILLER_28_229,VPWR,li1,111.5500,89.7600,1.799970
FILLER_28_226,VPWR,li1,110.1700,89.7600,1.799969
FILLER_28_223,VPWR,li1,108.7900,89.7600,1.799969
FILLER_28_220,VPWR,li1,107.4100,89.7600,1.799969
FILLER_28_217,VPWR,li1,106.0300,89.7600,1.799968
FILLER_28_214,VPWR,li1,104.6500,89.7600,1.799968
FILLER_28_206,VPWR,li1,100.5100,89.7600,1.799970
FILLER_28_203,VPWR,li1,99.5900,89.7600,1.799970
FILLER_28_200,VPWR,li1,98.2100,89.7600,1.799965
FILLER_28_197,VPWR,li1,96.8300,89.7600,1.799959
FILLER_28_194,VPWR,li1,95.2200,89.7600,1.799952
FILLER_28_180,VPWR,li1,88.5500,89.7600,1.799938
FILLER_28_177,VPWR,li1,87.6300,89.7600,1.799938
FILLER_28_174,VPWR,li1,86.2500,89.7600,1.799933
FILLER_28_167,VPWR,li1,83.0300,89.7600,1.799931
FILLER_28_164,VPWR,li1,81.6500,89.7600,1.799935
FILLER_28_161,VPWR,li1,80.2700,89.7600,1.799935
FILLER_28_158,VPWR,li1,78.8900,89.7600,1.799940
FILLER_28_155,VPWR,li1,77.5100,89.7600,1.799940
FILLER_28_152,VPWR,li1,76.1300,89.7600,1.799945
FILLER_28_149,VPWR,li1,74.7500,89.7600,1.799945
FILLER_28_95,VPWR,li1,49.4500,89.7600,1.799941
FILLER_28_92,VPWR,li1,48.5300,89.7600,1.799941
FILLER_28_85,VPWR,li1,45.3100,89.7600,1.799948
FILLER_28_82,VPWR,li1,43.7000,89.7600,1.799948
FILLER_28_79,VPWR,li1,42.5500,89.7600,1.799952
FILLER_28_76,VPWR,li1,41.1700,89.7600,1.799956
FILLER_28_69,VPWR,li1,37.9500,89.7600,1.799956
FILLER_28_66,VPWR,li1,36.5700,89.7600,1.799956
FILLER_28_53,VPWR,li1,30.5900,89.7600,1.799957
FILLER_28_50,VPWR,li1,29.2100,89.7600,1.799959
FILLER_28_47,VPWR,li1,27.8300,89.7600,1.799960
FILLER_28_44,VPWR,li1,26.4500,89.7600,1.799960
FILLER_28_35,VPWR,li1,22.0800,89.7600,1.799965
FILLER_28_32,VPWR,li1,20.9300,89.7600,1.799965
FILLER_28_29,VPWR,li1,19.5500,89.7600,1.799968
FILLER_28_26,VPWR,li1,17.9400,89.7600,1.799968
FILLER_28_6,VPWR,li1,8.9700,89.7600,1.799982
FILLER_28_3,VPWR,li1,7.5900,89.7600,1.799982
FILLER_27_611,VPWR,li1,286.8100,84.3200,1.799961
FILLER_27_594,VPWR,li1,279.4500,84.3200,1.799960
FILLER_27_576,VPWR,li1,270.9400,84.3200,1.799950
FILLER_27_573,VPWR,li1,269.7900,84.3200,1.799951
FILLER_27_570,VPWR,li1,268.4100,84.3200,1.799951
FILLER_27_567,VPWR,li1,267.0300,84.3200,1.799953
FILLER_27_564,VPWR,li1,265.6500,84.3200,1.799953
FILLER_27_561,VPWR,li1,264.2700,84.3200,1.799955
FILLER_27_538,VPWR,li1,253.4600,84.3200,1.799968
FILLER_27_527,VPWR,li1,248.1700,84.3200,1.799970
FILLER_27_524,VPWR,li1,247.2500,84.3200,1.799970
FILLER_27_515,VPWR,li1,242.8800,84.3200,1.799966
FILLER_27_512,VPWR,li1,241.7300,84.3200,1.799966
FILLER_27_509,VPWR,li1,240.3500,84.3200,1.799965
FILLER_27_492,VPWR,li1,232.5300,84.3200,1.799966
FILLER_27_489,VPWR,li1,231.1500,84.3200,1.799968
FILLER_27_486,VPWR,li1,229.7700,84.3200,1.799968
FILLER_27_473,VPWR,li1,223.7900,84.3200,1.799971
FILLER_27_464,VPWR,li1,219.6500,84.3200,1.799976
FILLER_27_459,VPWR,li1,216.8900,84.3200,1.799973
FILLER_27_456,VPWR,li1,215.9700,84.3200,1.799970
FILLER_27_453,VPWR,li1,214.5900,84.3200,1.799970
FILLER_27_432,VPWR,li1,204.9300,84.3200,1.799962
FILLER_27_405,VPWR,li1,192.5100,84.3200,1.799975
FILLER_27_391,VPWR,li1,185.6100,84.3200,1.799976
FILLER_27_388,VPWR,li1,184.6900,84.3200,1.799975
FILLER_27_366,VPWR,li1,174.5700,84.3200,1.799974
FILLER_27_363,VPWR,li1,173.1900,84.3200,1.799974
FILLER_27_360,VPWR,li1,171.8100,84.3200,1.799975
FILLER_27_357,VPWR,li1,170.4300,84.3200,1.799975
FILLER_27_344,VPWR,li1,163.9900,84.3200,1.799977
FILLER_27_337,VPWR,li1,161.0000,84.3200,1.799979
FILLER_27_335,VPWR,li1,159.8500,84.3200,1.799979
FILLER_27_320,VPWR,li1,152.9500,84.3200,1.799968
FILLER_27_317,VPWR,li1,152.0300,84.3200,1.799966
FILLER_27_314,VPWR,li1,150.6500,84.3200,1.799964
FILLER_27_311,VPWR,li1,149.2700,84.3200,1.799964
FILLER_27_308,VPWR,li1,147.8900,84.3200,1.799962
FILLER_27_305,VPWR,li1,146.5100,84.3200,1.799961
FILLER_27_302,VPWR,li1,145.1300,84.3200,1.799961
FILLER_27_287,VPWR,li1,138.0000,84.3200,1.799957
FILLER_27_284,VPWR,li1,136.8500,84.3200,1.799957
FILLER_27_281,VPWR,li1,135.4700,84.3200,1.799957
FILLER_27_279,VPWR,li1,134.0900,84.3200,1.799957
FILLER_27_256,VPWR,li1,123.9700,84.3200,1.799935
FILLER_27_249,VPWR,li1,120.7500,84.3200,1.799918
FILLER_27_246,VPWR,li1,119.3700,84.3200,1.799918
FILLER_27_228,VPWR,li1,110.8600,84.3200,1.799929
FILLER_27_225,VPWR,li1,109.7100,84.3200,1.799935
FILLER_27_221,VPWR,li1,107.8700,84.3200,1.799940
FILLER_27_218,VPWR,li1,106.4900,84.3200,1.799940
FILLER_27_215,VPWR,li1,105.1100,84.3200,1.799946
FILLER_27_212,VPWR,li1,103.7300,84.3200,1.799951
FILLER_27_207,VPWR,li1,100.9700,84.3200,1.799958
FILLER_27_202,VPWR,li1,98.6700,84.3200,1.799954
FILLER_27_199,VPWR,li1,97.7500,84.3200,1.799954
FILLER_27_196,VPWR,li1,96.3700,84.3200,1.799951
FILLER_27_193,VPWR,li1,94.9900,84.3200,1.799948
FILLER_27_190,VPWR,li1,93.6100,84.3200,1.799946
FILLER_27_187,VPWR,li1,92.2300,84.3200,1.799946
FILLER_27_184,VPWR,li1,90.8500,84.3200,1.799942
FILLER_27_172,VPWR,li1,85.3300,84.3200,1.799937
FILLER_27_169,VPWR,li1,83.9500,84.3200,1.799937
FILLER_27_167,VPWR,li1,82.5700,84.3200,1.799939
FILLER_27_164,VPWR,li1,81.6500,84.3200,1.799941
FILLER_27_161,VPWR,li1,80.2700,84.3200,1.799941
FILLER_27_158,VPWR,li1,78.8900,84.3200,1.799944
FILLER_27_144,VPWR,li1,72.2200,84.3200,1.799955
FILLER_27_141,VPWR,li1,71.0700,84.3200,1.799962
FILLER_27_113,VPWR,li1,57.9600,84.3200,1.799949
FILLER_27_110,VPWR,li1,56.5800,84.3200,1.799949
FILLER_27_85,VPWR,li1,45.3100,84.3200,1.799959
FILLER_27_76,VPWR,li1,40.7100,84.3200,1.799967
FILLER_27_73,VPWR,li1,39.7900,84.3200,1.799967
FILLER_27_70,VPWR,li1,38.4100,84.3200,1.799963
FILLER_27_67,VPWR,li1,37.0300,84.3200,1.799960
FILLER_27_64,VPWR,li1,35.6500,84.3200,1.799960
FILLER_27_46,VPWR,li1,27.3700,84.3200,1.799955
FILLER_27_43,VPWR,li1,25.9900,84.3200,1.799955
FILLER_27_40,VPWR,li1,24.6100,84.3200,1.799955
FILLER_27_37,VPWR,li1,23.2300,84.3200,1.799956
FILLER_27_6,VPWR,li1,8.7400,84.3200,1.799975
FILLER_27_3,VPWR,li1,7.5900,84.3200,1.799975
FILLER_26_610,VPWR,li1,286.5800,84.3200,1.799961
FILLER_26_607,VPWR,li1,285.4300,84.3200,1.799961
FILLER_26_555,VPWR,li1,261.2800,84.3200,1.799957
FILLER_26_552,VPWR,li1,260.1300,84.3200,1.799960
FILLER_26_545,VPWR,li1,256.9100,84.3200,1.799963
FILLER_26_542,VPWR,li1,255.5300,84.3200,1.799966
FILLER_26_539,VPWR,li1,254.1500,84.3200,1.799966
FILLER_26_536,VPWR,li1,252.7700,84.3200,1.799968
FILLER_26_533,VPWR,li1,251.3900,84.3200,1.799972
FILLER_26_531,VPWR,li1,250.0100,84.3200,1.799972
FILLER_26_519,VPWR,li1,244.7200,84.3200,1.799967
FILLER_26_516,VPWR,li1,243.5700,84.3200,1.799967
FILLER_26_513,VPWR,li1,242.1900,84.3200,1.799966
FILLER_26_504,VPWR,li1,237.5900,84.3200,1.799965
FILLER_26_501,VPWR,li1,236.6700,84.3200,1.799965
FILLER_26_498,VPWR,li1,235.2900,84.3200,1.799965
FILLER_26_495,VPWR,li1,233.9100,84.3200,1.799966
FILLER_26_492,VPWR,li1,232.5300,84.3200,1.799966
FILLER_26_489,VPWR,li1,231.1500,84.3200,1.799968
FILLER_26_483,VPWR,li1,228.1600,84.3200,1.799969
FILLER_26_477,VPWR,li1,225.4000,84.3200,1.799971
FILLER_26_475,VPWR,li1,224.2500,84.3200,1.799971
FILLER_26_472,VPWR,li1,223.3300,84.3200,1.799973
FILLER_26_469,VPWR,li1,221.9500,84.3200,1.799973
FILLER_26_462,VPWR,li1,218.2700,84.3200,1.799973
FILLER_26_459,VPWR,li1,217.3500,84.3200,1.799973
FILLER_26_456,VPWR,li1,215.9700,84.3200,1.799970
FILLER_26_440,VPWR,li1,208.6100,84.3200,1.799964
FILLER_26_437,VPWR,li1,207.2300,84.3200,1.799964
FILLER_26_417,VPWR,li1,198.0300,84.3200,1.799965
FILLER_26_407,VPWR,li1,193.4300,84.3200,1.799975
FILLER_26_404,VPWR,li1,192.0500,84.3200,1.799979
FILLER_26_380,VPWR,li1,181.0100,84.3200,1.799975
FILLER_26_374,VPWR,li1,178.0200,84.3200,1.799974
FILLER_26_371,VPWR,li1,176.8700,84.3200,1.799974
FILLER_26_368,VPWR,li1,175.4900,84.3200,1.799974
FILLER_26_365,VPWR,li1,174.1100,84.3200,1.799974
FILLER_26_354,VPWR,li1,168.8200,84.3200,1.799975
FILLER_26_351,VPWR,li1,167.6700,84.3200,1.799976
FILLER_26_348,VPWR,li1,166.2900,84.3200,1.799976
FILLER_26_345,VPWR,li1,164.9100,84.3200,1.799977
FILLER_26_342,VPWR,li1,163.5300,84.3200,1.799978
FILLER_26_339,VPWR,li1,162.1500,84.3200,1.799978
FILLER_26_336,VPWR,li1,160.7700,84.3200,1.799979
FILLER_26_331,VPWR,li1,158.0100,84.3200,1.799975
FILLER_26_328,VPWR,li1,157.0900,84.3200,1.799971
FILLER_26_325,VPWR,li1,155.7100,84.3200,1.799971
FILLER_26_318,VPWR,li1,152.4900,84.3200,1.799966
FILLER_26_315,VPWR,li1,151.1100,84.3200,1.799966
FILLER_26_312,VPWR,li1,149.7300,84.3200,1.799964
FILLER_26_309,VPWR,li1,148.3500,84.3200,1.799962
FILLER_26_305,VPWR,li1,146.5100,84.3200,1.799961
FILLER_26_302,VPWR,li1,145.1300,84.3200,1.799961
FILLER_26_285,VPWR,li1,136.8500,84.3200,1.799957
FILLER_26_282,VPWR,li1,135.9300,84.3200,1.799957
FILLER_26_279,VPWR,li1,134.5500,84.3200,1.799957
FILLER_26_276,VPWR,li1,133.1700,84.3200,1.799957
FILLER_26_262,VPWR,li1,126.2700,84.3200,1.799945
FILLER_26_249,VPWR,li1,120.7500,84.3200,1.799918
FILLER_26_237,VPWR,li1,114.7700,84.3200,1.799918
FILLER_26_228,VPWR,li1,110.6300,84.3200,1.799929
FILLER_26_225,VPWR,li1,109.7100,84.3200,1.799935
FILLER_26_222,VPWR,li1,108.3300,84.3200,1.799935
FILLER_26_219,VPWR,li1,106.9500,84.3200,1.799940
FILLER_26_216,VPWR,li1,105.5700,84.3200,1.799946
FILLER_26_213,VPWR,li1,104.1900,84.3200,1.799946
FILLER_26_210,VPWR,li1,102.8100,84.3200,1.799951
FILLER_26_194,VPWR,li1,95.2200,84.3200,1.799948
FILLER_26_191,VPWR,li1,94.0700,84.3200,1.799948
FILLER_26_188,VPWR,li1,92.6900,84.3200,1.799946
FILLER_26_185,VPWR,li1,91.3100,84.3200,1.799942
FILLER_26_182,VPWR,li1,89.9300,84.3200,1.799942
FILLER_26_168,VPWR,li1,83.0300,84.3200,1.799939
FILLER_26_165,VPWR,li1,82.1100,84.3200,1.799939
FILLER_26_147,VPWR,li1,73.3700,84.3200,1.799955
FILLER_26_144,VPWR,li1,72.4500,84.3200,1.799955
FILLER_26_141,VPWR,li1,71.0700,84.3200,1.799962
FILLER_26_138,VPWR,li1,69.4600,84.3200,1.799962
FILLER_26_123,VPWR,li1,62.5600,84.3200,1.799952
FILLER_26_104,VPWR,li1,53.8200,84.3200,1.799950
FILLER_26_101,VPWR,li1,52.6700,84.3200,1.799950
FILLER_26_91,VPWR,li1,47.6100,84.3200,1.799955
FILLER_26_88,VPWR,li1,46.6900,84.3200,1.799955
FILLER_26_85,VPWR,li1,45.3100,84.3200,1.799959
FILLER_26_61,VPWR,li1,33.8100,84.3200,1.799956
FILLER_26_58,VPWR,li1,32.8900,84.3200,1.799955
FILLER_26_55,VPWR,li1,31.5100,84.3200,1.799955
FILLER_26_48,VPWR,li1,28.2900,84.3200,1.799955
FILLER_26_45,VPWR,li1,26.9100,84.3200,1.799955
FILLER_26_42,VPWR,li1,25.5300,84.3200,1.799955
FILLER_26_29,VPWR,li1,19.5500,84.3200,1.799959
FILLER_26_19,VPWR,li1,14.4900,84.3200,1.799968
FILLER_26_12,VPWR,li1,11.7300,84.3200,1.799975
FILLER_26_9,VPWR,li1,10.3500,84.3200,1.799975
FILLER_26_6,VPWR,li1,8.9700,84.3200,1.799975
FILLER_26_3,VPWR,li1,7.5900,84.3200,1.799975
FILLER_25_601,VPWR,li1,282.2100,78.8800,1.799988
FILLER_25_588,VPWR,li1,276.4600,78.8800,1.799987
FILLER_25_582,VPWR,li1,273.7000,78.8800,1.799986
FILLER_25_579,VPWR,li1,272.5500,78.8800,1.799985
FILLER_25_576,VPWR,li1,271.1700,78.8800,1.799985
FILLER_25_573,VPWR,li1,269.7900,78.8800,1.799985
FILLER_25_570,VPWR,li1,268.4100,78.8800,1.799984
FILLER_25_561,VPWR,li1,263.8100,78.8800,1.799983
FILLER_25_557,VPWR,li1,262.4300,78.8800,1.799983
FILLER_25_554,VPWR,li1,261.0500,78.8800,1.799982
FILLER_25_551,VPWR,li1,259.6700,78.8800,1.799982
FILLER_25_548,VPWR,li1,258.2900,78.8800,1.799982
FILLER_25_545,VPWR,li1,256.9100,78.8800,1.799982
FILLER_25_538,VPWR,li1,253.2300,78.8800,1.799980
FILLER_25_535,VPWR,li1,252.3100,78.8800,1.799980
FILLER_25_532,VPWR,li1,250.9300,78.8800,1.799980
FILLER_25_529,VPWR,li1,249.5500,78.8800,1.799977
FILLER_25_526,VPWR,li1,248.1700,78.8800,1.799977
FILLER_25_508,VPWR,li1,239.4300,78.8800,1.799967
FILLER_25_505,VPWR,li1,238.5100,78.8800,1.799967
FILLER_25_503,VPWR,li1,237.1300,78.8800,1.799969
FILLER_25_500,VPWR,li1,236.2100,78.8800,1.799969
FILLER_25_497,VPWR,li1,234.8300,78.8800,1.799970
FILLER_25_485,VPWR,li1,229.0800,78.8800,1.799974
FILLER_25_475,VPWR,li1,224.4800,78.8800,1.799979
FILLER_25_472,VPWR,li1,223.3300,78.8800,1.799981
FILLER_25_469,VPWR,li1,221.9500,78.8800,1.799983
FILLER_25_466,VPWR,li1,220.5700,78.8800,1.799983
FILLER_25_463,VPWR,li1,219.1900,78.8800,1.799980
FILLER_25_460,VPWR,li1,217.8100,78.8800,1.799980
FILLER_25_457,VPWR,li1,216.4300,78.8800,1.799978
FILLER_25_454,VPWR,li1,215.0500,78.8800,1.799978
FILLER_25_449,VPWR,li1,212.2900,78.8800,1.799976
FILLER_25_443,VPWR,li1,209.5300,78.8800,1.799975
FILLER_25_440,VPWR,li1,208.6100,78.8800,1.799974
FILLER_25_437,VPWR,li1,207.2300,78.8800,1.799974
FILLER_25_434,VPWR,li1,205.8500,78.8800,1.799973
FILLER_25_431,VPWR,li1,204.4700,78.8800,1.799973
FILLER_25_428,VPWR,li1,203.0900,78.8800,1.799973
FILLER_25_425,VPWR,li1,201.7100,78.8800,1.799973
FILLER_25_419,VPWR,li1,198.7200,78.8800,1.799972
FILLER_25_408,VPWR,li1,193.4300,78.8800,1.799974
FILLER_25_405,VPWR,li1,192.5100,78.8800,1.799974
FILLER_25_402,VPWR,li1,191.1300,78.8800,1.799974
FILLER_25_396,VPWR,li1,188.1400,78.8800,1.799968
FILLER_25_393,VPWR,li1,186.9900,78.8800,1.799965
FILLER_25_382,VPWR,li1,181.7000,78.8800,1.799960
FILLER_25_379,VPWR,li1,180.5500,78.8800,1.799959
FILLER_25_376,VPWR,li1,179.1700,78.8800,1.799957
FILLER_25_371,VPWR,li1,176.4100,78.8800,1.799956
FILLER_25_368,VPWR,li1,175.4900,78.8800,1.799956
FILLER_25_365,VPWR,li1,174.1100,78.8800,1.799955
FILLER_25_360,VPWR,li1,171.3500,78.8800,1.799954
FILLER_25_353,VPWR,li1,168.5900,78.8800,1.799953
FILLER_25_334,VPWR,li1,159.6200,78.8800,1.799969
FILLER_25_331,VPWR,li1,158.4700,78.8800,1.799966
FILLER_25_328,VPWR,li1,157.0900,78.8800,1.799966
FILLER_25_312,VPWR,li1,149.7300,78.8800,1.799961
FILLER_25_309,VPWR,li1,148.3500,78.8800,1.799961
FILLER_25_306,VPWR,li1,146.9700,78.8800,1.799961
FILLER_25_287,VPWR,li1,138.0000,78.8800,1.799967
FILLER_25_284,VPWR,li1,136.8500,78.8800,1.799967
FILLER_25_281,VPWR,li1,135.4700,78.8800,1.799969
FILLER_25_277,VPWR,li1,133.6300,78.8800,1.799972
FILLER_25_274,VPWR,li1,132.2500,78.8800,1.799972
FILLER_25_271,VPWR,li1,130.8700,78.8800,1.799975
FILLER_25_268,VPWR,li1,129.4900,78.8800,1.799975
FILLER_25_257,VPWR,li1,124.4300,78.8800,1.799965
FILLER_25_234,VPWR,li1,113.3900,78.8800,1.799947
FILLER_25_231,VPWR,li1,112.4700,78.8800,1.799947
FILLER_25_228,VPWR,li1,111.0900,78.8800,1.799944
FILLER_25_225,VPWR,li1,109.7100,78.8800,1.799944
FILLER_25_217,VPWR,li1,106.0300,78.8800,1.799939
FILLER_25_214,VPWR,li1,104.6500,78.8800,1.799939
FILLER_25_211,VPWR,li1,103.2700,78.8800,1.799938
FILLER_25_201,VPWR,li1,98.4400,78.8800,1.799930
FILLER_25_198,VPWR,li1,97.2900,78.8800,1.799930
FILLER_25_195,VPWR,li1,95.9100,78.8800,1.799927
FILLER_25_192,VPWR,li1,94.5300,78.8800,1.799924
FILLER_25_189,VPWR,li1,93.1500,78.8800,1.799924
FILLER_25_186,VPWR,li1,91.7700,78.8800,1.799920
FILLER_25_183,VPWR,li1,90.3900,78.8800,1.799918
FILLER_25_180,VPWR,li1,89.0100,78.8800,1.799918
FILLER_25_177,VPWR,li1,87.6300,78.8800,1.799915
FILLER_25_172,VPWR,li1,84.8700,78.8800,1.799914
FILLER_25_169,VPWR,li1,83.9500,78.8800,1.799914
FILLER_25_165,VPWR,li1,82.1100,78.8800,1.799914
FILLER_25_162,VPWR,li1,80.7300,78.8800,1.799919
FILLER_25_159,VPWR,li1,79.3500,78.8800,1.799919
FILLER_25_139,VPWR,li1,69.9200,78.8800,1.799948
FILLER_25_136,VPWR,li1,68.7700,78.8800,1.799948
FILLER_25_129,VPWR,li1,65.5500,78.8800,1.799943
FILLER_25_96,VPWR,li1,50.1400,78.8800,1.799950
FILLER_25_93,VPWR,li1,48.9900,78.8800,1.799954
FILLER_25_90,VPWR,li1,47.6100,78.8800,1.799956
FILLER_25_87,VPWR,li1,46.2300,78.8800,1.799956
FILLER_25_84,VPWR,li1,44.8500,78.8800,1.799960
FILLER_25_81,VPWR,li1,43.4700,78.8800,1.799963
FILLER_25_78,VPWR,li1,42.0900,78.8800,1.799963
FILLER_25_75,VPWR,li1,40.7100,78.8800,1.799968
FILLER_25_72,VPWR,li1,39.3300,78.8800,1.799968
FILLER_25_48,VPWR,li1,28.2900,78.8800,1.799950
FILLER_25_45,VPWR,li1,26.9100,78.8800,1.799949
FILLER_25_42,VPWR,li1,25.5300,78.8800,1.799948
FILLER_25_36,VPWR,li1,22.5400,78.8800,1.799950
FILLER_25_33,VPWR,li1,21.3900,78.8800,1.799950
FILLER_25_30,VPWR,li1,20.0100,78.8800,1.799953
FILLER_25_27,VPWR,li1,18.6300,78.8800,1.799953
FILLER_25_24,VPWR,li1,17.2500,78.8800,1.799956
FILLER_24_610,VPWR,li1,286.5800,78.8800,1.799985
FILLER_24_607,VPWR,li1,285.4300,78.8800,1.799985
FILLER_24_604,VPWR,li1,284.0500,78.8800,1.799986
FILLER_24_601,VPWR,li1,282.6700,78.8800,1.799986
FILLER_24_593,VPWR,li1,278.7600,78.8800,1.799987
FILLER_24_583,VPWR,li1,273.9300,78.8800,1.799986
FILLER_24_580,VPWR,li1,273.0100,78.8800,1.799985
FILLER_24_577,VPWR,li1,271.6300,78.8800,1.799985
FILLER_24_574,VPWR,li1,270.2500,78.8800,1.799985
FILLER_24_571,VPWR,li1,268.8700,78.8800,1.799984
FILLER_24_568,VPWR,li1,267.4900,78.8800,1.799984
FILLER_24_565,VPWR,li1,266.1100,78.8800,1.799984
FILLER_24_560,VPWR,li1,263.3500,78.8800,1.799983
FILLER_24_557,VPWR,li1,262.4300,78.8800,1.799983
FILLER_24_554,VPWR,li1,261.0500,78.8800,1.799982
FILLER_24_551,VPWR,li1,259.6700,78.8800,1.799982
FILLER_24_548,VPWR,li1,258.2900,78.8800,1.799982
FILLER_24_545,VPWR,li1,256.9100,78.8800,1.799982
FILLER_24_540,VPWR,li1,254.1500,78.8800,1.799981
FILLER_24_537,VPWR,li1,253.2300,78.8800,1.799980
FILLER_24_529,VPWR,li1,249.5500,78.8800,1.799977
FILLER_24_526,VPWR,li1,248.1700,78.8800,1.799977
FILLER_24_523,VPWR,li1,246.7900,78.8800,1.799972
FILLER_24_520,VPWR,li1,245.4100,78.8800,1.799972
FILLER_24_514,VPWR,li1,242.4200,78.8800,1.799969
FILLER_24_498,VPWR,li1,235.0600,78.8800,1.799970
FILLER_24_495,VPWR,li1,233.9100,78.8800,1.799970
FILLER_24_492,VPWR,li1,232.5300,78.8800,1.799972
FILLER_24_487,VPWR,li1,229.7700,78.8800,1.799974
FILLER_24_484,VPWR,li1,228.8500,78.8800,1.799974
FILLER_24_477,VPWR,li1,225.4000,78.8800,1.799979
FILLER_24_473,VPWR,li1,223.7900,78.8800,1.799981
FILLER_24_470,VPWR,li1,222.4100,78.8800,1.799981
FILLER_24_433,VPWR,li1,204.9300,78.8800,1.799973
FILLER_24_430,VPWR,li1,204.0100,78.8800,1.799973
FILLER_24_427,VPWR,li1,202.6300,78.8800,1.799973
FILLER_24_424,VPWR,li1,201.2500,78.8800,1.799973
FILLER_24_421,VPWR,li1,199.8700,78.8800,1.799972
FILLER_24_419,VPWR,li1,198.4900,78.8800,1.799972
FILLER_24_416,VPWR,li1,197.5700,78.8800,1.799972
FILLER_24_413,VPWR,li1,196.1900,78.8800,1.799973
FILLER_24_410,VPWR,li1,194.8100,78.8800,1.799973
FILLER_24_395,VPWR,li1,187.9100,78.8800,1.799968
FILLER_24_392,VPWR,li1,186.5300,78.8800,1.799965
FILLER_24_385,VPWR,li1,183.3100,78.8800,1.799960
FILLER_24_382,VPWR,li1,181.9300,78.8800,1.799960
FILLER_24_375,VPWR,li1,178.2500,78.8800,1.799957
FILLER_24_336,VPWR,li1,160.7700,78.8800,1.799969
FILLER_24_318,VPWR,li1,152.0300,78.8800,1.799962
FILLER_24_315,VPWR,li1,151.1100,78.8800,1.799961
FILLER_24_312,VPWR,li1,149.7300,78.8800,1.799961
FILLER_24_309,VPWR,li1,148.3500,78.8800,1.799961
FILLER_24_307,VPWR,li1,146.9700,78.8800,1.799961
FILLER_24_304,VPWR,li1,146.0500,78.8800,1.799960
FILLER_24_301,VPWR,li1,144.6700,78.8800,1.799960
FILLER_24_295,VPWR,li1,141.4500,78.8800,1.799962
FILLER_24_289,VPWR,li1,138.9200,78.8800,1.799965
FILLER_24_286,VPWR,li1,137.7700,78.8800,1.799967
FILLER_24_283,VPWR,li1,136.3900,78.8800,1.799967
FILLER_24_280,VPWR,li1,135.0100,78.8800,1.799969
FILLER_24_268,VPWR,li1,129.2600,78.8800,1.799975
FILLER_24_265,VPWR,li1,128.1100,78.8800,1.799970
FILLER_24_262,VPWR,li1,126.7300,78.8800,1.799970
FILLER_24_259,VPWR,li1,125.3500,78.8800,1.799965
FILLER_24_256,VPWR,li1,123.9700,78.8800,1.799965
FILLER_24_253,VPWR,li1,122.5900,78.8800,1.799961
FILLER_24_247,VPWR,li1,119.3700,78.8800,1.799957
FILLER_24_244,VPWR,li1,118.4500,78.8800,1.799953
FILLER_24_239,VPWR,li1,115.6900,78.8800,1.799950
FILLER_24_236,VPWR,li1,114.7700,78.8800,1.799950
FILLER_24_233,VPWR,li1,113.3900,78.8800,1.799947
FILLER_24_230,VPWR,li1,112.0100,78.8800,1.799947
FILLER_24_227,VPWR,li1,110.6300,78.8800,1.799944
FILLER_24_211,VPWR,li1,102.8100,78.8800,1.799938
FILLER_24_208,VPWR,li1,101.8900,78.8800,1.799938
FILLER_24_197,VPWR,li1,96.8300,78.8800,1.799927
FILLER_24_194,VPWR,li1,95.2200,78.8800,1.799927
FILLER_24_191,VPWR,li1,94.0700,78.8800,1.799924
FILLER_24_188,VPWR,li1,92.6900,78.8800,1.799920
FILLER_24_183,VPWR,li1,89.9300,78.8800,1.799918
FILLER_24_180,VPWR,li1,89.0100,78.8800,1.799918
FILLER_24_177,VPWR,li1,87.6300,78.8800,1.799915
FILLER_24_174,VPWR,li1,86.2500,78.8800,1.799915
FILLER_24_171,VPWR,li1,84.8700,78.8800,1.799914
FILLER_24_150,VPWR,li1,74.9800,78.8800,1.799931
FILLER_24_147,VPWR,li1,73.8300,78.8800,1.799940
FILLER_24_144,VPWR,li1,72.4500,78.8800,1.799940
FILLER_24_141,VPWR,li1,71.0700,78.8800,1.799951
FILLER_24_138,VPWR,li1,69.4600,78.8800,1.799948
FILLER_24_135,VPWR,li1,68.3100,78.8800,1.799948
FILLER_24_132,VPWR,li1,66.9300,78.8800,1.799943
FILLER_24_125,VPWR,li1,63.7100,78.8800,1.799941
FILLER_24_103,VPWR,li1,53.1300,78.8800,1.799947
FILLER_24_100,VPWR,li1,52.2100,78.8800,1.799947
FILLER_24_97,VPWR,li1,50.8300,78.8800,1.799950
FILLER_24_94,VPWR,li1,49.4500,78.8800,1.799954
FILLER_24_91,VPWR,li1,48.0700,78.8800,1.799954
FILLER_24_88,VPWR,li1,46.6900,78.8800,1.799956
FILLER_24_85,VPWR,li1,45.3100,78.8800,1.799960
FILLER_24_83,VPWR,li1,43.9300,78.8800,1.799960
FILLER_24_72,VPWR,li1,39.3300,78.8800,1.799968
FILLER_24_69,VPWR,li1,37.9500,78.8800,1.799964
FILLER_24_66,VPWR,li1,36.5700,78.8800,1.799960
FILLER_24_63,VPWR,li1,35.1900,78.8800,1.799960
FILLER_24_60,VPWR,li1,33.8100,78.8800,1.799955
FILLER_24_57,VPWR,li1,32.4300,78.8800,1.799955
FILLER_24_54,VPWR,li1,31.0500,78.8800,1.799952
FILLER_24_51,VPWR,li1,29.6700,78.8800,1.799950
FILLER_24_46,VPWR,li1,26.9100,78.8800,1.799949
FILLER_24_29,VPWR,li1,19.0900,78.8800,1.799953
FILLER_24_26,VPWR,li1,17.9400,78.8800,1.799956
FILLER_24_23,VPWR,li1,16.7900,78.8800,1.799956
FILLER_24_9,VPWR,li1,10.1200,78.8800,1.799974
FILLER_24_6,VPWR,li1,8.9700,78.8800,1.799974
FILLER_24_3,VPWR,li1,7.5900,78.8800,1.799974
FILLER_23_610,VPWR,li1,286.5800,73.4400,1.799993
FILLER_23_607,VPWR,li1,285.4300,73.4400,1.799993
FILLER_23_604,VPWR,li1,284.0500,73.4400,1.799993
FILLER_23_593,VPWR,li1,278.7600,73.4400,1.799993
FILLER_23_564,VPWR,li1,265.6500,73.4400,1.799987
FILLER_23_561,VPWR,li1,264.2700,73.4400,1.799987
FILLER_23_559,VPWR,li1,262.8900,73.4400,1.799986
FILLER_23_556,VPWR,li1,261.9700,73.4400,1.799986
FILLER_23_542,VPWR,li1,255.0700,73.4400,1.799986
FILLER_23_539,VPWR,li1,254.1500,73.4400,1.799986
FILLER_23_536,VPWR,li1,252.7700,73.4400,1.799986
FILLER_23_496,VPWR,li1,233.9100,73.4400,1.799986
FILLER_23_493,VPWR,li1,232.9900,73.4400,1.799986
FILLER_23_490,VPWR,li1,231.6100,73.4400,1.799986
FILLER_23_480,VPWR,li1,227.0100,73.4400,1.799988
FILLER_23_477,VPWR,li1,225.6300,73.4400,1.799988
FILLER_23_474,VPWR,li1,224.2500,73.4400,1.799988
FILLER_23_471,VPWR,li1,222.8700,73.4400,1.799989
FILLER_23_461,VPWR,li1,217.8100,73.4400,1.799988
FILLER_23_458,VPWR,li1,216.8900,73.4400,1.799985
FILLER_23_446,VPWR,li1,211.1400,73.4400,1.799982
FILLER_23_443,VPWR,li1,209.9900,73.4400,1.799980
FILLER_23_440,VPWR,li1,208.6100,73.4400,1.799979
FILLER_23_437,VPWR,li1,207.2300,73.4400,1.799979
FILLER_23_434,VPWR,li1,205.8500,73.4400,1.799977
FILLER_23_401,VPWR,li1,190.4400,73.4400,1.799975
FILLER_23_393,VPWR,li1,186.5300,73.4400,1.799966
FILLER_23_389,VPWR,li1,185.1500,73.4400,1.799963
FILLER_23_386,VPWR,li1,183.7700,73.4400,1.799963
FILLER_23_383,VPWR,li1,182.3900,73.4400,1.799960
FILLER_23_372,VPWR,li1,177.1000,73.4400,1.799955
FILLER_23_369,VPWR,li1,175.9500,73.4400,1.799955
FILLER_23_366,VPWR,li1,174.5700,73.4400,1.799955
FILLER_23_360,VPWR,li1,171.3500,73.4400,1.799954
FILLER_23_351,VPWR,li1,167.2100,73.4400,1.799954
FILLER_23_341,VPWR,li1,162.6100,73.4400,1.799960
FILLER_23_327,VPWR,li1,156.1700,73.4400,1.799960
FILLER_23_324,VPWR,li1,155.2500,73.4400,1.799956
FILLER_23_321,VPWR,li1,153.8700,73.4400,1.799956
FILLER_23_318,VPWR,li1,152.4900,73.4400,1.799953
FILLER_23_315,VPWR,li1,151.1100,73.4400,1.799953
FILLER_23_312,VPWR,li1,149.7300,73.4400,1.799952
FILLER_23_309,VPWR,li1,148.3500,73.4400,1.799952
FILLER_23_288,VPWR,li1,138.4600,73.4400,1.799952
FILLER_23_285,VPWR,li1,137.3100,73.4400,1.799953
FILLER_23_270,VPWR,li1,129.9500,73.4400,1.799957
FILLER_23_267,VPWR,li1,129.0300,73.4400,1.799950
FILLER_23_264,VPWR,li1,127.6500,73.4400,1.799945
FILLER_23_261,VPWR,li1,126.2700,73.4400,1.799945
FILLER_23_258,VPWR,li1,124.8900,73.4400,1.799937
FILLER_23_255,VPWR,li1,123.5100,73.4400,1.799937
FILLER_23_252,VPWR,li1,122.1300,73.4400,1.799931
FILLER_23_249,VPWR,li1,120.7500,73.4400,1.799927
FILLER_23_246,VPWR,li1,119.3700,73.4400,1.799927
FILLER_23_243,VPWR,li1,117.9900,73.4400,1.799924
FILLER_23_240,VPWR,li1,116.6100,73.4400,1.799924
FILLER_23_237,VPWR,li1,115.2300,73.4400,1.799924
FILLER_23_234,VPWR,li1,113.8500,73.4400,1.799924
FILLER_23_231,VPWR,li1,112.4700,73.4400,1.799924
FILLER_23_228,VPWR,li1,111.0900,73.4400,1.799924
FILLER_23_225,VPWR,li1,109.7100,73.4400,1.799925
FILLER_23_222,VPWR,li1,108.1000,73.4400,1.799927
FILLER_23_219,VPWR,li1,106.9500,73.4400,1.799927
FILLER_23_216,VPWR,li1,105.5700,73.4400,1.799930
FILLER_23_213,VPWR,li1,104.1900,73.4400,1.799933
FILLER_23_210,VPWR,li1,102.8100,73.4400,1.799933
FILLER_23_199,VPWR,li1,97.5200,73.4400,1.799926
FILLER_23_196,VPWR,li1,96.3700,73.4400,1.799916
FILLER_23_193,VPWR,li1,94.9900,73.4400,1.799913
FILLER_23_190,VPWR,li1,93.6100,73.4400,1.799913
FILLER_23_182,VPWR,li1,89.9300,73.4400,1.799909
FILLER_23_179,VPWR,li1,88.5500,73.4400,1.799909
FILLER_23_165,VPWR,li1,82.1100,73.4400,1.799914
FILLER_23_162,VPWR,li1,80.7300,73.4400,1.799918
FILLER_23_159,VPWR,li1,79.3500,73.4400,1.799918
FILLER_23_151,VPWR,li1,75.4400,73.4400,1.799926
FILLER_23_148,VPWR,li1,74.2900,73.4400,1.799930
FILLER_23_143,VPWR,li1,71.5300,73.4400,1.799936
FILLER_23_120,VPWR,li1,60.9500,73.4400,1.799922
FILLER_23_113,VPWR,li1,57.7300,73.4400,1.799922
FILLER_23_92,VPWR,li1,48.5300,73.4400,1.799931
FILLER_23_89,VPWR,li1,47.1500,73.4400,1.799934
FILLER_23_65,VPWR,li1,36.1100,73.4400,1.799937
FILLER_23_49,VPWR,li1,28.5200,73.4400,1.799926
FILLER_23_21,VPWR,li1,15.6400,73.4400,1.799952
FILLER_23_18,VPWR,li1,14.4900,73.4400,1.799952
FILLER_23_15,VPWR,li1,13.1100,73.4400,1.799960
FILLER_23_12,VPWR,li1,11.7300,73.4400,1.799960
FILLER_23_9,VPWR,li1,10.3500,73.4400,1.799970
FILLER_23_6,VPWR,li1,8.9700,73.4400,1.799970
FILLER_23_3,VPWR,li1,7.5900,73.4400,1.799970
FILLER_22_609,VPWR,li1,286.3500,73.4400,1.799993
FILLER_22_606,VPWR,li1,284.9700,73.4400,1.799993
FILLER_22_597,VPWR,li1,280.3700,73.4400,1.799993
FILLER_22_589,VPWR,li1,276.6900,73.4400,1.799992
FILLER_22_587,VPWR,li1,275.7700,73.4400,1.799992
FILLER_22_584,VPWR,li1,274.8500,73.4400,1.799991
FILLER_22_581,VPWR,li1,273.4700,73.4400,1.799991
FILLER_22_578,VPWR,li1,272.0900,73.4400,1.799990
FILLER_22_575,VPWR,li1,270.7100,73.4400,1.799990
FILLER_22_572,VPWR,li1,269.3300,73.4400,1.799989
FILLER_22_569,VPWR,li1,267.9500,73.4400,1.799988
FILLER_22_551,VPWR,li1,259.2100,73.4400,1.799986
FILLER_22_548,VPWR,li1,258.2900,73.4400,1.799986
FILLER_22_545,VPWR,li1,256.9100,73.4400,1.799986
FILLER_22_533,VPWR,li1,251.1600,73.4400,1.799986
FILLER_22_529,VPWR,li1,249.5500,73.4400,1.799984
FILLER_22_516,VPWR,li1,243.5700,73.4400,1.799983
FILLER_22_513,VPWR,li1,242.1900,73.4400,1.799983
FILLER_22_510,VPWR,li1,240.8100,73.4400,1.799984
FILLER_22_507,VPWR,li1,239.4300,73.4400,1.799984
FILLER_22_504,VPWR,li1,238.0500,73.4400,1.799985
FILLER_22_501,VPWR,li1,236.6700,73.4400,1.799985
FILLER_22_498,VPWR,li1,235.2900,73.4400,1.799985
FILLER_22_495,VPWR,li1,233.9100,73.4400,1.799986
FILLER_22_492,VPWR,li1,232.5300,73.4400,1.799986
FILLER_22_489,VPWR,li1,231.1500,73.4400,1.799986
FILLER_22_486,VPWR,li1,229.7700,73.4400,1.799987
FILLER_22_483,VPWR,li1,228.3900,73.4400,1.799988
FILLER_22_480,VPWR,li1,227.0100,73.4400,1.799988
FILLER_22_477,VPWR,li1,225.6300,73.4400,1.799988
FILLER_22_473,VPWR,li1,223.7900,73.4400,1.799989
FILLER_22_470,VPWR,li1,222.4100,73.4400,1.799989
FILLER_22_467,VPWR,li1,221.0300,73.4400,1.799990
FILLER_22_464,VPWR,li1,219.6500,73.4400,1.799990
FILLER_22_461,VPWR,li1,218.2700,73.4400,1.799988
FILLER_22_458,VPWR,li1,216.8900,73.4400,1.799985
FILLER_22_455,VPWR,li1,215.5100,73.4400,1.799985
FILLER_22_442,VPWR,li1,209.3000,73.4400,1.799980
FILLER_22_439,VPWR,li1,208.1500,73.4400,1.799979
FILLER_22_436,VPWR,li1,206.7700,73.4400,1.799977
FILLER_22_433,VPWR,li1,205.3900,73.4400,1.799977
FILLER_22_430,VPWR,li1,204.0100,73.4400,1.799976
FILLER_22_427,VPWR,li1,202.6300,73.4400,1.799975
FILLER_22_424,VPWR,li1,201.2500,73.4400,1.799975
FILLER_22_421,VPWR,li1,199.8700,73.4400,1.799974
FILLER_22_410,VPWR,li1,194.3500,73.4400,1.799974
FILLER_22_407,VPWR,li1,193.4300,73.4400,1.799974
FILLER_22_385,VPWR,li1,182.8500,73.4400,1.799960
FILLER_22_382,VPWR,li1,181.9300,73.4400,1.799960
FILLER_22_368,VPWR,li1,175.4900,73.4400,1.799955
FILLER_22_365,VPWR,li1,174.1100,73.4400,1.799955
FILLER_22_350,VPWR,li1,166.7500,73.4400,1.799954
FILLER_22_347,VPWR,li1,165.8300,73.4400,1.799956
FILLER_22_344,VPWR,li1,164.4500,73.4400,1.799956
FILLER_22_335,VPWR,li1,160.0800,73.4400,1.799965
FILLER_22_332,VPWR,li1,158.9300,73.4400,1.799965
FILLER_22_329,VPWR,li1,157.5500,73.4400,1.799960
FILLER_22_326,VPWR,li1,156.1700,73.4400,1.799960
FILLER_22_312,VPWR,li1,149.5000,73.4400,1.799952
FILLER_22_309,VPWR,li1,148.3500,73.4400,1.799952
FILLER_22_307,VPWR,li1,146.9700,73.4400,1.799952
FILLER_22_304,VPWR,li1,146.0500,73.4400,1.799952
FILLER_22_301,VPWR,li1,144.6700,73.4400,1.799952
FILLER_22_289,VPWR,li1,139.1500,73.4400,1.799952
FILLER_22_286,VPWR,li1,137.7700,73.4400,1.799953
FILLER_22_283,VPWR,li1,136.3900,73.4400,1.799953
FILLER_22_280,VPWR,li1,135.0100,73.4400,1.799954
FILLER_22_263,VPWR,li1,126.7300,73.4400,1.799945
FILLER_22_250,VPWR,li1,120.9800,73.4400,1.799931
FILLER_22_231,VPWR,li1,112.2400,73.4400,1.799924
FILLER_22_222,VPWR,li1,108.3300,73.4400,1.799927
FILLER_22_219,VPWR,li1,106.9500,73.4400,1.799927
FILLER_22_210,VPWR,li1,102.8100,73.4400,1.799933
FILLER_22_195,VPWR,li1,95.4500,73.4400,1.799916
FILLER_22_192,VPWR,li1,94.5300,73.4400,1.799913
FILLER_22_176,VPWR,li1,86.9400,73.4400,1.799909
FILLER_22_170,VPWR,li1,84.1800,73.4400,1.799909
FILLER_22_167,VPWR,li1,83.0300,73.4400,1.799914
FILLER_22_164,VPWR,li1,81.6500,73.4400,1.799914
FILLER_22_161,VPWR,li1,80.2700,73.4400,1.799918
FILLER_22_158,VPWR,li1,78.8900,73.4400,1.799922
FILLER_22_155,VPWR,li1,77.5100,73.4400,1.799922
FILLER_22_137,VPWR,li1,69.2300,73.4400,1.799944
FILLER_22_134,VPWR,li1,67.8500,73.4400,1.799933
FILLER_22_121,VPWR,li1,61.4100,73.4400,1.799924
FILLER_22_106,VPWR,li1,54.5100,73.4400,1.799924
FILLER_22_103,VPWR,li1,53.5900,73.4400,1.799924
FILLER_22_91,VPWR,li1,48.0700,73.4400,1.799934
FILLER_22_88,VPWR,li1,46.6900,73.4400,1.799934
FILLER_22_85,VPWR,li1,45.3100,73.4400,1.799939
FILLER_22_83,VPWR,li1,43.9300,73.4400,1.799939
FILLER_22_77,VPWR,li1,41.4000,73.4400,1.799944
FILLER_22_72,VPWR,li1,38.8700,73.4400,1.799951
FILLER_22_69,VPWR,li1,37.9500,73.4400,1.799943
FILLER_22_66,VPWR,li1,36.5700,73.4400,1.799943
FILLER_22_63,VPWR,li1,35.1900,73.4400,1.799937
FILLER_22_60,VPWR,li1,33.8100,73.4400,1.799931
FILLER_22_57,VPWR,li1,32.4300,73.4400,1.799931
FILLER_22_51,VPWR,li1,29.4400,73.4400,1.799926
FILLER_22_45,VPWR,li1,26.4500,73.4400,1.799926
FILLER_22_25,VPWR,li1,17.7100,73.4400,1.799940
FILLER_22_17,VPWR,li1,14.0300,73.4400,1.799952
FILLER_22_9,VPWR,li1,10.3500,73.4400,1.799970
FILLER_22_6,VPWR,li1,8.9700,73.4400,1.799970
FILLER_22_3,VPWR,li1,7.5900,73.4400,1.799970
FILLER_21_609,VPWR,li1,286.3500,68.0000,1.799978
FILLER_21_604,VPWR,li1,283.5900,68.0000,1.799978
FILLER_21_601,VPWR,li1,282.6700,68.0000,1.799978
FILLER_21_598,VPWR,li1,281.2900,68.0000,1.799980
FILLER_21_595,VPWR,li1,279.9100,68.0000,1.799977
FILLER_21_579,VPWR,li1,272.0900,68.0000,1.799969
FILLER_21_576,VPWR,li1,271.1700,68.0000,1.799969
FILLER_21_570,VPWR,li1,268.1800,68.0000,1.799968
FILLER_21_567,VPWR,li1,267.0300,68.0000,1.799968
FILLER_21_564,VPWR,li1,265.6500,68.0000,1.799969
FILLER_21_561,VPWR,li1,264.2700,68.0000,1.799971
FILLER_21_552,VPWR,li1,260.1300,68.0000,1.799975
FILLER_21_549,VPWR,li1,258.7500,68.0000,1.799975
FILLER_21_538,VPWR,li1,253.2300,68.0000,1.799982
FILLER_21_535,VPWR,li1,252.3100,68.0000,1.799982
FILLER_21_532,VPWR,li1,250.9300,68.0000,1.799984
FILLER_21_529,VPWR,li1,249.5500,68.0000,1.799982
FILLER_21_526,VPWR,li1,248.1700,68.0000,1.799982
FILLER_21_523,VPWR,li1,246.7900,68.0000,1.799980
FILLER_21_520,VPWR,li1,245.4100,68.0000,1.799980
FILLER_21_517,VPWR,li1,244.0300,68.0000,1.799979
FILLER_21_514,VPWR,li1,242.6500,68.0000,1.799978
FILLER_21_511,VPWR,li1,241.2700,68.0000,1.799978
FILLER_21_508,VPWR,li1,239.8900,68.0000,1.799977
FILLER_21_505,VPWR,li1,238.5100,68.0000,1.799977
FILLER_21_497,VPWR,li1,234.3700,68.0000,1.799976
FILLER_21_494,VPWR,li1,233.4500,68.0000,1.799976
FILLER_21_491,VPWR,li1,232.0700,68.0000,1.799976
FILLER_21_488,VPWR,li1,230.6900,68.0000,1.799977
FILLER_21_483,VPWR,li1,227.9300,68.0000,1.799978
FILLER_21_480,VPWR,li1,227.0100,68.0000,1.799978
FILLER_21_442,VPWR,li1,209.3000,68.0000,1.799972
FILLER_21_408,VPWR,li1,193.8900,68.0000,1.799975
FILLER_21_396,VPWR,li1,188.3700,68.0000,1.799974
FILLER_21_393,VPWR,li1,186.9900,68.0000,1.799974
FILLER_21_389,VPWR,li1,185.1500,68.0000,1.799971
FILLER_21_384,VPWR,li1,182.3900,68.0000,1.799968
FILLER_21_381,VPWR,li1,181.4700,68.0000,1.799968
FILLER_21_357,VPWR,li1,170.4300,68.0000,1.799969
FILLER_21_354,VPWR,li1,169.0500,68.0000,1.799971
FILLER_21_351,VPWR,li1,167.6700,68.0000,1.799971
FILLER_21_343,VPWR,li1,163.9900,68.0000,1.799975
FILLER_21_340,VPWR,li1,162.6100,68.0000,1.799978
FILLER_21_337,VPWR,li1,161.2300,68.0000,1.799978
FILLER_21_335,VPWR,li1,159.8500,68.0000,1.799981
FILLER_21_332,VPWR,li1,158.9300,68.0000,1.799979
FILLER_21_329,VPWR,li1,157.5500,68.0000,1.799979
FILLER_21_310,VPWR,li1,148.3500,68.0000,1.799974
FILLER_21_307,VPWR,li1,147.4300,68.0000,1.799974
FILLER_21_304,VPWR,li1,146.0500,68.0000,1.799974
FILLER_21_301,VPWR,li1,144.6700,68.0000,1.799974
FILLER_21_290,VPWR,li1,139.6100,68.0000,1.799973
FILLER_21_287,VPWR,li1,138.2300,68.0000,1.799973
FILLER_21_284,VPWR,li1,136.8500,68.0000,1.799973
FILLER_21_281,VPWR,li1,135.4700,68.0000,1.799975
FILLER_21_278,VPWR,li1,133.8600,68.0000,1.799977
FILLER_21_275,VPWR,li1,132.7100,68.0000,1.799977
FILLER_21_272,VPWR,li1,131.3300,68.0000,1.799980
FILLER_21_269,VPWR,li1,129.9500,68.0000,1.799978
FILLER_21_266,VPWR,li1,128.5700,68.0000,1.799978
FILLER_21_263,VPWR,li1,127.1900,68.0000,1.799975
FILLER_21_260,VPWR,li1,125.8100,68.0000,1.799975
FILLER_21_257,VPWR,li1,124.4300,68.0000,1.799972
FILLER_21_254,VPWR,li1,123.0500,68.0000,1.799970
FILLER_21_247,VPWR,li1,119.6000,68.0000,1.799967
FILLER_21_244,VPWR,li1,118.4500,68.0000,1.799965
FILLER_21_241,VPWR,li1,117.0700,68.0000,1.799965
FILLER_21_238,VPWR,li1,115.6900,68.0000,1.799962
FILLER_21_235,VPWR,li1,114.3100,68.0000,1.799962
FILLER_21_232,VPWR,li1,112.9300,68.0000,1.799962
FILLER_21_225,VPWR,li1,109.7100,68.0000,1.799961
FILLER_21_223,VPWR,li1,108.3300,68.0000,1.799963
FILLER_21_220,VPWR,li1,107.4100,68.0000,1.799963
FILLER_21_217,VPWR,li1,106.0300,68.0000,1.799965
FILLER_21_214,VPWR,li1,104.6500,68.0000,1.799966
FILLER_21_211,VPWR,li1,103.2700,68.0000,1.799966
FILLER_21_208,VPWR,li1,101.8900,68.0000,1.799968
FILLER_21_205,VPWR,li1,100.5100,68.0000,1.799970
FILLER_21_202,VPWR,li1,99.1300,68.0000,1.799970
FILLER_21_199,VPWR,li1,97.7500,68.0000,1.799963
FILLER_21_196,VPWR,li1,96.3700,68.0000,1.799958
FILLER_21_193,VPWR,li1,94.9900,68.0000,1.799958
FILLER_21_184,VPWR,li1,90.6200,68.0000,1.799952
FILLER_21_181,VPWR,li1,89.4700,68.0000,1.799952
FILLER_21_178,VPWR,li1,88.0900,68.0000,1.799951
FILLER_21_175,VPWR,li1,86.7100,68.0000,1.799951
FILLER_21_167,VPWR,li1,82.5700,68.0000,1.799951
FILLER_21_164,VPWR,li1,81.6500,68.0000,1.799952
FILLER_21_161,VPWR,li1,80.2700,68.0000,1.799952
FILLER_21_158,VPWR,li1,78.8900,68.0000,1.799953
FILLER_21_147,VPWR,li1,73.3700,68.0000,1.799957
FILLER_21_142,VPWR,li1,71.0700,68.0000,1.799960
FILLER_21_139,VPWR,li1,70.1500,68.0000,1.799955
FILLER_21_136,VPWR,li1,68.7700,68.0000,1.799955
FILLER_21_133,VPWR,li1,67.3900,68.0000,1.799950
FILLER_21_119,VPWR,li1,60.4900,68.0000,1.799936
FILLER_21_116,VPWR,li1,59.5700,68.0000,1.799936
FILLER_21_113,VPWR,li1,58.1900,68.0000,1.799936
FILLER_21_109,VPWR,li1,56.3500,68.0000,1.799936
FILLER_21_74,VPWR,li1,40.2500,68.0000,1.799958
FILLER_21_57,VPWR,li1,32.4300,68.0000,1.799948
FILLER_21_55,VPWR,li1,31.0500,68.0000,1.799947
FILLER_21_52,VPWR,li1,30.1300,68.0000,1.799947
FILLER_21_49,VPWR,li1,28.7500,68.0000,1.799947
FILLER_21_46,VPWR,li1,27.3700,68.0000,1.799947
FILLER_21_40,VPWR,li1,24.3800,68.0000,1.799947
FILLER_21_28,VPWR,li1,19.0900,68.0000,1.799956
FILLER_21_25,VPWR,li1,17.7100,68.0000,1.799959
FILLER_21_3,VPWR,li1,7.1300,68.0000,1.799973
FILLER_20_611,VPWR,li1,286.8100,68.0000,1.799978
FILLER_20_608,VPWR,li1,285.8900,68.0000,1.799978
FILLER_20_602,VPWR,li1,282.9000,68.0000,1.799978
FILLER_20_586,VPWR,li1,275.5400,68.0000,1.799974
FILLER_20_583,VPWR,li1,274.3900,68.0000,1.799971
FILLER_20_580,VPWR,li1,273.0100,68.0000,1.799971
FILLER_20_577,VPWR,li1,271.6300,68.0000,1.799969
FILLER_20_566,VPWR,li1,266.3400,68.0000,1.799969
FILLER_20_563,VPWR,li1,265.1900,68.0000,1.799969
FILLER_20_560,VPWR,li1,263.8100,68.0000,1.799971
FILLER_20_557,VPWR,li1,262.4300,68.0000,1.799973
FILLER_20_554,VPWR,li1,261.0500,68.0000,1.799973
FILLER_20_551,VPWR,li1,259.6700,68.0000,1.799975
FILLER_20_548,VPWR,li1,258.2900,68.0000,1.799977
FILLER_20_545,VPWR,li1,256.9100,68.0000,1.799977
FILLER_20_542,VPWR,li1,255.5300,68.0000,1.799980
FILLER_20_539,VPWR,li1,254.1500,68.0000,1.799980
FILLER_20_536,VPWR,li1,252.7700,68.0000,1.799982
FILLER_20_533,VPWR,li1,251.3900,68.0000,1.799984
FILLER_20_530,VPWR,li1,249.7800,68.0000,1.799982
FILLER_20_527,VPWR,li1,248.6300,68.0000,1.799982
FILLER_20_515,VPWR,li1,243.1100,68.0000,1.799979
FILLER_20_512,VPWR,li1,241.7300,68.0000,1.799978
FILLER_20_493,VPWR,li1,232.9900,68.0000,1.799976
FILLER_20_487,VPWR,li1,229.7700,68.0000,1.799977
FILLER_20_477,VPWR,li1,225.4000,68.0000,1.799979
FILLER_20_474,VPWR,li1,224.0200,68.0000,1.799980
FILLER_20_471,VPWR,li1,222.8700,68.0000,1.799980
FILLER_20_464,VPWR,li1,219.4200,68.0000,1.799983
FILLER_20_461,VPWR,li1,218.2700,68.0000,1.799979
FILLER_20_448,VPWR,li1,211.8300,68.0000,1.799973
FILLER_20_445,VPWR,li1,210.9100,68.0000,1.799973
FILLER_20_433,VPWR,li1,205.3900,68.0000,1.799972
FILLER_20_430,VPWR,li1,204.0100,68.0000,1.799972
FILLER_20_427,VPWR,li1,202.6300,68.0000,1.799972
FILLER_20_424,VPWR,li1,201.2500,68.0000,1.799972
FILLER_20_421,VPWR,li1,199.8700,68.0000,1.799972
FILLER_20_418,VPWR,li1,198.2600,68.0000,1.799973
FILLER_20_375,VPWR,li1,178.2500,68.0000,1.799967
FILLER_20_372,VPWR,li1,177.3300,68.0000,1.799967
FILLER_20_357,VPWR,li1,170.4300,68.0000,1.799969
FILLER_20_354,VPWR,li1,169.0500,68.0000,1.799971
FILLER_20_339,VPWR,li1,161.6900,68.0000,1.799978
FILLER_20_336,VPWR,li1,160.7700,68.0000,1.799981
FILLER_20_333,VPWR,li1,159.3900,68.0000,1.799981
FILLER_20_330,VPWR,li1,158.0100,68.0000,1.799979
FILLER_20_327,VPWR,li1,156.6300,68.0000,1.799977
FILLER_20_324,VPWR,li1,155.2500,68.0000,1.799977
FILLER_20_321,VPWR,li1,153.8700,68.0000,1.799976
FILLER_20_318,VPWR,li1,152.4900,68.0000,1.799976
FILLER_20_315,VPWR,li1,151.1100,68.0000,1.799975
FILLER_20_312,VPWR,li1,149.7300,68.0000,1.799975
FILLER_20_309,VPWR,li1,148.3500,68.0000,1.799974
FILLER_20_307,VPWR,li1,146.9700,68.0000,1.799974
FILLER_20_304,VPWR,li1,146.0500,68.0000,1.799974
FILLER_20_301,VPWR,li1,144.6700,68.0000,1.799974
FILLER_20_292,VPWR,li1,140.3000,68.0000,1.799973
FILLER_20_289,VPWR,li1,139.1500,68.0000,1.799973
FILLER_20_266,VPWR,li1,128.3400,68.0000,1.799978
FILLER_20_263,VPWR,li1,127.1900,68.0000,1.799975
FILLER_20_260,VPWR,li1,125.8100,68.0000,1.799975
FILLER_20_249,VPWR,li1,120.7500,68.0000,1.799967
FILLER_20_231,VPWR,li1,112.2400,68.0000,1.799962
FILLER_20_221,VPWR,li1,107.6400,68.0000,1.799963
FILLER_20_218,VPWR,li1,106.4900,68.0000,1.799965
FILLER_20_215,VPWR,li1,105.1100,68.0000,1.799965
FILLER_20_212,VPWR,li1,103.7300,68.0000,1.799966
FILLER_20_209,VPWR,li1,102.3500,68.0000,1.799968
FILLER_20_206,VPWR,li1,100.9700,68.0000,1.799968
FILLER_20_203,VPWR,li1,99.5900,68.0000,1.799970
FILLER_20_200,VPWR,li1,98.2100,68.0000,1.799963
FILLER_20_197,VPWR,li1,96.8300,68.0000,1.799963
FILLER_20_187,VPWR,li1,91.7700,68.0000,1.799952
FILLER_20_184,VPWR,li1,90.8500,68.0000,1.799952
FILLER_20_181,VPWR,li1,89.4700,68.0000,1.799952
FILLER_20_178,VPWR,li1,88.0900,68.0000,1.799951
FILLER_20_175,VPWR,li1,86.7100,68.0000,1.799951
FILLER_20_172,VPWR,li1,85.3300,68.0000,1.799950
FILLER_20_169,VPWR,li1,83.9500,68.0000,1.799951
FILLER_20_166,VPWR,li1,82.5700,68.0000,1.799951
FILLER_20_163,VPWR,li1,81.1900,68.0000,1.799952
FILLER_20_160,VPWR,li1,79.8100,68.0000,1.799953
FILLER_20_157,VPWR,li1,78.4300,68.0000,1.799953
FILLER_20_141,VPWR,li1,71.0700,68.0000,1.799960
FILLER_20_138,VPWR,li1,69.4600,68.0000,1.799955
FILLER_20_135,VPWR,li1,68.3100,68.0000,1.799950
FILLER_20_132,VPWR,li1,66.9300,68.0000,1.799950
FILLER_20_129,VPWR,li1,65.5500,68.0000,1.799941
FILLER_20_126,VPWR,li1,64.1700,68.0000,1.799941
FILLER_20_123,VPWR,li1,62.7900,68.0000,1.799937
FILLER_20_107,VPWR,li1,55.4300,68.0000,1.799936
FILLER_20_104,VPWR,li1,54.0500,68.0000,1.799935
FILLER_20_101,VPWR,li1,52.6700,68.0000,1.799935
FILLER_20_85,VPWR,li1,45.3100,68.0000,1.799945
FILLER_20_74,VPWR,li1,39.7900,68.0000,1.799958
FILLER_20_71,VPWR,li1,38.8700,68.0000,1.799954
FILLER_20_68,VPWR,li1,37.4900,68.0000,1.799954
FILLER_20_63,VPWR,li1,34.7300,68.0000,1.799949
FILLER_20_47,VPWR,li1,27.6000,68.0000,1.799947
FILLER_20_32,VPWR,li1,20.9300,68.0000,1.799952
FILLER_20_29,VPWR,li1,19.5500,68.0000,1.799956
FILLER_20_27,VPWR,li1,18.1700,68.0000,1.799959
FILLER_20_24,VPWR,li1,17.2500,68.0000,1.799959
FILLER_20_21,VPWR,li1,15.8700,68.0000,1.799963
FILLER_20_18,VPWR,li1,14.4900,68.0000,1.799968
FILLER_20_15,VPWR,li1,13.1100,68.0000,1.799968
FILLER_20_6,VPWR,li1,8.7400,68.0000,1.799973
FILLER_20_3,VPWR,li1,7.5900,68.0000,1.799973
FILLER_19_611,VPWR,li1,286.8100,62.5600,1.799939
FILLER_19_578,VPWR,li1,272.0900,62.5600,1.799889
FILLER_19_568,VPWR,li1,267.0300,62.5600,1.799876
FILLER_19_565,VPWR,li1,266.1100,62.5600,1.799876
FILLER_19_559,VPWR,li1,262.8900,62.5600,1.799879
FILLER_19_548,VPWR,li1,258.2900,62.5600,1.799901
FILLER_19_511,VPWR,li1,241.2700,62.5600,1.799936
FILLER_19_508,VPWR,li1,239.8900,62.5600,1.799936
FILLER_19_505,VPWR,li1,238.5100,62.5600,1.799937
FILLER_19_503,VPWR,li1,237.1300,62.5600,1.799937
FILLER_19_492,VPWR,li1,232.3000,62.5600,1.799937
FILLER_19_483,VPWR,li1,228.1600,62.5600,1.799939
FILLER_19_480,VPWR,li1,227.0100,62.5600,1.799939
FILLER_19_477,VPWR,li1,225.6300,62.5600,1.799942
FILLER_19_474,VPWR,li1,224.2500,62.5600,1.799942
FILLER_19_471,VPWR,li1,222.8700,62.5600,1.799944
FILLER_19_468,VPWR,li1,221.4900,62.5600,1.799944
FILLER_19_457,VPWR,li1,216.4300,62.5600,1.799935
FILLER_19_447,VPWR,li1,211.3700,62.5600,1.799933
FILLER_19_444,VPWR,li1,210.4500,62.5600,1.799933
FILLER_19_441,VPWR,li1,209.0700,62.5600,1.799933
FILLER_19_428,VPWR,li1,202.6300,62.5600,1.799934
FILLER_19_406,VPWR,li1,192.5100,62.5600,1.799950
FILLER_19_393,VPWR,li1,186.5300,62.5600,1.799943
FILLER_19_389,VPWR,li1,185.1500,62.5600,1.799943
FILLER_19_376,VPWR,li1,178.7100,62.5600,1.799927
FILLER_19_373,VPWR,li1,177.7900,62.5600,1.799927
FILLER_19_370,VPWR,li1,176.4100,62.5600,1.799923
FILLER_19_355,VPWR,li1,169.0500,62.5600,1.799925
FILLER_19_352,VPWR,li1,168.1300,62.5600,1.799929
FILLER_19_349,VPWR,li1,166.7500,62.5600,1.799929
FILLER_19_346,VPWR,li1,165.3700,62.5600,1.799937
FILLER_19_343,VPWR,li1,163.9900,62.5600,1.799937
FILLER_19_340,VPWR,li1,162.6100,62.5600,1.799942
FILLER_19_337,VPWR,li1,161.2300,62.5600,1.799949
FILLER_19_335,VPWR,li1,159.8500,62.5600,1.799949
FILLER_19_332,VPWR,li1,158.9300,62.5600,1.799942
FILLER_19_329,VPWR,li1,157.5500,62.5600,1.799942
FILLER_19_314,VPWR,li1,150.4200,62.5600,1.799929
FILLER_19_311,VPWR,li1,149.2700,62.5600,1.799930
FILLER_19_308,VPWR,li1,147.8900,62.5600,1.799930
FILLER_19_296,VPWR,li1,142.1400,62.5600,1.799936
FILLER_19_293,VPWR,li1,140.9900,62.5600,1.799939
FILLER_19_290,VPWR,li1,139.6100,62.5600,1.799939
FILLER_19_287,VPWR,li1,138.2300,62.5600,1.799941
FILLER_19_284,VPWR,li1,136.8500,62.5600,1.799944
FILLER_19_281,VPWR,li1,135.4700,62.5600,1.799944
FILLER_19_278,VPWR,li1,133.8600,62.5600,1.799947
FILLER_19_275,VPWR,li1,132.7100,62.5600,1.799950
FILLER_19_267,VPWR,li1,128.8000,62.5600,1.799943
FILLER_19_264,VPWR,li1,127.6500,62.5600,1.799943
FILLER_19_261,VPWR,li1,126.2700,62.5600,1.799939
FILLER_19_258,VPWR,li1,124.8900,62.5600,1.799939
FILLER_19_248,VPWR,li1,120.2900,62.5600,1.799931
FILLER_19_245,VPWR,li1,118.9100,62.5600,1.799927
FILLER_19_232,VPWR,li1,112.7000,62.5600,1.799923
FILLER_19_229,VPWR,li1,111.5500,62.5600,1.799921
FILLER_19_223,VPWR,li1,108.3300,62.5600,1.799918
FILLER_19_217,VPWR,li1,105.8000,62.5600,1.799918
FILLER_19_214,VPWR,li1,104.6500,62.5600,1.799922
FILLER_19_207,VPWR,li1,101.4300,62.5600,1.799934
FILLER_19_204,VPWR,li1,100.0500,62.5600,1.799934
FILLER_19_201,VPWR,li1,98.6700,62.5600,1.799924
FILLER_19_198,VPWR,li1,97.2900,62.5600,1.799924
FILLER_19_184,VPWR,li1,90.8500,62.5600,1.799925
FILLER_19_181,VPWR,li1,89.4700,62.5600,1.799927
FILLER_19_178,VPWR,li1,88.0900,62.5600,1.799927
FILLER_19_175,VPWR,li1,86.7100,62.5600,1.799930
FILLER_19_172,VPWR,li1,85.3300,62.5600,1.799930
FILLER_19_169,VPWR,li1,83.9500,62.5600,1.799934
FILLER_19_166,VPWR,li1,82.3400,62.5600,1.799934
FILLER_19_163,VPWR,li1,81.1900,62.5600,1.799937
FILLER_19_160,VPWR,li1,79.8100,62.5600,1.799937
FILLER_19_157,VPWR,li1,78.4300,62.5600,1.799940
FILLER_19_154,VPWR,li1,77.0500,62.5600,1.799944
FILLER_19_151,VPWR,li1,75.6700,62.5600,1.799944
FILLER_19_145,VPWR,li1,72.6800,62.5600,1.799951
FILLER_19_142,VPWR,li1,71.5300,62.5600,1.799955
FILLER_19_139,VPWR,li1,70.1500,62.5600,1.799949
FILLER_19_136,VPWR,li1,68.7700,62.5600,1.799949
FILLER_19_133,VPWR,li1,67.3900,62.5600,1.799940
FILLER_19_130,VPWR,li1,66.0100,62.5600,1.799940
FILLER_19_124,VPWR,li1,62.7900,62.5600,1.799931
FILLER_19_121,VPWR,li1,61.8700,62.5600,1.799925
FILLER_19_111,VPWR,li1,56.8100,62.5600,1.799919
FILLER_19_108,VPWR,li1,55.8900,62.5600,1.799919
FILLER_19_99,VPWR,li1,51.2900,62.5600,1.799914
FILLER_19_74,VPWR,li1,40.2500,62.5600,1.799942
FILLER_19_71,VPWR,li1,38.8700,62.5600,1.799939
FILLER_19_68,VPWR,li1,37.4900,62.5600,1.799935
FILLER_19_65,VPWR,li1,36.1100,62.5600,1.799935
FILLER_19_62,VPWR,li1,34.7300,62.5600,1.799929
FILLER_19_57,VPWR,li1,31.9700,62.5600,1.799928
FILLER_19_53,VPWR,li1,30.5900,62.5600,1.799927
FILLER_19_50,VPWR,li1,29.2100,62.5600,1.799927
FILLER_19_27,VPWR,li1,18.4000,62.5600,1.799934
FILLER_19_24,VPWR,li1,17.2500,62.5600,1.799939
FILLER_18_610,VPWR,li1,286.5800,62.5600,1.799939
FILLER_18_587,VPWR,li1,275.7700,62.5600,1.799914
FILLER_18_576,VPWR,li1,270.9400,62.5600,1.799889
FILLER_18_548,VPWR,li1,257.8300,62.5600,1.799901
FILLER_18_545,VPWR,li1,256.9100,62.5600,1.799901
FILLER_18_542,VPWR,li1,255.5300,62.5600,1.799915
FILLER_18_539,VPWR,li1,254.1500,62.5600,1.799926
FILLER_18_536,VPWR,li1,252.7700,62.5600,1.799926
FILLER_18_533,VPWR,li1,251.3900,62.5600,1.799941
FILLER_18_530,VPWR,li1,249.7800,62.5600,1.799938
FILLER_18_527,VPWR,li1,248.6300,62.5600,1.799938
FILLER_18_518,VPWR,li1,244.0300,62.5600,1.799936
FILLER_18_508,VPWR,li1,239.4300,62.5600,1.799936
FILLER_18_505,VPWR,li1,238.5100,62.5600,1.799937
FILLER_18_502,VPWR,li1,237.1300,62.5600,1.799937
FILLER_18_499,VPWR,li1,235.7500,62.5600,1.799937
FILLER_18_496,VPWR,li1,234.3700,62.5600,1.799937
FILLER_18_493,VPWR,li1,232.9900,62.5600,1.799937
FILLER_18_490,VPWR,li1,231.6100,62.5600,1.799937
FILLER_18_480,VPWR,li1,227.0100,62.5600,1.799939
FILLER_18_477,VPWR,li1,225.6300,62.5600,1.799942
FILLER_18_474,VPWR,li1,224.0200,62.5600,1.799942
FILLER_18_471,VPWR,li1,222.8700,62.5600,1.799944
FILLER_18_460,VPWR,li1,217.5800,62.5600,1.799935
FILLER_18_421,VPWR,li1,199.4100,62.5600,1.799937
FILLER_18_417,VPWR,li1,198.0300,62.5600,1.799939
FILLER_18_407,VPWR,li1,192.9700,62.5600,1.799950
FILLER_18_404,VPWR,li1,192.0500,62.5600,1.799950
FILLER_18_368,VPWR,li1,175.2600,62.5600,1.799923
FILLER_18_365,VPWR,li1,174.1100,62.5600,1.799919
FILLER_18_362,VPWR,li1,172.5000,62.5600,1.799919
FILLER_18_340,VPWR,li1,162.1500,62.5600,1.799942
FILLER_18_337,VPWR,li1,161.2300,62.5600,1.799949
FILLER_18_334,VPWR,li1,159.8500,62.5600,1.799949
FILLER_18_331,VPWR,li1,158.4700,62.5600,1.799942
FILLER_18_328,VPWR,li1,157.0900,62.5600,1.799935
FILLER_18_321,VPWR,li1,153.8700,62.5600,1.799929
FILLER_18_318,VPWR,li1,152.4900,62.5600,1.799929
FILLER_18_315,VPWR,li1,151.1100,62.5600,1.799929
FILLER_18_307,VPWR,li1,146.9700,62.5600,1.799931
FILLER_18_304,VPWR,li1,146.0500,62.5600,1.799931
FILLER_18_295,VPWR,li1,141.4500,62.5600,1.799936
FILLER_18_292,VPWR,li1,140.5300,62.5600,1.799939
FILLER_18_289,VPWR,li1,139.1500,62.5600,1.799941
FILLER_18_286,VPWR,li1,137.7700,62.5600,1.799941
FILLER_18_283,VPWR,li1,136.3900,62.5600,1.799944
FILLER_18_280,VPWR,li1,135.0100,62.5600,1.799947
FILLER_18_277,VPWR,li1,133.6300,62.5600,1.799947
FILLER_18_269,VPWR,li1,129.4900,62.5600,1.799953
FILLER_18_253,VPWR,li1,122.5900,62.5600,1.799934
FILLER_18_245,VPWR,li1,118.9100,62.5600,1.799927
FILLER_18_242,VPWR,li1,117.5300,62.5600,1.799927
FILLER_18_239,VPWR,li1,116.1500,62.5600,1.799925
FILLER_18_236,VPWR,li1,114.7700,62.5600,1.799925
FILLER_18_233,VPWR,li1,113.3900,62.5600,1.799923
FILLER_18_230,VPWR,li1,112.0100,62.5600,1.799921
FILLER_18_227,VPWR,li1,110.6300,62.5600,1.799921
FILLER_18_224,VPWR,li1,109.2500,62.5600,1.799918
FILLER_18_206,VPWR,li1,100.9700,62.5600,1.799934
FILLER_18_194,VPWR,li1,95.2200,62.5600,1.799920
FILLER_18_191,VPWR,li1,94.0700,62.5600,1.799921
FILLER_18_188,VPWR,li1,92.6900,62.5600,1.799921
FILLER_18_185,VPWR,li1,91.3100,62.5600,1.799925
FILLER_18_182,VPWR,li1,89.9300,62.5600,1.799925
FILLER_18_159,VPWR,li1,78.8900,62.5600,1.799940
FILLER_18_156,VPWR,li1,77.9700,62.5600,1.799940
FILLER_18_147,VPWR,li1,73.6000,62.5600,1.799951
FILLER_18_144,VPWR,li1,72.4500,62.5600,1.799951
FILLER_18_141,VPWR,li1,71.0700,62.5600,1.799955
FILLER_18_127,VPWR,li1,64.4000,62.5600,1.799931
FILLER_18_124,VPWR,li1,63.2500,62.5600,1.799931
FILLER_18_121,VPWR,li1,61.8700,62.5600,1.799925
FILLER_18_118,VPWR,li1,60.4900,62.5600,1.799925
FILLER_18_115,VPWR,li1,59.1100,62.5600,1.799921
FILLER_18_112,VPWR,li1,57.7300,62.5600,1.799921
FILLER_18_109,VPWR,li1,56.3500,62.5600,1.799919
FILLER_18_106,VPWR,li1,54.9700,62.5600,1.799916
FILLER_18_103,VPWR,li1,53.5900,62.5600,1.799916
FILLER_18_83,VPWR,li1,43.9300,62.5600,1.799931
FILLER_18_76,VPWR,li1,40.9400,62.5600,1.799942
FILLER_18_73,VPWR,li1,39.7900,62.5600,1.799939
FILLER_18_70,VPWR,li1,38.4100,62.5600,1.799939
FILLER_18_55,VPWR,li1,31.2800,62.5600,1.799928
FILLER_18_45,VPWR,li1,26.6800,62.5600,1.799926
FILLER_18_42,VPWR,li1,25.5300,62.5600,1.799926
FILLER_18_39,VPWR,li1,24.1500,62.5600,1.799926
FILLER_18_29,VPWR,li1,19.0900,62.5600,1.799934
FILLER_18_18,VPWR,li1,14.0300,62.5600,1.799945
FILLER_18_15,VPWR,li1,13.1100,62.5600,1.799952
FILLER_18_12,VPWR,li1,11.7300,62.5600,1.799952
FILLER_18_9,VPWR,li1,10.3500,62.5600,1.799964
FILLER_18_6,VPWR,li1,8.9700,62.5600,1.799964
FILLER_18_3,VPWR,li1,7.5900,62.5600,1.799964
FILLER_17_597,VPWR,li1,280.3700,57.1200,1.799933
FILLER_17_575,VPWR,li1,270.2500,57.1200,1.799902
FILLER_17_564,VPWR,li1,265.4200,57.1200,1.799900
FILLER_17_561,VPWR,li1,264.2700,57.1200,1.799901
FILLER_17_559,VPWR,li1,262.8900,57.1200,1.799901
FILLER_17_556,VPWR,li1,261.9700,57.1200,1.799903
FILLER_17_553,VPWR,li1,260.5900,57.1200,1.799903
FILLER_17_529,VPWR,li1,249.5500,57.1200,1.799931
FILLER_17_526,VPWR,li1,248.1700,57.1200,1.799919
FILLER_17_503,VPWR,li1,237.1300,57.1200,1.799896
FILLER_17_500,VPWR,li1,236.2100,57.1200,1.799897
FILLER_17_495,VPWR,li1,233.4500,57.1200,1.799901
FILLER_17_492,VPWR,li1,232.5300,57.1200,1.799901
FILLER_17_484,VPWR,li1,228.8500,57.1200,1.799909
FILLER_17_481,VPWR,li1,227.4700,57.1200,1.799915
FILLER_17_473,VPWR,li1,223.3300,57.1200,1.799930
FILLER_17_470,VPWR,li1,222.4100,57.1200,1.799930
FILLER_17_446,VPWR,li1,211.1400,57.1200,1.799920
FILLER_17_443,VPWR,li1,209.9900,57.1200,1.799920
FILLER_17_425,VPWR,li1,201.4800,57.1200,1.799923
FILLER_17_402,VPWR,li1,190.9000,57.1200,1.799941
FILLER_17_350,VPWR,li1,166.7500,57.1200,1.799922
FILLER_17_340,VPWR,li1,162.1500,57.1200,1.799937
FILLER_17_337,VPWR,li1,161.2300,57.1200,1.799943
FILLER_17_305,VPWR,li1,146.2800,57.1200,1.799914
FILLER_17_281,VPWR,li1,135.4700,57.1200,1.799922
FILLER_17_249,VPWR,li1,120.7500,57.1200,1.799916
FILLER_17_238,VPWR,li1,115.6900,57.1200,1.799915
FILLER_17_228,VPWR,li1,111.0900,57.1200,1.799928
FILLER_17_225,VPWR,li1,109.7100,57.1200,1.799928
FILLER_17_221,VPWR,li1,107.8700,57.1200,1.799932
FILLER_17_218,VPWR,li1,106.4900,57.1200,1.799939
FILLER_17_215,VPWR,li1,105.1100,57.1200,1.799939
FILLER_17_212,VPWR,li1,103.7300,57.1200,1.799946
FILLER_17_209,VPWR,li1,102.3500,57.1200,1.799946
FILLER_17_206,VPWR,li1,100.9700,57.1200,1.799953
FILLER_17_203,VPWR,li1,99.5900,57.1200,1.799953
FILLER_17_198,VPWR,li1,96.8300,57.1200,1.799944
FILLER_17_195,VPWR,li1,95.9100,57.1200,1.799938
FILLER_17_192,VPWR,li1,94.5300,57.1200,1.799938
FILLER_17_189,VPWR,li1,93.1500,57.1200,1.799933
FILLER_17_186,VPWR,li1,91.7700,57.1200,1.799925
FILLER_17_180,VPWR,li1,88.7800,57.1200,1.799920
FILLER_17_177,VPWR,li1,87.6300,57.1200,1.799920
FILLER_17_174,VPWR,li1,86.2500,57.1200,1.799921
FILLER_17_169,VPWR,li1,83.4900,57.1200,1.799921
FILLER_17_165,VPWR,li1,82.1100,57.1200,1.799923
FILLER_17_162,VPWR,li1,80.7300,57.1200,1.799925
FILLER_17_159,VPWR,li1,79.3500,57.1200,1.799925
FILLER_17_140,VPWR,li1,70.3800,57.1200,1.799946
FILLER_17_129,VPWR,li1,65.0900,57.1200,1.799930
FILLER_17_126,VPWR,li1,64.1700,57.1200,1.799930
FILLER_17_123,VPWR,li1,62.7900,57.1200,1.799927
FILLER_17_111,VPWR,li1,56.8100,57.1200,1.799919
FILLER_17_108,VPWR,li1,55.8900,57.1200,1.799921
FILLER_17_105,VPWR,li1,54.5100,57.1200,1.799921
FILLER_17_82,VPWR,li1,43.7000,57.1200,1.799943
FILLER_17_79,VPWR,li1,42.5500,57.1200,1.799943
FILLER_17_76,VPWR,li1,41.1700,57.1200,1.799949
FILLER_17_73,VPWR,li1,39.7900,57.1200,1.799946
FILLER_17_70,VPWR,li1,38.4100,57.1200,1.799946
FILLER_17_67,VPWR,li1,37.0300,57.1200,1.799941
FILLER_17_53,VPWR,li1,30.5900,57.1200,1.799932
FILLER_17_50,VPWR,li1,29.2100,57.1200,1.799929
FILLER_17_47,VPWR,li1,27.8300,57.1200,1.799929
FILLER_17_24,VPWR,li1,17.0200,57.1200,1.799928
FILLER_16_602,VPWR,li1,282.9000,57.1200,1.799940
FILLER_16_589,VPWR,li1,276.6900,57.1200,1.799916
FILLER_16_571,VPWR,li1,268.4100,57.1200,1.799899
FILLER_16_568,VPWR,li1,267.4900,57.1200,1.799899
FILLER_16_565,VPWR,li1,265.6500,57.1200,1.799900
FILLER_16_562,VPWR,li1,264.7300,57.1200,1.799900
FILLER_16_551,VPWR,li1,259.4400,57.1200,1.799908
FILLER_16_548,VPWR,li1,258.2900,57.1200,1.799908
FILLER_16_539,VPWR,li1,253.6900,57.1200,1.799918
FILLER_16_536,VPWR,li1,252.7700,57.1200,1.799925
FILLER_16_533,VPWR,li1,251.3900,57.1200,1.799925
FILLER_16_519,VPWR,li1,244.4900,57.1200,1.799897
FILLER_16_509,VPWR,li1,240.1200,57.1200,1.799894
FILLER_16_506,VPWR,li1,238.9700,57.1200,1.799894
FILLER_16_503,VPWR,li1,237.5900,57.1200,1.799896
FILLER_16_480,VPWR,li1,226.7800,57.1200,1.799915
FILLER_16_477,VPWR,li1,225.6300,57.1200,1.799921
FILLER_16_474,VPWR,li1,224.0200,57.1200,1.799930
FILLER_16_471,VPWR,li1,222.8700,57.1200,1.799930
FILLER_16_468,VPWR,li1,221.4900,57.1200,1.799938
FILLER_16_449,VPWR,li1,212.7500,57.1200,1.799921
FILLER_16_446,VPWR,li1,211.3700,57.1200,1.799920
FILLER_16_424,VPWR,li1,200.7900,57.1200,1.799923
FILLER_16_421,VPWR,li1,199.8700,57.1200,1.799925
FILLER_16_398,VPWR,li1,188.8300,57.1200,1.799931
FILLER_16_348,VPWR,li1,166.2900,57.1200,1.799922
FILLER_16_339,VPWR,li1,161.6900,57.1200,1.799937
FILLER_16_330,VPWR,li1,157.7800,57.1200,1.799936
FILLER_16_320,VPWR,li1,153.4100,57.1200,1.799923
FILLER_16_317,VPWR,li1,152.0300,57.1200,1.799917
FILLER_16_312,VPWR,li1,149.2700,57.1200,1.799914
FILLER_16_309,VPWR,li1,148.3500,57.1200,1.799914
FILLER_16_305,VPWR,li1,146.5100,57.1200,1.799914
FILLER_16_281,VPWR,li1,135.2400,57.1200,1.799922
FILLER_16_249,VPWR,li1,120.7500,57.1200,1.799916
FILLER_16_227,VPWR,li1,110.1700,57.1200,1.799928
FILLER_16_224,VPWR,li1,109.2500,57.1200,1.799932
FILLER_16_221,VPWR,li1,107.8700,57.1200,1.799932
FILLER_16_218,VPWR,li1,106.4900,57.1200,1.799939
FILLER_16_215,VPWR,li1,105.1100,57.1200,1.799939
FILLER_16_212,VPWR,li1,103.7300,57.1200,1.799946
FILLER_16_209,VPWR,li1,102.3500,57.1200,1.799946
FILLER_16_206,VPWR,li1,100.9700,57.1200,1.799953
FILLER_16_203,VPWR,li1,99.5900,57.1200,1.799953
FILLER_16_200,VPWR,li1,98.2100,57.1200,1.799944
FILLER_16_197,VPWR,li1,96.8300,57.1200,1.799944
FILLER_16_194,VPWR,li1,95.2200,57.1200,1.799938
FILLER_16_191,VPWR,li1,94.0700,57.1200,1.799933
FILLER_16_188,VPWR,li1,92.6900,57.1200,1.799933
FILLER_16_185,VPWR,li1,91.3100,57.1200,1.799925
FILLER_16_175,VPWR,li1,86.7100,57.1200,1.799921
FILLER_16_172,VPWR,li1,85.3300,57.1200,1.799921
FILLER_16_169,VPWR,li1,83.9500,57.1200,1.799921
FILLER_16_156,VPWR,li1,77.5100,57.1200,1.799927
FILLER_16_144,VPWR,li1,72.4500,57.1200,1.799940
FILLER_16_141,VPWR,li1,71.0700,57.1200,1.799946
FILLER_16_137,VPWR,li1,69.2300,57.1200,1.799940
FILLER_16_122,VPWR,li1,62.3300,57.1200,1.799927
FILLER_16_85,VPWR,li1,45.3100,57.1200,1.799938
FILLER_16_65,VPWR,li1,35.8800,57.1200,1.799941
FILLER_16_62,VPWR,li1,34.7300,57.1200,1.799938
FILLER_16_53,VPWR,li1,30.1300,57.1200,1.799932
FILLER_16_50,VPWR,li1,29.2100,57.1200,1.799929
FILLER_16_47,VPWR,li1,27.8300,57.1200,1.799929
FILLER_16_29,VPWR,li1,19.0900,57.1200,1.799926
FILLER_16_3,VPWR,li1,7.5900,57.1200,1.799952
FILLER_15_609,VPWR,li1,286.3500,51.6800,1.799957
FILLER_15_579,VPWR,li1,272.0900,51.6800,1.799927
FILLER_15_569,VPWR,li1,267.7200,51.6800,1.799916
FILLER_15_539,VPWR,li1,253.6900,51.6800,1.799934
FILLER_15_514,VPWR,li1,242.1900,51.6800,1.799931
FILLER_15_511,VPWR,li1,241.2700,51.6800,1.799929
FILLER_15_508,VPWR,li1,239.8900,51.6800,1.799929
FILLER_15_505,VPWR,li1,238.5100,51.6800,1.799928
FILLER_15_487,VPWR,li1,229.7700,51.6800,1.799932
FILLER_15_468,VPWR,li1,221.2600,51.6800,1.799956
FILLER_15_465,VPWR,li1,220.1100,51.6800,1.799956
FILLER_15_436,VPWR,li1,206.7700,51.6800,1.799938
FILLER_15_401,VPWR,li1,190.4400,51.6800,1.799953
FILLER_15_391,VPWR,li1,185.6100,51.6800,1.799945
FILLER_15_370,VPWR,li1,176.4100,51.6800,1.799936
FILLER_15_367,VPWR,li1,175.0300,51.6800,1.799935
FILLER_15_364,VPWR,li1,173.6500,51.6800,1.799935
FILLER_15_337,VPWR,li1,161.0000,51.6800,1.799961
FILLER_15_324,VPWR,li1,155.2500,51.6800,1.799952
FILLER_15_321,VPWR,li1,153.8700,51.6800,1.799952
FILLER_15_288,VPWR,li1,138.6900,51.6800,1.799953
FILLER_15_285,VPWR,li1,137.3100,51.6800,1.799953
FILLER_15_241,VPWR,li1,116.8400,51.6800,1.799951
FILLER_15_238,VPWR,li1,115.6900,51.6800,1.799951
FILLER_15_228,VPWR,li1,111.0900,51.6800,1.799951
FILLER_15_225,VPWR,li1,109.7100,51.6800,1.799951
FILLER_15_223,VPWR,li1,108.3300,51.6800,1.799951
FILLER_15_220,VPWR,li1,107.4100,51.6800,1.799951
FILLER_15_196,VPWR,li1,96.3700,51.6800,1.799936
FILLER_15_193,VPWR,li1,94.9900,51.6800,1.799927
FILLER_15_190,VPWR,li1,93.6100,51.6800,1.799927
FILLER_15_187,VPWR,li1,92.2300,51.6800,1.799917
FILLER_15_184,VPWR,li1,90.8500,51.6800,1.799917
FILLER_15_175,VPWR,li1,86.4800,51.6800,1.799914
FILLER_15_172,VPWR,li1,85.3300,51.6800,1.799914
FILLER_15_169,VPWR,li1,83.9500,51.6800,1.799913
FILLER_15_166,VPWR,li1,82.3400,51.6800,1.799914
FILLER_15_161,VPWR,li1,79.8100,51.6800,1.799915
FILLER_15_146,VPWR,li1,73.1400,51.6800,1.799933
FILLER_15_143,VPWR,li1,71.9900,51.6800,1.799940
FILLER_15_116,VPWR,li1,59.3400,51.6800,1.799931
FILLER_15_113,VPWR,li1,58.1900,51.6800,1.799931
FILLER_15_110,VPWR,li1,56.5800,51.6800,1.799932
FILLER_15_107,VPWR,li1,55.4300,51.6800,1.799933
FILLER_15_104,VPWR,li1,54.0500,51.6800,1.799933
FILLER_15_96,VPWR,li1,50.1400,51.6800,1.799938
FILLER_15_93,VPWR,li1,48.9900,51.6800,1.799938
FILLER_15_90,VPWR,li1,47.6100,51.6800,1.799941
FILLER_15_87,VPWR,li1,46.2300,51.6800,1.799945
FILLER_15_84,VPWR,li1,44.8500,51.6800,1.799945
FILLER_15_72,VPWR,li1,38.8700,51.6800,1.799950
FILLER_15_69,VPWR,li1,37.9500,51.6800,1.799950
FILLER_15_66,VPWR,li1,36.5700,51.6800,1.799946
FILLER_15_53,VPWR,li1,30.5900,51.6800,1.799934
FILLER_15_50,VPWR,li1,29.2100,51.6800,1.799934
FILLER_15_47,VPWR,li1,27.8300,51.6800,1.799931
FILLER_15_17,VPWR,li1,13.5700,51.6800,1.799950
FILLER_15_14,VPWR,li1,12.6500,51.6800,1.799950
FILLER_15_9,VPWR,li1,9.8900,51.6800,1.799958
FILLER_15_6,VPWR,li1,8.9700,51.6800,1.799958
FILLER_15_3,VPWR,li1,7.5900,51.6800,1.799958
FILLER_14_589,VPWR,li1,276.9200,51.6800,1.799940
FILLER_14_575,VPWR,li1,270.2500,51.6800,1.799921
FILLER_14_572,VPWR,li1,269.3300,51.6800,1.799916
FILLER_14_536,VPWR,li1,252.7700,51.6800,1.799934
FILLER_14_533,VPWR,li1,251.3900,51.6800,1.799945
FILLER_14_529,VPWR,li1,249.5500,51.6800,1.799941
FILLER_14_526,VPWR,li1,248.1700,51.6800,1.799941
FILLER_14_502,VPWR,li1,237.1300,51.6800,1.799927
FILLER_14_475,VPWR,li1,224.2500,51.6800,1.799947
FILLER_14_472,VPWR,li1,223.3300,51.6800,1.799947
FILLER_14_462,VPWR,li1,218.2700,51.6800,1.799950
FILLER_14_430,VPWR,li1,203.7800,51.6800,1.799938
FILLER_14_368,VPWR,li1,175.2600,51.6800,1.799935
FILLER_14_365,VPWR,li1,174.1100,51.6800,1.799935
FILLER_14_307,VPWR,li1,146.9700,51.6800,1.799948
FILLER_14_304,VPWR,li1,146.0500,51.6800,1.799948
FILLER_14_301,VPWR,li1,144.6700,51.6800,1.799948
FILLER_14_298,VPWR,li1,143.2900,51.6800,1.799948
FILLER_14_266,VPWR,li1,128.3400,51.6800,1.799960
FILLER_14_263,VPWR,li1,127.1900,51.6800,1.799960
FILLER_14_253,VPWR,li1,122.1300,51.6800,1.799953
FILLER_14_251,VPWR,li1,121.2100,51.6800,1.799953
FILLER_14_248,VPWR,li1,120.2900,51.6800,1.799953
FILLER_14_245,VPWR,li1,118.9100,51.6800,1.799952
FILLER_14_242,VPWR,li1,117.5300,51.6800,1.799952
FILLER_14_236,VPWR,li1,114.5400,51.6800,1.799950
FILLER_14_233,VPWR,li1,113.3900,51.6800,1.799950
FILLER_14_230,VPWR,li1,112.0100,51.6800,1.799951
FILLER_14_227,VPWR,li1,110.6300,51.6800,1.799951
FILLER_14_224,VPWR,li1,109.2500,51.6800,1.799951
FILLER_14_221,VPWR,li1,107.8700,51.6800,1.799951
FILLER_14_211,VPWR,li1,103.0400,51.6800,1.799952
FILLER_14_200,VPWR,li1,97.9800,51.6800,1.799944
FILLER_14_197,VPWR,li1,96.8300,51.6800,1.799936
FILLER_14_193,VPWR,li1,94.9900,51.6800,1.799927
FILLER_14_190,VPWR,li1,93.6100,51.6800,1.799927
FILLER_14_178,VPWR,li1,88.0900,51.6800,1.799914
FILLER_14_175,VPWR,li1,86.7100,51.6800,1.799914
FILLER_14_164,VPWR,li1,81.4200,51.6800,1.799914
FILLER_14_161,VPWR,li1,80.2700,51.6800,1.799915
FILLER_14_154,VPWR,li1,77.0500,51.6800,1.799923
FILLER_14_151,VPWR,li1,75.6700,51.6800,1.799923
FILLER_14_148,VPWR,li1,74.2900,51.6800,1.799933
FILLER_14_145,VPWR,li1,72.9100,51.6800,1.799940
FILLER_14_137,VPWR,li1,69.2300,51.6800,1.799947
FILLER_14_130,VPWR,li1,66.0100,51.6800,1.799936
FILLER_14_127,VPWR,li1,64.6300,51.6800,1.799936
FILLER_14_108,VPWR,li1,55.8900,51.6800,1.799932
FILLER_14_105,VPWR,li1,54.5100,51.6800,1.799933
FILLER_14_102,VPWR,li1,53.1300,51.6800,1.799934
FILLER_14_99,VPWR,li1,51.7500,51.6800,1.799934
FILLER_14_93,VPWR,li1,48.7600,51.6800,1.799941
FILLER_14_85,VPWR,li1,45.3100,51.6800,1.799945
FILLER_14_83,VPWR,li1,43.9300,51.6800,1.799949
FILLER_14_80,VPWR,li1,43.0100,51.6800,1.799949
FILLER_14_77,VPWR,li1,41.6300,51.6800,1.799956
FILLER_14_74,VPWR,li1,40.2500,51.6800,1.799956
FILLER_14_68,VPWR,li1,37.2600,51.6800,1.799946
FILLER_14_65,VPWR,li1,36.1100,51.6800,1.799946
FILLER_14_62,VPWR,li1,34.7300,51.6800,1.799941
FILLER_14_59,VPWR,li1,33.3500,51.6800,1.799941
FILLER_14_56,VPWR,li1,31.9700,51.6800,1.799937
FILLER_14_47,VPWR,li1,27.3700,51.6800,1.799931
FILLER_14_29,VPWR,li1,19.0900,51.6800,1.799935
FILLER_14_6,VPWR,li1,8.5100,51.6800,1.799958
FILLER_14_3,VPWR,li1,7.5900,51.6800,1.799958
FILLER_13_611,VPWR,li1,286.8100,46.2400,1.799948
FILLER_13_608,VPWR,li1,285.8900,46.2400,1.799948
FILLER_13_564,VPWR,li1,265.6500,46.2400,1.799903
FILLER_13_561,VPWR,li1,264.2700,46.2400,1.799903
FILLER_13_546,VPWR,li1,256.9100,46.2400,1.799911
FILLER_13_522,VPWR,li1,246.3300,46.2400,1.799918
FILLER_13_505,VPWR,li1,238.5100,46.2400,1.799893
FILLER_13_482,VPWR,li1,227.7000,46.2400,1.799900
FILLER_13_445,VPWR,li1,210.9100,46.2400,1.799924
FILLER_13_433,VPWR,li1,205.3900,46.2400,1.799921
FILLER_13_405,VPWR,li1,192.5100,46.2400,1.799942
FILLER_13_346,VPWR,li1,164.9100,46.2400,1.799942
FILLER_13_337,VPWR,li1,160.7700,46.2400,1.799955
FILLER_13_334,VPWR,li1,159.6200,46.2400,1.799952
FILLER_13_331,VPWR,li1,158.4700,46.2400,1.799952
FILLER_13_328,VPWR,li1,157.0900,46.2400,1.799947
FILLER_13_325,VPWR,li1,155.7100,46.2400,1.799947
FILLER_13_322,VPWR,li1,154.3300,46.2400,1.799943
FILLER_13_319,VPWR,li1,152.9500,46.2400,1.799943
FILLER_13_316,VPWR,li1,151.5700,46.2400,1.799942
FILLER_13_313,VPWR,li1,150.1900,46.2400,1.799942
FILLER_13_310,VPWR,li1,148.8100,46.2400,1.799941
FILLER_13_300,VPWR,li1,143.9800,46.2400,1.799940
FILLER_13_297,VPWR,li1,142.8300,46.2400,1.799940
FILLER_13_252,VPWR,li1,122.1300,46.2400,1.799959
FILLER_13_249,VPWR,li1,120.7500,46.2400,1.799959
FILLER_13_246,VPWR,li1,119.3700,46.2400,1.799960
FILLER_13_243,VPWR,li1,117.9900,46.2400,1.799960
FILLER_13_240,VPWR,li1,116.6100,46.2400,1.799960
FILLER_13_237,VPWR,li1,115.2300,46.2400,1.799960
FILLER_13_234,VPWR,li1,113.8500,46.2400,1.799960
FILLER_13_231,VPWR,li1,112.4700,46.2400,1.799962
FILLER_13_228,VPWR,li1,111.0900,46.2400,1.799962
FILLER_13_225,VPWR,li1,109.7100,46.2400,1.799964
FILLER_13_222,VPWR,li1,108.1000,46.2400,1.799966
FILLER_13_219,VPWR,li1,106.9500,46.2400,1.799966
FILLER_13_216,VPWR,li1,105.5700,46.2400,1.799967
FILLER_13_213,VPWR,li1,104.1900,46.2400,1.799971
FILLER_13_210,VPWR,li1,102.8100,46.2400,1.799971
FILLER_13_207,VPWR,li1,101.4300,46.2400,1.799975
FILLER_13_204,VPWR,li1,100.0500,46.2400,1.799973
FILLER_13_201,VPWR,li1,98.6700,46.2400,1.799973
FILLER_13_198,VPWR,li1,97.2900,46.2400,1.799970
FILLER_13_195,VPWR,li1,95.9100,46.2400,1.799967
FILLER_13_192,VPWR,li1,94.5300,46.2400,1.799967
FILLER_13_189,VPWR,li1,93.1500,46.2400,1.799964
FILLER_13_186,VPWR,li1,91.7700,46.2400,1.799962
FILLER_13_183,VPWR,li1,90.3900,46.2400,1.799962
FILLER_13_169,VPWR,li1,83.4900,46.2400,1.799962
FILLER_13_166,VPWR,li1,82.3400,46.2400,1.799964
FILLER_13_163,VPWR,li1,81.1900,46.2400,1.799964
FILLER_13_160,VPWR,li1,79.8100,46.2400,1.799965
FILLER_13_157,VPWR,li1,78.4300,46.2400,1.799965
FILLER_13_154,VPWR,li1,77.0500,46.2400,1.799967
FILLER_13_151,VPWR,li1,75.6700,46.2400,1.799967
FILLER_13_148,VPWR,li1,74.2900,46.2400,1.799969
FILLER_13_145,VPWR,li1,72.9100,46.2400,1.799969
FILLER_13_142,VPWR,li1,71.5300,46.2400,1.799973
FILLER_13_139,VPWR,li1,70.1500,46.2400,1.799969
FILLER_13_136,VPWR,li1,68.7700,46.2400,1.799969
FILLER_13_133,VPWR,li1,67.3900,46.2400,1.799965
FILLER_13_123,VPWR,li1,62.5600,46.2400,1.799957
FILLER_13_113,VPWR,li1,58.1900,46.2400,1.799954
FILLER_13_110,VPWR,li1,56.5800,46.2400,1.799954
FILLER_13_96,VPWR,li1,49.9100,46.2400,1.799953
FILLER_13_93,VPWR,li1,48.9900,46.2400,1.799953
FILLER_13_85,VPWR,li1,44.8500,46.2400,1.799957
FILLER_13_82,VPWR,li1,43.9300,46.2400,1.799958
FILLER_13_77,VPWR,li1,41.1700,46.2400,1.799960
FILLER_13_70,VPWR,li1,38.4100,46.2400,1.799952
FILLER_13_67,VPWR,li1,37.0300,46.2400,1.799944
FILLER_13_64,VPWR,li1,35.6500,46.2400,1.799944
FILLER_13_61,VPWR,li1,34.2700,46.2400,1.799935
FILLER_13_53,VPWR,li1,30.5900,46.2400,1.799931
FILLER_13_41,VPWR,li1,25.0700,46.2400,1.799921
FILLER_13_32,VPWR,li1,20.9300,46.2400,1.799923
FILLER_13_3,VPWR,li1,7.5900,46.2400,1.799957
FILLER_12_589,VPWR,li1,276.9200,46.2400,1.799925
FILLER_12_586,VPWR,li1,275.5400,46.2400,1.799925
FILLER_12_583,VPWR,li1,274.3900,46.2400,1.799913
FILLER_12_580,VPWR,li1,273.0100,46.2400,1.799913
FILLER_12_557,VPWR,li1,262.2000,46.2400,1.799904
FILLER_12_533,VPWR,li1,251.3900,46.2400,1.799934
FILLER_12_529,VPWR,li1,249.5500,46.2400,1.799925
FILLER_12_526,VPWR,li1,248.1700,46.2400,1.799925
FILLER_12_473,VPWR,li1,223.7900,46.2400,1.799921
FILLER_12_425,VPWR,li1,201.7100,46.2400,1.799923
FILLER_12_418,VPWR,li1,198.2600,46.2400,1.799929
FILLER_12_347,VPWR,li1,165.3700,46.2400,1.799942
FILLER_12_316,VPWR,li1,151.1100,46.2400,1.799942
FILLER_12_309,VPWR,li1,148.3500,46.2400,1.799941
FILLER_12_259,VPWR,li1,125.3500,46.2400,1.799959
FILLER_12_256,VPWR,li1,123.9700,46.2400,1.799959
FILLER_12_253,VPWR,li1,122.5900,46.2400,1.799959
FILLER_12_251,VPWR,li1,121.2100,46.2400,1.799959
FILLER_12_248,VPWR,li1,120.2900,46.2400,1.799959
FILLER_12_245,VPWR,li1,118.9100,46.2400,1.799960
FILLER_12_242,VPWR,li1,117.5300,46.2400,1.799960
FILLER_12_239,VPWR,li1,116.1500,46.2400,1.799960
FILLER_12_203,VPWR,li1,99.5900,46.2400,1.799973
FILLER_12_200,VPWR,li1,98.2100,46.2400,1.799970
FILLER_12_197,VPWR,li1,96.8300,46.2400,1.799970
FILLER_12_194,VPWR,li1,95.2200,46.2400,1.799967
FILLER_12_187,VPWR,li1,92.2300,46.2400,1.799964
FILLER_12_174,VPWR,li1,86.0200,46.2400,1.799962
FILLER_12_163,VPWR,li1,80.9600,46.2400,1.799964
FILLER_12_160,VPWR,li1,79.8100,46.2400,1.799965
FILLER_12_157,VPWR,li1,78.4300,46.2400,1.799965
FILLER_12_141,VPWR,li1,71.0700,46.2400,1.799973
FILLER_12_138,VPWR,li1,69.4600,46.2400,1.799969
FILLER_12_135,VPWR,li1,68.3100,46.2400,1.799965
FILLER_12_132,VPWR,li1,66.9300,46.2400,1.799965
FILLER_12_129,VPWR,li1,65.5500,46.2400,1.799961
FILLER_12_126,VPWR,li1,64.1700,46.2400,1.799957
FILLER_12_121,VPWR,li1,61.4100,46.2400,1.799955
FILLER_12_118,VPWR,li1,60.4900,46.2400,1.799955
FILLER_12_115,VPWR,li1,59.1100,46.2400,1.799954
FILLER_12_112,VPWR,li1,57.7300,46.2400,1.799954
FILLER_12_109,VPWR,li1,56.3500,46.2400,1.799954
FILLER_12_106,VPWR,li1,54.9700,46.2400,1.799952
FILLER_12_103,VPWR,li1,53.5900,46.2400,1.799952
FILLER_12_100,VPWR,li1,52.2100,46.2400,1.799952
FILLER_12_97,VPWR,li1,50.8300,46.2400,1.799952
FILLER_12_94,VPWR,li1,49.4500,46.2400,1.799953
FILLER_12_91,VPWR,li1,48.0700,46.2400,1.799955
FILLER_12_88,VPWR,li1,46.6900,46.2400,1.799955
FILLER_12_85,VPWR,li1,45.3100,46.2400,1.799957
FILLER_12_82,VPWR,li1,43.7000,46.2400,1.799958
FILLER_12_74,VPWR,li1,39.7900,46.2400,1.799952
FILLER_12_71,VPWR,li1,38.8700,46.2400,1.799952
FILLER_12_59,VPWR,li1,33.1200,46.2400,1.799935
FILLER_12_56,VPWR,li1,31.9700,46.2400,1.799931
FILLER_12_53,VPWR,li1,30.5900,46.2400,1.799931
FILLER_12_44,VPWR,li1,26.4500,46.2400,1.799923
FILLER_12_41,VPWR,li1,25.0700,46.2400,1.799921
FILLER_12_15,VPWR,li1,12.6500,46.2400,1.799947
FILLER_12_9,VPWR,li1,9.8900,46.2400,1.799957
FILLER_12_6,VPWR,li1,8.9700,46.2400,1.799957
FILLER_12_3,VPWR,li1,7.5900,46.2400,1.799957
FILLER_11_601,VPWR,li1,282.2100,40.8000,1.799969
FILLER_11_578,VPWR,li1,271.8600,40.8000,1.799956
FILLER_11_575,VPWR,li1,270.7100,40.8000,1.799956
FILLER_11_561,VPWR,li1,263.8100,40.8000,1.799953
FILLER_11_559,VPWR,li1,262.8900,40.8000,1.799953
FILLER_11_556,VPWR,li1,261.9700,40.8000,1.799954
FILLER_11_553,VPWR,li1,260.5900,40.8000,1.799954
FILLER_11_509,VPWR,li1,240.1200,40.8000,1.799948
FILLER_11_452,VPWR,li1,213.6700,40.8000,1.799951
FILLER_11_449,VPWR,li1,212.7500,40.8000,1.799951
FILLER_11_416,VPWR,li1,197.3400,40.8000,1.799951
FILLER_11_393,VPWR,li1,186.7600,40.8000,1.799957
FILLER_11_335,VPWR,li1,159.8500,40.8000,1.799963
FILLER_11_324,VPWR,li1,155.0200,40.8000,1.799952
FILLER_11_312,VPWR,li1,149.7300,40.8000,1.799945
FILLER_11_301,VPWR,li1,144.4400,40.8000,1.799947
FILLER_11_290,VPWR,li1,139.3800,40.8000,1.799955
FILLER_11_279,VPWR,li1,134.0900,40.8000,1.799965
FILLER_11_276,VPWR,li1,133.1700,40.8000,1.799965
FILLER_11_240,VPWR,li1,116.6100,40.8000,1.799960
FILLER_11_237,VPWR,li1,115.2300,40.8000,1.799960
FILLER_11_234,VPWR,li1,113.8500,40.8000,1.799962
FILLER_11_231,VPWR,li1,112.4700,40.8000,1.799965
FILLER_11_228,VPWR,li1,111.0900,40.8000,1.799965
FILLER_11_225,VPWR,li1,109.7100,40.8000,1.799967
FILLER_11_223,VPWR,li1,108.3300,40.8000,1.799970
FILLER_11_212,VPWR,li1,103.5000,40.8000,1.799977
FILLER_11_209,VPWR,li1,102.3500,40.8000,1.799977
FILLER_11_206,VPWR,li1,100.9700,40.8000,1.799980
FILLER_11_203,VPWR,li1,99.5900,40.8000,1.799978
FILLER_11_200,VPWR,li1,98.2100,40.8000,1.799978
FILLER_11_197,VPWR,li1,96.8300,40.8000,1.799976
FILLER_11_194,VPWR,li1,95.4500,40.8000,1.799976
FILLER_11_184,VPWR,li1,90.8500,40.8000,1.799972
FILLER_11_181,VPWR,li1,89.4700,40.8000,1.799969
FILLER_11_178,VPWR,li1,88.0900,40.8000,1.799969
FILLER_11_175,VPWR,li1,86.7100,40.8000,1.799967
FILLER_11_172,VPWR,li1,85.3300,40.8000,1.799967
FILLER_11_169,VPWR,li1,83.9500,40.8000,1.799966
FILLER_11_166,VPWR,li1,82.3400,40.8000,1.799966
FILLER_11_163,VPWR,li1,81.1900,40.8000,1.799966
FILLER_11_160,VPWR,li1,79.8100,40.8000,1.799966
FILLER_11_157,VPWR,li1,78.4300,40.8000,1.799965
FILLER_11_147,VPWR,li1,73.3700,40.8000,1.799964
FILLER_11_144,VPWR,li1,72.4500,40.8000,1.799964
FILLER_11_132,VPWR,li1,66.7000,40.8000,1.799953
FILLER_11_129,VPWR,li1,65.5500,40.8000,1.799953
FILLER_11_110,VPWR,li1,56.5800,40.8000,1.799935
FILLER_11_84,VPWR,li1,44.8500,40.8000,1.799941
FILLER_11_66,VPWR,li1,36.3400,40.8000,1.799951
FILLER_11_63,VPWR,li1,35.1900,40.8000,1.799949
FILLER_11_60,VPWR,li1,33.8100,40.8000,1.799949
FILLER_11_57,VPWR,li1,32.4300,40.8000,1.799948
FILLER_11_54,VPWR,li1,30.8200,40.8000,1.799947
FILLER_11_51,VPWR,li1,29.6700,40.8000,1.799947
FILLER_11_43,VPWR,li1,25.5300,40.8000,1.799947
FILLER_11_40,VPWR,li1,24.6100,40.8000,1.799947
FILLER_11_34,VPWR,li1,21.3900,40.8000,1.799947
FILLER_11_19,VPWR,li1,14.7200,40.8000,1.799956
FILLER_11_6,VPWR,li1,8.7400,40.8000,1.799965
FILLER_11_3,VPWR,li1,7.5900,40.8000,1.799965
FILLER_10_589,VPWR,li1,276.9200,40.8000,1.799961
FILLER_10_573,VPWR,li1,269.5600,40.8000,1.799955
FILLER_10_570,VPWR,li1,268.4100,40.8000,1.799955
FILLER_10_548,VPWR,li1,257.8300,40.8000,1.799955
FILLER_10_545,VPWR,li1,256.9100,40.8000,1.799955
FILLER_10_542,VPWR,li1,255.5300,40.8000,1.799955
FILLER_10_531,VPWR,li1,250.0100,40.8000,1.799965
FILLER_10_528,VPWR,li1,249.0900,40.8000,1.799959
FILLER_10_525,VPWR,li1,247.7100,40.8000,1.799959
FILLER_10_486,VPWR,li1,229.3100,40.8000,1.799947
FILLER_10_466,VPWR,li1,220.3400,40.8000,1.799957
FILLER_10_463,VPWR,li1,219.1900,40.8000,1.799957
FILLER_10_451,VPWR,li1,213.6700,40.8000,1.799951
FILLER_10_444,VPWR,li1,210.4500,40.8000,1.799949
FILLER_10_421,VPWR,li1,199.6400,40.8000,1.799949
FILLER_10_417,VPWR,li1,198.0300,40.8000,1.799951
FILLER_10_411,VPWR,li1,195.0400,40.8000,1.799953
FILLER_10_401,VPWR,li1,190.2100,40.8000,1.799964
FILLER_10_390,VPWR,li1,185.6100,40.8000,1.799954
FILLER_10_361,VPWR,li1,172.2700,40.8000,1.799948
FILLER_10_350,VPWR,li1,166.9800,40.8000,1.799951
FILLER_10_347,VPWR,li1,165.8300,40.8000,1.799953
FILLER_10_344,VPWR,li1,164.4500,40.8000,1.799953
FILLER_10_334,VPWR,li1,159.3900,40.8000,1.799963
FILLER_10_331,VPWR,li1,158.4700,40.8000,1.799958
FILLER_10_321,VPWR,li1,153.4100,40.8000,1.799947
FILLER_10_318,VPWR,li1,152.4900,40.8000,1.799947
FILLER_10_309,VPWR,li1,148.1200,40.8000,1.799944
FILLER_10_306,VPWR,li1,146.7400,40.8000,1.799944
FILLER_10_303,VPWR,li1,145.5900,40.8000,1.799947
FILLER_10_300,VPWR,li1,144.2100,40.8000,1.799947
FILLER_10_297,VPWR,li1,142.8300,40.8000,1.799951
FILLER_10_294,VPWR,li1,141.4500,40.8000,1.799951
FILLER_10_291,VPWR,li1,140.0700,40.8000,1.799955
FILLER_10_288,VPWR,li1,138.6900,40.8000,1.799955
FILLER_10_285,VPWR,li1,137.3100,40.8000,1.799960
FILLER_10_282,VPWR,li1,135.9300,40.8000,1.799960
FILLER_10_279,VPWR,li1,134.5500,40.8000,1.799965
FILLER_10_274,VPWR,li1,131.7900,40.8000,1.799970
FILLER_10_271,VPWR,li1,130.8700,40.8000,1.799970
FILLER_10_268,VPWR,li1,129.4900,40.8000,1.799966
FILLER_10_265,VPWR,li1,128.1100,40.8000,1.799966
FILLER_10_262,VPWR,li1,126.7300,40.8000,1.799962
FILLER_10_259,VPWR,li1,125.3500,40.8000,1.799962
FILLER_10_256,VPWR,li1,123.9700,40.8000,1.799958
FILLER_10_253,VPWR,li1,122.5900,40.8000,1.799958
FILLER_10_251,VPWR,li1,121.2100,40.8000,1.799954
FILLER_10_248,VPWR,li1,120.2900,40.8000,1.799954
FILLER_10_236,VPWR,li1,114.5400,40.8000,1.799962
FILLER_10_233,VPWR,li1,113.3900,40.8000,1.799962
FILLER_10_230,VPWR,li1,112.0100,40.8000,1.799965
FILLER_10_225,VPWR,li1,109.2500,40.8000,1.799967
FILLER_10_217,VPWR,li1,105.5700,40.8000,1.799974
FILLER_10_214,VPWR,li1,104.6500,40.8000,1.799974
FILLER_10_211,VPWR,li1,103.2700,40.8000,1.799977
FILLER_10_208,VPWR,li1,101.8900,40.8000,1.799980
FILLER_10_197,VPWR,li1,96.6000,40.8000,1.799976
FILLER_10_195,VPWR,li1,95.4500,40.8000,1.799976
FILLER_10_182,VPWR,li1,89.4700,40.8000,1.799969
FILLER_10_179,VPWR,li1,88.5500,40.8000,1.799969
FILLER_10_169,VPWR,li1,83.9500,40.8000,1.799966
FILLER_10_166,VPWR,li1,82.5700,40.8000,1.799966
FILLER_10_163,VPWR,li1,81.1900,40.8000,1.799966
FILLER_10_160,VPWR,li1,79.8100,40.8000,1.799966
FILLER_10_157,VPWR,li1,78.4300,40.8000,1.799965
FILLER_10_154,VPWR,li1,77.0500,40.8000,1.799965
FILLER_10_151,VPWR,li1,75.6700,40.8000,1.799964
FILLER_10_148,VPWR,li1,74.2900,40.8000,1.799964
FILLER_10_132,VPWR,li1,66.9300,40.8000,1.799953
FILLER_10_129,VPWR,li1,65.5500,40.8000,1.799953
FILLER_10_126,VPWR,li1,64.1700,40.8000,1.799947
FILLER_10_123,VPWR,li1,62.7900,40.8000,1.799942
FILLER_10_118,VPWR,li1,60.0300,40.8000,1.799939
FILLER_10_115,VPWR,li1,59.1100,40.8000,1.799939
FILLER_10_112,VPWR,li1,57.7300,40.8000,1.799937
FILLER_10_107,VPWR,li1,54.9700,40.8000,1.799935
FILLER_10_100,VPWR,li1,52.2100,40.8000,1.799933
FILLER_10_97,VPWR,li1,50.8300,40.8000,1.799933
FILLER_10_85,VPWR,li1,45.3100,40.8000,1.799941
FILLER_10_83,VPWR,li1,43.9300,40.8000,1.799941
FILLER_10_71,VPWR,li1,38.8700,40.8000,1.799956
FILLER_10_45,VPWR,li1,26.9100,40.8000,1.799947
FILLER_10_42,VPWR,li1,25.5300,40.8000,1.799947
FILLER_10_26,VPWR,li1,17.9400,40.8000,1.799952
FILLER_10_3,VPWR,li1,7.3600,40.8000,1.799965
FILLER_9_611,VPWR,li1,286.8100,35.3600,1.799966
FILLER_9_588,VPWR,li1,276.4600,35.3600,1.799963
FILLER_9_585,VPWR,li1,275.3100,35.3600,1.799959
FILLER_9_582,VPWR,li1,273.9300,35.3600,1.799959
FILLER_9_558,VPWR,li1,262.6600,35.3600,1.799954
FILLER_9_520,VPWR,li1,245.4100,35.3600,1.799960
FILLER_9_517,VPWR,li1,244.0300,35.3600,1.799960
FILLER_9_514,VPWR,li1,242.6500,35.3600,1.799957
FILLER_9_511,VPWR,li1,241.2700,35.3600,1.799954
FILLER_9_508,VPWR,li1,239.8900,35.3600,1.799954
FILLER_9_505,VPWR,li1,238.5100,35.3600,1.799951
FILLER_9_502,VPWR,li1,236.9000,35.3600,1.799948
FILLER_9_499,VPWR,li1,235.7500,35.3600,1.799948
FILLER_9_418,VPWR,li1,198.2600,35.3600,1.799938
FILLER_9_396,VPWR,li1,187.9100,35.3600,1.799958
FILLER_9_393,VPWR,li1,186.9900,35.3600,1.799956
FILLER_9_390,VPWR,li1,185.3800,35.3600,1.799953
FILLER_9_387,VPWR,li1,184.2300,35.3600,1.799953
FILLER_9_373,VPWR,li1,177.3300,35.3600,1.799949
FILLER_9_349,VPWR,li1,166.7500,35.3600,1.799955
FILLER_9_337,VPWR,li1,161.0000,35.3600,1.799966
FILLER_9_335,VPWR,li1,159.8500,35.3600,1.799966
FILLER_9_332,VPWR,li1,158.9300,35.3600,1.799960
FILLER_9_329,VPWR,li1,157.5500,35.3600,1.799960
FILLER_9_315,VPWR,li1,150.6500,35.3600,1.799950
FILLER_9_312,VPWR,li1,149.7300,35.3600,1.799950
FILLER_9_287,VPWR,li1,138.0000,35.3600,1.799949
FILLER_9_284,VPWR,li1,136.8500,35.3600,1.799949
FILLER_9_281,VPWR,li1,135.4700,35.3600,1.799952
FILLER_9_268,VPWR,li1,129.4900,35.3600,1.799965
FILLER_9_235,VPWR,li1,114.3100,35.3600,1.799951
FILLER_9_232,VPWR,li1,112.9300,35.3600,1.799951
FILLER_9_229,VPWR,li1,111.5500,35.3600,1.799951
FILLER_9_214,VPWR,li1,104.1900,35.3600,1.799959
FILLER_9_211,VPWR,li1,103.2700,35.3600,1.799959
FILLER_9_208,VPWR,li1,101.8900,35.3600,1.799962
FILLER_9_191,VPWR,li1,93.6100,35.3600,1.799945
FILLER_9_188,VPWR,li1,92.6900,35.3600,1.799945
FILLER_9_185,VPWR,li1,91.3100,35.3600,1.799938
FILLER_9_182,VPWR,li1,89.9300,35.3600,1.799938
FILLER_9_169,VPWR,li1,83.7200,35.3600,1.799927
FILLER_9_166,VPWR,li1,82.3400,35.3600,1.799927
FILLER_9_163,VPWR,li1,81.1900,35.3600,1.799927
FILLER_9_147,VPWR,li1,73.8300,35.3600,1.799943
FILLER_9_144,VPWR,li1,72.4500,35.3600,1.799943
FILLER_9_138,VPWR,li1,69.4600,35.3600,1.799954
FILLER_9_135,VPWR,li1,68.3100,35.3600,1.799951
FILLER_9_132,VPWR,li1,66.9300,35.3600,1.799948
FILLER_9_129,VPWR,li1,65.5500,35.3600,1.799948
FILLER_9_119,VPWR,li1,60.7200,35.3600,1.799944
FILLER_9_116,VPWR,li1,59.5700,35.3600,1.799943
FILLER_9_113,VPWR,li1,58.1900,35.3600,1.799943
FILLER_9_111,VPWR,li1,56.8100,35.3600,1.799943
FILLER_9_108,VPWR,li1,55.8900,35.3600,1.799943
FILLER_9_99,VPWR,li1,51.2900,35.3600,1.799942
FILLER_9_96,VPWR,li1,50.3700,35.3600,1.799942
FILLER_9_93,VPWR,li1,48.9900,35.3600,1.799943
FILLER_9_90,VPWR,li1,47.6100,35.3600,1.799943
FILLER_9_78,VPWR,li1,41.6300,35.3600,1.799951
FILLER_9_67,VPWR,li1,36.5700,35.3600,1.799938
FILLER_9_55,VPWR,li1,31.0500,35.3600,1.799934
FILLER_9_52,VPWR,li1,30.1300,35.3600,1.799932
FILLER_9_49,VPWR,li1,28.7500,35.3600,1.799932
FILLER_9_46,VPWR,li1,27.3700,35.3600,1.799932
FILLER_9_43,VPWR,li1,25.9900,35.3600,1.799932
FILLER_9_9,VPWR,li1,9.8900,35.3600,1.799968
FILLER_9_6,VPWR,li1,8.9700,35.3600,1.799968
FILLER_9_3,VPWR,li1,7.5900,35.3600,1.799968
FILLER_8_592,VPWR,li1,278.0700,35.3600,1.799965
FILLER_8_589,VPWR,li1,277.1500,35.3600,1.799963
FILLER_8_531,VPWR,li1,250.0100,35.3600,1.799969
FILLER_8_516,VPWR,li1,243.1100,35.3600,1.799957
FILLER_8_513,VPWR,li1,242.1900,35.3600,1.799957
FILLER_8_462,VPWR,li1,218.2700,35.3600,1.799945
FILLER_8_459,VPWR,li1,217.3500,35.3600,1.799945
FILLER_8_436,VPWR,li1,206.5400,35.3600,1.799917
FILLER_8_421,VPWR,li1,199.6400,35.3600,1.799938
FILLER_8_401,VPWR,li1,190.4400,35.3600,1.799961
FILLER_8_387,VPWR,li1,183.7700,35.3600,1.799953
FILLER_8_379,VPWR,li1,180.0900,35.3600,1.799950
FILLER_8_365,VPWR,li1,173.6500,35.3600,1.799949
FILLER_8_362,VPWR,li1,172.5000,35.3600,1.799949
FILLER_8_359,VPWR,li1,171.3500,35.3600,1.799952
FILLER_8_356,VPWR,li1,169.9700,35.3600,1.799952
FILLER_8_318,VPWR,li1,152.4900,35.3600,1.799953
FILLER_8_315,VPWR,li1,151.1100,35.3600,1.799950
FILLER_8_312,VPWR,li1,149.7300,35.3600,1.799950
FILLER_8_309,VPWR,li1,148.3500,35.3600,1.799948
FILLER_8_306,VPWR,li1,146.7400,35.3600,1.799946
FILLER_8_303,VPWR,li1,145.5900,35.3600,1.799946
FILLER_8_300,VPWR,li1,144.2100,35.3600,1.799944
FILLER_8_270,VPWR,li1,129.9500,35.3600,1.799965
FILLER_8_267,VPWR,li1,129.0300,35.3600,1.799965
FILLER_8_264,VPWR,li1,127.6500,35.3600,1.799961
FILLER_8_261,VPWR,li1,126.2700,35.3600,1.799961
FILLER_8_256,VPWR,li1,123.5100,35.3600,1.799956
FILLER_8_253,VPWR,li1,122.5900,35.3600,1.799954
FILLER_8_251,VPWR,li1,121.2100,35.3600,1.799954
FILLER_8_228,VPWR,li1,110.8600,35.3600,1.799951
FILLER_8_225,VPWR,li1,109.7100,35.3600,1.799952
FILLER_8_215,VPWR,li1,104.8800,35.3600,1.799959
FILLER_8_212,VPWR,li1,103.7300,35.3600,1.799959
FILLER_8_209,VPWR,li1,102.3500,35.3600,1.799962
FILLER_8_206,VPWR,li1,100.9700,35.3600,1.799962
FILLER_8_203,VPWR,li1,99.5900,35.3600,1.799964
FILLER_8_200,VPWR,li1,98.2100,35.3600,1.799958
FILLER_8_197,VPWR,li1,96.8300,35.3600,1.799958
FILLER_8_193,VPWR,li1,94.9900,35.3600,1.799952
FILLER_8_190,VPWR,li1,93.6100,35.3600,1.799945
FILLER_8_187,VPWR,li1,92.2300,35.3600,1.799945
FILLER_8_184,VPWR,li1,90.8500,35.3600,1.799938
FILLER_8_177,VPWR,li1,87.1700,35.3600,1.799931
FILLER_8_171,VPWR,li1,84.6400,35.3600,1.799927
FILLER_8_156,VPWR,li1,77.5100,35.3600,1.799929
FILLER_8_153,VPWR,li1,76.5900,35.3600,1.799934
FILLER_8_150,VPWR,li1,75.2100,35.3600,1.799934
FILLER_8_141,VPWR,li1,70.6100,35.3600,1.799954
FILLER_8_139,VPWR,li1,69.6900,35.3600,1.799954
FILLER_8_136,VPWR,li1,68.7700,35.3600,1.799951
FILLER_8_133,VPWR,li1,67.3900,35.3600,1.799951
FILLER_8_115,VPWR,li1,58.8800,35.3600,1.799943
FILLER_8_112,VPWR,li1,57.7300,35.3600,1.799943
FILLER_8_109,VPWR,li1,56.3500,35.3600,1.799943
FILLER_8_106,VPWR,li1,54.9700,35.3600,1.799943
FILLER_8_103,VPWR,li1,53.5900,35.3600,1.799942
FILLER_8_100,VPWR,li1,52.2100,35.3600,1.799942
FILLER_8_97,VPWR,li1,50.8300,35.3600,1.799942
FILLER_8_85,VPWR,li1,45.0800,35.3600,1.799944
FILLER_8_81,VPWR,li1,43.4700,35.3600,1.799945
FILLER_8_73,VPWR,li1,39.3300,35.3600,1.799944
FILLER_8_70,VPWR,li1,38.4100,35.3600,1.799944
FILLER_8_61,VPWR,li1,34.0400,35.3600,1.799935
FILLER_8_58,VPWR,li1,32.8900,35.3600,1.799935
FILLER_8_55,VPWR,li1,31.5100,35.3600,1.799934
FILLER_8_44,VPWR,li1,26.2200,35.3600,1.799932
FILLER_8_29,VPWR,li1,19.3200,35.3600,1.799937
FILLER_8_19,VPWR,li1,14.7200,35.3600,1.799948
FILLER_8_9,VPWR,li1,10.3500,35.3600,1.799968
FILLER_8_6,VPWR,li1,8.9700,35.3600,1.799968
FILLER_8_3,VPWR,li1,7.5900,35.3600,1.799968
FILLER_7_610,VPWR,li1,286.5800,29.9200,1.799980
FILLER_7_589,VPWR,li1,277.1500,29.9200,1.799976
FILLER_7_586,VPWR,li1,275.7700,29.9200,1.799974
FILLER_7_536,VPWR,li1,252.7700,29.9200,1.799976
FILLER_7_533,VPWR,li1,251.3900,29.9200,1.799980
FILLER_7_530,VPWR,li1,250.0100,29.9200,1.799980
FILLER_7_527,VPWR,li1,248.6300,29.9200,1.799977
FILLER_7_524,VPWR,li1,247.2500,29.9200,1.799977
FILLER_7_515,VPWR,li1,243.1100,29.9200,1.799971
FILLER_7_505,VPWR,li1,238.2800,29.9200,1.799968
FILLER_7_493,VPWR,li1,232.5300,29.9200,1.799966
FILLER_7_471,VPWR,li1,222.4100,29.9200,1.799966
FILLER_7_468,VPWR,li1,221.4900,29.9200,1.799968
FILLER_7_465,VPWR,li1,220.1100,29.9200,1.799962
FILLER_7_462,VPWR,li1,218.7300,29.9200,1.799962
FILLER_7_446,VPWR,li1,211.1400,29.9200,1.799947
FILLER_7_443,VPWR,li1,209.9900,29.9200,1.799942
FILLER_7_440,VPWR,li1,208.6100,29.9200,1.799942
FILLER_7_437,VPWR,li1,207.2300,29.9200,1.799943
FILLER_7_434,VPWR,li1,205.8500,29.9200,1.799943
FILLER_7_427,VPWR,li1,202.4000,29.9200,1.799943
FILLER_7_397,VPWR,li1,188.6000,29.9200,1.799947
FILLER_7_390,VPWR,li1,185.3800,29.9200,1.799941
FILLER_7_361,VPWR,li1,171.8100,29.9200,1.799923
FILLER_7_358,VPWR,li1,170.8900,29.9200,1.799923
FILLER_7_333,VPWR,li1,159.3900,29.9200,1.799953
FILLER_7_330,VPWR,li1,158.0100,29.9200,1.799948
FILLER_7_327,VPWR,li1,156.6300,29.9200,1.799948
FILLER_7_324,VPWR,li1,155.2500,29.9200,1.799944
FILLER_7_321,VPWR,li1,153.8700,29.9200,1.799944
FILLER_7_318,VPWR,li1,152.4900,29.9200,1.799940
FILLER_7_294,VPWR,li1,141.4500,29.9200,1.799931
FILLER_7_287,VPWR,li1,138.2300,29.9200,1.799930
FILLER_7_284,VPWR,li1,136.8500,29.9200,1.799929
FILLER_7_281,VPWR,li1,135.4700,29.9200,1.799935
FILLER_7_278,VPWR,li1,133.8600,29.9200,1.799935
FILLER_7_275,VPWR,li1,132.7100,29.9200,1.799940
FILLER_7_272,VPWR,li1,131.3300,29.9200,1.799946
FILLER_7_269,VPWR,li1,129.9500,29.9200,1.799946
FILLER_7_266,VPWR,li1,128.5700,29.9200,1.799934
FILLER_7_263,VPWR,li1,127.1900,29.9200,1.799934
FILLER_7_260,VPWR,li1,125.8100,29.9200,1.799927
FILLER_7_257,VPWR,li1,124.4300,29.9200,1.799919
FILLER_7_254,VPWR,li1,123.0500,29.9200,1.799919
FILLER_7_251,VPWR,li1,121.6700,29.9200,1.799913
FILLER_7_248,VPWR,li1,120.2900,29.9200,1.799904
FILLER_7_245,VPWR,li1,118.9100,29.9200,1.799904
FILLER_7_214,VPWR,li1,104.4200,29.9200,1.799915
FILLER_7_181,VPWR,li1,89.4700,29.9200,1.799925
FILLER_7_178,VPWR,li1,88.0900,29.9200,1.799925
FILLER_7_175,VPWR,li1,86.7100,29.9200,1.799925
FILLER_7_172,VPWR,li1,85.3300,29.9200,1.799925
FILLER_7_169,VPWR,li1,83.9500,29.9200,1.799925
FILLER_7_149,VPWR,li1,74.5200,29.9200,1.799942
FILLER_7_140,VPWR,li1,70.3800,29.9200,1.799956
FILLER_7_137,VPWR,li1,69.2300,29.9200,1.799953
FILLER_7_134,VPWR,li1,67.8500,29.9200,1.799950
FILLER_7_131,VPWR,li1,66.4700,29.9200,1.799950
FILLER_7_128,VPWR,li1,65.0900,29.9200,1.799947
FILLER_7_119,VPWR,li1,60.9500,29.9200,1.799942
FILLER_7_116,VPWR,li1,59.5700,29.9200,1.799942
FILLER_7_113,VPWR,li1,58.1900,29.9200,1.799940
FILLER_7_109,VPWR,li1,56.3500,29.9200,1.799938
FILLER_7_106,VPWR,li1,54.9700,29.9200,1.799938
FILLER_7_87,VPWR,li1,45.7700,29.9200,1.799940
FILLER_7_84,VPWR,li1,44.8500,29.9200,1.799944
FILLER_7_81,VPWR,li1,43.4700,29.9200,1.799944
FILLER_7_78,VPWR,li1,42.0900,29.9200,1.799950
FILLER_7_57,VPWR,li1,31.9700,29.9200,1.799929
FILLER_7_54,VPWR,li1,30.8200,29.9200,1.799926
FILLER_7_51,VPWR,li1,29.6700,29.9200,1.799926
FILLER_7_48,VPWR,li1,28.2900,29.9200,1.799923
FILLER_7_6,VPWR,li1,8.9700,29.9200,1.799955
FILLER_7_3,VPWR,li1,7.5900,29.9200,1.799955
FILLER_6_592,VPWR,li1,278.0700,29.9200,1.799979
FILLER_6_589,VPWR,li1,277.1500,29.9200,1.799976
FILLER_6_579,VPWR,li1,272.3200,29.9200,1.799971
FILLER_6_576,VPWR,li1,271.1700,29.9200,1.799968
FILLER_6_573,VPWR,li1,269.7900,29.9200,1.799968
FILLER_6_549,VPWR,li1,258.7500,29.9200,1.799969
FILLER_6_533,VPWR,li1,251.3900,29.9200,1.799980
FILLER_6_530,VPWR,li1,249.7800,29.9200,1.799980
FILLER_6_527,VPWR,li1,248.6300,29.9200,1.799977
FILLER_6_524,VPWR,li1,247.2500,29.9200,1.799977
FILLER_6_509,VPWR,li1,239.8900,29.9200,1.799969
FILLER_6_506,VPWR,li1,238.9700,29.9200,1.799968
FILLER_6_495,VPWR,li1,233.9100,29.9200,1.799966
FILLER_6_492,VPWR,li1,232.5300,29.9200,1.799966
FILLER_6_489,VPWR,li1,231.1500,29.9200,1.799964
FILLER_6_486,VPWR,li1,229.7700,29.9200,1.799964
FILLER_6_483,VPWR,li1,228.3900,29.9200,1.799963
FILLER_6_480,VPWR,li1,227.0100,29.9200,1.799963
FILLER_6_477,VPWR,li1,225.6300,29.9200,1.799965
FILLER_6_475,VPWR,li1,224.2500,29.9200,1.799965
FILLER_6_430,VPWR,li1,204.0100,29.9200,1.799943
FILLER_6_424,VPWR,li1,201.0200,29.9200,1.799943
FILLER_6_421,VPWR,li1,199.8700,29.9200,1.799944
FILLER_6_417,VPWR,li1,198.0300,29.9200,1.799944
FILLER_6_414,VPWR,li1,196.6500,29.9200,1.799944
FILLER_6_404,VPWR,li1,191.8200,29.9200,1.799950
FILLER_6_401,VPWR,li1,190.6700,29.9200,1.799954
FILLER_6_398,VPWR,li1,189.2900,29.9200,1.799954
FILLER_6_395,VPWR,li1,187.9100,29.9200,1.799947
FILLER_6_392,VPWR,li1,186.5300,29.9200,1.799941
FILLER_6_363,VPWR,li1,172.7300,29.9200,1.799919
FILLER_6_360,VPWR,li1,171.8100,29.9200,1.799923
FILLER_6_357,VPWR,li1,170.4300,29.9200,1.799923
FILLER_6_354,VPWR,li1,169.0500,29.9200,1.799928
FILLER_6_351,VPWR,li1,167.6700,29.9200,1.799928
FILLER_6_348,VPWR,li1,166.2900,29.9200,1.799932
FILLER_6_345,VPWR,li1,164.9100,29.9200,1.799939
FILLER_6_342,VPWR,li1,163.5300,29.9200,1.799939
FILLER_6_324,VPWR,li1,155.2500,29.9200,1.799944
FILLER_6_321,VPWR,li1,153.8700,29.9200,1.799944
FILLER_6_318,VPWR,li1,152.4900,29.9200,1.799940
FILLER_6_315,VPWR,li1,151.1100,29.9200,1.799940
FILLER_6_312,VPWR,li1,149.7300,29.9200,1.799936
FILLER_6_309,VPWR,li1,148.3500,29.9200,1.799936
FILLER_6_307,VPWR,li1,146.9700,29.9200,1.799933
FILLER_6_304,VPWR,li1,146.0500,29.9200,1.799933
FILLER_6_301,VPWR,li1,144.6700,29.9200,1.799932
FILLER_6_298,VPWR,li1,143.2900,29.9200,1.799932
FILLER_6_295,VPWR,li1,141.9100,29.9200,1.799931
FILLER_6_292,VPWR,li1,140.5300,29.9200,1.799931
FILLER_6_289,VPWR,li1,139.1500,29.9200,1.799930
FILLER_6_286,VPWR,li1,137.7700,29.9200,1.799929
FILLER_6_279,VPWR,li1,134.5500,29.9200,1.799935
FILLER_6_259,VPWR,li1,125.1200,29.9200,1.799927
FILLER_6_256,VPWR,li1,123.9700,29.9200,1.799919
FILLER_6_253,VPWR,li1,122.5900,29.9200,1.799913
FILLER_6_251,VPWR,li1,121.2100,29.9200,1.799913
FILLER_6_248,VPWR,li1,120.2900,29.9200,1.799904
FILLER_6_245,VPWR,li1,118.9100,29.9200,1.799904
FILLER_6_212,VPWR,li1,103.5000,29.9200,1.799925
FILLER_6_209,VPWR,li1,102.3500,29.9200,1.799925
FILLER_6_206,VPWR,li1,100.9700,29.9200,1.799933
FILLER_6_197,VPWR,li1,96.3700,29.9200,1.799928
FILLER_6_186,VPWR,li1,91.3100,29.9200,1.799925
FILLER_6_183,VPWR,li1,90.3900,29.9200,1.799925
FILLER_6_180,VPWR,li1,89.0100,29.9200,1.799925
FILLER_6_177,VPWR,li1,87.6300,29.9200,1.799925
FILLER_6_174,VPWR,li1,86.2500,29.9200,1.799925
FILLER_6_171,VPWR,li1,84.8700,29.9200,1.799925
FILLER_6_156,VPWR,li1,77.9700,29.9200,1.799936
FILLER_6_153,VPWR,li1,76.5900,29.9200,1.799936
FILLER_6_150,VPWR,li1,75.2100,29.9200,1.799942
FILLER_6_147,VPWR,li1,73.8300,29.9200,1.799948
FILLER_6_144,VPWR,li1,72.4500,29.9200,1.799948
FILLER_6_141,VPWR,li1,71.0700,29.9200,1.799956
FILLER_6_133,VPWR,li1,66.9300,29.9200,1.799950
FILLER_6_130,VPWR,li1,66.0100,29.9200,1.799947
FILLER_6_127,VPWR,li1,64.6300,29.9200,1.799947
FILLER_6_122,VPWR,li1,61.8700,29.9200,1.799943
FILLER_6_119,VPWR,li1,60.9500,29.9200,1.799942
FILLER_6_116,VPWR,li1,59.5700,29.9200,1.799942
FILLER_6_113,VPWR,li1,58.1900,29.9200,1.799940
FILLER_6_110,VPWR,li1,56.8100,29.9200,1.799940
FILLER_6_107,VPWR,li1,55.4300,29.9200,1.799938
FILLER_6_104,VPWR,li1,54.0500,29.9200,1.799937
FILLER_6_101,VPWR,li1,52.6700,29.9200,1.799937
FILLER_6_98,VPWR,li1,51.2900,29.9200,1.799936
FILLER_6_95,VPWR,li1,49.9100,29.9200,1.799936
FILLER_6_92,VPWR,li1,48.5300,29.9200,1.799936
FILLER_6_85,VPWR,li1,45.3100,29.9200,1.799940
FILLER_6_83,VPWR,li1,43.9300,29.9200,1.799944
FILLER_6_59,VPWR,li1,33.1200,29.9200,1.799929
FILLER_6_56,VPWR,li1,31.9700,29.9200,1.799929
FILLER_6_53,VPWR,li1,30.5900,29.9200,1.799926
FILLER_6_26,VPWR,li1,17.9400,29.9200,1.799926
FILLER_6_3,VPWR,li1,7.3600,29.9200,1.799955
FILLER_5_609,VPWR,li1,286.3500,24.4800,1.799983
FILLER_5_606,VPWR,li1,284.9700,24.4800,1.799983
FILLER_5_564,VPWR,li1,265.1900,24.4800,1.799970
FILLER_5_561,VPWR,li1,264.2700,24.4800,1.799970
FILLER_5_532,VPWR,li1,250.4700,24.4800,1.799976
FILLER_5_529,VPWR,li1,249.5500,24.4800,1.799976
FILLER_5_512,VPWR,li1,241.5000,24.4800,1.799961
FILLER_5_509,VPWR,li1,240.3500,24.4800,1.799957
FILLER_5_461,VPWR,li1,217.8100,24.4800,1.799955
FILLER_5_458,VPWR,li1,216.8900,24.4800,1.799955
FILLER_5_439,VPWR,li1,207.9200,24.4800,1.799939
FILLER_5_417,VPWR,li1,197.5700,24.4800,1.799948
FILLER_5_403,VPWR,li1,191.1300,24.4800,1.799964
FILLER_5_400,VPWR,li1,190.2100,24.4800,1.799964
FILLER_5_391,VPWR,li1,185.6100,24.4800,1.799952
FILLER_5_369,VPWR,li1,175.9500,24.4800,1.799949
FILLER_5_366,VPWR,li1,174.5700,24.4800,1.799949
FILLER_5_337,VPWR,li1,160.7700,24.4800,1.799962
FILLER_5_314,VPWR,li1,150.1900,24.4800,1.799940
FILLER_5_311,VPWR,li1,149.2700,24.4800,1.799940
FILLER_5_308,VPWR,li1,147.8900,24.4800,1.799938
FILLER_5_298,VPWR,li1,142.8300,24.4800,1.799934
FILLER_5_275,VPWR,li1,132.2500,24.4800,1.799942
FILLER_5_272,VPWR,li1,131.3300,24.4800,1.799950
FILLER_5_262,VPWR,li1,126.5000,24.4800,1.799942
FILLER_5_229,VPWR,li1,111.3200,24.4800,1.799934
FILLER_5_221,VPWR,li1,107.8700,24.4800,1.799940
FILLER_5_186,VPWR,li1,91.5400,24.4800,1.799944
FILLER_5_183,VPWR,li1,90.3900,24.4800,1.799942
FILLER_5_180,VPWR,li1,89.0100,24.4800,1.799942
FILLER_5_172,VPWR,li1,84.8700,24.4800,1.799941
FILLER_5_169,VPWR,li1,83.9500,24.4800,1.799942
FILLER_5_165,VPWR,li1,82.1100,24.4800,1.799942
FILLER_5_159,VPWR,li1,79.1200,24.4800,1.799945
FILLER_5_156,VPWR,li1,77.9700,24.4800,1.799945
FILLER_5_150,VPWR,li1,74.9800,24.4800,1.799949
FILLER_5_147,VPWR,li1,73.8300,24.4800,1.799956
FILLER_5_144,VPWR,li1,72.4500,24.4800,1.799956
FILLER_5_141,VPWR,li1,71.0700,24.4800,1.799964
FILLER_5_138,VPWR,li1,69.6900,24.4800,1.799964
FILLER_5_135,VPWR,li1,68.3100,24.4800,1.799960
FILLER_5_132,VPWR,li1,66.9300,24.4800,1.799960
FILLER_5_116,VPWR,li1,59.5700,24.4800,1.799952
FILLER_5_113,VPWR,li1,58.1900,24.4800,1.799952
FILLER_5_110,VPWR,li1,56.5800,24.4800,1.799952
FILLER_5_100,VPWR,li1,52.2100,24.4800,1.799951
FILLER_5_81,VPWR,li1,43.0100,24.4800,1.799955
FILLER_5_60,VPWR,li1,33.3500,24.4800,1.799945
FILLER_5_57,VPWR,li1,32.4300,24.4800,1.799941
FILLER_5_53,VPWR,li1,30.5900,24.4800,1.799938
FILLER_5_50,VPWR,li1,29.2100,24.4800,1.799938
FILLER_4_610,VPWR,li1,286.5800,24.4800,1.799983
FILLER_4_592,VPWR,li1,278.3000,24.4800,1.799981
FILLER_4_589,VPWR,li1,277.1500,24.4800,1.799978
FILLER_4_586,VPWR,li1,275.5400,24.4800,1.799978
FILLER_4_577,VPWR,li1,271.1700,24.4800,1.799974
FILLER_4_574,VPWR,li1,270.2500,24.4800,1.799974
FILLER_4_567,VPWR,li1,266.5700,24.4800,1.799971
FILLER_4_564,VPWR,li1,265.6500,24.4800,1.799971
FILLER_4_556,VPWR,li1,261.7400,24.4800,1.799970
FILLER_4_541,VPWR,li1,254.8400,24.4800,1.799971
FILLER_4_533,VPWR,li1,250.9300,24.4800,1.799975
FILLER_4_531,VPWR,li1,250.0100,24.4800,1.799976
FILLER_4_528,VPWR,li1,249.0900,24.4800,1.799976
FILLER_4_525,VPWR,li1,247.7100,24.4800,1.799972
FILLER_4_506,VPWR,li1,238.9700,24.4800,1.799957
FILLER_4_503,VPWR,li1,237.5900,24.4800,1.799955
FILLER_4_500,VPWR,li1,236.2100,24.4800,1.799955
FILLER_4_491,VPWR,li1,231.8400,24.4800,1.799951
FILLER_4_480,VPWR,li1,226.7800,24.4800,1.799956
FILLER_4_477,VPWR,li1,225.6300,24.4800,1.799958
FILLER_4_474,VPWR,li1,224.0200,24.4800,1.799961
FILLER_4_471,VPWR,li1,222.8700,24.4800,1.799961
FILLER_4_468,VPWR,li1,221.4900,24.4800,1.799965
FILLER_4_465,VPWR,li1,220.1100,24.4800,1.799959
FILLER_4_462,VPWR,li1,218.7300,24.4800,1.799959
FILLER_4_459,VPWR,li1,217.3500,24.4800,1.799955
FILLER_4_448,VPWR,li1,211.8300,24.4800,1.799945
FILLER_4_424,VPWR,li1,200.7900,24.4800,1.799944
FILLER_4_421,VPWR,li1,199.8700,24.4800,1.799944
FILLER_4_418,VPWR,li1,198.2600,24.4800,1.799948
FILLER_4_402,VPWR,li1,190.6700,24.4800,1.799964
FILLER_4_384,VPWR,li1,182.8500,24.4800,1.799951
FILLER_4_381,VPWR,li1,181.4700,24.4800,1.799951
FILLER_4_368,VPWR,li1,175.4900,24.4800,1.799949
FILLER_4_365,VPWR,li1,174.1100,24.4800,1.799949
FILLER_4_362,VPWR,li1,172.5000,24.4800,1.799949
FILLER_4_352,VPWR,li1,168.1300,24.4800,1.799951
FILLER_4_330,VPWR,li1,157.5500,24.4800,1.799955
FILLER_4_327,VPWR,li1,156.6300,24.4800,1.799949
FILLER_4_324,VPWR,li1,155.2500,24.4800,1.799949
FILLER_4_307,VPWR,li1,146.9700,24.4800,1.799938
FILLER_4_304,VPWR,li1,146.0500,24.4800,1.799936
FILLER_4_290,VPWR,li1,139.1500,24.4800,1.799933
FILLER_4_287,VPWR,li1,138.2300,24.4800,1.799934
FILLER_4_276,VPWR,li1,133.1700,24.4800,1.799942
FILLER_4_273,VPWR,li1,131.7900,24.4800,1.799950
FILLER_4_270,VPWR,li1,130.4100,24.4800,1.799950
FILLER_4_260,VPWR,li1,125.8100,24.4800,1.799942
FILLER_4_250,VPWR,li1,120.9800,24.4800,1.799934
FILLER_4_247,VPWR,li1,119.8300,24.4800,1.799934
FILLER_4_218,VPWR,li1,106.4900,24.4800,1.799940
FILLER_4_193,VPWR,li1,94.9900,24.4800,1.799945
FILLER_4_190,VPWR,li1,93.6100,24.4800,1.799945
FILLER_4_166,VPWR,li1,82.5700,24.4800,1.799942
FILLER_4_153,VPWR,li1,76.1300,24.4800,1.799949
FILLER_4_150,VPWR,li1,75.2100,24.4800,1.799949
FILLER_4_147,VPWR,li1,73.8300,24.4800,1.799956
FILLER_4_144,VPWR,li1,72.4500,24.4800,1.799956
FILLER_4_141,VPWR,li1,71.0700,24.4800,1.799964
FILLER_4_138,VPWR,li1,69.4600,24.4800,1.799964
FILLER_4_135,VPWR,li1,68.3100,24.4800,1.799960
FILLER_4_132,VPWR,li1,66.9300,24.4800,1.799960
FILLER_4_129,VPWR,li1,65.5500,24.4800,1.799955
FILLER_4_126,VPWR,li1,64.1700,24.4800,1.799955
FILLER_4_115,VPWR,li1,59.1100,24.4800,1.799952
FILLER_4_112,VPWR,li1,57.7300,24.4800,1.799952
FILLER_4_109,VPWR,li1,56.3500,24.4800,1.799952
FILLER_4_106,VPWR,li1,54.9700,24.4800,1.799951
FILLER_4_103,VPWR,li1,53.5900,24.4800,1.799951
FILLER_4_100,VPWR,li1,52.2100,24.4800,1.799951
FILLER_4_97,VPWR,li1,50.8300,24.4800,1.799952
FILLER_4_94,VPWR,li1,49.4500,24.4800,1.799952
FILLER_4_91,VPWR,li1,48.0700,24.4800,1.799952
FILLER_4_88,VPWR,li1,46.6900,24.4800,1.799953
FILLER_4_85,VPWR,li1,45.3100,24.4800,1.799953
FILLER_4_59,VPWR,li1,33.1200,24.4800,1.799941
FILLER_4_37,VPWR,li1,22.7700,24.4800,1.799933
FILLER_4_26,VPWR,li1,17.9400,24.4800,1.799935
FILLER_4_16,VPWR,li1,13.1100,24.4800,1.799947
FILLER_4_6,VPWR,li1,8.9700,24.4800,1.799963
FILLER_4_3,VPWR,li1,7.5900,24.4800,1.799963
FILLER_3_611,VPWR,li1,286.8100,19.0400,1.799983
FILLER_3_608,VPWR,li1,285.8900,19.0400,1.799983
FILLER_3_605,VPWR,li1,284.5100,19.0400,1.799983
FILLER_3_596,VPWR,li1,280.1400,19.0400,1.799980
FILLER_3_588,VPWR,li1,276.6900,19.0400,1.799976
FILLER_3_585,VPWR,li1,275.3100,19.0400,1.799972
FILLER_3_582,VPWR,li1,273.9300,19.0400,1.799972
FILLER_3_571,VPWR,li1,268.4100,19.0400,1.799966
FILLER_3_561,VPWR,li1,264.2700,19.0400,1.799962
FILLER_3_551,VPWR,li1,259.2100,19.0400,1.799963
FILLER_3_548,VPWR,li1,258.2900,19.0400,1.799963
FILLER_3_534,VPWR,li1,251.6200,19.0400,1.799971
FILLER_3_523,VPWR,li1,246.5600,19.0400,1.799970
FILLER_3_511,VPWR,li1,241.0400,19.0400,1.799964
FILLER_3_508,VPWR,li1,239.8900,19.0400,1.799964
FILLER_3_505,VPWR,li1,238.5100,19.0400,1.799962
FILLER_3_503,VPWR,li1,237.1300,19.0400,1.799961
FILLER_3_492,VPWR,li1,232.0700,19.0400,1.799961
FILLER_3_479,VPWR,li1,226.0900,19.0400,1.799964
FILLER_3_467,VPWR,li1,221.0300,19.0400,1.799970
FILLER_3_464,VPWR,li1,219.6500,19.0400,1.799965
FILLER_3_461,VPWR,li1,218.2700,19.0400,1.799965
FILLER_3_453,VPWR,li1,214.3600,19.0400,1.799955
FILLER_3_446,VPWR,li1,211.1400,19.0400,1.799951
FILLER_3_422,VPWR,li1,200.3300,19.0400,1.799949
FILLER_3_419,VPWR,li1,198.9500,19.0400,1.799953
FILLER_3_416,VPWR,li1,197.5700,19.0400,1.799956
FILLER_3_405,VPWR,li1,192.0500,19.0400,1.799967
FILLER_3_402,VPWR,li1,191.1300,19.0400,1.799967
FILLER_3_399,VPWR,li1,189.7500,19.0400,1.799962
FILLER_3_393,VPWR,li1,186.7600,19.0400,1.799959
FILLER_3_389,VPWR,li1,185.1500,19.0400,1.799957
FILLER_3_386,VPWR,li1,183.7700,19.0400,1.799956
FILLER_3_383,VPWR,li1,182.3900,19.0400,1.799956
FILLER_3_367,VPWR,li1,174.8000,19.0400,1.799954
FILLER_3_364,VPWR,li1,173.6500,19.0400,1.799954
FILLER_3_343,VPWR,li1,163.7600,19.0400,1.799965
FILLER_3_340,VPWR,li1,162.6100,19.0400,1.799965
FILLER_3_337,VPWR,li1,161.2300,19.0400,1.799968
FILLER_3_335,VPWR,li1,159.8500,19.0400,1.799964
FILLER_3_330,VPWR,li1,157.5500,19.0400,1.799963
FILLER_3_327,VPWR,li1,156.6300,19.0400,1.799963
FILLER_3_324,VPWR,li1,155.2500,19.0400,1.799963
FILLER_3_321,VPWR,li1,153.8700,19.0400,1.799963
FILLER_3_318,VPWR,li1,152.4900,19.0400,1.799962
FILLER_3_315,VPWR,li1,151.1100,19.0400,1.799961
FILLER_3_312,VPWR,li1,149.7300,19.0400,1.799961
FILLER_3_309,VPWR,li1,148.3500,19.0400,1.799960
FILLER_3_285,VPWR,li1,137.3100,19.0400,1.799963
FILLER_3_277,VPWR,li1,133.6300,19.0400,1.799968
FILLER_3_274,VPWR,li1,132.2500,19.0400,1.799968
FILLER_3_271,VPWR,li1,130.8700,19.0400,1.799971
FILLER_3_262,VPWR,li1,126.5000,19.0400,1.799965
FILLER_3_252,VPWR,li1,121.9000,19.0400,1.799962
FILLER_3_245,VPWR,li1,118.4500,19.0400,1.799960
FILLER_3_231,VPWR,li1,112.2400,19.0400,1.799960
FILLER_3_228,VPWR,li1,111.0900,19.0400,1.799960
FILLER_3_225,VPWR,li1,109.7100,19.0400,1.799960
FILLER_3_208,VPWR,li1,101.8900,19.0400,1.799967
FILLER_3_195,VPWR,li1,95.4500,19.0400,1.799956
FILLER_3_172,VPWR,li1,84.8700,19.0400,1.799946
FILLER_3_169,VPWR,li1,83.9500,19.0400,1.799946
FILLER_3_160,VPWR,li1,79.5800,19.0400,1.799948
FILLER_3_157,VPWR,li1,78.4300,19.0400,1.799949
FILLER_3_147,VPWR,li1,73.8300,19.0400,1.799955
FILLER_3_137,VPWR,li1,68.7700,19.0400,1.799952
FILLER_3_134,VPWR,li1,67.8500,19.0400,1.799952
FILLER_3_131,VPWR,li1,66.4700,19.0400,1.799947
FILLER_3_128,VPWR,li1,65.0900,19.0400,1.799943
FILLER_3_125,VPWR,li1,63.7100,19.0400,1.799939
FILLER_3_122,VPWR,li1,62.3300,19.0400,1.799939
FILLER_3_119,VPWR,li1,60.9500,19.0400,1.799934
FILLER_3_116,VPWR,li1,59.5700,19.0400,1.799931
FILLER_3_113,VPWR,li1,58.1900,19.0400,1.799931
FILLER_3_109,VPWR,li1,56.3500,19.0400,1.799928
FILLER_3_92,VPWR,li1,48.3000,19.0400,1.799927
FILLER_3_89,VPWR,li1,47.1500,19.0400,1.799929
FILLER_3_86,VPWR,li1,45.7700,19.0400,1.799933
FILLER_3_83,VPWR,li1,44.3900,19.0400,1.799933
FILLER_3_55,VPWR,li1,31.0500,19.0400,1.799931
FILLER_3_33,VPWR,li1,20.9300,19.0400,1.799941
FILLER_3_15,VPWR,li1,13.1100,19.0400,1.799957
FILLER_3_6,VPWR,li1,8.7400,19.0400,1.799964
FILLER_3_3,VPWR,li1,7.5900,19.0400,1.799964
FILLER_2_609,VPWR,li1,286.3500,19.0400,1.799983
FILLER_2_606,VPWR,li1,284.9700,19.0400,1.799983
FILLER_2_589,VPWR,li1,276.9200,19.0400,1.799976
FILLER_2_580,VPWR,li1,272.5500,19.0400,1.799970
FILLER_2_577,VPWR,li1,271.6300,19.0400,1.799968
FILLER_2_574,VPWR,li1,270.2500,19.0400,1.799968
FILLER_2_542,VPWR,li1,255.3000,19.0400,1.799968
FILLER_2_539,VPWR,li1,254.1500,19.0400,1.799968
FILLER_2_536,VPWR,li1,252.7700,19.0400,1.799971
FILLER_2_533,VPWR,li1,251.3900,19.0400,1.799971
FILLER_2_530,VPWR,li1,249.7800,19.0400,1.799974
FILLER_2_518,VPWR,li1,244.2600,19.0400,1.799967
FILLER_2_499,VPWR,li1,235.7500,19.0400,1.799961
FILLER_2_491,VPWR,li1,231.8400,19.0400,1.799961
FILLER_2_480,VPWR,li1,226.7800,19.0400,1.799961
FILLER_2_477,VPWR,li1,225.6300,19.0400,1.799964
FILLER_2_451,VPWR,li1,213.6700,19.0400,1.799955
FILLER_2_428,VPWR,li1,202.8600,19.0400,1.799947
FILLER_2_425,VPWR,li1,201.7100,19.0400,1.799949
FILLER_2_417,VPWR,li1,198.0300,19.0400,1.799953
FILLER_2_409,VPWR,li1,194.3500,19.0400,1.799961
FILLER_2_406,VPWR,li1,192.9700,19.0400,1.799961
FILLER_2_403,VPWR,li1,191.5900,19.0400,1.799967
FILLER_2_377,VPWR,li1,179.1700,19.0400,1.799953
FILLER_2_365,VPWR,li1,174.1100,19.0400,1.799954
FILLER_2_362,VPWR,li1,172.5000,19.0400,1.799956
FILLER_2_359,VPWR,li1,171.3500,19.0400,1.799956
FILLER_2_349,VPWR,li1,166.2900,19.0400,1.799961
FILLER_2_346,VPWR,li1,165.3700,19.0400,1.799961
FILLER_2_323,VPWR,li1,154.5600,19.0400,1.799963
FILLER_2_320,VPWR,li1,153.4100,19.0400,1.799962
FILLER_2_317,VPWR,li1,152.0300,19.0400,1.799962
FILLER_2_309,VPWR,li1,148.1200,19.0400,1.799960
FILLER_2_307,VPWR,li1,146.9700,19.0400,1.799960
FILLER_2_304,VPWR,li1,146.0500,19.0400,1.799960
FILLER_2_301,VPWR,li1,144.6700,19.0400,1.799960
FILLER_2_298,VPWR,li1,143.2900,19.0400,1.799959
FILLER_2_253,VPWR,li1,122.5900,19.0400,1.799962
FILLER_2_232,VPWR,li1,112.7000,19.0400,1.799960
FILLER_2_229,VPWR,li1,111.5500,19.0400,1.799960
FILLER_2_226,VPWR,li1,110.1700,19.0400,1.799960
FILLER_2_223,VPWR,li1,108.7900,19.0400,1.799960
FILLER_2_206,VPWR,li1,100.7400,19.0400,1.799967
FILLER_2_194,VPWR,li1,95.2200,19.0400,1.799956
FILLER_2_162,VPWR,li1,80.5000,19.0400,1.799948
FILLER_2_159,VPWR,li1,79.3500,19.0400,1.799948
FILLER_2_150,VPWR,li1,75.2100,19.0400,1.799951
FILLER_2_130,VPWR,li1,66.0100,19.0400,1.799947
FILLER_2_124,VPWR,li1,62.7900,19.0400,1.799939
FILLER_2_114,VPWR,li1,58.1900,19.0400,1.799931
FILLER_2_74,VPWR,li1,40.0200,19.0400,1.799944
FILLER_2_71,VPWR,li1,38.8700,19.0400,1.799944
FILLER_2_41,VPWR,li1,24.8400,19.0400,1.799932
FILLER_2_32,VPWR,li1,20.4700,19.0400,1.799941
FILLER_2_29,VPWR,li1,19.5500,19.0400,1.799941
FILLER_2_27,VPWR,li1,18.1700,19.0400,1.799946
FILLER_2_24,VPWR,li1,17.2500,19.0400,1.799946
FILLER_1_603,VPWR,li1,283.1300,13.6000,1.799975
FILLER_1_576,VPWR,li1,271.1700,13.6000,1.799964
FILLER_1_573,VPWR,li1,269.7900,13.6000,1.799964
FILLER_1_561,VPWR,li1,264.2700,13.6000,1.799959
FILLER_1_559,VPWR,li1,262.8900,13.6000,1.799958
FILLER_1_556,VPWR,li1,261.9700,13.6000,1.799958
FILLER_1_501,VPWR,li1,236.6700,13.6000,1.799949
FILLER_1_485,VPWR,li1,229.3100,13.6000,1.799954
FILLER_1_447,VPWR,li1,211.3700,13.6000,1.799954
FILLER_1_444,VPWR,li1,210.4500,13.6000,1.799954
FILLER_1_384,VPWR,li1,182.3900,13.6000,1.799931
FILLER_1_381,VPWR,li1,181.4700,13.6000,1.799931
FILLER_1_358,VPWR,li1,170.6600,13.6000,1.799924
FILLER_1_347,VPWR,li1,165.6000,13.6000,1.799938
FILLER_1_335,VPWR,li1,159.8500,13.6000,1.799955
FILLER_1_323,VPWR,li1,154.7900,13.6000,1.799947
FILLER_1_277,VPWR,li1,133.6300,13.6000,1.799956
FILLER_1_274,VPWR,li1,132.2500,13.6000,1.799956
FILLER_1_249,VPWR,li1,120.2900,13.6000,1.799952
FILLER_1_246,VPWR,li1,119.3700,13.6000,1.799952
FILLER_1_228,VPWR,li1,110.6300,13.6000,1.799954
FILLER_1_225,VPWR,li1,109.7100,13.6000,1.799955
FILLER_1_223,VPWR,li1,108.3300,13.6000,1.799956
FILLER_1_220,VPWR,li1,107.4100,13.6000,1.799956
FILLER_1_212,VPWR,li1,103.2700,13.6000,1.799959
FILLER_1_169,VPWR,li1,83.4900,13.6000,1.799940
FILLER_1_153,VPWR,li1,76.3600,13.6000,1.799947
FILLER_1_139,VPWR,li1,69.6900,13.6000,1.799956
FILLER_1_136,VPWR,li1,68.7700,13.6000,1.799956
FILLER_1_133,VPWR,li1,67.3900,13.6000,1.799951
FILLER_1_130,VPWR,li1,66.0100,13.6000,1.799951
FILLER_1_127,VPWR,li1,64.6300,13.6000,1.799947
FILLER_1_116,VPWR,li1,59.1100,13.6000,1.799937
FILLER_1_113,VPWR,li1,58.1900,13.6000,1.799935
FILLER_1_111,VPWR,li1,56.8100,13.6000,1.799932
FILLER_1_108,VPWR,li1,55.8900,13.6000,1.799932
FILLER_1_105,VPWR,li1,54.5100,13.6000,1.799932
FILLER_1_60,VPWR,li1,33.8100,13.6000,1.799929
FILLER_1_57,VPWR,li1,32.4300,13.6000,1.799929
FILLER_1_12,VPWR,li1,11.5000,13.6000,1.799948
FILLER_1_9,VPWR,li1,10.3500,13.6000,1.799960
FILLER_1_6,VPWR,li1,8.9700,13.6000,1.799960
FILLER_1_3,VPWR,li1,7.5900,13.6000,1.799960
FILLER_0_611,VPWR,li1,286.8100,13.6000,1.799973
FILLER_0_608,VPWR,li1,285.8900,13.6000,1.799973
FILLER_0_605,VPWR,li1,284.5100,13.6000,1.799973
FILLER_0_602,VPWR,li1,283.1300,13.6000,1.799975
FILLER_0_599,VPWR,li1,281.7500,13.6000,1.799975
FILLER_0_596,VPWR,li1,280.3700,13.6000,1.799977
FILLER_0_593,VPWR,li1,278.9900,13.6000,1.799977
FILLER_0_579,VPWR,li1,272.0900,13.6000,1.799967
FILLER_0_576,VPWR,li1,271.1700,13.6000,1.799964
FILLER_0_573,VPWR,li1,269.7900,13.6000,1.799964
FILLER_0_570,VPWR,li1,268.4100,13.6000,1.799962
FILLER_0_567,VPWR,li1,267.0300,13.6000,1.799962
FILLER_0_564,VPWR,li1,265.6500,13.6000,1.799959
FILLER_0_561,VPWR,li1,264.2700,13.6000,1.799959
FILLER_0_559,VPWR,li1,262.8900,13.6000,1.799958
FILLER_0_556,VPWR,li1,261.9700,13.6000,1.799958
FILLER_0_553,VPWR,li1,260.5900,13.6000,1.799957
FILLER_0_550,VPWR,li1,259.2100,13.6000,1.799957
FILLER_0_547,VPWR,li1,257.8300,13.6000,1.799958
FILLER_0_542,VPWR,li1,255.0700,13.6000,1.799960
FILLER_0_539,VPWR,li1,254.1500,13.6000,1.799960
FILLER_0_536,VPWR,li1,252.7700,13.6000,1.799961
FILLER_0_533,VPWR,li1,251.3900,13.6000,1.799966
FILLER_0_530,VPWR,li1,249.7800,13.6000,1.799966
FILLER_0_527,VPWR,li1,248.6300,13.6000,1.799961
FILLER_0_524,VPWR,li1,247.2500,13.6000,1.799961
FILLER_0_521,VPWR,li1,245.8700,13.6000,1.799955
FILLER_0_518,VPWR,li1,244.4900,13.6000,1.799955
FILLER_0_515,VPWR,li1,243.1100,13.6000,1.799949
FILLER_0_512,VPWR,li1,241.7300,13.6000,1.799949
FILLER_0_492,VPWR,li1,232.5300,13.6000,1.799952
FILLER_0_489,VPWR,li1,231.1500,13.6000,1.799952
FILLER_0_486,VPWR,li1,229.7700,13.6000,1.799954
FILLER_0_480,VPWR,li1,226.5500,13.6000,1.799957
FILLER_0_477,VPWR,li1,225.6300,13.6000,1.799960
FILLER_0_473,VPWR,li1,223.7900,13.6000,1.799964
FILLER_0_470,VPWR,li1,222.4100,13.6000,1.799964
FILLER_0_467,VPWR,li1,221.0300,13.6000,1.799969
FILLER_0_464,VPWR,li1,219.6500,13.6000,1.799969
FILLER_0_458,VPWR,li1,216.4300,13.6000,1.799961
FILLER_0_455,VPWR,li1,215.5100,13.6000,1.799961
FILLER_0_452,VPWR,li1,214.1300,13.6000,1.799957
FILLER_0_449,VPWR,li1,212.7500,13.6000,1.799957
FILLER_0_445,VPWR,li1,210.9100,13.6000,1.799954
FILLER_0_442,VPWR,li1,209.5300,13.6000,1.799950
FILLER_0_439,VPWR,li1,208.1500,13.6000,1.799950
FILLER_0_424,VPWR,li1,201.0200,13.6000,1.799944
FILLER_0_421,VPWR,li1,199.8700,13.6000,1.799944
FILLER_0_417,VPWR,li1,198.0300,13.6000,1.799946
FILLER_0_405,VPWR,li1,192.5100,13.6000,1.799953
FILLER_0_402,VPWR,li1,191.1300,13.6000,1.799956
FILLER_0_399,VPWR,li1,189.7500,13.6000,1.799950
FILLER_0_396,VPWR,li1,188.3700,13.6000,1.799950
FILLER_0_393,VPWR,li1,186.9900,13.6000,1.799943
FILLER_0_390,VPWR,li1,185.3800,13.6000,1.799938
FILLER_0_387,VPWR,li1,184.2300,13.6000,1.799938
FILLER_0_365,VPWR,li1,173.6500,13.6000,1.799922
FILLER_0_362,VPWR,li1,172.5000,13.6000,1.799922
FILLER_0_359,VPWR,li1,171.3500,13.6000,1.799924
FILLER_0_346,VPWR,li1,164.9100,13.6000,1.799938
FILLER_0_343,VPWR,li1,163.9900,13.6000,1.799938
FILLER_0_340,VPWR,li1,162.6100,13.6000,1.799948
FILLER_0_337,VPWR,li1,161.2300,13.6000,1.799948
FILLER_0_333,VPWR,li1,159.3900,13.6000,1.799955
FILLER_0_330,VPWR,li1,158.0100,13.6000,1.799950
FILLER_0_327,VPWR,li1,156.6300,13.6000,1.799950
FILLER_0_324,VPWR,li1,155.2500,13.6000,1.799947
FILLER_0_321,VPWR,li1,153.8700,13.6000,1.799943
FILLER_0_318,VPWR,li1,152.4900,13.6000,1.799943
FILLER_0_309,VPWR,li1,148.1200,13.6000,1.799937
FILLER_0_305,VPWR,li1,146.5100,13.6000,1.799934
FILLER_0_281,VPWR,li1,135.4700,13.6000,1.799951
FILLER_0_279,VPWR,li1,134.0900,13.6000,1.799951
FILLER_0_276,VPWR,li1,133.1700,13.6000,1.799956
FILLER_0_267,VPWR,li1,128.5700,13.6000,1.799956
FILLER_0_259,VPWR,li1,125.1200,13.6000,1.799954
FILLER_0_256,VPWR,li1,123.9700,13.6000,1.799953
FILLER_0_253,VPWR,li1,122.5900,13.6000,1.799953
FILLER_0_249,VPWR,li1,120.7500,13.6000,1.799952
FILLER_0_246,VPWR,li1,119.3700,13.6000,1.799952
FILLER_0_243,VPWR,li1,117.9900,13.6000,1.799952
FILLER_0_228,VPWR,li1,110.8600,13.6000,1.799954
FILLER_0_225,VPWR,li1,109.7100,13.6000,1.799955
FILLER_0_222,VPWR,li1,108.1000,13.6000,1.799956
FILLER_0_219,VPWR,li1,106.9500,13.6000,1.799956
FILLER_0_213,VPWR,li1,103.7300,13.6000,1.799959
FILLER_0_210,VPWR,li1,102.8100,13.6000,1.799959
FILLER_0_207,VPWR,li1,101.4300,13.6000,1.799962
FILLER_0_197,VPWR,li1,96.3700,13.6000,1.799949
FILLER_0_194,VPWR,li1,95.2200,13.6000,1.799946
FILLER_0_191,VPWR,li1,94.0700,13.6000,1.799946
FILLER_0_172,VPWR,li1,85.3300,13.6000,1.799938
FILLER_0_169,VPWR,li1,83.9500,13.6000,1.799940
FILLER_0_166,VPWR,li1,82.3400,13.6000,1.799941
FILLER_0_163,VPWR,li1,81.1900,13.6000,1.799941
FILLER_0_155,VPWR,li1,77.5100,13.6000,1.799947
FILLER_0_152,VPWR,li1,76.1300,13.6000,1.799949
FILLER_0_141,VPWR,li1,70.8400,13.6000,1.799960
FILLER_0_138,VPWR,li1,69.4600,13.6000,1.799956
FILLER_0_135,VPWR,li1,68.3100,13.6000,1.799956
FILLER_0_132,VPWR,li1,66.9300,13.6000,1.799951
FILLER_0_129,VPWR,li1,65.5500,13.6000,1.799947
FILLER_0_126,VPWR,li1,64.1700,13.6000,1.799947
FILLER_0_103,VPWR,li1,53.1300,13.6000,1.799932
FILLER_0_100,VPWR,li1,52.2100,13.6000,1.799933
FILLER_0_97,VPWR,li1,50.8300,13.6000,1.799933
FILLER_0_94,VPWR,li1,49.4500,13.6000,1.799934
FILLER_0_91,VPWR,li1,48.0700,13.6000,1.799937
FILLER_0_88,VPWR,li1,46.6900,13.6000,1.799937
FILLER_0_85,VPWR,li1,45.3100,13.6000,1.799941
FILLER_0_75,VPWR,li1,40.2500,13.6000,1.799951
FILLER_0_72,VPWR,li1,39.3300,13.6000,1.799951
FILLER_0_69,VPWR,li1,37.9500,13.6000,1.799942
FILLER_0_66,VPWR,li1,36.5700,13.6000,1.799942
FILLER_0_26,VPWR,li1,17.9400,13.6000,1.799929
FILLER_0_3,VPWR,li1,7.3600,13.6000,1.799960
ANTENNA_56,VPWR,li1,276.9200,274.7200,1.799926
ANTENNA_55,VPWR,li1,284.7400,291.0400,1.799963
ANTENNA_54,VPWR,li1,62.5600,182.2400,1.799935
ANTENNA_53,VPWR,li1,54.7400,165.9200,1.799961
ANTENNA_52,VPWR,li1,144.4400,242.0800,1.799869
ANTENNA_51,VPWR,li1,187.2200,198.5600,1.799934
ANTENNA_50,VPWR,li1,159.6200,242.0800,1.799929
ANTENNA_49,VPWR,li1,203.3200,165.9200,1.799948
ANTENNA_48,VPWR,li1,281.0600,165.9200,1.799919
ANTENNA_47,VPWR,li1,139.3800,242.0800,1.799874
ANTENNA_46,VPWR,li1,230.4600,165.9200,1.799953
ANTENNA_45,VPWR,li1,241.9600,133.2800,1.799924
ANTENNA_44,VPWR,li1,268.6400,116.9600,1.799962
ANTENNA_43,VPWR,li1,224.0200,291.0400,1.799890
ANTENNA_42,VPWR,li1,254.3800,165.9200,1.799931
ANTENNA_41,VPWR,li1,286.5800,176.8000,1.799973
ANTENNA_40,VPWR,li1,103.9600,165.9200,1.799949
ANTENNA_39,VPWR,li1,192.7400,100.6400,1.799967
ANTENNA_38,VPWR,li1,194.5800,182.2400,1.799897
ANTENNA_37,VPWR,li1,141.6800,149.6000,1.799940
ANTENNA_36,VPWR,li1,280.6000,285.6000,1.799969
ANTENNA_35,VPWR,li1,229.5400,285.6000,1.799885
ANTENNA_34,VPWR,li1,279.2200,269.2800,1.799958
ANTENNA_33,VPWR,li1,280.6000,280.1600,1.799919
ANTENNA_32,VPWR,li1,255.3000,285.6000,1.799931
ANTENNA_31,VPWR,li1,266.8000,285.6000,1.799940
ANTENNA_30,VPWR,li1,271.4000,274.7200,1.799903
ANTENNA_29,VPWR,li1,268.1800,285.6000,1.799940
ANTENNA_28,VPWR,li1,272.7800,252.9600,1.799902
ANTENNA_27,VPWR,li1,281.0600,252.9600,1.799932
ANTENNA_26,VPWR,li1,258.5200,269.2800,1.799942
ANTENNA_25,VPWR,li1,268.6400,258.4000,1.799924
ANTENNA_24,VPWR,li1,216.6600,291.0400,1.799914
ANTENNA_23,VPWR,li1,217.5800,171.3600,1.799946
ANTENNA_22,VPWR,li1,194.5800,187.6800,1.799857
ANTENNA_21,VPWR,li1,193.2000,182.2400,1.799897
ANTENNA_20,VPWR,li1,203.7800,198.5600,1.799908
ANTENNA_19,VPWR,li1,161.0000,247.5200,1.799906
ANTENNA_18,VPWR,li1,126.0400,252.9600,1.799874
ANTENNA_17,VPWR,li1,195.9600,193.1200,1.799944
ANTENNA_16,VPWR,li1,218.0400,165.9200,1.799959
ANTENNA_15,VPWR,li1,269.1000,165.9200,1.799868
ANTENNA_14,VPWR,li1,143.5200,236.6400,1.799882
ANTENNA_13,VPWR,li1,129.7200,247.5200,1.799938
ANTENNA_12,VPWR,li1,281.0600,149.6000,1.799971
ANTENNA_11,VPWR,li1,281.9800,149.6000,1.799969
ANTENNA_10,VPWR,li1,282.9000,149.6000,1.799969
ANTENNA_9,VPWR,li1,152.7200,236.6400,1.799893
ANTENNA_8,VPWR,li1,199.6400,182.2400,1.799861
ANTENNA_7,VPWR,li1,266.3400,57.1200,1.799900
ANTENNA_6,VPWR,li1,253.4600,187.6800,1.799965
ANTENNA_5,VPWR,li1,189.9800,171.3600,1.799934
ANTENNA_4,VPWR,li1,139.3800,171.3600,1.799917
ANTENNA_3,VPWR,li1,195.5000,274.7200,1.799907
ANTENNA_2,VPWR,li1,106.7200,269.2800,1.799888
ANTENNA_1,VPWR,li1,212.5200,24.4800,1.799945
hold3048,VPWR,li1,265.4200,51.6800,1.799911
hold3047,VPWR,li1,162.8400,46.2400,1.799948
hold3046,VPWR,li1,218.9600,62.5600,1.799945
hold3045,VPWR,li1,105.3400,51.6800,1.799951
hold3044,VPWR,li1,61.1800,176.8000,1.799946
hold3043,VPWR,li1,263.5800,29.9200,1.799967
hold3042,VPWR,li1,145.3600,133.2800,1.799966
hold3041,VPWR,li1,208.8400,19.0400,1.799947
hold3040,VPWR,li1,264.0400,165.9200,1.799885
hold3039,VPWR,li1,192.7400,35.3600,1.799955
hold3038,VPWR,li1,91.5400,13.6000,1.799941
hold3037,VPWR,li1,213.9000,51.6800,1.799943
hold3036,VPWR,li1,97.5200,19.0400,1.799960
hold3035,VPWR,li1,18.8600,19.0400,1.799946
hold3034,VPWR,li1,209.3000,111.5200,1.799957
hold3033,VPWR,li1,253.4600,187.6800,1.799965
hold3032,VPWR,li1,259.4400,176.8000,1.799942
hold3031,VPWR,li1,252.5400,176.8000,1.799947
hold3030,VPWR,li1,285.2000,57.1200,1.799938
hold3029,VPWR,li1,177.1000,57.1200,1.799906
hold3028,VPWR,li1,54.2800,165.9200,1.799961
hold3027,VPWR,li1,278.7600,57.1200,1.799933
hold3026,VPWR,li1,232.7600,122.4000,1.799959
hold3025,VPWR,li1,20.7000,95.2000,1.799956
hold3024,VPWR,li1,260.3600,35.3600,1.799955
hold3023,VPWR,li1,36.8000,182.2400,1.799951
hold3022,VPWR,li1,240.5800,144.1600,1.799958
hold3021,VPWR,li1,28.0600,149.6000,1.799958
hold3020,VPWR,li1,34.5000,138.7200,1.799946
hold3019,VPWR,li1,185.3800,111.5200,1.799960
hold3018,VPWR,li1,188.1400,51.6800,1.799950
hold3017,VPWR,li1,283.8200,51.6800,1.799957
hold3016,VPWR,li1,224.4800,111.5200,1.799968
hold3015,VPWR,li1,53.3600,160.4800,1.799967
hold3014,VPWR,li1,20.7000,24.4800,1.799933
hold3013,VPWR,li1,152.2600,165.9200,1.799962
hold3012,VPWR,li1,14.7200,106.0800,1.799965
hold3011,VPWR,li1,246.1000,51.6800,1.799937
hold3010,VPWR,li1,162.3800,106.0800,1.799976
hold3009,VPWR,li1,126.9600,138.7200,1.799972
hold3008,VPWR,li1,131.1000,138.7200,1.799975
hold3007,VPWR,li1,236.9000,127.8400,1.799952
hold3006,VPWR,li1,11.0400,106.0800,1.799973
hold3005,VPWR,li1,241.9600,29.9200,1.799971
hold3004,VPWR,li1,259.4400,51.6800,1.799910
hold3003,VPWR,li1,258.9800,127.8400,1.799960
hold3002,VPWR,li1,37.7200,171.3600,1.799968
hold3001,VPWR,li1,31.2800,176.8000,1.799945
hold3000,VPWR,li1,174.8000,133.2800,1.799954
hold2999,VPWR,li1,178.4800,133.2800,1.799951
hold2998,VPWR,li1,265.4200,149.6000,1.799952
hold2997,VPWR,li1,37.7200,127.8400,1.799972
hold2996,VPWR,li1,108.1000,127.8400,1.799950
hold2995,VPWR,li1,23.0000,122.4000,1.799958
hold2994,VPWR,li1,12.4200,57.1200,1.799941
hold2993,VPWR,li1,143.5200,62.5600,1.799933
hold2992,VPWR,li1,140.7600,24.4800,1.799933
hold2991,VPWR,li1,98.4400,29.9200,1.799930
hold2990,VPWR,li1,38.1800,138.7200,1.799958
hold2989,VPWR,li1,28.0600,122.4000,1.799954
hold2988,VPWR,li1,179.4000,35.3600,1.799950
hold2987,VPWR,li1,130.6400,40.8000,1.799970
hold2986,VPWR,li1,12.4200,144.1600,1.799964
hold2985,VPWR,li1,146.2800,46.2400,1.799940
hold2984,VPWR,li1,111.3200,116.9600,1.799934
hold2983,VPWR,li1,285.2000,57.1200,1.799938
hold2982,VPWR,li1,145.3600,144.1600,1.799969
hold2981,VPWR,li1,213.9000,46.2400,1.799928
hold2980,VPWR,li1,231.3800,40.8000,1.799946
hold2979,VPWR,li1,184.9200,138.7200,1.799970
hold2978,VPWR,li1,196.8800,127.8400,1.799946
hold2977,VPWR,li1,41.8600,182.2400,1.799954
hold2976,VPWR,li1,53.8200,176.8000,1.799943
hold2975,VPWR,li1,20.2400,144.1600,1.799951
hold2974,VPWR,li1,138.4600,138.7200,1.799971
hold2973,VPWR,li1,243.3400,116.9600,1.799959
hold2972,VPWR,li1,239.6600,84.3200,1.799965
hold2971,VPWR,li1,140.3000,46.2400,1.799942
hold2970,VPWR,li1,248.4000,149.6000,1.799967
hold2969,VPWR,li1,19.3200,138.7200,1.799937
hold2968,VPWR,li1,111.7800,46.2400,1.799962
hold2967,VPWR,li1,34.5000,127.8400,1.799968
hold2966,VPWR,li1,166.9800,46.2400,1.799937
hold2965,VPWR,li1,252.5400,182.2400,1.799923
hold2964,VPWR,li1,254.8400,165.9200,1.799917
hold2963,VPWR,li1,194.5800,51.6800,1.799946
hold2962,VPWR,li1,45.5400,182.2400,1.799944
hold2961,VPWR,li1,59.3400,182.2400,1.799934
hold2960,VPWR,li1,200.5600,138.7200,1.799974
hold2959,VPWR,li1,197.3400,127.8400,1.799946
hold2958,VPWR,li1,40.4800,116.9600,1.799970
hold2957,VPWR,li1,25.3000,122.4000,1.799956
hold2956,VPWR,li1,244.7200,160.4800,1.799944
hold2955,VPWR,li1,252.5400,171.3600,1.799958
hold2954,VPWR,li1,119.6000,127.8400,1.799931
hold2953,VPWR,li1,25.7600,100.6400,1.799911
hold2952,VPWR,li1,67.6200,182.2400,1.799940
hold2951,VPWR,li1,201.4800,100.6400,1.799967
hold2950,VPWR,li1,80.9600,89.7600,1.799935
hold2949,VPWR,li1,130.1800,133.2800,1.799974
hold2948,VPWR,li1,134.3200,133.2800,1.799970
hold2947,VPWR,li1,149.9600,122.4000,1.799943
hold2946,VPWR,li1,154.1000,78.8800,1.799963
hold2945,VPWR,li1,123.7400,57.1200,1.799919
hold2944,VPWR,li1,34.9600,106.0800,1.799963
hold2943,VPWR,li1,168.3600,116.9600,1.799955
hold2942,VPWR,li1,166.0600,78.8800,1.799956
hold2941,VPWR,li1,235.5200,116.9600,1.799955
hold2940,VPWR,li1,29.4400,133.2800,1.799944
hold2939,VPWR,li1,218.0400,78.8800,1.799980
hold2938,VPWR,li1,165.6000,127.8400,1.799957
hold2937,VPWR,li1,162.3800,78.8800,1.799962
hold2936,VPWR,li1,255.7600,57.1200,1.799913
hold2935,VPWR,li1,30.3600,182.2400,1.799950
hold2934,VPWR,li1,33.5800,165.9200,1.799945
hold2933,VPWR,li1,10.1200,127.8400,1.799981
hold2932,VPWR,li1,196.8800,51.6800,1.799943
hold2931,VPWR,li1,228.1600,171.3600,1.799949
hold2930,VPWR,li1,232.3000,171.3600,1.799948
hold2929,VPWR,li1,200.5600,68.0000,1.799972
hold2928,VPWR,li1,223.5600,51.6800,1.799947
hold2927,VPWR,li1,222.6400,144.1600,1.799972
hold2926,VPWR,li1,226.7800,138.7200,1.799973
hold2925,VPWR,li1,117.7600,106.0800,1.799975
hold2924,VPWR,li1,194.1200,46.2400,1.799942
hold2923,VPWR,li1,213.9000,111.5200,1.799962
hold2922,VPWR,li1,13.3400,155.0400,1.799981
hold2921,VPWR,li1,136.6200,46.2400,1.799947
hold2920,VPWR,li1,15.6400,165.9200,1.799958
hold2919,VPWR,li1,171.1200,84.3200,1.799975
hold2918,VPWR,li1,191.3600,106.0800,1.799958
hold2917,VPWR,li1,201.0200,127.8400,1.799937
hold2916,VPWR,li1,153.6400,122.4000,1.799939
hold2915,VPWR,li1,150.4200,155.0400,1.799955
hold2914,VPWR,li1,163.7600,57.1200,1.799930
hold2913,VPWR,li1,213.9000,62.5600,1.799933
hold2912,VPWR,li1,151.8000,138.7200,1.799973
hold2911,VPWR,li1,149.5000,100.6400,1.799971
hold2910,VPWR,li1,265.4200,95.2000,1.799949
hold2909,VPWR,li1,222.6400,40.8000,1.799957
hold2908,VPWR,li1,243.8000,122.4000,1.799967
hold2907,VPWR,li1,265.4200,144.1600,1.799949
hold2906,VPWR,li1,246.1000,62.5600,1.799937
hold2905,VPWR,li1,16.5600,187.6800,1.799962
hold2904,VPWR,li1,258.5200,106.0800,1.799959
hold2903,VPWR,li1,261.2800,111.5200,1.799970
hold2902,VPWR,li1,265.8800,116.9600,1.799962
hold2901,VPWR,li1,214.8200,122.4000,1.799963
hold2900,VPWR,li1,42.3200,187.6800,1.799953
hold2899,VPWR,li1,58.4200,176.8000,1.799944
hold2898,VPWR,li1,30.3600,106.0800,1.799957
hold2897,VPWR,li1,192.2800,127.8400,1.799959
hold2896,VPWR,li1,192.7400,138.7200,1.799975
hold2895,VPWR,li1,164.6800,35.3600,1.799959
hold2894,VPWR,li1,231.8400,144.1600,1.799961
hold2893,VPWR,li1,235.5200,144.1600,1.799959
hold2892,VPWR,li1,119.1400,133.2800,1.799957
hold2891,VPWR,li1,238.7400,165.9200,1.799949
hold2890,VPWR,li1,242.4200,165.9200,1.799946
hold2889,VPWR,li1,167.9000,182.2400,1.799873
hold2888,VPWR,li1,245.1800,182.2400,1.799933
hold2887,VPWR,li1,87.8600,95.2000,1.799918
hold2886,VPWR,li1,9.6600,155.0400,1.799986
hold2885,VPWR,li1,235.5200,193.1200,1.799948
hold2884,VPWR,li1,20.7000,176.8000,1.799953
hold2883,VPWR,li1,217.5800,187.6800,1.799896
hold2882,VPWR,li1,182.6200,127.8400,1.799954
hold2881,VPWR,li1,184.0000,116.9600,1.799957
hold2880,VPWR,li1,247.9400,133.2800,1.799946
hold2879,VPWR,li1,248.8600,122.4000,1.799975
hold2878,VPWR,li1,179.4000,149.6000,1.799975
hold2877,VPWR,li1,222.6400,116.9600,1.799962
hold2876,VPWR,li1,16.1000,182.2400,1.799960
hold2875,VPWR,li1,143.0600,122.4000,1.799951
hold2874,VPWR,li1,232.7600,187.6800,1.799941
hold2873,VPWR,li1,201.0200,187.6800,1.799836
hold2872,VPWR,li1,26.2200,182.2400,1.799951
hold2871,VPWR,li1,213.9000,187.6800,1.799869
hold2870,VPWR,li1,201.0200,111.5200,1.799955
hold2869,VPWR,li1,35.4200,182.2400,1.799951
hold2868,VPWR,li1,230.0000,187.6800,1.799939
hold2867,VPWR,li1,188.6000,176.8000,1.799973
hold2866,VPWR,li1,180.3200,182.2400,1.799891
hold2865,VPWR,li1,164.2200,155.0400,1.799963
hold2864,VPWR,li1,20.7000,171.3600,1.799969
hold2863,VPWR,li1,226.7800,149.6000,1.799968
hold2862,VPWR,li1,192.2800,176.8000,1.799975
hold2861,VPWR,li1,221.2600,187.6800,1.799930
hold2860,VPWR,li1,209.3000,182.2400,1.799872
hold2859,VPWR,li1,228.6200,187.6800,1.799936
hold2858,VPWR,li1,178.0200,138.7200,1.799966
hold2857,VPWR,li1,239.6600,187.6800,1.799950
hold2856,VPWR,li1,222.6400,176.8000,1.799964
hold2855,VPWR,li1,222.6400,182.2400,1.799932
hold2854,VPWR,li1,213.9000,176.8000,1.799968
hold2853,VPWR,li1,171.1200,160.4800,1.799947
hold2852,VPWR,li1,162.3800,160.4800,1.799963
hold2851,VPWR,li1,206.5400,176.8000,1.799967
hold2850,VPWR,li1,11.9600,160.4800,1.799986
hold2849,VPWR,li1,197.3400,204.0000,1.799862
hold2848,VPWR,li1,138.0000,171.3600,1.799917
hold2847,VPWR,li1,233.2200,182.2400,1.799928
hold2846,VPWR,li1,169.2800,149.6000,1.799970
hold2845,VPWR,li1,192.2800,35.3600,1.799955
hold2844,VPWR,li1,184.0000,155.0400,1.799972
hold2843,VPWR,li1,184.0000,144.1600,1.799976
hold2842,VPWR,li1,223.5600,171.3600,1.799953
hold2841,VPWR,li1,122.8200,149.6000,1.799971
hold2840,VPWR,li1,241.5000,182.2400,1.799929
hold2839,VPWR,li1,9.6600,127.8400,1.799981
hold2838,VPWR,li1,39.5600,24.4800,1.799954
hold2837,VPWR,li1,130.1800,165.9200,1.799975
hold2836,VPWR,li1,165.6000,144.1600,1.799978
hold2835,VPWR,li1,145.3600,160.4800,1.799948
hold2834,VPWR,li1,175.7200,165.9200,1.799926
hold2833,VPWR,li1,157.3200,149.6000,1.799963
hold2832,VPWR,li1,101.2000,165.9200,1.799953
hold2831,VPWR,li1,46.4600,144.1600,1.799970
hold2830,VPWR,li1,46.4600,138.7200,1.799961
hold2829,VPWR,li1,140.3000,160.4800,1.799954
hold2828,VPWR,li1,107.1800,144.1600,1.799970
hold2827,VPWR,li1,202.8600,155.0400,1.799980
hold2826,VPWR,li1,220.8000,155.0400,1.799987
hold2825,VPWR,li1,151.3400,149.6000,1.799948
hold2824,VPWR,li1,127.8800,160.4800,1.799967
hold2823,VPWR,li1,115.4600,171.3600,1.799923
hold2822,VPWR,li1,147.2000,165.9200,1.799962
hold2821,VPWR,li1,116.8400,165.9200,1.799952
hold2820,VPWR,li1,112.2400,155.0400,1.799900
hold2819,VPWR,li1,80.0400,193.1200,1.799870
hold2818,VPWR,li1,128.3400,258.4000,1.799939
hold2817,VPWR,li1,64.4000,236.6400,1.799905
hold2816,VPWR,li1,204.7000,187.6800,1.799833
hold2815,VPWR,li1,216.2000,182.2400,1.799916
hold2814,VPWR,li1,247.9400,187.6800,1.799964
hold2813,VPWR,li1,15.6400,89.7600,1.799971
hold2812,VPWR,li1,221.7200,193.1200,1.799960
hold2811,VPWR,li1,192.2800,187.6800,1.799873
hold2810,VPWR,li1,225.4000,193.1200,1.799957
hold2809,VPWR,li1,216.6600,193.1200,1.799952
hold2808,VPWR,li1,213.9000,220.3200,1.799927
hold2807,VPWR,li1,206.0800,198.5600,1.799906
hold2806,VPWR,li1,233.6800,204.0000,1.799883
hold2805,VPWR,li1,208.8400,204.0000,1.799864
hold2804,VPWR,li1,256.2200,182.2400,1.799904
hold2803,VPWR,li1,201.0200,204.0000,1.799850
hold2802,VPWR,li1,145.8200,236.6400,1.799884
hold2801,VPWR,li1,244.7200,138.7200,1.799971
hold2800,VPWR,li1,254.8400,155.0400,1.799973
hold2799,VPWR,li1,208.3800,220.3200,1.799919
hold2798,VPWR,li1,204.7000,220.3200,1.799917
hold2797,VPWR,li1,213.9000,214.8800,1.799920
hold2796,VPWR,li1,270.0200,187.6800,1.799959
hold2795,VPWR,li1,188.1400,198.5600,1.799937
hold2794,VPWR,li1,193.2000,204.0000,1.799882
hold2793,VPWR,li1,252.5400,193.1200,1.799944
hold2792,VPWR,li1,274.1600,209.4400,1.799931
hold2791,VPWR,li1,184.0000,242.0800,1.799926
hold2790,VPWR,li1,246.5600,242.0800,1.799837
hold2789,VPWR,li1,76.3600,285.6000,1.799932
hold2788,VPWR,li1,259.9000,236.6400,1.799915
hold2787,VPWR,li1,55.2000,220.3200,1.799928
hold2786,VPWR,li1,276.0000,193.1200,1.799912
hold2785,VPWR,li1,21.1600,204.0000,1.799923
hold2784,VPWR,li1,222.1800,247.5200,1.799856
hold2783,VPWR,li1,234.1400,225.7600,1.799928
hold2782,VPWR,li1,281.5200,193.1200,1.799931
hold2781,VPWR,li1,115.4600,242.0800,1.799848
hold2780,VPWR,li1,230.9200,280.1600,1.799904
hold2779,VPWR,li1,21.6200,252.9600,1.799853
hold2778,VPWR,li1,184.9200,187.6800,1.799849
hold2777,VPWR,li1,110.4000,231.2000,1.799833
hold2776,VPWR,li1,233.6800,225.7600,1.799928
hold2775,VPWR,li1,259.9000,291.0400,1.799922
hold2774,VPWR,li1,111.7800,214.8800,1.799909
hold2773,VPWR,li1,267.7200,204.0000,1.799906
hold2772,VPWR,li1,261.2800,187.6800,1.799957
hold2771,VPWR,li1,16.5600,258.4000,1.799934
hold2770,VPWR,li1,205.6200,242.0800,1.799871
hold2769,VPWR,li1,243.3400,187.6800,1.799955
hold2768,VPWR,li1,21.6200,274.7200,1.799898
hold2767,VPWR,li1,108.1000,263.8400,1.799939
hold2766,VPWR,li1,42.3200,242.0800,1.799926
hold2765,VPWR,li1,28.9800,252.9600,1.799821
hold2764,VPWR,li1,237.8200,225.7600,1.799932
hold2763,VPWR,li1,8.7400,291.0400,1.799974
hold2762,VPWR,li1,278.3000,285.6000,1.799963
hold2761,VPWR,li1,220.3400,165.9200,1.799964
hold2760,VPWR,li1,210.2200,204.0000,1.799872
hold2759,VPWR,li1,224.9400,187.6800,1.799933
hold2758,VPWR,li1,85.1000,258.4000,1.799892
hold2757,VPWR,li1,248.4000,291.0400,1.799921
hold2756,VPWR,li1,218.9600,258.4000,1.799880
hold2755,VPWR,li1,9.6600,214.8800,1.799963
hold2754,VPWR,li1,252.5400,285.6000,1.799932
hold2753,VPWR,li1,103.0400,274.7200,1.799871
hold2752,VPWR,li1,209.7600,171.3600,1.799916
hold2751,VPWR,li1,274.1600,155.0400,1.799967
hold2750,VPWR,li1,252.5400,198.5600,1.799909
hold2749,VPWR,li1,278.3000,225.7600,1.799951
hold2748,VPWR,li1,98.4400,252.9600,1.799895
hold2747,VPWR,li1,97.9800,225.7600,1.799869
hold2746,VPWR,li1,204.2400,231.2000,1.799900
hold2745,VPWR,li1,241.0400,138.7200,1.799970
hold2744,VPWR,li1,250.2400,144.1600,1.799970
hold2743,VPWR,li1,63.0200,187.6800,1.799921
hold2742,VPWR,li1,123.7400,247.5200,1.799924
hold2741,VPWR,li1,150.4200,258.4000,1.799913
hold2740,VPWR,li1,123.7400,225.7600,1.799911
hold2739,VPWR,li1,64.4000,269.2800,1.799892
hold2738,VPWR,li1,246.1000,263.8400,1.799951
hold2737,VPWR,li1,80.9600,291.0400,1.799956
hold2736,VPWR,li1,247.9400,214.8800,1.799947
hold2735,VPWR,li1,86.4800,209.4400,1.799759
hold2734,VPWR,li1,270.9400,258.4000,1.799929
hold2733,VPWR,li1,93.8400,291.0400,1.799967
hold2732,VPWR,li1,54.2800,242.0800,1.799911
hold2731,VPWR,li1,186.3000,247.5200,1.799886
hold2730,VPWR,li1,213.9000,247.5200,1.799815
hold2729,VPWR,li1,199.6400,198.5600,1.799916
hold2728,VPWR,li1,213.9000,252.9600,1.799884
hold2727,VPWR,li1,285.2000,231.2000,1.799950
hold2726,VPWR,li1,9.6600,171.3600,1.799983
hold2725,VPWR,li1,23.0000,187.6800,1.799955
hold2724,VPWR,li1,246.5600,236.6400,1.799929
hold2723,VPWR,li1,201.4800,198.5600,1.799911
hold2722,VPWR,li1,274.1600,182.2400,1.799915
hold2721,VPWR,li1,248.4000,236.6400,1.799933
hold2720,VPWR,li1,137.0800,242.0800,1.799877
hold2719,VPWR,li1,227.7000,242.0800,1.799838
hold2718,VPWR,li1,123.2800,242.0800,1.799850
hold2717,VPWR,li1,269.1000,225.7600,1.799924
hold2716,VPWR,li1,26.2200,252.9600,1.799830
hold2715,VPWR,li1,75.9000,236.6400,1.799892
hold2714,VPWR,li1,29.4400,236.6400,1.799939
hold2713,VPWR,li1,179.4000,198.5600,1.799927
hold2712,VPWR,li1,219.8800,182.2400,1.799935
hold2711,VPWR,li1,67.1600,242.0800,1.799918
hold2710,VPWR,li1,147.6600,220.3200,1.799932
hold2709,VPWR,li1,285.2000,171.3600,1.799964
hold2708,VPWR,li1,256.6800,193.1200,1.799928
hold2707,VPWR,li1,106.2600,225.7600,1.799871
hold2706,VPWR,li1,51.0600,274.7200,1.799918
hold2705,VPWR,li1,222.1800,247.5200,1.799856
hold2704,VPWR,li1,269.1000,291.0400,1.799924
hold2703,VPWR,li1,51.0600,291.0400,1.799941
hold2702,VPWR,li1,91.0800,225.7600,1.799822
hold2701,VPWR,li1,166.9800,198.5600,1.799921
hold2700,VPWR,li1,261.2800,231.2000,1.799895
hold2699,VPWR,li1,279.2200,155.0400,1.799977
hold2698,VPWR,li1,85.1000,274.7200,1.799864
hold2697,VPWR,li1,269.1000,274.7200,1.799892
hold2696,VPWR,li1,131.5600,236.6400,1.799901
hold2695,VPWR,li1,207.4600,236.6400,1.799940
hold2694,VPWR,li1,16.5600,291.0400,1.799963
hold2693,VPWR,li1,183.0800,204.0000,1.799895
hold2692,VPWR,li1,42.7800,258.4000,1.799931
hold2691,VPWR,li1,8.7400,269.2800,1.799960
hold2690,VPWR,li1,270.4800,209.4400,1.799915
hold2689,VPWR,li1,60.7200,291.0400,1.799931
hold2688,VPWR,li1,151.3400,269.2800,1.799863
hold2687,VPWR,li1,175.2600,198.5600,1.799924
hold2686,VPWR,li1,263.5800,258.4000,1.799913
hold2685,VPWR,li1,194.5800,182.2400,1.799897
hold2684,VPWR,li1,226.7800,236.6400,1.799933
hold2683,VPWR,li1,189.5200,198.5600,1.799937
hold2682,VPWR,li1,270.0200,252.9600,1.799899
hold2681,VPWR,li1,188.6000,187.6800,1.799871
hold2680,VPWR,li1,221.7200,274.7200,1.799906
hold2679,VPWR,li1,247.4800,269.2800,1.799948
hold2678,VPWR,li1,46.4600,252.9600,1.799884
hold2677,VPWR,li1,23.0000,220.3200,1.799940
hold2676,VPWR,li1,153.6400,225.7600,1.799871
hold2675,VPWR,li1,44.6200,204.0000,1.799921
hold2674,VPWR,li1,179.4000,220.3200,1.799922
hold2673,VPWR,li1,224.0200,165.9200,1.799959
hold2672,VPWR,li1,46.4600,220.3200,1.799930
hold2671,VPWR,li1,65.3200,193.1200,1.799930
hold2670,VPWR,li1,140.7600,214.8800,1.799901
hold2669,VPWR,li1,265.4200,220.3200,1.799863
hold2668,VPWR,li1,261.2800,247.5200,1.799848
hold2667,VPWR,li1,274.1600,274.7200,1.799915
hold2666,VPWR,li1,274.1600,187.6800,1.799962
hold2665,VPWR,li1,118.6800,280.1600,1.799899
hold2664,VPWR,li1,58.4200,252.9600,1.799896
hold2663,VPWR,li1,47.3800,225.7600,1.799898
hold2662,VPWR,li1,20.7000,214.8800,1.799932
hold2661,VPWR,li1,105.3400,209.4400,1.799826
hold2660,VPWR,li1,145.3600,269.2800,1.799853
hold2659,VPWR,li1,89.2400,258.4000,1.799898
hold2658,VPWR,li1,201.4800,252.9600,1.799877
hold2657,VPWR,li1,145.3600,225.7600,1.799878
hold2656,VPWR,li1,8.7400,198.5600,1.799953
hold2655,VPWR,li1,246.5600,252.9600,1.799914
hold2654,VPWR,li1,128.3400,214.8800,1.799923
hold2653,VPWR,li1,230.9200,258.4000,1.799817
hold2652,VPWR,li1,73.1400,214.8800,1.799888
hold2651,VPWR,li1,97.9800,242.0800,1.799859
hold2650,VPWR,li1,132.4800,274.7200,1.799869
hold2649,VPWR,li1,40.9400,220.3200,1.799943
hold2648,VPWR,li1,265.4200,209.4400,1.799907
hold2647,VPWR,li1,222.6400,220.3200,1.799929
hold2646,VPWR,li1,268.6400,220.3200,1.799863
hold2645,VPWR,li1,68.0800,291.0400,1.799945
hold2644,VPWR,li1,34.9600,214.8800,1.799916
hold2643,VPWR,li1,226.7800,252.9600,1.799887
hold2642,VPWR,li1,285.2000,204.0000,1.799953
hold2641,VPWR,li1,239.6600,247.5200,1.799816
hold2640,VPWR,li1,208.8400,263.8400,1.799912
hold2639,VPWR,li1,102.5800,225.7600,1.799883
hold2638,VPWR,li1,16.5600,252.9600,1.799878
hold2637,VPWR,li1,85.1000,242.0800,1.799836
hold2636,VPWR,li1,239.6600,236.6400,1.799923
hold2635,VPWR,li1,233.6800,242.0800,1.799822
hold2634,VPWR,li1,195.5000,280.1600,1.799916
hold2633,VPWR,li1,135.7000,247.5200,1.799919
hold2632,VPWR,li1,123.7400,204.0000,1.799844
hold2631,VPWR,li1,261.2800,263.8400,1.799953
hold2630,VPWR,li1,196.8800,187.6800,1.799841
hold2629,VPWR,li1,89.2400,263.8400,1.799888
hold2628,VPWR,li1,72.2200,198.5600,1.799826
hold2627,VPWR,li1,285.2000,187.6800,1.799972
hold2626,VPWR,li1,102.5800,247.5200,1.799939
hold2625,VPWR,li1,88.3200,263.8400,1.799888
hold2624,VPWR,li1,72.2200,236.6400,1.799907
hold2623,VPWR,li1,264.9600,231.2000,1.799894
hold2622,VPWR,li1,238.2800,231.2000,1.799891
hold2621,VPWR,li1,39.1000,269.2800,1.799889
hold2620,VPWR,li1,57.9600,263.8400,1.799861
hold2619,VPWR,li1,121.4400,258.4000,1.799920
hold2618,VPWR,li1,171.5800,204.0000,1.799910
hold2617,VPWR,li1,100.2800,269.2800,1.799914
hold2616,VPWR,li1,29.4400,280.1600,1.799896
hold2615,VPWR,li1,145.3600,291.0400,1.799973
hold2614,VPWR,li1,155.4800,242.0800,1.799906
hold2613,VPWR,li1,195.5000,258.4000,1.799860
hold2612,VPWR,li1,115.0000,231.2000,1.799826
hold2611,VPWR,li1,257.1400,193.1200,1.799928
hold2610,VPWR,li1,274.1600,225.7600,1.799936
hold2609,VPWR,li1,165.1400,269.2800,1.799872
hold2608,VPWR,li1,74.9800,198.5600,1.799794
hold2607,VPWR,li1,262.2000,242.0800,1.799841
hold2606,VPWR,li1,77.7400,225.7600,1.799832
hold2605,VPWR,li1,209.3000,225.7600,1.799859
hold2604,VPWR,li1,273.7000,263.8400,1.799960
hold2603,VPWR,li1,12.4200,182.2400,1.799968
hold2602,VPWR,li1,71.3000,242.0800,1.799913
hold2601,VPWR,li1,171.5800,252.9600,1.799841
hold2600,VPWR,li1,42.3200,280.1600,1.799892
hold2599,VPWR,li1,196.8800,182.2400,1.799873
hold2598,VPWR,li1,229.5400,231.2000,1.799901
hold2597,VPWR,li1,182.6200,247.5200,1.799880
hold2596,VPWR,li1,264.0400,220.3200,1.799863
hold2595,VPWR,li1,104.8800,269.2800,1.799895
hold2594,VPWR,li1,119.6000,214.8800,1.799913
hold2593,VPWR,li1,106.7200,258.4000,1.799911
hold2592,VPWR,li1,85.1000,242.0800,1.799836
hold2591,VPWR,li1,255.7600,171.3600,1.799954
hold2590,VPWR,li1,222.6400,258.4000,1.799854
hold2589,VPWR,li1,252.5400,242.0800,1.799846
hold2588,VPWR,li1,59.3400,242.0800,1.799905
hold2587,VPWR,li1,230.4600,225.7600,1.799925
hold2586,VPWR,li1,132.4800,291.0400,1.799978
hold2585,VPWR,li1,46.9200,269.2800,1.799852
hold2584,VPWR,li1,132.4800,269.2800,1.799873
hold2583,VPWR,li1,59.3400,247.5200,1.799929
hold2582,VPWR,li1,270.4800,155.0400,1.799964
hold2581,VPWR,li1,115.4600,258.4000,1.799908
hold2580,VPWR,li1,110.8600,269.2800,1.799873
hold2579,VPWR,li1,66.7000,187.6800,1.799926
hold2578,VPWR,li1,90.1600,269.2800,1.799889
hold2577,VPWR,li1,56.1200,187.6800,1.799923
hold2576,VPWR,li1,169.7400,231.2000,1.799829
hold2575,VPWR,li1,89.7000,242.0800,1.799828
hold2574,VPWR,li1,8.7400,242.0800,1.799940
hold2573,VPWR,li1,98.4400,247.5200,1.799939
hold2572,VPWR,li1,41.8600,225.7600,1.799928
hold2571,VPWR,li1,50.6000,242.0800,1.799914
hold2570,VPWR,li1,52.9000,187.6800,1.799926
hold2569,VPWR,li1,128.3400,252.9600,1.799878
hold2568,VPWR,li1,122.3600,247.5200,1.799921
hold2567,VPWR,li1,224.0200,225.7600,1.799924
hold2566,VPWR,li1,140.3000,214.8800,1.799901
hold2565,VPWR,li1,76.8200,280.1600,1.799913
hold2564,VPWR,li1,237.3600,242.0800,1.799826
hold2563,VPWR,li1,278.7600,171.3600,1.799965
hold2562,VPWR,li1,149.5000,236.6400,1.799889
hold2561,VPWR,li1,72.2200,247.5200,1.799947
hold2560,VPWR,li1,109.4800,242.0800,1.799855
hold2559,VPWR,li1,132.4800,258.4000,1.799938
hold2558,VPWR,li1,270.4800,182.2400,1.799898
hold2557,VPWR,li1,203.7800,214.8800,1.799918
hold2556,VPWR,li1,162.8400,242.0800,1.799924
hold2555,VPWR,li1,227.7000,258.4000,1.799832
hold2554,VPWR,li1,178.9400,291.0400,1.799957
hold2553,VPWR,li1,8.7400,247.5200,1.799968
hold2552,VPWR,li1,51.5200,214.8800,1.799862
hold2551,VPWR,li1,102.5800,220.3200,1.799920
hold2550,VPWR,li1,85.1000,231.2000,1.799806
hold2549,VPWR,li1,66.7000,214.8800,1.799900
hold2548,VPWR,li1,196.8800,258.4000,1.799841
hold2547,VPWR,li1,63.9400,204.0000,1.799908
hold2546,VPWR,li1,168.8200,291.0400,1.799968
hold2545,VPWR,li1,20.7000,263.8400,1.799838
hold2544,VPWR,li1,29.4400,247.5200,1.799933
hold2543,VPWR,li1,59.8000,247.5200,1.799929
hold2542,VPWR,li1,55.6600,209.4400,1.799870
hold2541,VPWR,li1,8.7400,236.6400,1.799976
hold2540,VPWR,li1,89.2400,247.5200,1.799931
hold2539,VPWR,li1,81.4200,220.3200,1.799912
hold2538,VPWR,li1,24.3800,176.8000,1.799946
hold2537,VPWR,li1,274.1600,187.6800,1.799962
hold2536,VPWR,li1,85.5600,274.7200,1.799864
hold2535,VPWR,li1,141.6800,291.0400,1.799973
hold2534,VPWR,li1,28.9800,231.2000,1.799932
hold2533,VPWR,li1,154.5600,214.8800,1.799901
hold2532,VPWR,li1,183.5400,258.4000,1.799883
hold2531,VPWR,li1,149.5000,209.4400,1.799927
hold2530,VPWR,li1,68.5400,280.1600,1.799922
hold2529,VPWR,li1,144.9000,247.5200,1.799896
hold2528,VPWR,li1,72.2200,280.1600,1.799925
hold2527,VPWR,li1,29.4400,225.7600,1.799921
hold2526,VPWR,li1,239.6600,193.1200,1.799946
hold2525,VPWR,li1,75.9000,242.0800,1.799886
hold2524,VPWR,li1,43.2400,193.1200,1.799938
hold2523,VPWR,li1,132.0200,280.1600,1.799924
hold2522,VPWR,li1,46.9200,258.4000,1.799920
hold2521,VPWR,li1,80.0400,204.0000,1.799850
hold2520,VPWR,li1,175.2600,263.8400,1.799917
hold2519,VPWR,li1,139.8400,252.9600,1.799810
hold2518,VPWR,li1,167.9000,258.4000,1.799892
hold2517,VPWR,li1,36.3400,247.5200,1.799942
hold2516,VPWR,li1,195.9600,242.0800,1.799906
hold2515,VPWR,li1,158.2400,204.0000,1.799938
hold2514,VPWR,li1,110.8600,242.0800,1.799855
hold2513,VPWR,li1,59.3400,231.2000,1.799913
hold2512,VPWR,li1,68.0800,236.6400,1.799915
hold2511,VPWR,li1,134.7800,236.6400,1.799891
hold2510,VPWR,li1,47.3800,291.0400,1.799947
hold2509,VPWR,li1,75.9000,198.5600,1.799794
hold2508,VPWR,li1,38.6400,242.0800,1.799922
hold2507,VPWR,li1,58.8800,231.2000,1.799912
hold2506,VPWR,li1,285.2000,187.6800,1.799972
hold2505,VPWR,li1,105.8000,231.2000,1.799853
hold2504,VPWR,li1,213.9000,285.6000,1.799900
hold2503,VPWR,li1,79.1200,258.4000,1.799895
hold2502,VPWR,li1,106.7200,274.7200,1.799855
hold2501,VPWR,li1,167.9000,214.8800,1.799883
hold2500,VPWR,li1,21.6200,263.8400,1.799838
hold2499,VPWR,li1,93.8400,285.6000,1.799941
hold2498,VPWR,li1,85.5600,285.6000,1.799933
hold2497,VPWR,li1,28.9800,214.8800,1.799922
hold2496,VPWR,li1,158.2400,204.0000,1.799938
hold2495,VPWR,li1,69.9200,258.4000,1.799927
hold2494,VPWR,li1,233.6800,291.0400,1.799894
hold2493,VPWR,li1,59.3400,204.0000,1.799906
hold2492,VPWR,li1,109.0200,285.6000,1.799913
hold2491,VPWR,li1,61.6400,220.3200,1.799936
hold2490,VPWR,li1,8.7400,225.7600,1.799967
hold2489,VPWR,li1,186.7600,263.8400,1.799933
hold2488,VPWR,li1,83.7200,204.0000,1.799833
hold2487,VPWR,li1,218.0400,280.1600,1.799927
hold2486,VPWR,li1,54.7400,198.5600,1.799839
hold2485,VPWR,li1,43.7000,269.2800,1.799856
hold2484,VPWR,li1,97.9800,252.9600,1.799895
hold2483,VPWR,li1,132.0200,247.5200,1.799928
hold2482,VPWR,li1,16.5600,231.2000,1.799953
hold2481,VPWR,li1,210.6800,274.7200,1.799894
hold2480,VPWR,li1,57.0400,280.1600,1.799874
hold2479,VPWR,li1,244.2600,214.8800,1.799940
hold2478,VPWR,li1,55.2000,258.4000,1.799904
hold2477,VPWR,li1,176.1800,225.7600,1.799843
hold2476,VPWR,li1,278.3000,160.4800,1.799916
hold2475,VPWR,li1,51.0600,225.7600,1.799891
hold2474,VPWR,li1,53.3600,285.6000,1.799850
hold2473,VPWR,li1,160.5400,225.7600,1.799907
hold2472,VPWR,li1,162.3800,258.4000,1.799916
hold2471,VPWR,li1,8.7400,280.1600,1.799959
hold2470,VPWR,li1,157.7800,214.8800,1.799907
hold2469,VPWR,li1,106.7200,291.0400,1.799971
hold2468,VPWR,li1,8.7400,182.2400,1.799973
hold2467,VPWR,li1,273.7000,160.4800,1.799880
hold2466,VPWR,li1,47.8400,247.5200,1.799932
hold2465,VPWR,li1,266.8000,182.2400,1.799885
hold2464,VPWR,li1,141.6800,242.0800,1.799871
hold2463,VPWR,li1,73.1400,280.1600,1.799925
hold2462,VPWR,li1,33.5800,225.7600,1.799921
hold2461,VPWR,li1,33.5800,187.6800,1.799956
hold2460,VPWR,li1,34.0400,285.6000,1.799889
hold2459,VPWR,li1,128.8000,258.4000,1.799939
hold2458,VPWR,li1,205.6200,182.2400,1.799851
hold2457,VPWR,li1,123.7400,236.6400,1.799867
hold2456,VPWR,li1,194.5800,231.2000,1.799895
hold2455,VPWR,li1,153.6400,269.2800,1.799877
hold2454,VPWR,li1,158.2400,214.8800,1.799907
hold2453,VPWR,li1,149.5000,285.6000,1.799945
hold2452,VPWR,li1,59.8000,214.8800,1.799869
hold2451,VPWR,li1,194.5800,263.8400,1.799923
hold2450,VPWR,li1,118.6800,280.1600,1.799899
hold2449,VPWR,li1,257.6000,187.6800,1.799959
hold2448,VPWR,li1,188.1400,274.7200,1.799884
hold2447,VPWR,li1,184.4600,280.1600,1.799926
hold2446,VPWR,li1,140.3000,280.1600,1.799870
hold2445,VPWR,li1,81.8800,225.7600,1.799804
hold2444,VPWR,li1,157.3200,252.9600,1.799867
hold2443,VPWR,li1,178.4800,285.6000,1.799936
hold2442,VPWR,li1,17.0200,220.3200,1.799957
hold2441,VPWR,li1,80.0400,263.8400,1.799873
hold2440,VPWR,li1,72.6800,274.7200,1.799915
hold2439,VPWR,li1,64.4000,285.6000,1.799887
hold2438,VPWR,li1,69.0000,220.3200,1.799949
hold2437,VPWR,li1,146.7400,204.0000,1.799909
hold2436,VPWR,li1,167.4400,220.3200,1.799931
hold2435,VPWR,li1,60.7200,285.6000,1.799875
hold2434,VPWR,li1,190.4400,274.7200,1.799915
hold2433,VPWR,li1,59.3400,187.6800,1.799921
hold2432,VPWR,li1,28.0600,247.5200,1.799933
hold2431,VPWR,li1,235.5200,214.8800,1.799924
hold2430,VPWR,li1,157.3200,285.6000,1.799956
hold2429,VPWR,li1,60.2600,204.0000,1.799906
hold2428,VPWR,li1,62.1000,263.8400,1.799871
hold2427,VPWR,li1,124.6600,291.0400,1.799973
hold2426,VPWR,li1,34.5000,252.9600,1.799848
hold2425,VPWR,li1,219.8800,171.3600,1.799956
hold2424,VPWR,li1,100.7400,258.4000,1.799931
hold2423,VPWR,li1,92.0000,220.3200,1.799910
hold2422,VPWR,li1,149.5000,258.4000,1.799913
hold2421,VPWR,li1,201.0200,247.5200,1.799824
hold2420,VPWR,li1,126.5000,269.2800,1.799858
hold2419,VPWR,li1,218.0400,291.0400,1.799914
hold2418,VPWR,li1,239.6600,291.0400,1.799902
hold2417,VPWR,li1,273.2400,171.3600,1.799955
hold2416,VPWR,li1,155.9400,247.5200,1.799893
hold2415,VPWR,li1,180.3200,247.5200,1.799878
hold2414,VPWR,li1,221.2600,263.8400,1.799941
hold2413,VPWR,li1,149.5000,280.1600,1.799872
hold2412,VPWR,li1,285.2000,155.0400,1.799974
hold2411,VPWR,li1,162.3800,280.1600,1.799933
hold2410,VPWR,li1,175.2600,291.0400,1.799960
hold2409,VPWR,li1,80.9600,204.0000,1.799850
hold2408,VPWR,li1,285.2000,176.8000,1.799973
hold2407,VPWR,li1,260.3600,165.9200,1.799895
hold2406,VPWR,li1,38.6400,209.4400,1.799910
hold2405,VPWR,li1,150.4200,236.6400,1.799889
hold2404,VPWR,li1,63.0200,252.9600,1.799910
hold2403,VPWR,li1,16.5600,204.0000,1.799936
hold2402,VPWR,li1,76.3600,204.0000,1.799885
hold2401,VPWR,li1,218.9600,285.6000,1.799924
hold2400,VPWR,li1,149.5000,274.7200,1.799852
hold2399,VPWR,li1,179.4000,204.0000,1.799895
hold2398,VPWR,li1,172.5000,242.0800,1.799923
hold2397,VPWR,li1,171.1200,242.0800,1.799923
hold2396,VPWR,li1,218.9600,269.2800,1.799950
hold2395,VPWR,li1,203.7800,236.6400,1.799937
hold2394,VPWR,li1,178.4800,214.8800,1.799892
hold2393,VPWR,li1,192.2800,274.7200,1.799911
hold2392,VPWR,li1,8.7400,187.6800,1.799975
hold2391,VPWR,li1,149.5000,291.0400,1.799974
hold2390,VPWR,li1,171.1200,231.2000,1.799829
hold2389,VPWR,li1,218.9600,176.8000,1.799970
hold2388,VPWR,li1,225.8600,231.2000,1.799917
hold2387,VPWR,li1,222.6400,193.1200,1.799960
hold2386,VPWR,li1,251.1600,269.2800,1.799954
hold2385,VPWR,li1,38.1800,198.5600,1.799888
hold2384,VPWR,li1,123.7400,258.4000,1.799925
hold2383,VPWR,li1,55.2000,269.2800,1.799860
hold2382,VPWR,li1,171.1200,225.7600,1.799847
hold2381,VPWR,li1,213.9000,263.8400,1.799924
hold2380,VPWR,li1,237.8200,198.5600,1.799870
hold2379,VPWR,li1,232.3000,263.8400,1.799921
hold2378,VPWR,li1,273.2400,291.0400,1.799940
hold2377,VPWR,li1,222.6400,285.6000,1.799907
hold2376,VPWR,li1,33.5800,198.5600,1.799872
hold2375,VPWR,li1,217.5800,263.8400,1.799934
hold2374,VPWR,li1,178.9400,258.4000,1.799878
hold2373,VPWR,li1,213.9000,225.7600,1.799884
hold2372,VPWR,li1,131.1000,247.5200,1.799938
hold2371,VPWR,li1,182.6200,291.0400,1.799956
hold2370,VPWR,li1,252.5400,225.7600,1.799952
hold2369,VPWR,li1,246.1000,193.1200,1.799947
hold2368,VPWR,li1,285.2000,149.6000,1.799968
rebuffer2367,VPWR,li1,206.5400,214.8800,1.799916
rebuffer2366,VPWR,li1,151.3400,176.8000,1.799891
rebuffer2363,VPWR,li1,65.7800,116.9600,1.799956
rebuffer2362,VPWR,li1,184.4600,95.2000,1.799985
rebuffer2202,VPWR,li1,94.7600,116.9600,1.799918
rebuffer2195,VPWR,li1,25.7600,68.0000,1.799947
rebuffer2194,VPWR,li1,260.8200,198.5600,1.799881
rebuffer2191,VPWR,li1,56.1200,89.7600,1.799937
rebuffer2190,VPWR,li1,63.9400,122.4000,1.799947
rebuffer2189,VPWR,li1,94.7600,182.2400,1.799878
rebuffer2188,VPWR,li1,49.6800,116.9600,1.799959
rebuffer2187,VPWR,li1,94.7600,122.4000,1.799932
rebuffer2186,VPWR,li1,18.8600,51.6800,1.799935
rebuffer2184,VPWR,li1,253.9200,231.2000,1.799903
rebuffer2183,VPWR,li1,229.5400,236.6400,1.799926
rebuffer2182,VPWR,li1,216.2000,214.8800,1.799922
rebuffer2181,VPWR,li1,107.6400,193.1200,1.799853
rebuffer2180,VPWR,li1,126.9600,193.1200,1.799877
rebuffer2179,VPWR,li1,141.6800,269.2800,1.799848
rebuffer2178,VPWR,li1,264.5000,171.3600,1.799947
rebuffer2177,VPWR,li1,269.1000,138.7200,1.799948
rebuffer2162,VPWR,li1,17.4800,46.2400,1.799927
rebuffer2161,VPWR,li1,19.7800,46.2400,1.799923
rebuffer2160,VPWR,li1,137.0800,252.9600,1.799829
rebuffer2176,VPWR,li1,263.1200,138.7200,1.799951
rebuffer2159,VPWR,li1,92.0000,127.8400,1.799953
rebuffer2158,VPWR,li1,87.8600,209.4400,1.799749
rebuffer2157,VPWR,li1,94.7600,133.2800,1.799920
rebuffer2156,VPWR,li1,57.0400,111.5200,1.799939
rebuffer2155,VPWR,li1,204.2400,193.1200,1.799929
rebuffer2175,VPWR,li1,229.0800,274.7200,1.799836
rebuffer2154,VPWR,li1,17.4800,35.3600,1.799941
rebuffer2153,VPWR,li1,16.5600,29.9200,1.799933
rebuffer2174,VPWR,li1,81.8800,258.4000,1.799889
rebuffer2173,VPWR,li1,81.8800,225.7600,1.799804
rebuffer2152,VPWR,li1,58.4200,111.5200,1.799937
rebuffer2151,VPWR,li1,60.9500,95.2000,1.799938
rebuffer2150,VPWR,li1,64.8600,106.0800,1.799955
rebuffer2149,VPWR,li1,71.3000,95.2000,1.799954
rebuffer2148,VPWR,li1,64.8600,95.2000,1.799940
rebuffer2147,VPWR,li1,67.8500,106.0800,1.799961
rebuffer2172,VPWR,li1,97.0600,155.0400,1.799923
rebuffer2146,VPWR,li1,43.2400,127.8400,1.799973
rebuffer2145,VPWR,li1,167.6700,95.2000,1.799985
rebuffer2144,VPWR,li1,65.7800,122.4000,1.799950
rebuffer2143,VPWR,li1,184.6900,89.7600,1.799982
rebuffer2141,VPWR,li1,144.6700,187.6800,1.799462
rebuffer2171,VPWR,li1,267.2600,138.7200,1.799947
rebuffer2139,VPWR,li1,277.3800,78.8800,1.799987
rebuffer2138,VPWR,li1,99.3600,95.2000,1.799945
rebuffer2170,VPWR,li1,265.8800,280.1600,1.799841
rebuffer2169,VPWR,li1,248.4000,280.1600,1.799897
rebuffer2137,VPWR,li1,84.1800,149.6000,1.799955
rebuffer2136,VPWR,li1,72.2200,68.0000,1.799960
rebuffer2135,VPWR,li1,94.3000,204.0000,1.799816
rebuffer2134,VPWR,li1,137.5400,68.0000,1.799973
rebuffer2133,VPWR,li1,71.3000,127.8400,1.799972
rebuffer2132,VPWR,li1,213.4400,78.8800,1.799976
rebuffer2168,VPWR,li1,71.3000,122.4000,1.799958
rebuffer2131,VPWR,li1,187.2200,84.3200,1.799976
rebuffer2130,VPWR,li1,56.1200,111.5200,1.799939
rebuffer2129,VPWR,li1,62.3300,84.3200,1.799952
rebuffer2128,VPWR,li1,57.7300,89.7600,1.799937
rebuffer2127,VPWR,li1,155.4800,187.6800,1.799615
rebuffer2167,VPWR,li1,66.2400,73.4400,1.799933
rebuffer2126,VPWR,li1,99.8200,209.4400,1.799822
rebuffer2125,VPWR,li1,71.3000,95.2000,1.799954
rebuffer2166,VPWR,li1,98.4400,78.8800,1.799930
rebuffer2165,VPWR,li1,94.7600,236.6400,1.799857
rebuffer2124,VPWR,li1,100.7400,198.5600,1.799853
rebuffer2123,VPWR,li1,94.7600,204.0000,1.799816
rebuffer2122,VPWR,li1,65.7800,100.6400,1.799965
rebuffer2121,VPWR,li1,104.8800,198.5600,1.799826
rebuffer2120,VPWR,li1,28.0600,78.8800,1.799950
rebuffer2119,VPWR,li1,22.0800,78.8800,1.799950
rebuffer2164,VPWR,li1,93.8400,231.2000,1.799814
rebuffer2118,VPWR,li1,26.2200,57.1200,1.799925
rebuffer2117,VPWR,li1,66.7000,111.5200,1.799936
rebuffer2116,VPWR,li1,60.0300,111.5200,1.799937
rebuffer2115,VPWR,li1,67.8500,89.7600,1.799950
rebuffer2114,VPWR,li1,170.2000,89.7600,1.799981
rebuffer2163,VPWR,li1,75.9000,209.4400,1.799829
rebuffer2113,VPWR,li1,71.3000,89.7600,1.799956
rebuffer2112,VPWR,li1,24.3800,68.0000,1.799947
rebuffer2111,VPWR,li1,17.4800,51.6800,1.799935
rebuffer2365,VPWR,li1,212.9800,171.3600,1.799929
rebuffer2142,VPWR,li1,156.4000,89.7600,1.799989
rebuffer2193,VPWR,li1,134.7800,225.7600,1.799905
rebuffer2185,VPWR,li1,104.4200,252.9600,1.799886
rebuffer2140,VPWR,li1,90.6200,122.4000,1.799924
_4270_,VPWR,li1,279.9100,182.2400,1.799942
clkload36,VPWR,li1,270.4800,247.5200,1.799856
clkbuf_leaf_42_clk,VPWR,li1,165.1400,122.4000,1.799920
clkload35,VPWR,li1,132.9400,263.8400,1.799949
clkload34,VPWR,li1,281.7500,187.6800,1.799974
clkload33,VPWR,li1,257.1400,209.4400,1.799897
clkload32,VPWR,li1,247.0200,214.8800,1.799947
clkload31,VPWR,li1,217.1200,258.4000,1.799866
clkload30,VPWR,li1,110.6300,220.3200,1.799902
clkbuf_leaf_41_clk,VPWR,li1,181.2400,57.1200,1.799903
clkload29,VPWR,li1,107.6400,242.0800,1.799860
clkload28,VPWR,li1,76.3600,269.2800,1.799907
clkload27,VPWR,li1,45.5400,291.0400,1.799951
clkload26,VPWR,li1,20.2400,280.1600,1.799926
clkload4,VPWR,li1,123.0500,57.1200,1.799919
clkload25,VPWR,li1,17.0200,263.8400,1.799858
clkload24,VPWR,li1,63.0200,258.4000,1.799904
clkload23,VPWR,li1,63.0200,252.9600,1.799910
clkload22,VPWR,li1,47.8400,204.0000,1.799914
clkload21,VPWR,li1,20.0100,198.5600,1.799917
clkbuf_leaf_40_clk,VPWR,li1,176.6400,29.9200,1.799912
clkload20,VPWR,li1,57.5000,204.0000,1.799906
clkload19,VPWR,li1,213.4400,209.4400,1.799920
clkload18,VPWR,li1,242.8800,193.1200,1.799946
clkload17,VPWR,li1,186.0700,242.0800,1.799927
clkload3,VPWR,li1,174.3400,57.1200,1.799910
clkload16,VPWR,li1,204.9300,46.2400,1.799921
clkload15,VPWR,li1,231.6100,46.2400,1.799882
clkload14,VPWR,li1,263.8100,106.0800,1.799956
clkload13,VPWR,li1,231.6100,133.2800,1.799903
clkload12,VPWR,li1,180.5500,160.4800,1.799934
clkbuf_leaf_39_clk,VPWR,li1,207.0000,35.3600,1.799917
clkload11,VPWR,li1,162.3800,122.4000,1.799929
clkload10,VPWR,li1,152.9500,187.6800,1.799537
clkload9,VPWR,li1,123.9700,160.4800,1.799966
clkload8,VPWR,li1,84.8700,133.2800,1.799891
clkload2,VPWR,li1,21.3900,100.6400,1.799908
clkload1,VPWR,li1,185.3800,236.6400,1.799908
clkload7,VPWR,li1,17.0200,127.8400,1.799965
clkload6,VPWR,li1,26.9100,19.0400,1.799931
clkbuf_leaf_38_clk,VPWR,li1,232.7600,46.2400,1.799882
clkbuf_leaf_37_clk,VPWR,li1,270.9400,46.2400,1.799903
clkbuf_leaf_36_clk,VPWR,li1,268.1800,100.6400,1.799916
clkbuf_leaf_35_clk,VPWR,li1,231.8400,133.2800,1.799903
clkbuf_leaf_34_clk,VPWR,li1,200.5600,133.2800,1.799912
clkbuf_leaf_33_clk,VPWR,li1,182.1600,165.9200,1.799917
clkbuf_leaf_32_clk,VPWR,li1,216.6600,198.5600,1.799907
clkbuf_leaf_31_clk,VPWR,li1,242.4200,176.8000,1.799923
clkbuf_leaf_30_clk,VPWR,li1,270.9400,193.1200,1.799893
clkbuf_leaf_29_clk,VPWR,li1,256.2200,209.4400,1.799897
clkload0,VPWR,li1,199.6400,160.4800,1.799909
clkbuf_leaf_28_clk,VPWR,li1,248.4000,231.2000,1.799903
clkbuf_leaf_27_clk,VPWR,li1,276.4600,247.5200,1.799878
clkbuf_leaf_26_clk,VPWR,li1,271.4000,280.1600,1.799853
clkbuf_leaf_25_clk,VPWR,li1,239.6600,274.7200,1.799800
clkbuf_leaf_24_clk,VPWR,li1,215.7400,247.5200,1.799820
clkbuf_leaf_23_clk,VPWR,li1,207.4600,280.1600,1.799888
clkbuf_leaf_22_clk,VPWR,li1,174.8000,274.7200,1.799849
clkbuf_leaf_21_clk,VPWR,li1,165.1400,252.9600,1.799852
clkbuf_leaf_20_clk,VPWR,li1,188.1400,231.2000,1.799884
clkbuf_leaf_19_clk,VPWR,li1,184.0000,214.8800,1.799899
clkbuf_leaf_18_clk,VPWR,li1,157.3200,187.6800,1.799662
clkbuf_leaf_17_clk,VPWR,li1,114.0800,220.3200,1.799896
clkbuf_3_7__f_clk,VPWR,li1,183.3100,236.6400,1.799898
clkbuf_3_6__f_clk,VPWR,li1,195.2700,225.7600,1.799853
clkbuf_leaf_13_clk,VPWR,li1,90.6200,252.9600,1.799869
clkbuf_leaf_10_clk,VPWR,li1,23.4600,274.7200,1.799891
clkbuf_leaf_8_clk,VPWR,li1,56.1200,236.6400,1.799887
clkbuf_leaf_5_clk,VPWR,li1,26.6800,165.9200,1.799929
clkbuf_leaf_6_clk,VPWR,li1,23.9200,193.1200,1.799915
clkbuf_leaf_7_clk,VPWR,li1,39.5600,214.8800,1.799913
clkbuf_leaf_9_clk,VPWR,li1,23.4600,242.0800,1.799878
clkbuf_leaf_3_clk,VPWR,li1,126.5000,155.0400,1.799922
clkbuf_leaf_4_clk,VPWR,li1,65.3200,198.5600,1.799841
clkbuf_leaf_11_clk,VPWR,li1,48.7600,280.1600,1.799854
clkbuf_3_5__f_clk,VPWR,li1,90.3900,231.2000,1.799803
clkbuf_leaf_1_clk,VPWR,li1,23.4600,138.7200,1.799920
clkbuf_leaf_2_clk,VPWR,li1,85.1000,133.2800,1.799891
clkbuf_leaf_12_clk,VPWR,li1,71.3000,263.8400,1.799879
clkbuf_leaf_0_clk,VPWR,li1,17.0200,100.6400,1.799913
clkbuf_leaf_14_clk,VPWR,li1,108.1000,280.1600,1.799884
clkbuf_3_4__f_clk,VPWR,li1,76.1300,214.8800,1.799870
clkbuf_leaf_15_clk,VPWR,li1,139.3800,274.7200,1.799841
clkbuf_leaf_16_clk,VPWR,li1,126.5000,242.0800,1.799854
clkbuf_3_3__f_clk,VPWR,li1,196.1900,160.4800,1.799911
clkbuf_3_2__f_clk,VPWR,li1,209.5300,127.8400,1.799920
clkbuf_3_1__f_clk,VPWR,li1,124.4300,127.8400,1.799929
clkbuf_3_0__f_clk,VPWR,li1,117.5300,84.3200,1.799911
clkbuf_0_clk,VPWR,li1,144.6700,149.6000,1.799931
clkbuf_leaf_45_clk,VPWR,li1,36.3400,19.0400,1.799932
clkbuf_leaf_44_clk,VPWR,li1,113.6200,29.9200,1.799882
clkbuf_leaf_43_clk,VPWR,li1,130.1800,57.1200,1.799930
clkload5,VPWR,li1,112.7000,29.9200,1.799882
output2083,VPWR,li1,284.7400,95.2000,1.799963
output2084,VPWR,li1,284.7400,111.5200,1.799976
output2085,VPWR,li1,284.7400,127.8400,1.799975
output2086,VPWR,li1,284.7400,144.1600,1.799961
output2070,VPWR,li1,97.0600,220.3200,1.799916
output2071,VPWR,li1,87.8600,13.6000,1.799936
output2087,VPWR,li1,286.1200,144.1600,1.799960
max_cap2110,VPWR,li1,42.0900,68.0000,1.799950
wire2109,VPWR,li1,40.4800,127.8400,1.799975
max_cap2105,VPWR,li1,267.2600,89.7600,1.799879
max_cap2102,VPWR,li1,99.5900,204.0000,1.799833
output2099,VPWR,li1,128.3400,242.0800,1.799867
output2100,VPWR,li1,24.8400,13.6000,1.799913
output2098,VPWR,li1,154.1000,236.6400,1.799895
output2101,VPWR,li1,55.2000,13.6000,1.799932
max_cap2103,VPWR,li1,99.1300,116.9600,1.799928
output2096,VPWR,li1,221.7200,291.0400,1.799890
output2097,VPWR,li1,248.4000,291.0400,1.799921
wire2104,VPWR,li1,93.8400,116.9600,1.799918
output2095,VPWR,li1,119.6000,285.6000,1.799904
output2093,VPWR,li1,284.2800,252.9600,1.799926
output2092,VPWR,li1,64.4000,291.0400,1.799930
output2094,VPWR,li1,284.9700,258.4000,1.799949
max_cap2106,VPWR,li1,100.7400,111.5200,1.799946
max_cap2107,VPWR,li1,164.6800,106.0800,1.799972
max_cap2108,VPWR,li1,68.5400,62.5600,1.799949
output2090,VPWR,li1,284.9700,220.3200,1.799911
output2089,VPWR,li1,284.9700,193.1200,1.799924
output2091,VPWR,li1,284.2800,236.6400,1.799925
output2088,VPWR,li1,284.7400,204.0000,1.799953
output2080,VPWR,li1,284.2800,68.0000,1.799978
output2075,VPWR,li1,239.4300,13.6000,1.799947
output2076,VPWR,li1,277.3800,13.6000,1.799971
output2077,VPWR,li1,285.2000,13.6000,1.799973
output2078,VPWR,li1,284.7400,35.3600,1.799966
output2079,VPWR,li1,284.7400,40.8000,1.799966
output2081,VPWR,li1,25.3000,285.6000,1.799874
output2074,VPWR,li1,203.3200,13.6000,1.799945
output2073,VPWR,li1,166.9800,13.6000,1.799928
output2082,VPWR,li1,284.7400,78.8800,1.799985
output2072,VPWR,li1,130.6400,13.6000,1.799960
fanout106,VPWR,li1,8.7400,111.5200,1.799977
fanout101,VPWR,li1,285.2000,193.1200,1.799924
place2043,VPWR,li1,174.3400,133.2800,1.799954
place2039,VPWR,li1,233.6800,138.7200,1.799969
place2036,VPWR,li1,236.4400,176.8000,1.799930
place2032,VPWR,li1,76.8200,165.9200,1.799970
place2031,VPWR,li1,25.3000,160.4800,1.799975
place2030,VPWR,li1,8.7400,29.9200,1.799955
place2033,VPWR,li1,123.2800,165.9200,1.799960
place2034,VPWR,li1,166.9800,165.9200,1.799941
place2035,VPWR,li1,197.3400,182.2400,1.799873
place2037,VPWR,li1,232.7600,116.9600,1.799954
place2028,VPWR,li1,8.2800,106.0800,1.799973
place2029,VPWR,li1,13.3400,84.3200,1.799968
place2038,VPWR,li1,240.5800,133.2800,1.799920
place2040,VPWR,li1,188.1400,122.4000,1.799959
place2027,VPWR,li1,19.7800,116.9600,1.799955
place2026,VPWR,li1,24.3800,127.8400,1.799962
place2041,VPWR,li1,189.9800,138.7200,1.799977
place1991,VPWR,li1,61.1800,40.8000,1.799942
place1992,VPWR,li1,32.6600,46.2400,1.799935
place2042,VPWR,li1,168.3600,127.8400,1.799955
place1974,VPWR,li1,9.2000,46.2400,1.799957
place1972,VPWR,li1,83.2600,29.9200,1.799925
place1962,VPWR,li1,227.2400,19.0400,1.799961
place1973,VPWR,li1,80.5000,24.4800,1.799942
place1961,VPWR,li1,23.0000,100.6400,1.799908
place1975,VPWR,li1,53.8200,40.8000,1.799933
place1976,VPWR,li1,51.0600,29.9200,1.799936
place1982,VPWR,li1,26.2200,51.6800,1.799928
place1959,VPWR,li1,48.3000,122.4000,1.799943
place1960,VPWR,li1,37.7200,155.0400,1.799973
place1958,VPWR,li1,43.7000,144.1600,1.799972
place1983,VPWR,li1,18.6300,24.4800,1.799935
place1954,VPWR,li1,72.2200,171.3600,1.799954
place1955,VPWR,li1,73.1400,165.9200,1.799974
place1956,VPWR,li1,35.4200,165.9200,1.799950
place1957,VPWR,li1,36.8000,160.4800,1.799980
place2044,VPWR,li1,192.2800,144.1600,1.799977
place1953,VPWR,li1,131.1000,160.4800,1.799969
place1951,VPWR,li1,134.3200,149.6000,1.799962
place1952,VPWR,li1,117.3000,149.6000,1.799972
place2045,VPWR,li1,212.9800,182.2400,1.799884
place1948,VPWR,li1,172.0400,133.2800,1.799957
place1587,VPWR,li1,184.9200,78.8800,1.799962
place1610,VPWR,li1,69.4600,155.0400,1.799952
place1946,VPWR,li1,213.4400,160.4800,1.799930
place1947,VPWR,li1,200.1000,155.0400,1.799980
place1949,VPWR,li1,192.7400,160.4800,1.799930
place1950,VPWR,li1,149.0400,116.9600,1.799963
place2046,VPWR,li1,236.4400,182.2400,1.799928
place1277,VPWR,li1,93.6100,225.7600,1.799829
place1278,VPWR,li1,20.2400,209.4400,1.799897
place1279,VPWR,li1,58.4200,209.4400,1.799867
place1275,VPWR,li1,196.1900,231.2000,1.799895
place1276,VPWR,li1,110.4000,258.4000,1.799903
place1330,VPWR,li1,153.1800,231.2000,1.799836
place1095,VPWR,li1,277.3800,247.5200,1.799878
place1081,VPWR,li1,278.3000,204.0000,1.799946
place2009,VPWR,li1,71.3000,51.6800,1.799940
place2014,VPWR,li1,156.4000,160.4800,1.799957
place2008,VPWR,li1,42.7800,73.4400,1.799944
place2010,VPWR,li1,50.1400,51.6800,1.799938
place2007,VPWR,li1,42.3200,46.2400,1.799958
place2011,VPWR,li1,40.0200,73.4400,1.799951
place2016,VPWR,li1,176.6400,165.9200,1.799924
place2017,VPWR,li1,120.5200,138.7200,1.799964
place2006,VPWR,li1,113.6200,19.0400,1.799959
place2004,VPWR,li1,25.5300,29.9200,1.799919
place2002,VPWR,li1,15.4100,29.9200,1.799933
place2003,VPWR,li1,40.4800,29.9200,1.799950
place2000,VPWR,li1,22.5400,51.6800,1.799927
place2019,VPWR,li1,32.6600,182.2400,1.799950
place2020,VPWR,li1,7.8200,144.1600,1.799970
place2001,VPWR,li1,16.3300,62.5600,1.799939
place1999,VPWR,li1,32.6600,73.4400,1.799931
place1993,VPWR,li1,40.0200,40.8000,1.799956
place2022,VPWR,li1,21.1600,165.9200,1.799944
place2023,VPWR,li1,43.2400,182.2400,1.799949
place2021,VPWR,li1,17.4800,160.4800,1.799977
place1984,VPWR,li1,13.8000,46.2400,1.799937
place1988,VPWR,li1,30.8200,73.4400,1.799927
place1989,VPWR,li1,21.3900,62.5600,1.799928
place1985,VPWR,li1,14.7200,40.8000,1.799956
place1987,VPWR,li1,36.8000,40.8000,1.799951
place1986,VPWR,li1,35.4200,35.3600,1.799938
place1977,VPWR,li1,63.0200,29.9200,1.799943
place1971,VPWR,li1,79.5800,29.9200,1.799929
place1970,VPWR,li1,74.5200,13.6000,1.799949
place1969,VPWR,li1,106.2600,24.4800,1.799940
place1968,VPWR,li1,212.9800,35.3600,1.799927
place1967,VPWR,li1,207.0000,24.4800,1.799939
place1966,VPWR,li1,265.8800,13.6000,1.799959
place1978,VPWR,li1,44.1600,24.4800,1.799955
place1965,VPWR,li1,281.0600,24.4800,1.799984
place1964,VPWR,li1,238.7400,24.4800,1.799957
place1443,VPWR,li1,113.1600,89.7600,1.799970
place1152,VPWR,li1,56.1200,247.5200,1.799924
place1094,VPWR,li1,285.6600,252.9600,1.799923
place1625,VPWR,li1,91.0800,78.8800,1.799920
place1624,VPWR,li1,206.0800,133.2800,1.799914
place1944,VPWR,li1,207.9200,144.1600,1.799968
place1605,VPWR,li1,267.2600,133.2800,1.799934
place1607,VPWR,li1,223.1000,89.7600,1.799963
place1600,VPWR,li1,79.1200,106.0800,1.799947
place1606,VPWR,li1,260.8200,89.7600,1.799901
place1608,VPWR,li1,190.4400,100.6400,1.799967
place1595,VPWR,li1,98.9000,127.8400,1.799963
place1594,VPWR,li1,146.2800,95.2000,1.799984
place1593,VPWR,li1,144.4400,193.1200,1.799885
place1592,VPWR,li1,66.7000,155.0400,1.799949
place1597,VPWR,li1,221.7200,100.6400,1.799980
place1598,VPWR,li1,220.5700,100.6400,1.799982
place1588,VPWR,li1,71.7600,111.5200,1.799944
place1786,VPWR,li1,46.9200,89.7600,1.799945
place1599,VPWR,li1,195.5000,95.2000,1.799987
place1609,VPWR,li1,92.4600,95.2000,1.799914
place1584,VPWR,li1,100.2800,78.8800,1.799937
place1585,VPWR,li1,255.3000,95.2000,1.799959
place1583,VPWR,li1,229.5400,84.3200,1.799968
place1582,VPWR,li1,61.1800,149.6000,1.799965
place1581,VPWR,li1,69.0000,176.8000,1.799956
place1580,VPWR,li1,71.3000,155.0400,1.799945
place1783,VPWR,li1,33.5800,100.6400,1.799932
place1559,VPWR,li1,86.4800,144.1600,1.799954
place1555,VPWR,li1,76.8200,171.3600,1.799941
place1546,VPWR,li1,46.0000,209.4400,1.799892
place1547,VPWR,li1,56.1200,209.4400,1.799870
place1544,VPWR,li1,76.3600,182.2400,1.799915
place1545,VPWR,li1,28.0600,204.0000,1.799909
place1536,VPWR,li1,142.6000,35.3600,1.799944
place1537,VPWR,li1,170.2000,78.8800,1.799953
place1778,VPWR,li1,196.4200,40.8000,1.799953
place1789,VPWR,li1,99.8200,78.8800,1.799937
place1409,VPWR,li1,248.4000,73.4400,1.799984
place1408,VPWR,li1,258.5200,84.3200,1.799960
place1407,VPWR,li1,240.5800,78.8800,1.799967
place1406,VPWR,li1,241.0400,78.8800,1.799967
place1389,VPWR,li1,284.2800,89.7600,1.799916
place1875,VPWR,li1,78.6600,51.6800,1.799915
place1876,VPWR,li1,15.1800,46.2400,1.799937
place1405,VPWR,li1,203.3200,84.3200,1.799962
place1404,VPWR,li1,217.1200,68.0000,1.799979
place1879,VPWR,li1,41.8600,62.5600,1.799942
place1403,VPWR,li1,189.5200,78.8800,1.799968
place1256,VPWR,li1,249.3200,252.9600,1.799920
place1402,VPWR,li1,157.3200,73.4400,1.799960
place1258,VPWR,li1,40.0200,258.4000,1.799929
place1337,VPWR,li1,243.5700,285.6000,1.799882
place1771,VPWR,li1,76.3600,116.9600,1.799937
place1773,VPWR,li1,196.8800,171.3600,1.799909
place1779,VPWR,li1,200.1000,46.2400,1.799925
place1259,VPWR,li1,84.1800,225.7600,1.799799
place1251,VPWR,li1,97.9800,209.4400,1.799786
place1343,VPWR,li1,46.9200,285.6000,1.799857
place1780,VPWR,li1,191.8200,51.6800,1.799953
place1622,VPWR,li1,113.6200,187.6800,1.799776
place1620,VPWR,li1,197.8000,242.0800,1.799897
place1621,VPWR,li1,116.8400,198.5600,1.799838
place1234,VPWR,li1,187.2200,209.4400,1.799911
place1232,VPWR,li1,85.5600,280.1600,1.799903
place1341,VPWR,li1,81.4200,198.5600,1.799735
place1623,VPWR,li1,100.2800,198.5600,1.799853
place1626,VPWR,li1,96.6000,144.1600,1.799965
place1627,VPWR,li1,50.3700,95.2000,1.799940
place1628,VPWR,li1,163.3000,95.2000,1.799986
place1227,VPWR,li1,88.3200,242.0800,1.799824
place1298,VPWR,li1,213.9000,73.4400,1.799984
place1229,VPWR,li1,194.1200,225.7600,1.799853
place1342,VPWR,li1,41.4000,242.0800,1.799929
place1630,VPWR,li1,186.7600,95.2000,1.799985
place2012,VPWR,li1,217.1200,165.9200,1.799959
place1388,VPWR,li1,89.7000,127.8400,1.799951
place1690,VPWR,li1,158.7000,19.0400,1.799964
place1688,VPWR,li1,90.1600,57.1200,1.799925
place1083,VPWR,li1,274.3900,176.8000,1.799959
place1424,VPWR,li1,149.0400,160.4800,1.799945
place1691,VPWR,li1,76.3600,24.4800,1.799949
place1692,VPWR,li1,68.0800,84.3200,1.799958
place1426,VPWR,li1,268.1800,149.6000,1.799951
place1447,VPWR,li1,135.7000,176.8000,1.799897
place1701,VPWR,li1,177.5600,182.2400,1.799886
place1687,VPWR,li1,49.6800,100.6400,1.799951
place1694,VPWR,li1,85.5600,73.4400,1.799909
place1696,VPWR,li1,92.9200,68.0000,1.799952
place1082,VPWR,li1,278.7600,204.0000,1.799946
place1391,VPWR,li1,262.6600,84.3200,1.799957
place1682,VPWR,li1,162.8400,127.8400,1.799959
place1658,VPWR,li1,85.5600,122.4000,1.799927
place1393,VPWR,li1,149.9600,198.5600,1.799847
place1683,VPWR,li1,248.4000,133.2800,1.799946
place1657,VPWR,li1,59.3400,106.0800,1.799952
place1395,VPWR,li1,84.6400,193.1200,1.799841
place1684,VPWR,li1,216.2000,127.8400,1.799940
place1667,VPWR,li1,216.2000,133.2800,1.799931
place1397,VPWR,li1,92.0000,193.1200,1.799837
place1825,VPWR,li1,85.1000,35.3600,1.799927
place1680,VPWR,li1,59.3400,122.4000,1.799942
place1668,VPWR,li1,126.9600,133.2800,1.799968
place1416,VPWR,li1,181.2400,116.9600,1.799955
place1401,VPWR,li1,146.7400,73.4400,1.799952
place1454,VPWR,li1,200.5600,155.0400,1.799980
place1419,VPWR,li1,102.5800,116.9600,1.799922
place1390,VPWR,li1,277.8400,78.8800,1.799987
place1392,VPWR,li1,177.5600,78.8800,1.799957
place1385,VPWR,li1,138.0000,133.2800,1.799967
place1384,VPWR,li1,116.8400,193.1200,1.799829
place1425,VPWR,li1,274.1600,198.5600,1.799926
place1383,VPWR,li1,279.2200,100.6400,1.799959
place1381,VPWR,li1,281.9800,122.4000,1.799983
place1380,VPWR,li1,277.3800,193.1200,1.799912
place1386,VPWR,li1,217.1200,138.7200,1.799975
place1379,VPWR,li1,277.3800,144.1600,1.799960
place1378,VPWR,li1,246.5600,78.8800,1.799972
place1377,VPWR,li1,210.6800,78.8800,1.799975
place1428,VPWR,li1,109.9400,160.4800,1.799972
place1376,VPWR,li1,205.6200,84.3200,1.799962
place1375,VPWR,li1,212.0600,73.4400,1.799982
place1374,VPWR,li1,200.1000,78.8800,1.799972
place1373,VPWR,li1,161.4600,73.4400,1.799960
place1372,VPWR,li1,140.3000,73.4400,1.799951
place1371,VPWR,li1,145.3600,78.8800,1.799960
place1370,VPWR,li1,117.3000,89.7600,1.799974
place1369,VPWR,li1,122.3600,84.3200,1.799926
place1429,VPWR,li1,79.1200,187.6800,1.799873
place1368,VPWR,li1,97.0600,106.0800,1.799967
place1366,VPWR,li1,87.8600,171.3600,1.799936
place1365,VPWR,li1,90.1600,193.1200,1.799833
place1364,VPWR,li1,97.9800,193.1200,1.799864
place1362,VPWR,li1,99.3600,187.6800,1.799841
place1361,VPWR,li1,107.6400,78.8800,1.799941
place1363,VPWR,li1,98.6700,204.0000,1.799833
place1360,VPWR,li1,285.2000,111.5200,1.799976
place1430,VPWR,li1,83.4900,165.9200,1.799962
place1478,VPWR,li1,277.3800,149.6000,1.799963
place1314,VPWR,li1,282.2100,89.7600,1.799916
place1540,VPWR,li1,234.6000,57.1200,1.799897
place1263,VPWR,li1,125.3500,176.8000,1.799907
place1350,VPWR,li1,215.2800,73.4400,1.799985
place1297,VPWR,li1,285.2000,165.9200,1.799910
place1320,VPWR,li1,148.5800,269.2800,1.799855
place1458,VPWR,li1,220.8000,165.9200,1.799962
place1715,VPWR,li1,94.3000,111.5200,1.799917
place1557,VPWR,li1,58.4200,138.7200,1.799961
place1784,VPWR,li1,77.7400,29.9200,1.799936
place1549,VPWR,li1,77.5100,138.7200,1.799965
place1828,VPWR,li1,90.6200,46.2400,1.799962
place1312,VPWR,li1,133.4000,24.4800,1.799942
place1348,VPWR,li1,243.8000,78.8800,1.799969
place1299,VPWR,li1,116.8400,78.8800,1.799953
place1300,VPWR,li1,87.4000,165.9200,1.799958
place1351,VPWR,li1,159.1600,73.4400,1.799965
place1321,VPWR,li1,187.6800,269.2800,1.799889
place1543,VPWR,li1,80.9600,133.2800,1.799909
place1526,VPWR,li1,264.9600,138.7200,1.799947
place1309,VPWR,li1,135.2400,220.3200,1.799932
place1358,VPWR,li1,102.1200,176.8000,1.799928
place1475,VPWR,li1,259.9000,62.5600,1.799883
place1339,VPWR,li1,131.1000,269.2800,1.799882
place1340,VPWR,li1,113.1600,231.2000,1.799825
place1481,VPWR,li1,20.7000,231.2000,1.799946
place1325,VPWR,li1,138.0000,269.2800,1.799850
place1541,VPWR,li1,281.5200,57.1200,1.799941
place1356,VPWR,li1,104.8800,187.6800,1.799809
place1265,VPWR,li1,37.2600,269.2800,1.799883
place1313,VPWR,li1,136.1600,29.9200,1.799929
place1315,VPWR,li1,30.3600,220.3200,1.799923
place1266,VPWR,li1,62.1000,274.7200,1.799909
place1253,VPWR,li1,280.1400,149.6000,1.799971
place1542,VPWR,li1,251.6200,78.8800,1.799980
place1302,VPWR,li1,171.5800,225.7600,1.799847
place1310,VPWR,li1,107.1800,198.5600,1.799819
place1316,VPWR,li1,69.0000,209.4400,1.799881
place1311,VPWR,li1,98.2100,133.2800,1.799939
place1349,VPWR,li1,266.3400,73.4400,1.799988
place1352,VPWR,li1,172.0400,73.4400,1.799954
place1353,VPWR,li1,116.8400,78.8800,1.799953
place1322,VPWR,li1,171.5800,269.2800,1.799838
place1318,VPWR,li1,56.1200,285.6000,1.799849
place1398,VPWR,li1,80.2700,144.1600,1.799953
place1459,VPWR,li1,254.8400,89.7600,1.799924
place1474,VPWR,li1,241.5000,57.1200,1.799893
place1228,VPWR,li1,184.9200,269.2800,1.799877
place1554,VPWR,li1,56.1200,187.6800,1.799923
place1485,VPWR,li1,89.4700,176.8000,1.799907
place1832,VPWR,li1,38.6400,155.0400,1.799975
place1785,VPWR,li1,63.9400,35.3600,1.799946
place1556,VPWR,li1,74.5200,155.0400,1.799938
place1487,VPWR,li1,76.3600,187.6800,1.799891
place1552,VPWR,li1,71.3000,182.2400,1.799944
place1497,VPWR,li1,114.0800,138.7200,1.799963
place1427,VPWR,li1,245.1800,89.7600,1.799954
place1326,VPWR,li1,138.0000,236.6400,1.799878
place1354,VPWR,li1,101.6600,78.8800,1.799938
place1528,VPWR,li1,273.7000,133.2800,1.799952
place1301,VPWR,li1,99.8200,231.2000,1.799874
place1303,VPWR,li1,99.8200,220.3200,1.799927
place1317,VPWR,li1,45.5400,280.1600,1.799876
place1387,VPWR,li1,185.3800,127.8400,1.799955
place1327,VPWR,li1,191.5900,204.0000,1.799882
place1255,VPWR,li1,90.6200,155.0400,1.799913
place1254,VPWR,li1,120.5200,78.8800,1.799957
place1562,VPWR,li1,94.7600,160.4800,1.799966
place1233,VPWR,li1,140.7600,285.6000,1.799942
place1304,VPWR,li1,86.9400,193.1200,1.799831
place1271,VPWR,li1,198.7200,242.0800,1.799888
place1319,VPWR,li1,70.8400,225.7600,1.799882
place1308,VPWR,li1,197.3400,263.8400,1.799911
place1323,VPWR,li1,244.7200,280.1600,1.799888
place1455,VPWR,li1,218.0400,84.3200,1.799973
place1538,VPWR,li1,243.3400,57.1200,1.799897
place1346,VPWR,li1,277.3800,176.8000,1.799964
place1307,VPWR,li1,94.7600,214.8800,1.799862
place1338,VPWR,li1,239.8900,274.7200,1.799800
place1344,VPWR,li1,88.3200,274.7200,1.799857
place1355,VPWR,li1,89.7000,171.3600,1.799938
place1357,VPWR,li1,86.0200,160.4800,1.799960
place1359,VPWR,li1,286.1200,149.6000,1.799968
place1923,VPWR,li1,68.5400,57.1200,1.799940
place1924,VPWR,li1,66.2400,57.1200,1.799934
place1787,VPWR,li1,52.9000,95.2000,1.799939
place1788,VPWR,li1,274.1600,144.1600,1.799950
place1553,VPWR,li1,20.2400,187.6800,1.799959
place1558,VPWR,li1,82.3400,149.6000,1.799956
place1482,VPWR,li1,40.4800,231.2000,1.799948
place1676,VPWR,li1,188.1400,111.5200,1.799963
place1675,VPWR,li1,250.2400,133.2800,1.799954
place1280,VPWR,li1,46.0000,198.5600,1.799865
place1281,VPWR,li1,23.4600,263.8400,1.799825
place1525,VPWR,li1,261.7400,127.8400,1.799962
place1673,VPWR,li1,56.1200,122.4000,1.799941
place1524,VPWR,li1,264.5000,127.8400,1.799964
place1674,VPWR,li1,63.7100,116.9600,1.799956
place1523,VPWR,li1,269.5600,127.8400,1.799968
place1282,VPWR,li1,44.6200,225.7600,1.799908
place1469,VPWR,li1,263.1200,122.4000,1.799975
place1468,VPWR,li1,267.7200,111.5200,1.799969
place1473,VPWR,li1,95.6800,62.5600,1.799920
place1467,VPWR,li1,284.7400,106.0800,1.799973
place1464,VPWR,li1,268.6400,144.1600,1.799948
place1284,VPWR,li1,148.5800,280.1600,1.799861
place1669,VPWR,li1,126.0400,122.4000,1.799962
place1670,VPWR,li1,67.1600,133.2800,1.799938
place1187,VPWR,li1,97.0600,214.8800,1.799883
place2069,VPWR,li1,262.2000,176.8000,1.799944
place2068,VPWR,li1,262.2000,46.2400,1.799904
place2067,VPWR,li1,243.3400,51.6800,1.799931
place2066,VPWR,li1,202.8600,57.1200,1.799921
place2065,VPWR,li1,184.0000,40.8000,1.799954
place1188,VPWR,li1,130.6400,209.4400,1.799944
place2064,VPWR,li1,132.9400,40.8000,1.799965
place1527,VPWR,li1,261.2800,133.2800,1.799939
place2063,VPWR,li1,149.9600,46.2400,1.799941
place1666,VPWR,li1,219.8800,144.1600,1.799976
place2062,VPWR,li1,139.8400,29.9200,1.799930
place1522,VPWR,li1,258.5200,160.4800,1.799887
place1671,VPWR,li1,53.5900,89.7600,1.799937
place1520,VPWR,li1,264.9600,176.8000,1.799946
place1189,VPWR,li1,122.8200,269.2800,1.799852
place1442,VPWR,li1,120.5200,122.4000,1.799957
place1441,VPWR,li1,132.9400,84.3200,1.799957
place1440,VPWR,li1,99.8200,84.3200,1.799958
place1439,VPWR,li1,93.8400,46.2400,1.799964
place1438,VPWR,li1,97.0600,182.2400,1.799882
place1190,VPWR,li1,212.0600,269.2800,1.799931
place2061,VPWR,li1,100.2800,19.0400,1.799967
place1665,VPWR,li1,184.0000,127.8400,1.799955
place2060,VPWR,li1,140.7600,35.3600,1.799945
place2059,VPWR,li1,184.9200,40.8000,1.799954
place1716,VPWR,li1,108.5600,100.6400,1.799968
place2058,VPWR,li1,196.8800,46.2400,1.799929
place2057,VPWR,li1,203.7800,46.2400,1.799921
place1237,VPWR,li1,169.7400,220.3200,1.799925
place2056,VPWR,li1,235.5200,51.6800,1.799927
place2055,VPWR,li1,212.0600,40.8000,1.799949
place2054,VPWR,li1,202.4000,29.9200,1.799943
place2053,VPWR,li1,214.8200,35.3600,1.799937
place2052,VPWR,li1,264.9600,40.8000,1.799953
place2051,VPWR,li1,270.9400,40.8000,1.799956
place2050,VPWR,li1,264.5000,29.9200,1.799967
place1235,VPWR,li1,117.7600,274.7200,1.799833
place2049,VPWR,li1,261.2800,35.3600,1.799955
place1519,VPWR,li1,264.0400,182.2400,1.799883
place2048,VPWR,li1,258.5200,111.5200,1.799971
place1717,VPWR,li1,139.8400,95.2000,1.799982
place2047,VPWR,li1,261.2800,106.0800,1.799958
place1518,VPWR,li1,194.5800,78.8800,1.799973
place1718,VPWR,li1,226.3200,106.0800,1.799941
place1517,VPWR,li1,178.0200,116.9600,1.799953
place1236,VPWR,li1,148.5800,263.8400,1.799933
place1283,VPWR,li1,94.7600,274.7200,1.799859
place1285,VPWR,li1,111.7800,236.6400,1.799829
place1295,VPWR,li1,83.7200,231.2000,1.799809
place1293,VPWR,li1,183.0800,225.7600,1.799842
place1267,VPWR,li1,124.2000,263.8400,1.799944
place1270,VPWR,li1,235.9800,258.4000,1.799795
place1662,VPWR,li1,187.2200,95.2000,1.799985
place1663,VPWR,li1,179.8600,89.7600,1.799981
place1238,VPWR,li1,133.4000,193.1200,1.799898
place1240,VPWR,li1,212.9800,19.0400,1.799955
place1516,VPWR,li1,218.9600,165.9200,1.799964
place1661,VPWR,li1,181.2400,106.0800,1.799952
place1515,VPWR,li1,241.5000,89.7600,1.799954
place1652,VPWR,li1,218.5000,138.7200,1.799977
place1521,VPWR,li1,267.2600,176.8000,1.799948
place1246,VPWR,li1,187.2200,285.6000,1.799935
place1268,VPWR,li1,187.2200,252.9600,1.799856
place1170,VPWR,li1,230.0000,274.7200,1.799836
place1171,VPWR,li1,184.0000,263.8400,1.799929
place1168,VPWR,li1,123.7400,231.2000,1.799836
place1169,VPWR,li1,122.8200,285.6000,1.799912
place1269,VPWR,li1,234.6000,269.2800,1.799922
place1651,VPWR,li1,187.6800,138.7200,1.799973
place1649,VPWR,li1,121.4400,171.3600,1.799923
place1185,VPWR,li1,120.5200,263.8400,1.799941
place1226,VPWR,li1,169.2800,269.2800,1.799842
place1514,VPWR,li1,238.7400,84.3200,1.799965
place1647,VPWR,li1,184.0000,171.3600,1.799921
place1513,VPWR,li1,226.7800,84.3200,1.799969
place1646,VPWR,li1,117.7600,187.6800,1.799766
place1511,VPWR,li1,203.3200,165.9200,1.799948
place1260,VPWR,li1,109.9400,285.6000,1.799913
place1463,VPWR,li1,270.4800,144.1600,1.799948
place1462,VPWR,li1,249.3200,144.1600,1.799966
place1461,VPWR,li1,171.1200,165.9200,1.799936
place1465,VPWR,li1,275.5400,133.2800,1.799958
place1460,VPWR,li1,278.7600,193.1200,1.799924
place1261,VPWR,li1,109.9400,225.7600,1.799867
place1648,VPWR,li1,281.5200,68.0000,1.799980
place1642,VPWR,li1,215.7400,160.4800,1.799936
place1239,VPWR,li1,84.1800,24.4800,1.799942
place1244,VPWR,li1,69.0000,263.8400,1.799892
place1510,VPWR,li1,212.0600,89.7600,1.799974
place1641,VPWR,li1,187.2200,144.1600,1.799978
place1509,VPWR,li1,212.5200,171.3600,1.799923
place1640,VPWR,li1,141.2200,100.6400,1.799973
place1508,VPWR,li1,196.4200,100.6400,1.799967
place1247,VPWR,li1,140.7600,187.6800,1.799514
place1184,VPWR,li1,103.9600,258.4000,1.799923
place1173,VPWR,li1,70.3800,252.9600,1.799932
place1174,VPWR,li1,136.1600,263.8400,1.799945
place1175,VPWR,li1,156.4000,225.7600,1.799887
place1172,VPWR,li1,203.7800,247.5200,1.799815
place1248,VPWR,li1,123.5100,187.6800,1.799760
place1637,VPWR,li1,94.7600,95.2000,1.799924
place1636,VPWR,li1,167.9000,95.2000,1.799985
place1192,VPWR,li1,133.4000,214.8800,1.799922
place2018,VPWR,li1,128.8000,144.1600,1.799978
place2005,VPWR,li1,42.3200,46.2400,1.799958
place2024,VPWR,li1,23.4600,171.3600,1.799966
place1997,VPWR,li1,16.5600,40.8000,1.799952
place1998,VPWR,li1,16.3300,57.1200,1.799928
place2025,VPWR,li1,25.3000,171.3600,1.799965
place1193,VPWR,li1,193.6600,214.8800,1.799929
place1995,VPWR,li1,40.0200,35.3600,1.799951
place1507,VPWR,li1,195.5000,89.7600,1.799982
place1996,VPWR,li1,20.2400,29.9200,1.799920
place1645,VPWR,li1,37.7200,149.6000,1.799968
place1994,VPWR,li1,70.8400,35.3600,1.799954
place1506,VPWR,li1,206.5400,84.3200,1.799962
place1635,VPWR,li1,207.6900,111.5200,1.799955
place1505,VPWR,li1,160.0800,155.0400,1.799969
place1191,VPWR,li1,65.3200,225.7600,1.799877
place1436,VPWR,li1,73.1400,155.0400,1.799938
place1435,VPWR,li1,78.6600,160.4800,1.799960
place1434,VPWR,li1,76.1300,144.1600,1.799956
place1433,VPWR,li1,75.9000,176.8000,1.799929
place1432,VPWR,li1,81.4200,171.3600,1.799936
place1194,VPWR,li1,206.5400,214.8800,1.799916
place1990,VPWR,li1,75.4400,35.3600,1.799934
place1109,VPWR,li1,225.8600,291.0400,1.799889
place1945,VPWR,li1,221.7200,160.4800,1.799959
place1142,VPWR,li1,120.5200,285.6000,1.799904
place1979,VPWR,li1,12.4200,29.9200,1.799945
place1111,VPWR,li1,206.0800,269.2800,1.799917
place1980,VPWR,li1,15.6400,46.2400,1.799932
place1113,VPWR,li1,172.9600,247.5200,1.799875
place1631,VPWR,li1,164.2200,95.2000,1.799986
place1144,VPWR,li1,96.6000,274.7200,1.799867
place1931,VPWR,li1,191.3600,78.8800,1.799974
place1115,VPWR,li1,197.8000,209.4400,1.799916
place1935,VPWR,li1,135.7000,51.6800,1.799958
place1196,VPWR,li1,141.6800,236.6400,1.799880
place1117,VPWR,li1,188.1400,193.1200,1.799952
place1929,VPWR,li1,72.6800,40.8000,1.799964
place1119,VPWR,li1,249.3200,236.6400,1.799933
place1933,VPWR,li1,172.0400,68.0000,1.799969
place1121,VPWR,li1,275.0800,236.6400,1.799921
place1934,VPWR,li1,186.3000,62.5600,1.799943
place1123,VPWR,li1,248.8600,263.8400,1.799961
place1928,VPWR,li1,62.5600,46.2400,1.799957
place1125,VPWR,li1,265.4200,193.1200,1.799902
place1936,VPWR,li1,28.9800,144.1600,1.799952
place1127,VPWR,li1,235.9800,252.9600,1.799895
place1100,VPWR,li1,281.0600,84.3200,1.799965
place1926,VPWR,li1,20.2400,78.8800,1.799953
place1129,VPWR,li1,99.8200,236.6400,1.799881
place1937,VPWR,li1,51.9800,171.3600,1.799949
place1197,VPWR,li1,210.2200,236.6400,1.799941
place1131,VPWR,li1,33.1200,274.7200,1.799904
place1920,VPWR,li1,11.0400,51.6800,1.799958
place1133,VPWR,li1,26.6800,236.6400,1.799939
place1504,VPWR,li1,184.9200,122.4000,1.799950
place1156,VPWR,li1,76.8200,252.9600,1.799903
place1915,VPWR,li1,14.2600,35.3600,1.799948
place1135,VPWR,li1,275.3100,127.8400,1.799975
place1614,VPWR,li1,172.0400,51.6800,1.799935
place1146,VPWR,li1,275.0800,78.8800,1.799986
place1917,VPWR,li1,8.7400,40.8000,1.799965
place174,VPWR,li1,126.9600,13.6000,1.799956
place1503,VPWR,li1,154.1000,84.3200,1.799968
place1158,VPWR,li1,229.0800,68.0000,1.799977
place1613,VPWR,li1,246.1000,62.5600,1.799937
place1446,VPWR,li1,133.4000,73.4400,1.799955
place1502,VPWR,li1,145.8200,100.6400,1.799971
place1195,VPWR,li1,97.5200,269.2800,1.799899
place1287,VPWR,li1,222.1800,291.0400,1.799890
place1431,VPWR,li1,83.2600,171.3600,1.799934
place1565,VPWR,li1,159.1600,84.3200,1.799975
place1421,VPWR,li1,161.4600,155.0400,1.799969
place1486,VPWR,li1,76.8200,160.4800,1.799961
place1420,VPWR,li1,34.0400,122.4000,1.799955
place1550,VPWR,li1,71.3000,149.6000,1.799972
place1422,VPWR,li1,215.2800,165.9200,1.799955
place1560,VPWR,li1,71.3000,225.7600,1.799882
place1423,VPWR,li1,120.0600,155.0400,1.799906
place1198,VPWR,li1,147.2000,225.7600,1.799872
place1479,VPWR,li1,97.9800,122.4000,1.799943
place1911,VPWR,li1,81.4200,29.9200,1.799926
place1611,VPWR,li1,80.9600,51.6800,1.799914
place1921,VPWR,li1,23.9200,78.8800,1.799948
place1909,VPWR,li1,136.6200,24.4800,1.799934
place1612,VPWR,li1,115.9200,51.6800,1.799951
place1910,VPWR,li1,109.9400,24.4800,1.799937
place1922,VPWR,li1,94.7600,68.0000,1.799958
place1181,VPWR,li1,129.7200,285.6000,1.799937
place1904,VPWR,li1,38.6400,51.6800,1.799950
place1903,VPWR,li1,37.7200,35.3600,1.799944
place1901,VPWR,li1,21.3900,51.6800,1.799927
place1902,VPWR,li1,21.6200,46.2400,1.799921
place1899,VPWR,li1,44.8500,62.5600,1.799925
place1898,VPWR,li1,46.9200,57.1200,1.799932
place1897,VPWR,li1,35.8800,68.0000,1.799949
place1176,VPWR,li1,166.5200,187.6800,1.799759
place1896,VPWR,li1,33.1200,62.5600,1.799929
place1501,VPWR,li1,169.0500,73.4400,1.799953
place1895,VPWR,li1,43.2400,51.6800,1.799949
place1586,VPWR,li1,201.4800,84.3200,1.799962
place1907,VPWR,li1,62.1000,78.8800,1.799940
place1500,VPWR,li1,135.7000,73.4400,1.799954
place1579,VPWR,li1,71.3000,116.9600,1.799959
place1499,VPWR,li1,140.7600,171.3600,1.799913
place1182,VPWR,li1,51.0600,242.0800,1.799914
place1466,VPWR,li1,234.6000,155.0400,1.799980
place1457,VPWR,li1,252.0800,84.3200,1.799968
place1456,VPWR,li1,255.3000,78.8800,1.799981
place1453,VPWR,li1,212.9800,84.3200,1.799967
place1451,VPWR,li1,215.2800,68.0000,1.799977
place1186,VPWR,li1,225.8600,247.5200,1.799819
place1905,VPWR,li1,62.1000,35.3600,1.799944
place1578,VPWR,li1,63.7100,122.4000,1.799947
place1906,VPWR,li1,39.5600,89.7600,1.799956
place1908,VPWR,li1,40.0200,46.2400,1.799952
place1577,VPWR,li1,79.8100,116.9600,1.799925
place1900,VPWR,li1,46.9200,29.9200,1.799940
place1891,VPWR,li1,23.0000,46.2400,1.799921
place1200,VPWR,li1,138.0000,231.2000,1.799853
place1890,VPWR,li1,24.8400,29.9200,1.799919
place1889,VPWR,li1,34.5000,73.4400,1.799937
place1888,VPWR,li1,46.4600,40.8000,1.799936
place1887,VPWR,li1,60.7200,40.8000,1.799939
place1885,VPWR,li1,23.9200,78.8800,1.799948
place1892,VPWR,li1,24.3800,24.4800,1.799933
place1882,VPWR,li1,48.9900,62.5600,1.799916
place1201,VPWR,li1,145.8200,242.0800,1.799875
place1893,VPWR,li1,18.4000,29.9200,1.799926
place1498,VPWR,li1,143.5200,84.3200,1.799959
place1878,VPWR,li1,73.1400,46.2400,1.799969
place1576,VPWR,li1,75.6700,116.9600,1.799937
place1874,VPWR,li1,34.9600,84.3200,1.799956
place1496,VPWR,li1,113.6200,95.2000,1.799957
place1575,VPWR,li1,255.7600,127.8400,1.799963
place1495,VPWR,li1,110.4000,40.8000,1.799967
place1199,VPWR,li1,46.9200,274.7200,1.799922
place1415,VPWR,li1,43.2400,122.4000,1.799955
place1414,VPWR,li1,126.5000,176.8000,1.799906
place1413,VPWR,li1,281.9800,116.9600,1.799970
place1412,VPWR,li1,277.3800,138.7200,1.799957
place1411,VPWR,li1,270.9400,144.1600,1.799948
place1202,VPWR,li1,141.6800,236.6400,1.799880
place1872,VPWR,li1,238.7400,40.8000,1.799945
place1574,VPWR,li1,252.0800,122.4000,1.799979
place1867,VPWR,li1,50.8300,73.4400,1.799926
place1868,VPWR,li1,54.2800,62.5600,1.799916
place1573,VPWR,li1,187.6800,171.3600,1.799926
place1861,VPWR,li1,64.6300,68.0000,1.799941
place1860,VPWR,li1,76.3600,78.8800,1.799925
place1204,VPWR,li1,215.7400,236.6400,1.799948
place1857,VPWR,li1,286.1200,165.9200,1.799910
place1855,VPWR,li1,76.8200,68.0000,1.799954
place1856,VPWR,li1,74.0600,62.5600,1.799951
place1852,VPWR,li1,45.5400,73.4400,1.799939
place1925,VPWR,li1,51.9800,51.6800,1.799934
place1873,VPWR,li1,23.4600,46.2400,1.799921
place1865,VPWR,li1,59.3400,73.4400,1.799922
place1205,VPWR,li1,64.8600,280.1600,1.799902
place1938,VPWR,li1,23.0000,144.1600,1.799947
place1494,VPWR,li1,123.2800,95.2000,1.799968
place1846,VPWR,li1,39.5600,89.7600,1.799956
place1570,VPWR,li1,175.2600,138.7200,1.799968
place1859,VPWR,li1,60.2600,62.5600,1.799925
place1493,VPWR,li1,130.6400,144.1600,1.799980
place1569,VPWR,li1,211.6000,149.6000,1.799972
place1203,VPWR,li1,235.9800,231.2000,1.799889
place1410,VPWR,li1,285.6600,171.3600,1.799964
place1563,VPWR,li1,97.0600,116.9600,1.799923
place1539,VPWR,li1,254.8400,51.6800,1.799925
place1347,VPWR,li1,283.8200,144.1600,1.799961
place1345,VPWR,li1,81.8800,220.3200,1.799912
place1206,VPWR,li1,122.3600,263.8400,1.799942
place1845,VPWR,li1,188.1400,100.6400,1.799964
place1568,VPWR,li1,212.9800,133.2800,1.799926
place1843,VPWR,li1,63.0200,51.6800,1.799932
place1836,VPWR,li1,187.2200,165.9200,1.799931
place1567,VPWR,li1,184.9200,138.7200,1.799970
place1835,VPWR,li1,132.9400,160.4800,1.799962
place1829,VPWR,li1,188.6000,100.6400,1.799964
place1177,VPWR,li1,148.8100,171.3600,1.799906
place1824,VPWR,li1,124.6600,35.3600,1.799956
place1818,VPWR,li1,220.8000,89.7600,1.799971
place1821,VPWR,li1,78.6600,57.1200,1.799927
place1820,VPWR,li1,172.0400,51.6800,1.799935
place1822,VPWR,li1,78.6600,51.6800,1.799915
place1837,VPWR,li1,223.5600,160.4800,1.799956
place1816,VPWR,li1,87.8600,111.5200,1.799888
place216,VPWR,li1,28.0600,13.6000,1.799918
place1812,VPWR,li1,41.4000,89.7600,1.799952
place1491,VPWR,li1,104.4200,144.1600,1.799970
place1809,VPWR,li1,37.7200,100.6400,1.799942
place1572,VPWR,li1,193.2000,78.8800,1.799974
place1838,VPWR,li1,188.1400,155.0400,1.799978
place1490,VPWR,li1,87.4000,149.6000,1.799955
place1571,VPWR,li1,220.8000,78.8800,1.799983
place1489,VPWR,li1,85.5600,155.0400,1.799910
place1180,VPWR,li1,224.0200,236.6400,1.799943
place1452,VPWR,li1,210.6800,68.0000,1.799973
place1449,VPWR,li1,133.4000,187.6800,1.799705
place1448,VPWR,li1,170.2000,73.4400,1.799953
place1140,VPWR,li1,188.6000,280.1600,1.799935
place1141,VPWR,li1,196.4200,247.5200,1.799848
place1183,VPWR,li1,123.2800,280.1600,1.799908
place1305,VPWR,li1,86.4800,198.5600,1.799740
place1396,VPWR,li1,149.5000,204.0000,1.799915
place1399,VPWR,li1,101.6600,100.6400,1.799973
place1709,VPWR,li1,188.1400,19.0400,1.799962
place1799,VPWR,li1,115.0000,155.0400,1.799900
place1564,VPWR,li1,110.4000,149.6000,1.799975
place1801,VPWR,li1,149.5000,182.2400,1.799706
place1802,VPWR,li1,151.3400,160.4800,1.799949
place1534,VPWR,li1,103.0400,62.5600,1.799922
place1841,VPWR,li1,41.8600,133.2800,1.799957
place1842,VPWR,li1,148.5800,127.8400,1.799953
place1207,VPWR,li1,259.4400,242.0800,1.799831
place1808,VPWR,li1,150.4200,127.8400,1.799954
place1807,VPWR,li1,76.8200,155.0400,1.799928
place1839,VPWR,li1,184.9200,160.4800,1.799935
place1840,VPWR,li1,167.4400,155.0400,1.799960
place1806,VPWR,li1,150.8800,160.4800,1.799949
place1939,VPWR,li1,200.1000,116.9600,1.799944
place1776,VPWR,li1,89.7000,122.4000,1.799924
place1208,VPWR,li1,207.9200,263.8400,1.799912
place1775,VPWR,li1,142.1400,176.8000,1.799882
place1483,VPWR,li1,109.9400,187.6800,1.799788
place1774,VPWR,li1,154.1000,176.8000,1.799903
place1533,VPWR,li1,74.5200,116.9600,1.799949
place1804,VPWR,li1,201.9400,160.4800,1.799911
place1477,VPWR,li1,112.2400,225.7600,1.799873
place1532,VPWR,li1,93.6100,176.8000,1.799914
place1484,VPWR,li1,94.7600,171.3600,1.799944
place1209,VPWR,li1,85.1000,214.8800,1.799858
place1336,VPWR,li1,162.6100,263.8400,1.799933
place1333,VPWR,li1,161.9200,231.2000,1.799871
place1334,VPWR,li1,142.6000,280.1600,1.799861
place1335,VPWR,li1,184.0000,252.9600,1.799842
place1332,VPWR,li1,226.3200,242.0800,1.799838
place1210,VPWR,li1,105.3400,263.8400,1.799939
place1770,VPWR,li1,86.0200,111.5200,1.799890
place1531,VPWR,li1,101.2000,182.2400,1.799861
place1805,VPWR,li1,152.7200,160.4800,1.799953
place1753,VPWR,li1,123.7400,46.2400,1.799959
place1529,VPWR,li1,238.7400,182.2400,1.799928
place1758,VPWR,li1,129.7200,122.4000,1.799971
place1757,VPWR,li1,123.2800,138.7200,1.799967
place1212,VPWR,li1,196.8800,274.7200,1.799903
place1748,VPWR,li1,208.3800,155.0400,1.799980
place1764,VPWR,li1,196.6500,122.4000,1.799959
place1763,VPWR,li1,213.4400,127.8400,1.799932
place1761,VPWR,li1,188.3700,127.8400,1.799961
place1762,VPWR,li1,229.0800,111.5200,1.799967
place1085,VPWR,li1,282.4400,187.6800,1.799973
place1765,VPWR,li1,127.1900,95.2000,1.799976
place1742,VPWR,li1,115.4600,155.0400,1.799900
place1211,VPWR,li1,195.9600,280.1600,1.799916
place1743,VPWR,li1,116.8400,144.1600,1.799971
place1512,VPWR,li1,230.9200,78.8800,1.799972
place1766,VPWR,li1,120.9800,95.2000,1.799965
place1530,VPWR,li1,281.9800,106.0800,1.799974
place1941,VPWR,li1,167.9000,116.9600,1.799955
place1476,VPWR,li1,120.9800,225.7600,1.799902
place1535,VPWR,li1,155.4800,62.5600,1.799935
place1471,VPWR,li1,113.1600,187.6800,1.799781
place1213,VPWR,li1,108.5600,274.7200,1.799848
place1331,VPWR,li1,239.8900,198.5600,1.799865
place1328,VPWR,li1,250.9300,220.3200,1.799896
place1324,VPWR,li1,181.2400,269.2800,1.799854
place1296,VPWR,li1,285.2000,198.5600,1.799951
place1329,VPWR,li1,240.5800,204.0000,1.799881
place1225,VPWR,li1,94.7600,225.7600,1.799829
place1734,VPWR,li1,249.7800,84.3200,1.799972
place1104,VPWR,li1,144.2100,187.6800,1.799462
place1732,VPWR,li1,268.1800,155.0400,1.799961
place1733,VPWR,li1,274.1600,165.9200,1.799874
place1106,VPWR,li1,171.1200,198.5600,1.799920
place1735,VPWR,li1,221.7200,84.3200,1.799973
place1736,VPWR,li1,189.5200,78.8800,1.799968
place1215,VPWR,li1,169.7400,13.6000,1.799924
place1731,VPWR,li1,168.3600,73.4400,1.799954
place1737,VPWR,li1,110.4000,73.4400,1.799925
place1729,VPWR,li1,116.3800,73.4400,1.799924
place1730,VPWR,li1,119.1400,73.4400,1.799927
place1713,VPWR,li1,86.0200,78.8800,1.799915
place1084,VPWR,li1,285.2000,182.2400,1.799937
place1712,VPWR,li1,30.3600,13.6000,1.799923
place1708,VPWR,li1,79.1200,100.6400,1.799964
place1216,VPWR,li1,200.1000,19.0400,1.799949
place1707,VPWR,li1,72.6800,100.6400,1.799970
place1472,VPWR,li1,105.3400,182.2400,1.799832
place1711,VPWR,li1,180.3200,19.0400,1.799953
place1103,VPWR,li1,269.5600,68.0000,1.799966
place1704,VPWR,li1,88.3200,84.3200,1.799939
place1108,VPWR,li1,171.5800,274.7200,1.799856
place1102,VPWR,li1,264.5000,62.5600,1.799875
place1107,VPWR,li1,182.1600,231.2000,1.799848
place1217,VPWR,li1,256.2200,13.6000,1.799958
place1290,VPWR,li1,262.2000,204.0000,1.799888
place1288,VPWR,li1,208.3800,285.6000,1.799884
place1289,VPWR,li1,238.2800,258.4000,1.799794
place1154,VPWR,li1,111.7800,291.0400,1.799969
place1155,VPWR,li1,97.5200,258.4000,1.799917
place1218,VPWR,li1,207.4600,19.0400,1.799947
place1257,VPWR,li1,159.1600,247.5200,1.799896
place1702,VPWR,li1,146.2800,193.1200,1.799889
place1110,VPWR,li1,219.4200,274.7200,1.799900
place1096,VPWR,li1,282.9000,127.8400,1.799978
place1143,VPWR,li1,110.4000,269.2800,1.799880
place1703,VPWR,li1,90.6200,89.7600,1.799943
place1112,VPWR,li1,210.2200,252.9600,1.799879
place1689,VPWR,li1,205.1600,24.4800,1.799938
place1114,VPWR,li1,171.5800,263.8400,1.799922
place1274,VPWR,li1,241.0400,220.3200,1.799856
place1145,VPWR,li1,97.0600,280.1600,1.799907
place1714,VPWR,li1,67.1600,78.8800,1.799943
place1116,VPWR,li1,210.2200,198.5600,1.799903
place1685,VPWR,li1,161.0000,133.2800,1.799975
place1224,VPWR,li1,123.2800,193.1200,1.799844
place1118,VPWR,li1,206.5400,193.1200,1.799931
place1178,VPWR,li1,117.3000,62.5600,1.799927
place1706,VPWR,li1,156.4000,100.6400,1.799977
place122,VPWR,li1,281.9800,57.1200,1.799941
place1120,VPWR,li1,255.3000,252.9600,1.799902
place1093,VPWR,li1,211.6000,106.0800,1.799886
place1122,VPWR,li1,275.0800,220.3200,1.799877
place120,VPWR,li1,285.2000,84.3200,1.799961
place1124,VPWR,li1,248.8600,247.5200,1.799882
place119,VPWR,li1,285.2000,116.9600,1.799969
place1126,VPWR,li1,285.2000,209.4400,1.799949
place1092,VPWR,li1,261.7400,62.5600,1.799879
place1128,VPWR,li1,236.4400,225.7600,1.799932
place1086,VPWR,li1,278.5300,176.8000,1.799970
place1101,VPWR,li1,282.9000,84.3200,1.799962
place1091,VPWR,li1,284.7400,133.2800,1.799973
place1130,VPWR,li1,112.7000,242.0800,1.799850
place1781,VPWR,li1,60.7200,51.6800,1.799930
place1089,VPWR,li1,284.2800,138.7200,1.799960
place1230,VPWR,li1,135.2400,231.2000,1.799863
place1132,VPWR,li1,47.3800,236.6400,1.799914
place1088,VPWR,li1,286.1200,138.7200,1.799959
place1470,VPWR,li1,77.7400,133.2800,1.799919
place1134,VPWR,li1,28.9800,252.9600,1.799821
place1157,VPWR,li1,89.2400,220.3200,1.799909
place1782,VPWR,li1,52.4400,62.5600,1.799914
place1090,VPWR,li1,285.6600,133.2800,1.799973
place1273,VPWR,li1,242.8800,220.3200,1.799860
place1099,VPWR,li1,284.7400,68.0000,1.799978
place1147,VPWR,li1,264.5000,78.8800,1.799984
place1087,VPWR,li1,278.3000,144.1600,1.799960
place1138,VPWR,li1,161.0000,258.4000,1.799928
place1179,VPWR,li1,97.9800,57.1200,1.799944
place1596,VPWR,li1,66.7000,100.6400,1.799965
place1137,VPWR,li1,124.2000,62.5600,1.799934
place1163,VPWR,li1,94.7600,220.3200,1.799913
place1710,VPWR,li1,245.1800,19.0400,1.799967
place1098,VPWR,li1,278.3000,89.7600,1.799906
place1450,VPWR,li1,172.5000,78.8800,1.799954
place1777,VPWR,li1,90.6200,111.5200,1.799898
place1252,VPWR,li1,128.8000,198.5600,1.799881
place1811,VPWR,li1,42.3200,100.6400,1.799951
place1844,VPWR,li1,36.3400,95.2000,1.799952
place1139,VPWR,li1,148.5800,242.0800,1.799884
place1219,VPWR,li1,140.3000,78.8800,1.799965
place1286,VPWR,li1,97.9800,269.2800,1.799902
place1241,VPWR,li1,236.4400,73.4400,1.799985
place1813,VPWR,li1,71.7600,57.1200,1.799946
place1851,VPWR,li1,109.9400,35.3600,1.799952
place1291,VPWR,li1,208.3800,247.5200,1.799798
place1566,VPWR,li1,168.8200,84.3200,1.799975
place1166,VPWR,li1,146.2800,252.9600,1.799801
place1488,VPWR,li1,75.9000,182.2400,1.799923
place1165,VPWR,li1,149.9600,220.3200,1.799934
place1551,VPWR,li1,67.1600,176.8000,1.799951
place1162,VPWR,li1,197.3400,231.2000,1.799896
place1561,VPWR,li1,86.4800,204.0000,1.799814
place1160,VPWR,li1,150.4200,57.1200,1.799917
place1231,VPWR,li1,132.9400,225.7600,1.799915
place1418,VPWR,li1,187.2200,116.9600,1.799959
place1400,VPWR,li1,115.9200,100.6400,1.799967
place1721,VPWR,li1,51.0600,84.3200,1.799950
place1480,VPWR,li1,55.6600,160.4800,1.799966
place1444,VPWR,li1,117.7600,84.3200,1.799911
place1151,VPWR,li1,155.9400,62.5600,1.799935
place1245,VPWR,li1,184.4600,274.7200,1.799871
place1150,VPWR,li1,184.0000,24.4800,1.799952
place171,VPWR,li1,285.6600,29.9200,1.799980
place1153,VPWR,li1,59.8000,285.6000,1.799860
place1159,VPWR,li1,177.1000,73.4400,1.799955
place1164,VPWR,li1,107.6400,269.2800,1.799888
place1214,VPWR,li1,108.1000,269.2800,1.799888
place1149,VPWR,li1,250.7000,62.5600,1.799941
place1097,VPWR,li1,278.3000,100.6400,1.799949
place1272,VPWR,li1,205.3900,225.7600,1.799843
place1724,VPWR,li1,59.3400,84.3200,1.799950
place1136,VPWR,li1,275.0800,78.8800,1.799986
place1827,VPWR,li1,52.9000,106.0800,1.799956
place1148,VPWR,li1,260.3600,73.4400,1.799986
place1830,VPWR,li1,72.6800,73.4400,1.799936
place1833,VPWR,li1,117.3000,155.0400,1.799902
place1881,VPWR,li1,46.4600,68.0000,1.799941
place1693,VPWR,li1,179.4000,84.3200,1.799974
place1916,VPWR,li1,10.1200,40.8000,1.799965
place1914,VPWR,li1,10.5800,29.9200,1.799955
place1797,VPWR,li1,58.4200,62.5600,1.799921
place1695,VPWR,li1,97.0600,73.4400,1.799916
place1220,VPWR,li1,139.3800,84.3200,1.799957
place1221,VPWR,li1,111.3200,68.0000,1.799961
place1880,VPWR,li1,48.3000,68.0000,1.799937
place1798,VPWR,li1,32.6600,51.6800,1.799937
place1242,VPWR,li1,102.1200,84.3200,1.799951
place1222,VPWR,li1,103.5000,155.0400,1.799905
place1223,VPWR,li1,162.3800,171.3600,1.799932
place1884,VPWR,li1,62.5600,51.6800,1.799932
place2015,VPWR,li1,167.9000,165.9200,1.799941
place1697,VPWR,li1,59.1100,95.2000,1.799937
place1699,VPWR,li1,136.1600,220.3200,1.799932
place1243,VPWR,li1,131.1000,214.8800,1.799928
place1722,VPWR,li1,50.6000,89.7600,1.799939
place1727,VPWR,li1,84.6400,68.0000,1.799950
place1725,VPWR,li1,67.8500,89.7600,1.799950
place1726,VPWR,li1,84.6400,106.0800,1.799948
place1834,VPWR,li1,114.0800,182.2400,1.799757
place1746,VPWR,li1,63.4800,149.6000,1.799966
place1632,VPWR,li1,169.2800,106.0800,1.799965
place1617,VPWR,li1,50.6000,111.5200,1.799946
place1759,VPWR,li1,176.6400,149.6000,1.799973
place1105,VPWR,li1,167.9000,193.1200,1.799939
place1659,VPWR,li1,125.1200,116.9600,1.799961
place1618,VPWR,li1,224.4800,133.2800,1.799928
place1161,VPWR,li1,248.8600,231.2000,1.799903
place1656,VPWR,li1,84.6400,89.7600,1.799931
place1633,VPWR,li1,216.6600,95.2000,1.799989
place1634,VPWR,li1,253.2300,111.5200,1.799974
place1943,VPWR,li1,58.8800,100.6400,1.799956
place1167,VPWR,li1,146.2800,247.5200,1.799896
place1589,VPWR,li1,72.2200,149.6000,1.799969
place1869,VPWR,li1,52.9000,57.1200,1.799923
place1871,VPWR,li1,222.1800,46.2400,1.799921
place1862,VPWR,li1,264.5000,100.6400,1.799928
place1796,VPWR,li1,61.6400,68.0000,1.799937
place1800,VPWR,li1,120.5200,160.4800,1.799966
place1306,VPWR,li1,69.0000,291.0400,1.799945
place1249,VPWR,li1,95.2200,209.4400,1.799751
place1250,VPWR,li1,207.9200,258.4000,1.799808
place1292,VPWR,li1,174.3400,231.2000,1.799816
place1294,VPWR,li1,127.4200,231.2000,1.799843
place1698,VPWR,li1,56.1200,95.2000,1.799937
place1264,VPWR,li1,69.0000,274.7200,1.799921
place1417,VPWR,li1,242.4200,127.8400,1.799958
place1367,VPWR,li1,92.9200,95.2000,1.799917
place1548,VPWR,li1,69.0000,138.7200,1.799970
place1629,VPWR,li1,204.7000,111.5200,1.799954
place1826,VPWR,li1,65.7800,35.3600,1.799948
place1262,VPWR,li1,113.6200,204.0000,1.799790
place1927,VPWR,li1,86.0200,35.3600,1.799927
place1912,VPWR,li1,51.5200,46.2400,1.799952
place1445,VPWR,li1,138.0000,84.3200,1.799957
place1754,VPWR,li1,53.8200,149.6000,1.799964
place1744,VPWR,li1,46.0000,149.6000,1.799966
place1847,VPWR,li1,56.1200,40.8000,1.799935
place1814,VPWR,li1,70.3800,51.6800,1.799947
place1700,VPWR,li1,147.2000,214.8800,1.799892
place1795,VPWR,li1,73.1400,89.7600,1.799951
place1728,VPWR,li1,104.4200,89.7600,1.799968
place1681,VPWR,li1,61.4100,106.0800,1.799952
place1686,VPWR,li1,81.8800,106.0800,1.799947
place1664,VPWR,li1,63.4800,133.2800,1.799935
place1650,VPWR,li1,135.7000,127.8400,1.799954
place1653,VPWR,li1,120.5200,127.8400,1.799931
place1677,VPWR,li1,174.3400,116.9600,1.799950
place1739,VPWR,li1,87.8600,127.8400,1.799949
place1604,VPWR,li1,276.4600,106.0800,1.799959
place1719,VPWR,li1,148.1200,100.6400,1.799970
place1723,VPWR,li1,54.0500,84.3200,1.799950
place1831,VPWR,li1,107.1800,62.5600,1.799918
place1849,VPWR,li1,67.6200,51.6800,1.799941
place1672,VPWR,li1,58.4200,127.8400,1.799970
place1590,VPWR,li1,174.8000,165.9200,1.799926
place1745,VPWR,li1,122.8200,149.6000,1.799971
place1615,VPWR,li1,167.9000,57.1200,1.799922
place1767,VPWR,li1,153.6400,193.1200,1.799916
place1768,VPWR,li1,175.7200,187.6800,1.799797
place1705,VPWR,li1,43.2400,95.2000,1.799955
place1601,VPWR,li1,87.8600,111.5200,1.799888
place1591,VPWR,li1,74.0600,138.7200,1.799968
place1602,VPWR,li1,84.6400,111.5200,1.799890
place1738,VPWR,li1,35.4200,155.0400,1.799972
place1793,VPWR,li1,134.7800,24.4800,1.799937
place1643,VPWR,li1,161.9200,149.6000,1.799968
place1760,VPWR,li1,246.5600,155.0400,1.799977
place1755,VPWR,li1,53.3600,144.1600,1.799968
place1819,VPWR,li1,226.3200,46.2400,1.799909
place1848,VPWR,li1,39.1000,95.2000,1.799958
place1603,VPWR,li1,55.6600,149.6000,1.799964
place1678,VPWR,li1,170.6600,111.5200,1.799963
place1679,VPWR,li1,174.3400,106.0800,1.799959
place1791,VPWR,li1,64.4000,73.4400,1.799929
place1740,VPWR,li1,206.0800,155.0400,1.799980
place1741,VPWR,li1,183.5400,149.6000,1.799978
place1638,VPWR,li1,275.0800,111.5200,1.799976
place1644,VPWR,li1,47.8400,149.6000,1.799964
place1639,VPWR,li1,117.3000,138.7200,1.799962
place1720,VPWR,li1,64.6300,95.2000,1.799940
place1942,VPWR,li1,132.9400,116.9600,1.799969
place1864,VPWR,li1,83.2600,78.8800,1.799914
place1850,VPWR,li1,109.9400,62.5600,1.799918
place1616,VPWR,li1,120.5200,62.5600,1.799931
place1619,VPWR,li1,116.8400,111.5200,1.799943
place1756,VPWR,li1,68.0800,95.2000,1.799950
place1810,VPWR,li1,39.5600,100.6400,1.799953
place1817,VPWR,li1,80.9600,95.2000,1.799929
place1858,VPWR,li1,105.8000,155.0400,1.799900
place1853,VPWR,li1,84.6400,57.1200,1.799921
place1654,VPWR,li1,52.6700,116.9600,1.799957
place1655,VPWR,li1,50.6000,122.4000,1.799941
place1940,VPWR,li1,166.5200,106.0800,1.799969
place1769,VPWR,li1,85.1000,122.4000,1.799927
place1772,VPWR,li1,134.7800,160.4800,1.799959
place1792,VPWR,li1,165.1400,19.0400,1.799961
place1794,VPWR,li1,65.3200,78.8800,1.799941
place1747,VPWR,li1,238.7400,149.6000,1.799959
place1749,VPWR,li1,163.7600,149.6000,1.799968
place1750,VPWR,li1,164.6800,100.6400,1.799978
place1394,VPWR,li1,87.8600,193.1200,1.799831
place2013,VPWR,li1,219.4200,193.1200,1.799963
place1883,VPWR,li1,51.9800,62.5600,1.799914
place1751,VPWR,li1,184.9200,46.2400,1.799943
place1752,VPWR,li1,136.6200,57.1200,1.799919
place1815,VPWR,li1,79.1200,122.4000,1.799934
place1823,VPWR,li1,187.2200,29.9200,1.799947
place1894,VPWR,li1,37.7200,73.4400,1.799943
place1913,VPWR,li1,28.5200,46.2400,1.799926
place1803,VPWR,li1,188.1400,160.4800,1.799940
place1854,VPWR,li1,80.0400,62.5600,1.799937
place1790,VPWR,li1,62.5600,73.4400,1.799924
place1863,VPWR,li1,126.9600,46.2400,1.799958
place1866,VPWR,li1,86.0200,89.7600,1.799933
place1877,VPWR,li1,114.5400,46.2400,1.799960
place1870,VPWR,li1,135.7000,19.0400,1.799965
place1886,VPWR,li1,75.9000,29.9200,1.799942
place1932,VPWR,li1,183.5400,68.0000,1.799969
place1930,VPWR,li1,14.2600,116.9600,1.799965
place1918,VPWR,li1,42.7800,35.3600,1.799945
place1919,VPWR,li1,25.7600,78.8800,1.799949
place1963,VPWR,li1,224.4800,13.6000,1.799960
place1981,VPWR,li1,29.9000,84.3200,1.799954
TAP_TAPCELL_ROW_103_1320,VPWR,li1,276.2300,291.3460,1.799947
TAP_TAPCELL_ROW_103_1319,VPWR,li1,263.3500,291.3460,1.799920
TAP_TAPCELL_ROW_103_1318,VPWR,li1,250.4700,291.3460,1.799934
TAP_TAPCELL_ROW_103_1317,VPWR,li1,237.5900,291.3460,1.799899
TAP_TAPCELL_ROW_103_1316,VPWR,li1,224.7100,291.3460,1.799890
TAP_TAPCELL_ROW_103_1315,VPWR,li1,211.8300,291.3460,1.799912
TAP_TAPCELL_ROW_103_1314,VPWR,li1,198.9500,291.3460,1.799916
TAP_TAPCELL_ROW_103_1313,VPWR,li1,186.0700,291.3460,1.799956
TAP_TAPCELL_ROW_103_1312,VPWR,li1,173.1900,291.3460,1.799962
TAP_TAPCELL_ROW_103_1311,VPWR,li1,160.3100,291.3460,1.799979
TAP_TAPCELL_ROW_103_1310,VPWR,li1,147.4300,291.3460,1.799974
TAP_TAPCELL_ROW_103_1309,VPWR,li1,134.5500,291.3460,1.799976
TAP_TAPCELL_ROW_103_1308,VPWR,li1,121.6700,291.3460,1.799971
TAP_TAPCELL_ROW_103_1307,VPWR,li1,108.7900,291.3460,1.799970
TAP_TAPCELL_ROW_103_1306,VPWR,li1,95.9100,291.3460,1.799970
TAP_TAPCELL_ROW_103_1305,VPWR,li1,83.0300,291.3460,1.799958
TAP_TAPCELL_ROW_103_1304,VPWR,li1,70.1500,291.3460,1.799958
TAP_TAPCELL_ROW_103_1303,VPWR,li1,57.2700,291.3460,1.799934
TAP_TAPCELL_ROW_103_1302,VPWR,li1,44.3900,291.3460,1.799951
TAP_TAPCELL_ROW_103_1301,VPWR,li1,31.5100,291.3460,1.799943
TAP_TAPCELL_ROW_103_1300,VPWR,li1,18.6300,291.3460,1.799958
TAP_TAPCELL_ROW_102_1299,VPWR,li1,276.2300,290.7330,1.799947
TAP_TAPCELL_ROW_102_1298,VPWR,li1,250.4700,290.7330,1.799934
TAP_TAPCELL_ROW_102_1297,VPWR,li1,224.7100,290.7330,1.799890
TAP_TAPCELL_ROW_102_1296,VPWR,li1,198.9500,290.7330,1.799916
TAP_TAPCELL_ROW_102_1295,VPWR,li1,173.1900,290.7330,1.799962
TAP_TAPCELL_ROW_102_1294,VPWR,li1,147.4300,290.7330,1.799974
TAP_TAPCELL_ROW_102_1293,VPWR,li1,121.6700,290.7330,1.799971
TAP_TAPCELL_ROW_102_1292,VPWR,li1,95.9100,290.7330,1.799970
TAP_TAPCELL_ROW_102_1291,VPWR,li1,70.1500,290.7330,1.799958
TAP_TAPCELL_ROW_102_1290,VPWR,li1,44.3900,290.7330,1.799951
TAP_TAPCELL_ROW_102_1289,VPWR,li1,18.6300,290.7330,1.799958
TAP_TAPCELL_ROW_101_1288,VPWR,li1,263.3500,285.9060,1.799935
TAP_TAPCELL_ROW_101_1287,VPWR,li1,237.5900,285.9060,1.799879
TAP_TAPCELL_ROW_101_1286,VPWR,li1,211.8300,285.9060,1.799892
TAP_TAPCELL_ROW_101_1285,VPWR,li1,186.0700,285.9060,1.799935
TAP_TAPCELL_ROW_101_1284,VPWR,li1,160.3100,285.9060,1.799962
TAP_TAPCELL_ROW_101_1283,VPWR,li1,134.5500,285.9060,1.799943
TAP_TAPCELL_ROW_101_1282,VPWR,li1,108.7900,285.9060,1.799913
TAP_TAPCELL_ROW_101_1281,VPWR,li1,83.0300,285.9060,1.799932
TAP_TAPCELL_ROW_101_1280,VPWR,li1,57.2700,285.9060,1.799849
TAP_TAPCELL_ROW_101_1279,VPWR,li1,31.5100,285.9060,1.799883
TAP_TAPCELL_ROW_100_1278,VPWR,li1,276.2300,285.2930,1.799958
TAP_TAPCELL_ROW_100_1277,VPWR,li1,250.4700,285.2930,1.799933
TAP_TAPCELL_ROW_100_1276,VPWR,li1,224.7100,285.2930,1.799898
TAP_TAPCELL_ROW_100_1275,VPWR,li1,198.9500,285.2930,1.799907
TAP_TAPCELL_ROW_100_1274,VPWR,li1,173.1900,285.2930,1.799939
TAP_TAPCELL_ROW_100_1273,VPWR,li1,147.4300,285.2930,1.799944
TAP_TAPCELL_ROW_100_1272,VPWR,li1,121.6700,285.2930,1.799912
TAP_TAPCELL_ROW_100_1271,VPWR,li1,95.9100,285.2930,1.799944
TAP_TAPCELL_ROW_100_1270,VPWR,li1,70.1500,285.2930,1.799934
TAP_TAPCELL_ROW_100_1269,VPWR,li1,44.3900,285.2930,1.799873
TAP_TAPCELL_ROW_100_1268,VPWR,li1,18.6300,285.2930,1.799889
TAP_TAPCELL_ROW_99_1267,VPWR,li1,263.3500,280.4660,1.799846
TAP_TAPCELL_ROW_99_1266,VPWR,li1,237.5900,280.4660,1.799896
TAP_TAPCELL_ROW_99_1265,VPWR,li1,211.8300,280.4660,1.799905
TAP_TAPCELL_ROW_99_1264,VPWR,li1,186.0700,280.4660,1.799926
TAP_TAPCELL_ROW_99_1263,VPWR,li1,160.3100,280.4660,1.799936
TAP_TAPCELL_ROW_99_1262,VPWR,li1,134.5500,280.4660,1.799901
TAP_TAPCELL_ROW_99_1261,VPWR,li1,108.7900,280.4660,1.799886
TAP_TAPCELL_ROW_99_1260,VPWR,li1,83.0300,280.4660,1.799906
TAP_TAPCELL_ROW_99_1259,VPWR,li1,57.2700,280.4660,1.799874
TAP_TAPCELL_ROW_99_1258,VPWR,li1,31.5100,280.4660,1.799896
TAP_TAPCELL_ROW_98_1257,VPWR,li1,276.2300,279.8530,1.799882
TAP_TAPCELL_ROW_98_1256,VPWR,li1,250.4700,279.8530,1.799908
TAP_TAPCELL_ROW_98_1255,VPWR,li1,224.7100,279.8530,1.799918
TAP_TAPCELL_ROW_98_1254,VPWR,li1,198.9500,279.8530,1.799905
TAP_TAPCELL_ROW_98_1253,VPWR,li1,173.1900,279.8530,1.799923
TAP_TAPCELL_ROW_98_1252,VPWR,li1,147.4300,279.8530,1.799861
TAP_TAPCELL_ROW_98_1251,VPWR,li1,121.6700,279.8530,1.799903
TAP_TAPCELL_ROW_98_1250,VPWR,li1,95.9100,279.8530,1.799907
TAP_TAPCELL_ROW_98_1249,VPWR,li1,70.1500,279.8530,1.799933
TAP_TAPCELL_ROW_98_1248,VPWR,li1,44.3900,279.8530,1.799876
TAP_TAPCELL_ROW_98_1247,VPWR,li1,18.6300,279.8530,1.799926
TAP_TAPCELL_ROW_97_1246,VPWR,li1,263.3500,275.0260,1.799868
TAP_TAPCELL_ROW_97_1245,VPWR,li1,237.5900,275.0260,1.799805
TAP_TAPCELL_ROW_97_1244,VPWR,li1,211.8300,275.0260,1.799894
TAP_TAPCELL_ROW_97_1243,VPWR,li1,186.0700,275.0260,1.799871
TAP_TAPCELL_ROW_97_1242,VPWR,li1,160.3100,275.0260,1.799909
TAP_TAPCELL_ROW_97_1241,VPWR,li1,134.5500,275.0260,1.799860
TAP_TAPCELL_ROW_97_1240,VPWR,li1,108.7900,275.0260,1.799848
TAP_TAPCELL_ROW_97_1239,VPWR,li1,83.0300,275.0260,1.799873
TAP_TAPCELL_ROW_97_1238,VPWR,li1,57.2700,275.0260,1.799909
TAP_TAPCELL_ROW_97_1237,VPWR,li1,31.5100,275.0260,1.799900
TAP_TAPCELL_ROW_96_1236,VPWR,li1,276.2300,274.4130,1.799926
TAP_TAPCELL_ROW_96_1235,VPWR,li1,250.4700,274.4130,1.799890
TAP_TAPCELL_ROW_96_1234,VPWR,li1,224.7100,274.4130,1.799874
TAP_TAPCELL_ROW_96_1233,VPWR,li1,198.9500,274.4130,1.799901
TAP_TAPCELL_ROW_96_1232,VPWR,li1,173.1900,274.4130,1.799856
TAP_TAPCELL_ROW_96_1231,VPWR,li1,147.4300,274.4130,1.799845
TAP_TAPCELL_ROW_96_1230,VPWR,li1,121.6700,274.4130,1.799838
TAP_TAPCELL_ROW_96_1229,VPWR,li1,95.9100,274.4130,1.799859
TAP_TAPCELL_ROW_96_1228,VPWR,li1,70.1500,274.4130,1.799929
TAP_TAPCELL_ROW_96_1227,VPWR,li1,44.3900,274.4130,1.799926
TAP_TAPCELL_ROW_96_1226,VPWR,li1,18.6300,274.4130,1.799909
TAP_TAPCELL_ROW_95_1225,VPWR,li1,263.3500,269.5860,1.799941
TAP_TAPCELL_ROW_95_1224,VPWR,li1,237.5900,269.5860,1.799925
TAP_TAPCELL_ROW_95_1223,VPWR,li1,211.8300,269.5860,1.799931
TAP_TAPCELL_ROW_95_1222,VPWR,li1,186.0700,269.5860,1.799877
TAP_TAPCELL_ROW_95_1221,VPWR,li1,160.3100,269.5860,1.799903
TAP_TAPCELL_ROW_95_1220,VPWR,li1,134.5500,269.5860,1.799865
TAP_TAPCELL_ROW_95_1219,VPWR,li1,108.7900,269.5860,1.799880
TAP_TAPCELL_ROW_95_1218,VPWR,li1,83.0300,269.5860,1.799890
TAP_TAPCELL_ROW_95_1217,VPWR,li1,57.2700,269.5860,1.799870
TAP_TAPCELL_ROW_95_1216,VPWR,li1,31.5100,269.5860,1.799886
TAP_TAPCELL_ROW_94_1215,VPWR,li1,276.2300,268.9730,1.799950
TAP_TAPCELL_ROW_94_1214,VPWR,li1,250.4700,268.9730,1.799954
TAP_TAPCELL_ROW_94_1213,VPWR,li1,224.7100,268.9730,1.799936
TAP_TAPCELL_ROW_94_1212,VPWR,li1,198.9500,268.9730,1.799909
TAP_TAPCELL_ROW_94_1211,VPWR,li1,173.1900,268.9730,1.799838
TAP_TAPCELL_ROW_94_1210,VPWR,li1,147.4300,268.9730,1.799855
TAP_TAPCELL_ROW_94_1209,VPWR,li1,121.6700,268.9730,1.799848
TAP_TAPCELL_ROW_94_1208,VPWR,li1,95.9100,268.9730,1.799899
TAP_TAPCELL_ROW_94_1207,VPWR,li1,70.1500,268.9730,1.799923
TAP_TAPCELL_ROW_94_1206,VPWR,li1,44.3900,268.9730,1.799854
TAP_TAPCELL_ROW_94_1205,VPWR,li1,18.6300,268.9730,1.799930
TAP_TAPCELL_ROW_93_1204,VPWR,li1,263.3500,264.1460,1.799954
TAP_TAPCELL_ROW_93_1203,VPWR,li1,237.5900,264.1460,1.799930
TAP_TAPCELL_ROW_93_1202,VPWR,li1,211.8300,264.1460,1.799918
TAP_TAPCELL_ROW_93_1201,VPWR,li1,186.0700,264.1460,1.799933
TAP_TAPCELL_ROW_93_1200,VPWR,li1,160.3100,264.1460,1.799942
TAP_TAPCELL_ROW_93_1199,VPWR,li1,134.5500,264.1460,1.799949
TAP_TAPCELL_ROW_93_1198,VPWR,li1,108.7900,264.1460,1.799939
TAP_TAPCELL_ROW_93_1197,VPWR,li1,83.0300,264.1460,1.799876
TAP_TAPCELL_ROW_93_1196,VPWR,li1,57.2700,264.1460,1.799861
TAP_TAPCELL_ROW_93_1195,VPWR,li1,31.5100,264.1460,1.799840
TAP_TAPCELL_ROW_92_1194,VPWR,li1,276.2300,263.5330,1.799964
TAP_TAPCELL_ROW_92_1193,VPWR,li1,250.4700,263.5330,1.799961
TAP_TAPCELL_ROW_92_1192,VPWR,li1,224.7100,263.5330,1.799926
TAP_TAPCELL_ROW_92_1191,VPWR,li1,198.9500,263.5330,1.799911
TAP_TAPCELL_ROW_92_1190,VPWR,li1,173.1900,263.5330,1.799919
TAP_TAPCELL_ROW_92_1189,VPWR,li1,147.4300,263.5330,1.799934
TAP_TAPCELL_ROW_92_1188,VPWR,li1,121.6700,263.5330,1.799942
TAP_TAPCELL_ROW_92_1187,VPWR,li1,95.9100,263.5330,1.799914
TAP_TAPCELL_ROW_92_1186,VPWR,li1,70.1500,263.5330,1.799892
TAP_TAPCELL_ROW_92_1185,VPWR,li1,44.3900,263.5330,1.799872
TAP_TAPCELL_ROW_92_1184,VPWR,li1,18.6300,263.5330,1.799858
TAP_TAPCELL_ROW_91_1183,VPWR,li1,263.3500,258.7060,1.799913
TAP_TAPCELL_ROW_91_1182,VPWR,li1,237.5900,258.7060,1.799794
TAP_TAPCELL_ROW_91_1181,VPWR,li1,211.8300,258.7060,1.799828
TAP_TAPCELL_ROW_91_1180,VPWR,li1,186.0700,258.7060,1.799887
TAP_TAPCELL_ROW_91_1179,VPWR,li1,160.3100,258.7060,1.799928
TAP_TAPCELL_ROW_91_1178,VPWR,li1,134.5500,258.7060,1.799932
TAP_TAPCELL_ROW_91_1177,VPWR,li1,108.7900,258.7060,1.799903
TAP_TAPCELL_ROW_91_1176,VPWR,li1,83.0300,258.7060,1.799889
TAP_TAPCELL_ROW_91_1175,VPWR,li1,57.2700,258.7060,1.799901
TAP_TAPCELL_ROW_91_1174,VPWR,li1,31.5100,258.7060,1.799915
TAP_TAPCELL_ROW_90_1173,VPWR,li1,276.2300,258.0930,1.799941
TAP_TAPCELL_ROW_90_1172,VPWR,li1,250.4700,258.0930,1.799907
TAP_TAPCELL_ROW_90_1171,VPWR,li1,224.7100,258.0930,1.799844
TAP_TAPCELL_ROW_90_1170,VPWR,li1,198.9500,258.0930,1.799826
TAP_TAPCELL_ROW_90_1169,VPWR,li1,173.1900,258.0930,1.799873
TAP_TAPCELL_ROW_90_1168,VPWR,li1,147.4300,258.0930,1.799913
TAP_TAPCELL_ROW_90_1167,VPWR,li1,121.6700,258.0930,1.799920
TAP_TAPCELL_ROW_90_1166,VPWR,li1,95.9100,258.0930,1.799917
TAP_TAPCELL_ROW_90_1165,VPWR,li1,70.1500,258.0930,1.799927
TAP_TAPCELL_ROW_90_1164,VPWR,li1,44.3900,258.0930,1.799931
TAP_TAPCELL_ROW_90_1163,VPWR,li1,18.6300,258.0930,1.799929
TAP_TAPCELL_ROW_89_1162,VPWR,li1,263.3500,253.2660,1.799894
TAP_TAPCELL_ROW_89_1161,VPWR,li1,237.5900,253.2660,1.799895
TAP_TAPCELL_ROW_89_1160,VPWR,li1,211.8300,253.2660,1.799879
TAP_TAPCELL_ROW_89_1159,VPWR,li1,186.0700,253.2660,1.799856
TAP_TAPCELL_ROW_89_1158,VPWR,li1,160.3100,253.2660,1.799886
TAP_TAPCELL_ROW_89_1157,VPWR,li1,134.5500,253.2660,1.799852
TAP_TAPCELL_ROW_89_1156,VPWR,li1,108.7900,253.2660,1.799877
TAP_TAPCELL_ROW_89_1155,VPWR,li1,83.0300,253.2660,1.799881
TAP_TAPCELL_ROW_89_1154,VPWR,li1,57.2700,253.2660,1.799890
TAP_TAPCELL_ROW_89_1153,VPWR,li1,31.5100,253.2660,1.799819
TAP_TAPCELL_ROW_88_1152,VPWR,li1,276.2300,252.6530,1.799913
TAP_TAPCELL_ROW_88_1151,VPWR,li1,250.4700,252.6530,1.799920
TAP_TAPCELL_ROW_88_1150,VPWR,li1,224.7100,252.6530,1.799888
TAP_TAPCELL_ROW_88_1149,VPWR,li1,198.9500,252.6530,1.799877
TAP_TAPCELL_ROW_88_1148,VPWR,li1,173.1900,252.6530,1.799836
TAP_TAPCELL_ROW_88_1147,VPWR,li1,147.4300,252.6530,1.799801
TAP_TAPCELL_ROW_88_1146,VPWR,li1,121.6700,252.6530,1.799866
TAP_TAPCELL_ROW_88_1145,VPWR,li1,95.9100,252.6530,1.799886
TAP_TAPCELL_ROW_88_1144,VPWR,li1,70.1500,252.6530,1.799932
TAP_TAPCELL_ROW_88_1143,VPWR,li1,44.3900,252.6530,1.799891
TAP_TAPCELL_ROW_88_1142,VPWR,li1,18.6300,252.6530,1.799866
TAP_TAPCELL_ROW_87_1141,VPWR,li1,263.3500,247.8260,1.799846
TAP_TAPCELL_ROW_87_1140,VPWR,li1,237.5900,247.8260,1.799802
TAP_TAPCELL_ROW_87_1139,VPWR,li1,211.8300,247.8260,1.799809
TAP_TAPCELL_ROW_87_1138,VPWR,li1,186.0700,247.8260,1.799886
TAP_TAPCELL_ROW_87_1137,VPWR,li1,160.3100,247.8260,1.799906
TAP_TAPCELL_ROW_87_1136,VPWR,li1,134.5500,247.8260,1.799919
TAP_TAPCELL_ROW_87_1135,VPWR,li1,108.7900,247.8260,1.799921
TAP_TAPCELL_ROW_87_1134,VPWR,li1,83.0300,247.8260,1.799931
TAP_TAPCELL_ROW_87_1133,VPWR,li1,57.2700,247.8260,1.799927
TAP_TAPCELL_ROW_87_1132,VPWR,li1,31.5100,247.8260,1.799935
TAP_TAPCELL_ROW_86_1131,VPWR,li1,276.2300,247.2130,1.799878
TAP_TAPCELL_ROW_86_1130,VPWR,li1,250.4700,247.2130,1.799882
TAP_TAPCELL_ROW_86_1129,VPWR,li1,224.7100,247.2130,1.799819
TAP_TAPCELL_ROW_86_1128,VPWR,li1,198.9500,247.2130,1.799835
TAP_TAPCELL_ROW_86_1127,VPWR,li1,173.1900,247.2130,1.799875
TAP_TAPCELL_ROW_86_1126,VPWR,li1,147.4300,247.2130,1.799895
TAP_TAPCELL_ROW_86_1125,VPWR,li1,121.6700,247.2130,1.799921
TAP_TAPCELL_ROW_86_1124,VPWR,li1,95.9100,247.2130,1.799937
TAP_TAPCELL_ROW_86_1123,VPWR,li1,70.1500,247.2130,1.799951
TAP_TAPCELL_ROW_86_1122,VPWR,li1,44.3900,247.2130,1.799940
TAP_TAPCELL_ROW_86_1121,VPWR,li1,18.6300,247.2130,1.799942
TAP_TAPCELL_ROW_85_1120,VPWR,li1,263.3500,242.3860,1.799841
TAP_TAPCELL_ROW_85_1119,VPWR,li1,237.5900,242.3860,1.799826
TAP_TAPCELL_ROW_85_1118,VPWR,li1,211.8300,242.3860,1.799872
TAP_TAPCELL_ROW_85_1117,VPWR,li1,186.0700,242.3860,1.799927
TAP_TAPCELL_ROW_85_1116,VPWR,li1,160.3100,242.3860,1.799929
TAP_TAPCELL_ROW_85_1115,VPWR,li1,134.5500,242.3860,1.799881
TAP_TAPCELL_ROW_85_1114,VPWR,li1,108.7900,242.3860,1.799860
TAP_TAPCELL_ROW_85_1113,VPWR,li1,83.0300,242.3860,1.799850
TAP_TAPCELL_ROW_85_1112,VPWR,li1,57.2700,242.3860,1.799908
TAP_TAPCELL_ROW_85_1111,VPWR,li1,31.5100,242.3860,1.799893
TAP_TAPCELL_ROW_84_1110,VPWR,li1,276.2300,241.7730,1.799910
TAP_TAPCELL_ROW_84_1109,VPWR,li1,250.4700,241.7730,1.799860
TAP_TAPCELL_ROW_84_1108,VPWR,li1,224.7100,241.7730,1.799855
TAP_TAPCELL_ROW_84_1107,VPWR,li1,198.9500,241.7730,1.799888
TAP_TAPCELL_ROW_84_1106,VPWR,li1,173.1900,241.7730,1.799923
TAP_TAPCELL_ROW_84_1105,VPWR,li1,147.4300,241.7730,1.799875
TAP_TAPCELL_ROW_84_1104,VPWR,li1,121.6700,241.7730,1.799850
TAP_TAPCELL_ROW_84_1103,VPWR,li1,95.9100,241.7730,1.799840
TAP_TAPCELL_ROW_84_1102,VPWR,li1,70.1500,241.7730,1.799925
TAP_TAPCELL_ROW_84_1101,VPWR,li1,44.3900,241.7730,1.799923
TAP_TAPCELL_ROW_84_1100,VPWR,li1,18.6300,241.7730,1.799894
TAP_TAPCELL_ROW_83_1099,VPWR,li1,263.3500,236.9460,1.799910
TAP_TAPCELL_ROW_83_1098,VPWR,li1,237.5900,236.9460,1.799923
TAP_TAPCELL_ROW_83_1097,VPWR,li1,211.8300,236.9460,1.799941
TAP_TAPCELL_ROW_83_1096,VPWR,li1,186.0700,236.9460,1.799908
TAP_TAPCELL_ROW_83_1095,VPWR,li1,160.3100,236.9460,1.799920
TAP_TAPCELL_ROW_83_1094,VPWR,li1,134.5500,236.9460,1.799891
TAP_TAPCELL_ROW_83_1093,VPWR,li1,108.7900,236.9460,1.799837
TAP_TAPCELL_ROW_83_1092,VPWR,li1,83.0300,236.9460,1.799853
TAP_TAPCELL_ROW_83_1091,VPWR,li1,57.2700,236.9460,1.799887
TAP_TAPCELL_ROW_83_1090,VPWR,li1,31.5100,236.9460,1.799939
TAP_TAPCELL_ROW_82_1089,VPWR,li1,276.2300,236.3330,1.799921
TAP_TAPCELL_ROW_82_1088,VPWR,li1,250.4700,236.3330,1.799939
TAP_TAPCELL_ROW_82_1087,VPWR,li1,224.7100,236.3330,1.799943
TAP_TAPCELL_ROW_82_1086,VPWR,li1,198.9500,236.3330,1.799936
TAP_TAPCELL_ROW_82_1085,VPWR,li1,173.1900,236.3330,1.799899
TAP_TAPCELL_ROW_82_1084,VPWR,li1,147.4300,236.3330,1.799886
TAP_TAPCELL_ROW_82_1083,VPWR,li1,121.6700,236.3330,1.799858
TAP_TAPCELL_ROW_82_1082,VPWR,li1,95.9100,236.3330,1.799863
TAP_TAPCELL_ROW_82_1081,VPWR,li1,70.1500,236.3330,1.799921
TAP_TAPCELL_ROW_82_1080,VPWR,li1,44.3900,236.3330,1.799924
TAP_TAPCELL_ROW_82_1079,VPWR,li1,18.6300,236.3330,1.799958
TAP_TAPCELL_ROW_81_1078,VPWR,li1,263.3500,231.5060,1.799894
TAP_TAPCELL_ROW_81_1077,VPWR,li1,237.5900,231.5060,1.799889
TAP_TAPCELL_ROW_81_1076,VPWR,li1,211.8300,231.5060,1.799908
TAP_TAPCELL_ROW_81_1075,VPWR,li1,186.0700,231.5060,1.799870
TAP_TAPCELL_ROW_81_1074,VPWR,li1,160.3100,231.5060,1.799871
TAP_TAPCELL_ROW_81_1073,VPWR,li1,134.5500,231.5060,1.799863
TAP_TAPCELL_ROW_81_1072,VPWR,li1,108.7900,231.5060,1.799841
TAP_TAPCELL_ROW_81_1071,VPWR,li1,83.0300,231.5060,1.799809
TAP_TAPCELL_ROW_81_1070,VPWR,li1,57.2700,231.5060,1.799912
TAP_TAPCELL_ROW_81_1069,VPWR,li1,31.5100,231.5060,1.799932
TAP_TAPCELL_ROW_80_1068,VPWR,li1,276.2300,230.8930,1.799930
TAP_TAPCELL_ROW_80_1067,VPWR,li1,250.4700,230.8930,1.799916
TAP_TAPCELL_ROW_80_1066,VPWR,li1,224.7100,230.8930,1.799917
TAP_TAPCELL_ROW_80_1065,VPWR,li1,198.9500,230.8930,1.799896
TAP_TAPCELL_ROW_80_1064,VPWR,li1,173.1900,230.8930,1.799816
TAP_TAPCELL_ROW_80_1063,VPWR,li1,147.4300,230.8930,1.799837
TAP_TAPCELL_ROW_80_1062,VPWR,li1,121.6700,230.8930,1.799833
TAP_TAPCELL_ROW_80_1061,VPWR,li1,95.9100,230.8930,1.799833
TAP_TAPCELL_ROW_80_1060,VPWR,li1,70.1500,230.8930,1.799920
TAP_TAPCELL_ROW_80_1059,VPWR,li1,44.3900,230.8930,1.799926
TAP_TAPCELL_ROW_80_1058,VPWR,li1,18.6300,230.8930,1.799950
TAP_TAPCELL_ROW_79_1057,VPWR,li1,263.3500,226.0660,1.799927
TAP_TAPCELL_ROW_79_1056,VPWR,li1,237.5900,226.0660,1.799932
TAP_TAPCELL_ROW_79_1055,VPWR,li1,211.8300,226.0660,1.799871
TAP_TAPCELL_ROW_79_1054,VPWR,li1,186.0700,226.0660,1.799858
TAP_TAPCELL_ROW_79_1053,VPWR,li1,160.3100,226.0660,1.799907
TAP_TAPCELL_ROW_79_1052,VPWR,li1,134.5500,226.0660,1.799905
TAP_TAPCELL_ROW_79_1051,VPWR,li1,108.7900,226.0660,1.799867
TAP_TAPCELL_ROW_79_1050,VPWR,li1,83.0300,226.0660,1.799799
TAP_TAPCELL_ROW_79_1049,VPWR,li1,57.2700,226.0660,1.799880
TAP_TAPCELL_ROW_79_1048,VPWR,li1,31.5100,226.0660,1.799920
TAP_TAPCELL_ROW_78_1047,VPWR,li1,276.2300,225.4530,1.799942
TAP_TAPCELL_ROW_78_1046,VPWR,li1,250.4700,225.4530,1.799957
TAP_TAPCELL_ROW_78_1045,VPWR,li1,224.7100,225.4530,1.799924
TAP_TAPCELL_ROW_78_1044,VPWR,li1,198.9500,225.4530,1.799846
TAP_TAPCELL_ROW_78_1043,VPWR,li1,173.1900,225.4530,1.799845
TAP_TAPCELL_ROW_78_1042,VPWR,li1,147.4300,225.4530,1.799872
TAP_TAPCELL_ROW_78_1041,VPWR,li1,121.6700,225.4530,1.799902
TAP_TAPCELL_ROW_78_1040,VPWR,li1,95.9100,225.4530,1.799852
TAP_TAPCELL_ROW_78_1039,VPWR,li1,70.1500,225.4530,1.799882
TAP_TAPCELL_ROW_78_1038,VPWR,li1,44.3900,225.4530,1.799908
TAP_TAPCELL_ROW_78_1037,VPWR,li1,18.6300,225.4530,1.799938
TAP_TAPCELL_ROW_77_1036,VPWR,li1,263.3500,220.6260,1.799863
TAP_TAPCELL_ROW_77_1035,VPWR,li1,237.5900,220.6260,1.799865
TAP_TAPCELL_ROW_77_1034,VPWR,li1,211.8300,220.6260,1.799921
TAP_TAPCELL_ROW_77_1033,VPWR,li1,186.0700,220.6260,1.799936
TAP_TAPCELL_ROW_77_1032,VPWR,li1,160.3100,220.6260,1.799950
TAP_TAPCELL_ROW_77_1031,VPWR,li1,134.5500,220.6260,1.799937
TAP_TAPCELL_ROW_77_1030,VPWR,li1,108.7900,220.6260,1.799906
TAP_TAPCELL_ROW_77_1029,VPWR,li1,83.0300,220.6260,1.799911
TAP_TAPCELL_ROW_77_1028,VPWR,li1,57.2700,220.6260,1.799931
TAP_TAPCELL_ROW_77_1027,VPWR,li1,31.5100,220.6260,1.799923
TAP_TAPCELL_ROW_76_1026,VPWR,li1,276.2300,220.0130,1.799889
TAP_TAPCELL_ROW_76_1025,VPWR,li1,250.4700,220.0130,1.799896
TAP_TAPCELL_ROW_76_1024,VPWR,li1,224.7100,220.0130,1.799919
TAP_TAPCELL_ROW_76_1023,VPWR,li1,198.9500,220.0130,1.799921
TAP_TAPCELL_ROW_76_1022,VPWR,li1,173.1900,220.0130,1.799922
TAP_TAPCELL_ROW_76_1021,VPWR,li1,147.4300,220.0130,1.799932
TAP_TAPCELL_ROW_76_1020,VPWR,li1,121.6700,220.0130,1.799918
TAP_TAPCELL_ROW_76_1019,VPWR,li1,95.9100,220.0130,1.799913
TAP_TAPCELL_ROW_76_1018,VPWR,li1,70.1500,220.0130,1.799952
TAP_TAPCELL_ROW_76_1017,VPWR,li1,44.3900,220.0130,1.799936
TAP_TAPCELL_ROW_76_1016,VPWR,li1,18.6300,220.0130,1.799951
TAP_TAPCELL_ROW_75_1015,VPWR,li1,263.3500,215.1860,1.799934
TAP_TAPCELL_ROW_75_1014,VPWR,li1,237.5900,215.1860,1.799927
TAP_TAPCELL_ROW_75_1013,VPWR,li1,211.8300,215.1860,1.799917
TAP_TAPCELL_ROW_75_1012,VPWR,li1,186.0700,215.1860,1.799912
TAP_TAPCELL_ROW_75_1011,VPWR,li1,160.3100,215.1860,1.799913
TAP_TAPCELL_ROW_75_1010,VPWR,li1,134.5500,215.1860,1.799915
TAP_TAPCELL_ROW_75_1009,VPWR,li1,108.7900,215.1860,1.799908
TAP_TAPCELL_ROW_75_1008,VPWR,li1,83.0300,215.1860,1.799861
TAP_TAPCELL_ROW_75_1007,VPWR,li1,57.2700,215.1860,1.799859
TAP_TAPCELL_ROW_75_1006,VPWR,li1,31.5100,215.1860,1.799919
TAP_TAPCELL_ROW_74_1005,VPWR,li1,276.2300,214.5730,1.799957
TAP_TAPCELL_ROW_74_1004,VPWR,li1,250.4700,214.5730,1.799955
TAP_TAPCELL_ROW_74_1003,VPWR,li1,224.7100,214.5730,1.799923
TAP_TAPCELL_ROW_74_1002,VPWR,li1,198.9500,214.5730,1.799922
TAP_TAPCELL_ROW_74_1001,VPWR,li1,173.1900,214.5730,1.799886
TAP_TAPCELL_ROW_74_1000,VPWR,li1,147.4300,214.5730,1.799892
TAP_TAPCELL_ROW_74_999,VPWR,li1,121.6700,214.5730,1.799916
TAP_TAPCELL_ROW_74_998,VPWR,li1,95.9100,214.5730,1.799862
TAP_TAPCELL_ROW_74_997,VPWR,li1,70.1500,214.5730,1.799912
TAP_TAPCELL_ROW_74_996,VPWR,li1,44.3900,214.5730,1.799882
TAP_TAPCELL_ROW_74_995,VPWR,li1,18.6300,214.5730,1.799935
TAP_TAPCELL_ROW_73_994,VPWR,li1,263.3500,209.7460,1.799905
TAP_TAPCELL_ROW_73_993,VPWR,li1,237.5900,209.7460,1.799925
TAP_TAPCELL_ROW_73_992,VPWR,li1,211.8300,209.7460,1.799920
TAP_TAPCELL_ROW_73_991,VPWR,li1,186.0700,209.7460,1.799911
TAP_TAPCELL_ROW_73_990,VPWR,li1,160.3100,209.7460,1.799934
TAP_TAPCELL_ROW_73_989,VPWR,li1,134.5500,209.7460,1.799939
TAP_TAPCELL_ROW_73_988,VPWR,li1,108.7900,209.7460,1.799829
TAP_TAPCELL_ROW_73_987,VPWR,li1,83.0300,209.7460,1.799771
TAP_TAPCELL_ROW_73_986,VPWR,li1,57.2700,209.7460,1.799867
TAP_TAPCELL_ROW_73_985,VPWR,li1,31.5100,209.7460,1.799894
TAP_TAPCELL_ROW_72_984,VPWR,li1,276.2300,209.1330,1.799938
TAP_TAPCELL_ROW_72_983,VPWR,li1,250.4700,209.1330,1.799935
TAP_TAPCELL_ROW_72_982,VPWR,li1,224.7100,209.1330,1.799942
TAP_TAPCELL_ROW_72_981,VPWR,li1,198.9500,209.1330,1.799913
TAP_TAPCELL_ROW_72_980,VPWR,li1,173.1900,209.1330,1.799892
TAP_TAPCELL_ROW_72_979,VPWR,li1,147.4300,209.1330,1.799929
TAP_TAPCELL_ROW_72_978,VPWR,li1,121.6700,209.1330,1.799896
TAP_TAPCELL_ROW_72_977,VPWR,li1,95.9100,209.1330,1.799768
TAP_TAPCELL_ROW_72_976,VPWR,li1,70.1500,209.1330,1.799881
TAP_TAPCELL_ROW_72_975,VPWR,li1,44.3900,209.1330,1.799892
TAP_TAPCELL_ROW_72_974,VPWR,li1,18.6300,209.1330,1.799897
TAP_TAPCELL_ROW_71_973,VPWR,li1,263.3500,204.3060,1.799888
TAP_TAPCELL_ROW_71_972,VPWR,li1,237.5900,204.3060,1.799882
TAP_TAPCELL_ROW_71_971,VPWR,li1,211.8300,204.3060,1.799872
TAP_TAPCELL_ROW_71_970,VPWR,li1,186.0700,204.3060,1.799896
TAP_TAPCELL_ROW_71_969,VPWR,li1,160.3100,204.3060,1.799944
TAP_TAPCELL_ROW_71_968,VPWR,li1,134.5500,204.3060,1.799891
TAP_TAPCELL_ROW_71_967,VPWR,li1,108.7900,204.3060,1.799798
TAP_TAPCELL_ROW_71_966,VPWR,li1,83.0300,204.3060,1.799833
TAP_TAPCELL_ROW_71_965,VPWR,li1,57.2700,204.3060,1.799906
TAP_TAPCELL_ROW_71_964,VPWR,li1,31.5100,204.3060,1.799908
TAP_TAPCELL_ROW_70_963,VPWR,li1,276.2300,203.6930,1.799934
TAP_TAPCELL_ROW_70_962,VPWR,li1,250.4700,203.6930,1.799927
TAP_TAPCELL_ROW_70_961,VPWR,li1,224.7100,203.6930,1.799897
TAP_TAPCELL_ROW_70_960,VPWR,li1,198.9500,203.6930,1.799862
TAP_TAPCELL_ROW_70_959,VPWR,li1,173.1900,203.6930,1.799903
TAP_TAPCELL_ROW_70_958,VPWR,li1,147.4300,203.6930,1.799909
TAP_TAPCELL_ROW_70_957,VPWR,li1,121.6700,203.6930,1.799834
TAP_TAPCELL_ROW_70_956,VPWR,li1,95.9100,203.6930,1.799816
TAP_TAPCELL_ROW_70_955,VPWR,li1,70.1500,203.6930,1.799918
TAP_TAPCELL_ROW_70_954,VPWR,li1,44.3900,203.6930,1.799921
TAP_TAPCELL_ROW_70_953,VPWR,li1,18.6300,203.6930,1.799929
TAP_TAPCELL_ROW_69_952,VPWR,li1,263.3500,198.8660,1.799888
TAP_TAPCELL_ROW_69_951,VPWR,li1,237.5900,198.8660,1.799870
TAP_TAPCELL_ROW_69_950,VPWR,li1,211.8300,198.8660,1.799903
TAP_TAPCELL_ROW_69_949,VPWR,li1,186.0700,198.8660,1.799934
TAP_TAPCELL_ROW_69_948,VPWR,li1,160.3100,198.8660,1.799923
TAP_TAPCELL_ROW_69_947,VPWR,li1,134.5500,198.8660,1.799874
TAP_TAPCELL_ROW_69_946,VPWR,li1,108.7900,198.8660,1.799819
TAP_TAPCELL_ROW_69_945,VPWR,li1,83.0300,198.8660,1.799735
TAP_TAPCELL_ROW_69_944,VPWR,li1,57.2700,198.8660,1.799839
TAP_TAPCELL_ROW_69_943,VPWR,li1,31.5100,198.8660,1.799876
TAP_TAPCELL_ROW_68_942,VPWR,li1,276.2300,198.2530,1.799935
TAP_TAPCELL_ROW_68_941,VPWR,li1,250.4700,198.2530,1.799915
TAP_TAPCELL_ROW_68_940,VPWR,li1,224.7100,198.2530,1.799907
TAP_TAPCELL_ROW_68_939,VPWR,li1,198.9500,198.2530,1.799916
TAP_TAPCELL_ROW_68_938,VPWR,li1,173.1900,198.2530,1.799922
TAP_TAPCELL_ROW_68_937,VPWR,li1,147.4300,198.2530,1.799839
TAP_TAPCELL_ROW_68_936,VPWR,li1,121.6700,198.2530,1.799856
TAP_TAPCELL_ROW_68_935,VPWR,li1,95.9100,198.2530,1.799799
TAP_TAPCELL_ROW_68_934,VPWR,li1,70.1500,198.2530,1.799861
TAP_TAPCELL_ROW_68_933,VPWR,li1,44.3900,198.2530,1.799865
TAP_TAPCELL_ROW_68_932,VPWR,li1,18.6300,198.2530,1.799917
TAP_TAPCELL_ROW_67_931,VPWR,li1,263.3500,193.4260,1.799907
TAP_TAPCELL_ROW_67_930,VPWR,li1,237.5900,193.4260,1.799947
TAP_TAPCELL_ROW_67_929,VPWR,li1,211.8300,193.4260,1.799942
TAP_TAPCELL_ROW_67_928,VPWR,li1,186.0700,193.4260,1.799949
TAP_TAPCELL_ROW_67_927,VPWR,li1,160.3100,193.4260,1.799942
TAP_TAPCELL_ROW_67_926,VPWR,li1,134.5500,193.4260,1.799894
TAP_TAPCELL_ROW_67_925,VPWR,li1,108.7900,193.4260,1.799843
TAP_TAPCELL_ROW_67_924,VPWR,li1,83.0300,193.4260,1.799857
TAP_TAPCELL_ROW_67_923,VPWR,li1,57.2700,193.4260,1.799923
TAP_TAPCELL_ROW_67_922,VPWR,li1,31.5100,193.4260,1.799927
TAP_TAPCELL_ROW_66_921,VPWR,li1,276.2300,192.8130,1.799912
TAP_TAPCELL_ROW_66_920,VPWR,li1,250.4700,192.8130,1.799952
TAP_TAPCELL_ROW_66_919,VPWR,li1,224.7100,192.8130,1.799957
TAP_TAPCELL_ROW_66_918,VPWR,li1,198.9500,192.8130,1.799939
TAP_TAPCELL_ROW_66_917,VPWR,li1,173.1900,192.8130,1.799939
TAP_TAPCELL_ROW_66_916,VPWR,li1,147.4300,192.8130,1.799889
TAP_TAPCELL_ROW_66_915,VPWR,li1,121.6700,192.8130,1.799844
TAP_TAPCELL_ROW_66_914,VPWR,li1,95.9100,192.8130,1.799849
TAP_TAPCELL_ROW_66_913,VPWR,li1,70.1500,192.8130,1.799935
TAP_TAPCELL_ROW_66_912,VPWR,li1,44.3900,192.8130,1.799938
TAP_TAPCELL_ROW_66_911,VPWR,li1,18.6300,192.8130,1.799935
TAP_TAPCELL_ROW_65_910,VPWR,li1,263.3500,187.9860,1.799957
TAP_TAPCELL_ROW_65_909,VPWR,li1,237.5900,187.9860,1.799945
TAP_TAPCELL_ROW_65_908,VPWR,li1,211.8300,187.9860,1.799838
TAP_TAPCELL_ROW_65_907,VPWR,li1,186.0700,187.9860,1.799849
TAP_TAPCELL_ROW_65_906,VPWR,li1,160.3100,187.9860,1.799742
TAP_TAPCELL_ROW_65_905,VPWR,li1,134.5500,187.9860,1.799657
TAP_TAPCELL_ROW_65_904,VPWR,li1,108.7900,187.9860,1.799796
TAP_TAPCELL_ROW_65_903,VPWR,li1,83.0300,187.9860,1.799843
TAP_TAPCELL_ROW_65_902,VPWR,li1,57.2700,187.9860,1.799922
TAP_TAPCELL_ROW_65_901,VPWR,li1,31.5100,187.9860,1.799955
TAP_TAPCELL_ROW_64_900,VPWR,li1,276.2300,187.3730,1.799965
TAP_TAPCELL_ROW_64_899,VPWR,li1,250.4700,187.3730,1.799969
TAP_TAPCELL_ROW_64_898,VPWR,li1,224.7100,187.3730,1.799932
TAP_TAPCELL_ROW_64_897,VPWR,li1,198.9500,187.3730,1.799838
TAP_TAPCELL_ROW_64_896,VPWR,li1,173.1900,187.3730,1.799788
TAP_TAPCELL_ROW_64_895,VPWR,li1,147.4300,187.3730,1.799478
TAP_TAPCELL_ROW_64_894,VPWR,li1,121.6700,187.3730,1.799762
TAP_TAPCELL_ROW_64_893,VPWR,li1,95.9100,187.3730,1.799828
TAP_TAPCELL_ROW_64_892,VPWR,li1,70.1500,187.3730,1.799930
TAP_TAPCELL_ROW_64_891,VPWR,li1,44.3900,187.3730,1.799947
TAP_TAPCELL_ROW_64_890,VPWR,li1,18.6300,187.3730,1.799959
TAP_TAPCELL_ROW_63_889,VPWR,li1,263.3500,182.5460,1.799883
TAP_TAPCELL_ROW_63_888,VPWR,li1,237.5900,182.5460,1.799928
TAP_TAPCELL_ROW_63_887,VPWR,li1,211.8300,182.5460,1.799884
TAP_TAPCELL_ROW_63_886,VPWR,li1,186.0700,182.5460,1.799904
TAP_TAPCELL_ROW_63_885,VPWR,li1,160.3100,182.5460,1.799866
TAP_TAPCELL_ROW_63_884,VPWR,li1,134.5500,182.5460,1.799722
TAP_TAPCELL_ROW_63_883,VPWR,li1,108.7900,182.5460,1.799789
TAP_TAPCELL_ROW_63_882,VPWR,li1,83.0300,182.5460,1.799892
TAP_TAPCELL_ROW_63_881,VPWR,li1,57.2700,182.5460,1.799933
TAP_TAPCELL_ROW_63_880,VPWR,li1,31.5100,182.5460,1.799950
TAP_TAPCELL_ROW_62_879,VPWR,li1,276.2300,181.9330,1.799924
TAP_TAPCELL_ROW_62_878,VPWR,li1,250.4700,181.9330,1.799937
TAP_TAPCELL_ROW_62_877,VPWR,li1,224.7100,181.9330,1.799930
TAP_TAPCELL_ROW_62_876,VPWR,li1,198.9500,181.9330,1.799861
TAP_TAPCELL_ROW_62_875,VPWR,li1,173.1900,181.9330,1.799878
TAP_TAPCELL_ROW_62_874,VPWR,li1,147.4300,181.9330,1.799671
TAP_TAPCELL_ROW_62_873,VPWR,li1,121.6700,181.9330,1.799760
TAP_TAPCELL_ROW_62_872,VPWR,li1,95.9100,181.9330,1.799878
TAP_TAPCELL_ROW_62_871,VPWR,li1,70.1500,181.9330,1.799944
TAP_TAPCELL_ROW_62_870,VPWR,li1,44.3900,181.9330,1.799949
TAP_TAPCELL_ROW_62_869,VPWR,li1,18.6300,181.9330,1.799954
TAP_TAPCELL_ROW_61_868,VPWR,li1,263.3500,177.1060,1.799944
TAP_TAPCELL_ROW_61_867,VPWR,li1,237.5900,177.1060,1.799930
TAP_TAPCELL_ROW_61_866,VPWR,li1,211.8300,177.1060,1.799968
TAP_TAPCELL_ROW_61_865,VPWR,li1,186.0700,177.1060,1.799969
TAP_TAPCELL_ROW_61_864,VPWR,li1,160.3100,177.1060,1.799946
TAP_TAPCELL_ROW_61_863,VPWR,li1,134.5500,177.1060,1.799897
TAP_TAPCELL_ROW_61_862,VPWR,li1,108.7900,177.1060,1.799921
TAP_TAPCELL_ROW_61_861,VPWR,li1,83.0300,177.1060,1.799912
TAP_TAPCELL_ROW_61_860,VPWR,li1,57.2700,177.1060,1.799943
TAP_TAPCELL_ROW_61_859,VPWR,li1,31.5100,177.1060,1.799945
TAP_TAPCELL_ROW_60_858,VPWR,li1,276.2300,176.4930,1.799964
TAP_TAPCELL_ROW_60_857,VPWR,li1,250.4700,176.4930,1.799952
TAP_TAPCELL_ROW_60_856,VPWR,li1,224.7100,176.4930,1.799954
TAP_TAPCELL_ROW_60_855,VPWR,li1,198.9500,176.4930,1.799969
TAP_TAPCELL_ROW_60_854,VPWR,li1,173.1900,176.4930,1.799952
TAP_TAPCELL_ROW_60_853,VPWR,li1,147.4300,176.4930,1.799881
TAP_TAPCELL_ROW_60_852,VPWR,li1,121.6700,176.4930,1.799908
TAP_TAPCELL_ROW_60_851,VPWR,li1,95.9100,176.4930,1.799919
TAP_TAPCELL_ROW_60_850,VPWR,li1,70.1500,176.4930,1.799956
TAP_TAPCELL_ROW_60_849,VPWR,li1,44.3900,176.4930,1.799951
TAP_TAPCELL_ROW_60_848,VPWR,li1,18.6300,176.4930,1.799958
TAP_TAPCELL_ROW_59_847,VPWR,li1,263.3500,171.6660,1.799948
TAP_TAPCELL_ROW_59_846,VPWR,li1,237.5900,171.6660,1.799947
TAP_TAPCELL_ROW_59_845,VPWR,li1,211.8300,171.6660,1.799923
TAP_TAPCELL_ROW_59_844,VPWR,li1,186.0700,171.6660,1.799926
TAP_TAPCELL_ROW_59_843,VPWR,li1,160.3100,171.6660,1.799940
TAP_TAPCELL_ROW_59_842,VPWR,li1,134.5500,171.6660,1.799923
TAP_TAPCELL_ROW_59_841,VPWR,li1,108.7900,171.6660,1.799935
TAP_TAPCELL_ROW_59_840,VPWR,li1,83.0300,171.6660,1.799936
TAP_TAPCELL_ROW_59_839,VPWR,li1,57.2700,171.6660,1.799948
TAP_TAPCELL_ROW_59_838,VPWR,li1,31.5100,171.6660,1.799964
TAP_TAPCELL_ROW_58_837,VPWR,li1,276.2300,171.0530,1.799959
TAP_TAPCELL_ROW_58_836,VPWR,li1,250.4700,171.0530,1.799963
TAP_TAPCELL_ROW_58_835,VPWR,li1,224.7100,171.0530,1.799953
TAP_TAPCELL_ROW_58_834,VPWR,li1,198.9500,171.0530,1.799905
TAP_TAPCELL_ROW_58_833,VPWR,li1,173.1900,171.0530,1.799917
TAP_TAPCELL_ROW_58_832,VPWR,li1,147.4300,171.0530,1.799907
TAP_TAPCELL_ROW_58_831,VPWR,li1,121.6700,171.0530,1.799923
TAP_TAPCELL_ROW_58_830,VPWR,li1,95.9100,171.0530,1.799944
TAP_TAPCELL_ROW_58_829,VPWR,li1,70.1500,171.0530,1.799962
TAP_TAPCELL_ROW_58_828,VPWR,li1,44.3900,171.0530,1.799963
TAP_TAPCELL_ROW_58_827,VPWR,li1,18.6300,171.0530,1.799971
TAP_TAPCELL_ROW_57_826,VPWR,li1,263.3500,166.2260,1.799885
TAP_TAPCELL_ROW_57_825,VPWR,li1,237.5900,166.2260,1.799949
TAP_TAPCELL_ROW_57_824,VPWR,li1,211.8300,166.2260,1.799950
TAP_TAPCELL_ROW_57_823,VPWR,li1,186.0700,166.2260,1.799931
TAP_TAPCELL_ROW_57_822,VPWR,li1,160.3100,166.2260,1.799964
TAP_TAPCELL_ROW_57_821,VPWR,li1,134.5500,166.2260,1.799970
TAP_TAPCELL_ROW_57_820,VPWR,li1,108.7900,166.2260,1.799944
TAP_TAPCELL_ROW_57_819,VPWR,li1,83.0300,166.2260,1.799962
TAP_TAPCELL_ROW_57_818,VPWR,li1,57.2700,166.2260,1.799962
TAP_TAPCELL_ROW_57_817,VPWR,li1,31.5100,166.2260,1.799940
TAP_TAPCELL_ROW_56_816,VPWR,li1,276.2300,165.6130,1.799886
TAP_TAPCELL_ROW_56_815,VPWR,li1,250.4700,165.6130,1.799945
TAP_TAPCELL_ROW_56_814,VPWR,li1,224.7100,165.6130,1.799959
TAP_TAPCELL_ROW_56_813,VPWR,li1,198.9500,165.6130,1.799949
TAP_TAPCELL_ROW_56_812,VPWR,li1,173.1900,165.6130,1.799931
TAP_TAPCELL_ROW_56_811,VPWR,li1,147.4300,165.6130,1.799962
TAP_TAPCELL_ROW_56_810,VPWR,li1,121.6700,165.6130,1.799957
TAP_TAPCELL_ROW_56_809,VPWR,li1,95.9100,165.6130,1.799954
TAP_TAPCELL_ROW_56_808,VPWR,li1,70.1500,165.6130,1.799977
TAP_TAPCELL_ROW_56_807,VPWR,li1,44.3900,165.6130,1.799962
TAP_TAPCELL_ROW_56_806,VPWR,li1,18.6300,165.6130,1.799950
TAP_TAPCELL_ROW_55_805,VPWR,li1,263.3500,160.7860,1.799861
TAP_TAPCELL_ROW_55_804,VPWR,li1,237.5900,160.7860,1.799948
TAP_TAPCELL_ROW_55_803,VPWR,li1,211.8300,160.7860,1.799930
TAP_TAPCELL_ROW_55_802,VPWR,li1,186.0700,160.7860,1.799938
TAP_TAPCELL_ROW_55_801,VPWR,li1,160.3100,160.7860,1.799963
TAP_TAPCELL_ROW_55_800,VPWR,li1,134.5500,160.7860,1.799962
TAP_TAPCELL_ROW_55_799,VPWR,li1,108.7900,160.7860,1.799972
TAP_TAPCELL_ROW_55_798,VPWR,li1,83.0300,160.7860,1.799959
TAP_TAPCELL_ROW_55_797,VPWR,li1,57.2700,160.7860,1.799966
TAP_TAPCELL_ROW_55_796,VPWR,li1,31.5100,160.7860,1.799978
TAP_TAPCELL_ROW_54_795,VPWR,li1,276.2300,160.1730,1.799902
TAP_TAPCELL_ROW_54_794,VPWR,li1,250.4700,160.1730,1.799943
TAP_TAPCELL_ROW_54_793,VPWR,li1,224.7100,160.1730,1.799955
TAP_TAPCELL_ROW_54_792,VPWR,li1,198.9500,160.1730,1.799909
TAP_TAPCELL_ROW_54_791,VPWR,li1,173.1900,160.1730,1.799943
TAP_TAPCELL_ROW_54_790,VPWR,li1,147.4300,160.1730,1.799946
TAP_TAPCELL_ROW_54_789,VPWR,li1,121.6700,160.1730,1.799966
TAP_TAPCELL_ROW_54_788,VPWR,li1,95.9100,160.1730,1.799970
TAP_TAPCELL_ROW_54_787,VPWR,li1,70.1500,160.1730,1.799970
TAP_TAPCELL_ROW_54_786,VPWR,li1,44.3900,160.1730,1.799977
TAP_TAPCELL_ROW_54_785,VPWR,li1,18.6300,160.1730,1.799977
TAP_TAPCELL_ROW_53_784,VPWR,li1,263.3500,155.3460,1.799963
TAP_TAPCELL_ROW_53_783,VPWR,li1,237.5900,155.3460,1.799979
TAP_TAPCELL_ROW_53_782,VPWR,li1,211.8300,155.3460,1.799982
TAP_TAPCELL_ROW_53_781,VPWR,li1,186.0700,155.3460,1.799975
TAP_TAPCELL_ROW_53_780,VPWR,li1,160.3100,155.3460,1.799969
TAP_TAPCELL_ROW_53_779,VPWR,li1,134.5500,155.3460,1.799944
TAP_TAPCELL_ROW_53_778,VPWR,li1,108.7900,155.3460,1.799899
TAP_TAPCELL_ROW_53_777,VPWR,li1,83.0300,155.3460,1.799918
TAP_TAPCELL_ROW_53_776,VPWR,li1,57.2700,155.3460,1.799958
TAP_TAPCELL_ROW_53_775,VPWR,li1,31.5100,155.3460,1.799971
TAP_TAPCELL_ROW_52_774,VPWR,li1,276.2300,154.7330,1.799972
TAP_TAPCELL_ROW_52_773,VPWR,li1,250.4700,154.7330,1.799980
TAP_TAPCELL_ROW_52_772,VPWR,li1,224.7100,154.7330,1.799986
TAP_TAPCELL_ROW_52_771,VPWR,li1,198.9500,154.7330,1.799981
TAP_TAPCELL_ROW_52_770,VPWR,li1,173.1900,154.7330,1.799962
TAP_TAPCELL_ROW_52_769,VPWR,li1,147.4300,154.7330,1.799951
TAP_TAPCELL_ROW_52_768,VPWR,li1,121.6700,154.7330,1.799906
TAP_TAPCELL_ROW_52_767,VPWR,li1,95.9100,154.7330,1.799919
TAP_TAPCELL_ROW_52_766,VPWR,li1,70.1500,154.7330,1.799952
TAP_TAPCELL_ROW_52_765,VPWR,li1,44.3900,154.7330,1.799974
TAP_TAPCELL_ROW_52_764,VPWR,li1,18.6300,154.7330,1.799974
TAP_TAPCELL_ROW_51_763,VPWR,li1,263.3500,149.9060,1.799954
TAP_TAPCELL_ROW_51_762,VPWR,li1,237.5900,149.9060,1.799959
TAP_TAPCELL_ROW_51_761,VPWR,li1,211.8300,149.9060,1.799972
TAP_TAPCELL_ROW_51_760,VPWR,li1,186.0700,149.9060,1.799980
TAP_TAPCELL_ROW_51_759,VPWR,li1,160.3100,149.9060,1.799970
TAP_TAPCELL_ROW_51_758,VPWR,li1,134.5500,149.9060,1.799962
TAP_TAPCELL_ROW_51_757,VPWR,li1,108.7900,149.9060,1.799975
TAP_TAPCELL_ROW_51_756,VPWR,li1,83.0300,149.9060,1.799955
TAP_TAPCELL_ROW_51_755,VPWR,li1,57.2700,149.9060,1.799964
TAP_TAPCELL_ROW_51_754,VPWR,li1,31.5100,149.9060,1.799961
TAP_TAPCELL_ROW_50_753,VPWR,li1,276.2300,149.2930,1.799958
TAP_TAPCELL_ROW_50_752,VPWR,li1,250.4700,149.2930,1.799971
TAP_TAPCELL_ROW_50_751,VPWR,li1,224.7100,149.2930,1.799970
TAP_TAPCELL_ROW_50_750,VPWR,li1,198.9500,149.2930,1.799975
TAP_TAPCELL_ROW_50_749,VPWR,li1,173.1900,149.2930,1.799972
TAP_TAPCELL_ROW_50_748,VPWR,li1,147.4300,149.2930,1.799937
TAP_TAPCELL_ROW_50_747,VPWR,li1,121.6700,149.2930,1.799971
TAP_TAPCELL_ROW_50_746,VPWR,li1,95.9100,149.2930,1.799968
TAP_TAPCELL_ROW_50_745,VPWR,li1,70.1500,149.2930,1.799972
TAP_TAPCELL_ROW_50_744,VPWR,li1,44.3900,149.2930,1.799967
TAP_TAPCELL_ROW_50_743,VPWR,li1,18.6300,149.2930,1.799958
TAP_TAPCELL_ROW_49_742,VPWR,li1,263.3500,144.4660,1.799951
TAP_TAPCELL_ROW_49_741,VPWR,li1,237.5900,144.4660,1.799959
TAP_TAPCELL_ROW_49_740,VPWR,li1,211.8300,144.4660,1.799970
TAP_TAPCELL_ROW_49_739,VPWR,li1,186.0700,144.4660,1.799978
TAP_TAPCELL_ROW_49_738,VPWR,li1,160.3100,144.4660,1.799983
TAP_TAPCELL_ROW_49_737,VPWR,li1,134.5500,144.4660,1.799976
TAP_TAPCELL_ROW_49_736,VPWR,li1,108.7900,144.4660,1.799970
TAP_TAPCELL_ROW_49_735,VPWR,li1,83.0300,144.4660,1.799952
TAP_TAPCELL_ROW_49_734,VPWR,li1,57.2700,144.4660,1.799967
TAP_TAPCELL_ROW_49_733,VPWR,li1,31.5100,144.4660,1.799956
TAP_TAPCELL_ROW_48_732,VPWR,li1,276.2300,143.8530,1.799956
TAP_TAPCELL_ROW_48_731,VPWR,li1,250.4700,143.8530,1.799970
TAP_TAPCELL_ROW_48_730,VPWR,li1,224.7100,143.8530,1.799969
TAP_TAPCELL_ROW_48_729,VPWR,li1,198.9500,143.8530,1.799971
TAP_TAPCELL_ROW_48_728,VPWR,li1,173.1900,143.8530,1.799974
TAP_TAPCELL_ROW_48_727,VPWR,li1,147.4300,143.8530,1.799971
TAP_TAPCELL_ROW_48_726,VPWR,li1,121.6700,143.8530,1.799972
TAP_TAPCELL_ROW_48_725,VPWR,li1,95.9100,143.8530,1.799965
TAP_TAPCELL_ROW_48_724,VPWR,li1,70.1500,143.8530,1.799968
TAP_TAPCELL_ROW_48_723,VPWR,li1,44.3900,143.8530,1.799971
TAP_TAPCELL_ROW_48_722,VPWR,li1,18.6300,143.8530,1.799951
TAP_TAPCELL_ROW_47_721,VPWR,li1,263.3500,139.0260,1.799951
TAP_TAPCELL_ROW_47_720,VPWR,li1,237.5900,139.0260,1.799969
TAP_TAPCELL_ROW_47_719,VPWR,li1,211.8300,139.0260,1.799975
TAP_TAPCELL_ROW_47_718,VPWR,li1,186.0700,139.0260,1.799970
TAP_TAPCELL_ROW_47_717,VPWR,li1,160.3100,139.0260,1.799983
TAP_TAPCELL_ROW_47_716,VPWR,li1,134.5500,139.0260,1.799973
TAP_TAPCELL_ROW_47_715,VPWR,li1,108.7900,139.0260,1.799965
TAP_TAPCELL_ROW_47_714,VPWR,li1,83.0300,139.0260,1.799963
TAP_TAPCELL_ROW_47_713,VPWR,li1,57.2700,139.0260,1.799961
TAP_TAPCELL_ROW_47_712,VPWR,li1,31.5100,139.0260,1.799934
TAP_TAPCELL_ROW_46_711,VPWR,li1,276.2300,138.4130,1.799957
TAP_TAPCELL_ROW_46_710,VPWR,li1,250.4700,138.4130,1.799975
TAP_TAPCELL_ROW_46_709,VPWR,li1,224.7100,138.4130,1.799974
TAP_TAPCELL_ROW_46_708,VPWR,li1,198.9500,138.4130,1.799974
TAP_TAPCELL_ROW_46_707,VPWR,li1,173.1900,138.4130,1.799970
TAP_TAPCELL_ROW_46_706,VPWR,li1,147.4300,138.4130,1.799969
TAP_TAPCELL_ROW_46_705,VPWR,li1,121.6700,138.4130,1.799967
TAP_TAPCELL_ROW_46_704,VPWR,li1,95.9100,138.4130,1.799962
TAP_TAPCELL_ROW_46_703,VPWR,li1,70.1500,138.4130,1.799973
TAP_TAPCELL_ROW_46_702,VPWR,li1,44.3900,138.4130,1.799963
TAP_TAPCELL_ROW_46_701,VPWR,li1,18.6300,138.4130,1.799937
TAP_TAPCELL_ROW_45_700,VPWR,li1,263.3500,133.5860,1.799937
TAP_TAPCELL_ROW_45_699,VPWR,li1,237.5900,133.5860,1.799915
TAP_TAPCELL_ROW_45_698,VPWR,li1,211.8300,133.5860,1.799922
TAP_TAPCELL_ROW_45_697,VPWR,li1,186.0700,133.5860,1.799951
TAP_TAPCELL_ROW_45_696,VPWR,li1,160.3100,133.5860,1.799975
TAP_TAPCELL_ROW_45_695,VPWR,li1,134.5500,133.5860,1.799970
TAP_TAPCELL_ROW_45_694,VPWR,li1,108.7900,133.5860,1.799951
TAP_TAPCELL_ROW_45_693,VPWR,li1,83.0300,133.5860,1.799899
TAP_TAPCELL_ROW_45_692,VPWR,li1,57.2700,133.5860,1.799937
TAP_TAPCELL_ROW_45_691,VPWR,li1,31.5100,133.5860,1.799945
TAP_TAPCELL_ROW_44_690,VPWR,li1,276.2300,132.9730,1.799958
TAP_TAPCELL_ROW_44_689,VPWR,li1,250.4700,132.9730,1.799954
TAP_TAPCELL_ROW_44_688,VPWR,li1,224.7100,132.9730,1.799928
TAP_TAPCELL_ROW_44_687,VPWR,li1,198.9500,132.9730,1.799912
TAP_TAPCELL_ROW_44_686,VPWR,li1,173.1900,132.9730,1.799957
TAP_TAPCELL_ROW_44_685,VPWR,li1,147.4300,132.9730,1.799967
TAP_TAPCELL_ROW_44_684,VPWR,li1,121.6700,132.9730,1.799961
TAP_TAPCELL_ROW_44_683,VPWR,li1,95.9100,132.9730,1.799920
TAP_TAPCELL_ROW_44_682,VPWR,li1,70.1500,132.9730,1.799943
TAP_TAPCELL_ROW_44_681,VPWR,li1,44.3900,132.9730,1.799950
TAP_TAPCELL_ROW_44_680,VPWR,li1,18.6300,132.9730,1.799955
TAP_TAPCELL_ROW_43_679,VPWR,li1,263.3500,128.1460,1.799962
TAP_TAPCELL_ROW_43_678,VPWR,li1,237.5900,128.1460,1.799952
TAP_TAPCELL_ROW_43_677,VPWR,li1,211.8300,128.1460,1.799926
TAP_TAPCELL_ROW_43_676,VPWR,li1,186.0700,128.1460,1.799958
TAP_TAPCELL_ROW_43_675,VPWR,li1,160.3100,128.1460,1.799968
TAP_TAPCELL_ROW_43_674,VPWR,li1,134.5500,128.1460,1.799954
TAP_TAPCELL_ROW_43_673,VPWR,li1,108.7900,128.1460,1.799950
TAP_TAPCELL_ROW_43_672,VPWR,li1,83.0300,128.1460,1.799952
TAP_TAPCELL_ROW_43_671,VPWR,li1,57.2700,128.1460,1.799970
TAP_TAPCELL_ROW_43_670,VPWR,li1,31.5100,128.1460,1.799964
TAP_TAPCELL_ROW_42_669,VPWR,li1,276.2300,127.5330,1.799975
TAP_TAPCELL_ROW_42_668,VPWR,li1,250.4700,127.5330,1.799971
TAP_TAPCELL_ROW_42_667,VPWR,li1,224.7100,127.5330,1.799956
TAP_TAPCELL_ROW_42_666,VPWR,li1,198.9500,127.5330,1.799942
TAP_TAPCELL_ROW_42_665,VPWR,li1,173.1900,127.5330,1.799953
TAP_TAPCELL_ROW_42_664,VPWR,li1,147.4300,127.5330,1.799953
TAP_TAPCELL_ROW_42_663,VPWR,li1,121.6700,127.5330,1.799930
TAP_TAPCELL_ROW_42_662,VPWR,li1,95.9100,127.5330,1.799960
TAP_TAPCELL_ROW_42_661,VPWR,li1,70.1500,127.5330,1.799976
TAP_TAPCELL_ROW_42_660,VPWR,li1,44.3900,127.5330,1.799972
TAP_TAPCELL_ROW_42_659,VPWR,li1,18.6300,127.5330,1.799964
TAP_TAPCELL_ROW_41_658,VPWR,li1,263.3500,122.7060,1.799975
TAP_TAPCELL_ROW_41_657,VPWR,li1,237.5900,122.7060,1.799960
TAP_TAPCELL_ROW_41_656,VPWR,li1,211.8300,122.7060,1.799959
TAP_TAPCELL_ROW_41_655,VPWR,li1,186.0700,122.7060,1.799954
TAP_TAPCELL_ROW_41_654,VPWR,li1,160.3100,122.7060,1.799943
TAP_TAPCELL_ROW_41_653,VPWR,li1,134.5500,122.7060,1.799965
TAP_TAPCELL_ROW_41_652,VPWR,li1,108.7900,122.7060,1.799950
TAP_TAPCELL_ROW_41_651,VPWR,li1,83.0300,122.7060,1.799930
TAP_TAPCELL_ROW_41_650,VPWR,li1,57.2700,122.7060,1.799941
TAP_TAPCELL_ROW_41_649,VPWR,li1,31.5100,122.7060,1.799954
TAP_TAPCELL_ROW_40_648,VPWR,li1,276.2300,122.0930,1.799980
TAP_TAPCELL_ROW_40_647,VPWR,li1,250.4700,122.0930,1.799979
TAP_TAPCELL_ROW_40_646,VPWR,li1,224.7100,122.0930,1.799966
TAP_TAPCELL_ROW_40_645,VPWR,li1,198.9500,122.0930,1.799958
TAP_TAPCELL_ROW_40_644,VPWR,li1,173.1900,122.0930,1.799932
TAP_TAPCELL_ROW_40_643,VPWR,li1,147.4300,122.0930,1.799945
TAP_TAPCELL_ROW_40_642,VPWR,li1,121.6700,122.0930,1.799957
TAP_TAPCELL_ROW_40_641,VPWR,li1,95.9100,122.0930,1.799937
TAP_TAPCELL_ROW_40_640,VPWR,li1,70.1500,122.0930,1.799958
TAP_TAPCELL_ROW_40_639,VPWR,li1,44.3900,122.0930,1.799955
TAP_TAPCELL_ROW_40_638,VPWR,li1,18.6300,122.0930,1.799967
TAP_TAPCELL_ROW_39_637,VPWR,li1,263.3500,117.2660,1.799962
TAP_TAPCELL_ROW_39_636,VPWR,li1,237.5900,117.2660,1.799956
TAP_TAPCELL_ROW_39_635,VPWR,li1,211.8300,117.2660,1.799946
TAP_TAPCELL_ROW_39_634,VPWR,li1,186.0700,117.2660,1.799959
TAP_TAPCELL_ROW_39_633,VPWR,li1,160.3100,117.2660,1.799970
TAP_TAPCELL_ROW_39_632,VPWR,li1,134.5500,117.2660,1.799969
TAP_TAPCELL_ROW_39_631,VPWR,li1,108.7900,117.2660,1.799930
TAP_TAPCELL_ROW_39_630,VPWR,li1,83.0300,117.2660,1.799922
TAP_TAPCELL_ROW_39_629,VPWR,li1,57.2700,117.2660,1.799955
TAP_TAPCELL_ROW_39_628,VPWR,li1,31.5100,117.2660,1.799955
TAP_TAPCELL_ROW_38_627,VPWR,li1,276.2300,116.6530,1.799966
TAP_TAPCELL_ROW_38_626,VPWR,li1,250.4700,116.6530,1.799974
TAP_TAPCELL_ROW_38_625,VPWR,li1,224.7100,116.6530,1.799960
TAP_TAPCELL_ROW_38_624,VPWR,li1,198.9500,116.6530,1.799944
TAP_TAPCELL_ROW_38_623,VPWR,li1,173.1900,116.6530,1.799950
TAP_TAPCELL_ROW_38_622,VPWR,li1,147.4300,116.6530,1.799962
TAP_TAPCELL_ROW_38_621,VPWR,li1,121.6700,116.6530,1.799952
TAP_TAPCELL_ROW_38_620,VPWR,li1,95.9100,116.6530,1.799923
TAP_TAPCELL_ROW_38_619,VPWR,li1,70.1500,116.6530,1.799958
TAP_TAPCELL_ROW_38_618,VPWR,li1,44.3900,116.6530,1.799967
TAP_TAPCELL_ROW_38_617,VPWR,li1,18.6300,116.6530,1.799960
TAP_TAPCELL_ROW_37_616,VPWR,li1,263.3500,111.8260,1.799970
TAP_TAPCELL_ROW_37_615,VPWR,li1,237.5900,111.8260,1.799965
TAP_TAPCELL_ROW_37_614,VPWR,li1,211.8300,111.8260,1.799960
TAP_TAPCELL_ROW_37_613,VPWR,li1,186.0700,111.8260,1.799960
TAP_TAPCELL_ROW_37_612,VPWR,li1,160.3100,111.8260,1.799977
TAP_TAPCELL_ROW_37_611,VPWR,li1,134.5500,111.8260,1.799972
TAP_TAPCELL_ROW_37_610,VPWR,li1,108.7900,111.8260,1.799942
TAP_TAPCELL_ROW_37_609,VPWR,li1,83.0300,111.8260,1.799897
TAP_TAPCELL_ROW_37_608,VPWR,li1,57.2700,111.8260,1.799939
TAP_TAPCELL_ROW_37_607,VPWR,li1,31.5100,111.8260,1.799963
TAP_TAPCELL_ROW_36_606,VPWR,li1,276.2300,111.2130,1.799976
TAP_TAPCELL_ROW_36_605,VPWR,li1,250.4700,111.2130,1.799976
TAP_TAPCELL_ROW_36_604,VPWR,li1,224.7100,111.2130,1.799968
TAP_TAPCELL_ROW_36_603,VPWR,li1,198.9500,111.2130,1.799957
TAP_TAPCELL_ROW_36_602,VPWR,li1,173.1900,111.2130,1.799959
TAP_TAPCELL_ROW_36_601,VPWR,li1,147.4300,111.2130,1.799972
TAP_TAPCELL_ROW_36_600,VPWR,li1,121.6700,111.2130,1.799953
TAP_TAPCELL_ROW_36_599,VPWR,li1,95.9100,111.2130,1.799917
TAP_TAPCELL_ROW_36_598,VPWR,li1,70.1500,111.2130,1.799944
TAP_TAPCELL_ROW_36_597,VPWR,li1,44.3900,111.2130,1.799960
TAP_TAPCELL_ROW_36_596,VPWR,li1,18.6300,111.2130,1.799963
TAP_TAPCELL_ROW_35_595,VPWR,li1,263.3500,106.3860,1.799956
TAP_TAPCELL_ROW_35_594,VPWR,li1,237.5900,106.3860,1.799946
TAP_TAPCELL_ROW_35_593,VPWR,li1,211.8300,106.3860,1.799886
TAP_TAPCELL_ROW_35_592,VPWR,li1,186.0700,106.3860,1.799955
TAP_TAPCELL_ROW_35_591,VPWR,li1,160.3100,106.3860,1.799981
TAP_TAPCELL_ROW_35_590,VPWR,li1,134.5500,106.3860,1.799986
TAP_TAPCELL_ROW_35_589,VPWR,li1,108.7900,106.3860,1.799971
TAP_TAPCELL_ROW_35_588,VPWR,li1,83.0300,106.3860,1.799947
TAP_TAPCELL_ROW_35_587,VPWR,li1,57.2700,106.3860,1.799954
TAP_TAPCELL_ROW_35_586,VPWR,li1,31.5100,106.3860,1.799957
TAP_TAPCELL_ROW_34_585,VPWR,li1,276.2300,105.7730,1.799959
TAP_TAPCELL_ROW_34_584,VPWR,li1,250.4700,105.7730,1.799969
TAP_TAPCELL_ROW_34_583,VPWR,li1,224.7100,105.7730,1.799941
TAP_TAPCELL_ROW_34_582,VPWR,li1,198.9500,105.7730,1.799928
TAP_TAPCELL_ROW_34_581,VPWR,li1,173.1900,105.7730,1.799961
TAP_TAPCELL_ROW_34_580,VPWR,li1,147.4300,105.7730,1.799982
TAP_TAPCELL_ROW_34_579,VPWR,li1,121.6700,105.7730,1.799978
TAP_TAPCELL_ROW_34_578,VPWR,li1,95.9100,105.7730,1.799967
TAP_TAPCELL_ROW_34_577,VPWR,li1,70.1500,105.7730,1.799965
TAP_TAPCELL_ROW_34_576,VPWR,li1,44.3900,105.7730,1.799969
TAP_TAPCELL_ROW_34_575,VPWR,li1,18.6300,105.7730,1.799961
TAP_TAPCELL_ROW_33_574,VPWR,li1,263.3500,100.9460,1.799928
TAP_TAPCELL_ROW_33_573,VPWR,li1,237.5900,100.9460,1.799973
TAP_TAPCELL_ROW_33_572,VPWR,li1,211.8300,100.9460,1.799975
TAP_TAPCELL_ROW_33_571,VPWR,li1,186.0700,100.9460,1.799965
TAP_TAPCELL_ROW_33_570,VPWR,li1,160.3100,100.9460,1.799982
TAP_TAPCELL_ROW_33_569,VPWR,li1,134.5500,100.9460,1.799978
TAP_TAPCELL_ROW_33_568,VPWR,li1,108.7900,100.9460,1.799968
TAP_TAPCELL_ROW_33_567,VPWR,li1,83.0300,100.9460,1.799964
TAP_TAPCELL_ROW_33_566,VPWR,li1,57.2700,100.9460,1.799956
TAP_TAPCELL_ROW_33_565,VPWR,li1,31.5100,100.9460,1.799925
TAP_TAPCELL_ROW_32_564,VPWR,li1,276.2300,100.3330,1.799941
TAP_TAPCELL_ROW_32_563,VPWR,li1,250.4700,100.3330,1.799972
TAP_TAPCELL_ROW_32_562,VPWR,li1,224.7100,100.3330,1.799978
TAP_TAPCELL_ROW_32_561,VPWR,li1,198.9500,100.3330,1.799967
TAP_TAPCELL_ROW_32_560,VPWR,li1,173.1900,100.3330,1.799972
TAP_TAPCELL_ROW_32_559,VPWR,li1,147.4300,100.3330,1.799970
TAP_TAPCELL_ROW_32_558,VPWR,li1,121.6700,100.3330,1.799971
TAP_TAPCELL_ROW_32_557,VPWR,li1,95.9100,100.3330,1.799972
TAP_TAPCELL_ROW_32_556,VPWR,li1,70.1500,100.3330,1.799972
TAP_TAPCELL_ROW_32_555,VPWR,li1,44.3900,100.3330,1.799951
TAP_TAPCELL_ROW_32_554,VPWR,li1,18.6300,100.3330,1.799913
TAP_TAPCELL_ROW_31_553,VPWR,li1,263.3500,95.5060,1.799950
TAP_TAPCELL_ROW_31_552,VPWR,li1,237.5900,95.5060,1.799979
TAP_TAPCELL_ROW_31_551,VPWR,li1,211.8300,95.5060,1.799988
TAP_TAPCELL_ROW_31_550,VPWR,li1,186.0700,95.5060,1.799985
TAP_TAPCELL_ROW_31_549,VPWR,li1,160.3100,95.5060,1.799989
TAP_TAPCELL_ROW_31_548,VPWR,li1,134.5500,95.5060,1.799982
TAP_TAPCELL_ROW_31_547,VPWR,li1,108.7900,95.5060,1.799952
TAP_TAPCELL_ROW_31_546,VPWR,li1,83.0300,95.5060,1.799925
TAP_TAPCELL_ROW_31_545,VPWR,li1,57.2700,95.5060,1.799937
TAP_TAPCELL_ROW_31_544,VPWR,li1,31.5100,95.5060,1.799953
TAP_TAPCELL_ROW_30_543,VPWR,li1,276.2300,94.8930,1.799953
TAP_TAPCELL_ROW_30_542,VPWR,li1,250.4700,94.8930,1.799974
TAP_TAPCELL_ROW_30_541,VPWR,li1,224.7100,94.8930,1.799987
TAP_TAPCELL_ROW_30_540,VPWR,li1,198.9500,94.8930,1.799987
TAP_TAPCELL_ROW_30_539,VPWR,li1,173.1900,94.8930,1.799985
TAP_TAPCELL_ROW_30_538,VPWR,li1,147.4300,94.8930,1.799984
TAP_TAPCELL_ROW_30_537,VPWR,li1,121.6700,94.8930,1.799968
TAP_TAPCELL_ROW_30_536,VPWR,li1,95.9100,94.8930,1.799924
TAP_TAPCELL_ROW_30_535,VPWR,li1,70.1500,94.8930,1.799954
TAP_TAPCELL_ROW_30_534,VPWR,li1,44.3900,94.8930,1.799951
TAP_TAPCELL_ROW_30_533,VPWR,li1,18.6300,94.8930,1.799960
TAP_TAPCELL_ROW_29_532,VPWR,li1,263.3500,90.0660,1.799893
TAP_TAPCELL_ROW_29_531,VPWR,li1,237.5900,90.0660,1.799954
TAP_TAPCELL_ROW_29_530,VPWR,li1,211.8300,90.0660,1.799974
TAP_TAPCELL_ROW_29_529,VPWR,li1,186.0700,90.0660,1.799984
TAP_TAPCELL_ROW_29_528,VPWR,li1,160.3100,90.0660,1.799990
TAP_TAPCELL_ROW_29_527,VPWR,li1,134.5500,90.0660,1.799988
TAP_TAPCELL_ROW_29_526,VPWR,li1,108.7900,90.0660,1.799969
TAP_TAPCELL_ROW_29_525,VPWR,li1,83.0300,90.0660,1.799931
TAP_TAPCELL_ROW_29_524,VPWR,li1,57.2700,90.0660,1.799937
TAP_TAPCELL_ROW_29_523,VPWR,li1,31.5100,90.0660,1.799957
TAP_TAPCELL_ROW_28_522,VPWR,li1,276.2300,89.4530,1.799897
TAP_TAPCELL_ROW_28_521,VPWR,li1,250.4700,89.4530,1.799955
TAP_TAPCELL_ROW_28_520,VPWR,li1,224.7100,89.4530,1.799961
TAP_TAPCELL_ROW_28_519,VPWR,li1,198.9500,89.4530,1.799981
TAP_TAPCELL_ROW_28_518,VPWR,li1,173.1900,89.4530,1.799981
TAP_TAPCELL_ROW_28_517,VPWR,li1,147.4300,89.4530,1.799988
TAP_TAPCELL_ROW_28_516,VPWR,li1,121.6700,89.4530,1.799979
TAP_TAPCELL_ROW_28_515,VPWR,li1,95.9100,89.4530,1.799959
TAP_TAPCELL_ROW_28_514,VPWR,li1,70.1500,89.4530,1.799956
TAP_TAPCELL_ROW_28_513,VPWR,li1,44.3900,89.4530,1.799948
TAP_TAPCELL_ROW_28_512,VPWR,li1,18.6300,89.4530,1.799968
TAP_TAPCELL_ROW_27_511,VPWR,li1,263.3500,84.6260,1.799955
TAP_TAPCELL_ROW_27_510,VPWR,li1,237.5900,84.6260,1.799965
TAP_TAPCELL_ROW_27_509,VPWR,li1,211.8300,84.6260,1.799967
TAP_TAPCELL_ROW_27_508,VPWR,li1,186.0700,84.6260,1.799976
TAP_TAPCELL_ROW_27_507,VPWR,li1,160.3100,84.6260,1.799979
TAP_TAPCELL_ROW_27_506,VPWR,li1,134.5500,84.6260,1.799957
TAP_TAPCELL_ROW_27_505,VPWR,li1,108.7900,84.6260,1.799935
TAP_TAPCELL_ROW_27_504,VPWR,li1,83.0300,84.6260,1.799939
TAP_TAPCELL_ROW_27_503,VPWR,li1,57.2700,84.6260,1.799949
TAP_TAPCELL_ROW_27_502,VPWR,li1,31.5100,84.6260,1.799955
TAP_TAPCELL_ROW_26_501,VPWR,li1,276.2300,84.0130,1.799953
TAP_TAPCELL_ROW_26_500,VPWR,li1,250.4700,84.0130,1.799972
TAP_TAPCELL_ROW_26_499,VPWR,li1,224.7100,84.0130,1.799971
TAP_TAPCELL_ROW_26_498,VPWR,li1,198.9500,84.0130,1.799965
TAP_TAPCELL_ROW_26_497,VPWR,li1,173.1900,84.0130,1.799974
TAP_TAPCELL_ROW_26_496,VPWR,li1,147.4300,84.0130,1.799962
TAP_TAPCELL_ROW_26_495,VPWR,li1,121.6700,84.0130,1.799926
TAP_TAPCELL_ROW_26_494,VPWR,li1,95.9100,84.0130,1.799951
TAP_TAPCELL_ROW_26_493,VPWR,li1,70.1500,84.0130,1.799962
TAP_TAPCELL_ROW_26_492,VPWR,li1,44.3900,84.0130,1.799959
TAP_TAPCELL_ROW_26_491,VPWR,li1,18.6300,84.0130,1.799959
TAP_TAPCELL_ROW_25_490,VPWR,li1,263.3500,79.1860,1.799983
TAP_TAPCELL_ROW_25_489,VPWR,li1,237.5900,79.1860,1.799969
TAP_TAPCELL_ROW_25_488,VPWR,li1,211.8300,79.1860,1.799976
TAP_TAPCELL_ROW_25_487,VPWR,li1,186.0700,79.1860,1.799965
TAP_TAPCELL_ROW_25_486,VPWR,li1,160.3100,79.1860,1.799969
TAP_TAPCELL_ROW_25_485,VPWR,li1,134.5500,79.1860,1.799969
TAP_TAPCELL_ROW_25_484,VPWR,li1,108.7900,79.1860,1.799941
TAP_TAPCELL_ROW_25_483,VPWR,li1,83.0300,79.1860,1.799914
TAP_TAPCELL_ROW_25_482,VPWR,li1,57.2700,79.1860,1.799942
TAP_TAPCELL_ROW_25_481,VPWR,li1,31.5100,79.1860,1.799952
TAP_TAPCELL_ROW_24_480,VPWR,li1,276.2300,78.5730,1.799987
TAP_TAPCELL_ROW_24_479,VPWR,li1,250.4700,78.5730,1.799980
TAP_TAPCELL_ROW_24_478,VPWR,li1,224.7100,78.5730,1.799979
TAP_TAPCELL_ROW_24_477,VPWR,li1,198.9500,78.5730,1.799972
TAP_TAPCELL_ROW_24_476,VPWR,li1,173.1900,78.5730,1.799955
TAP_TAPCELL_ROW_24_475,VPWR,li1,147.4300,78.5730,1.799961
TAP_TAPCELL_ROW_24_474,VPWR,li1,121.6700,78.5730,1.799961
TAP_TAPCELL_ROW_24_473,VPWR,li1,95.9100,78.5730,1.799927
TAP_TAPCELL_ROW_24_472,VPWR,li1,70.1500,78.5730,1.799951
TAP_TAPCELL_ROW_24_471,VPWR,li1,44.3900,78.5730,1.799960
TAP_TAPCELL_ROW_24_470,VPWR,li1,18.6300,78.5730,1.799953
TAP_TAPCELL_ROW_23_469,VPWR,li1,263.3500,73.7460,1.799986
TAP_TAPCELL_ROW_23_468,VPWR,li1,237.5900,73.7460,1.799985
TAP_TAPCELL_ROW_23_467,VPWR,li1,211.8300,73.7460,1.799982
TAP_TAPCELL_ROW_23_466,VPWR,li1,186.0700,73.7460,1.799966
TAP_TAPCELL_ROW_23_465,VPWR,li1,160.3100,73.7460,1.799965
TAP_TAPCELL_ROW_23_464,VPWR,li1,134.5500,73.7460,1.799954
TAP_TAPCELL_ROW_23_463,VPWR,li1,108.7900,73.7460,1.799925
TAP_TAPCELL_ROW_23_462,VPWR,li1,83.0300,73.7460,1.799914
TAP_TAPCELL_ROW_23_461,VPWR,li1,57.2700,73.7460,1.799922
TAP_TAPCELL_ROW_23_460,VPWR,li1,31.5100,73.7460,1.799927
TAP_TAPCELL_ROW_22_459,VPWR,li1,276.2300,73.1330,1.799992
TAP_TAPCELL_ROW_22_458,VPWR,li1,250.4700,73.1330,1.799986
TAP_TAPCELL_ROW_22_457,VPWR,li1,224.7100,73.1330,1.799988
TAP_TAPCELL_ROW_22_456,VPWR,li1,198.9500,73.1330,1.799974
TAP_TAPCELL_ROW_22_455,VPWR,li1,173.1900,73.1330,1.799955
TAP_TAPCELL_ROW_22_454,VPWR,li1,147.4300,73.1330,1.799952
TAP_TAPCELL_ROW_22_453,VPWR,li1,121.6700,73.1330,1.799931
TAP_TAPCELL_ROW_22_452,VPWR,li1,95.9100,73.1330,1.799916
TAP_TAPCELL_ROW_22_451,VPWR,li1,70.1500,73.1330,1.799944
TAP_TAPCELL_ROW_22_450,VPWR,li1,44.3900,73.1330,1.799939
TAP_TAPCELL_ROW_22_449,VPWR,li1,18.6300,73.1330,1.799940
TAP_TAPCELL_ROW_21_448,VPWR,li1,263.3500,68.3060,1.799971
TAP_TAPCELL_ROW_21_447,VPWR,li1,237.5900,68.3060,1.799975
TAP_TAPCELL_ROW_21_446,VPWR,li1,211.8300,68.3060,1.799973
TAP_TAPCELL_ROW_21_445,VPWR,li1,186.0700,68.3060,1.799971
TAP_TAPCELL_ROW_21_444,VPWR,li1,160.3100,68.3060,1.799981
TAP_TAPCELL_ROW_21_443,VPWR,li1,134.5500,68.3060,1.799975
TAP_TAPCELL_ROW_21_442,VPWR,li1,108.7900,68.3060,1.799963
TAP_TAPCELL_ROW_21_441,VPWR,li1,83.0300,68.3060,1.799951
TAP_TAPCELL_ROW_21_440,VPWR,li1,57.2700,68.3060,1.799936
TAP_TAPCELL_ROW_21_439,VPWR,li1,31.5100,68.3060,1.799947
TAP_TAPCELL_ROW_20_438,VPWR,li1,276.2300,67.6930,1.799974
TAP_TAPCELL_ROW_20_437,VPWR,li1,250.4700,67.6930,1.799984
TAP_TAPCELL_ROW_20_436,VPWR,li1,224.7100,67.6930,1.799979
TAP_TAPCELL_ROW_20_435,VPWR,li1,198.9500,67.6930,1.799972
TAP_TAPCELL_ROW_20_434,VPWR,li1,173.1900,67.6930,1.799967
TAP_TAPCELL_ROW_20_433,VPWR,li1,147.4300,67.6930,1.799974
TAP_TAPCELL_ROW_20_432,VPWR,li1,121.6700,67.6930,1.799970
TAP_TAPCELL_ROW_20_431,VPWR,li1,95.9100,67.6930,1.799958
TAP_TAPCELL_ROW_20_430,VPWR,li1,70.1500,67.6930,1.799955
TAP_TAPCELL_ROW_20_429,VPWR,li1,44.3900,67.6930,1.799945
TAP_TAPCELL_ROW_20_428,VPWR,li1,18.6300,67.6930,1.799959
TAP_TAPCELL_ROW_19_427,VPWR,li1,263.3500,62.8660,1.799879
TAP_TAPCELL_ROW_19_426,VPWR,li1,237.5900,62.8660,1.799937
TAP_TAPCELL_ROW_19_425,VPWR,li1,211.8300,62.8660,1.799933
TAP_TAPCELL_ROW_19_424,VPWR,li1,186.0700,62.8660,1.799943
TAP_TAPCELL_ROW_19_423,VPWR,li1,160.3100,62.8660,1.799949
TAP_TAPCELL_ROW_19_422,VPWR,li1,134.5500,62.8660,1.799947
TAP_TAPCELL_ROW_19_421,VPWR,li1,108.7900,62.8660,1.799918
TAP_TAPCELL_ROW_19_420,VPWR,li1,83.0300,62.8660,1.799934
TAP_TAPCELL_ROW_19_419,VPWR,li1,57.2700,62.8660,1.799919
TAP_TAPCELL_ROW_19_418,VPWR,li1,31.5100,62.8660,1.799928
TAP_TAPCELL_ROW_18_417,VPWR,li1,276.2300,62.2530,1.799914
TAP_TAPCELL_ROW_18_416,VPWR,li1,250.4700,62.2530,1.799941
TAP_TAPCELL_ROW_18_415,VPWR,li1,224.7100,62.2530,1.799942
TAP_TAPCELL_ROW_18_414,VPWR,li1,198.9500,62.2530,1.799939
TAP_TAPCELL_ROW_18_413,VPWR,li1,173.1900,62.2530,1.799919
TAP_TAPCELL_ROW_18_412,VPWR,li1,147.4300,62.2530,1.799931
TAP_TAPCELL_ROW_18_411,VPWR,li1,121.6700,62.2530,1.799931
TAP_TAPCELL_ROW_18_410,VPWR,li1,95.9100,62.2530,1.799920
TAP_TAPCELL_ROW_18_409,VPWR,li1,70.1500,62.2530,1.799949
TAP_TAPCELL_ROW_18_408,VPWR,li1,44.3900,62.2530,1.799925
TAP_TAPCELL_ROW_18_407,VPWR,li1,18.6300,62.2530,1.799934
TAP_TAPCELL_ROW_17_406,VPWR,li1,263.3500,57.4260,1.799901
TAP_TAPCELL_ROW_17_405,VPWR,li1,237.5900,57.4260,1.799896
TAP_TAPCELL_ROW_17_404,VPWR,li1,211.8300,57.4260,1.799921
TAP_TAPCELL_ROW_17_403,VPWR,li1,186.0700,57.4260,1.799921
TAP_TAPCELL_ROW_17_402,VPWR,li1,160.3100,57.4260,1.799943
TAP_TAPCELL_ROW_17_401,VPWR,li1,134.5500,57.4260,1.799922
TAP_TAPCELL_ROW_17_400,VPWR,li1,108.7900,57.4260,1.799932
TAP_TAPCELL_ROW_17_399,VPWR,li1,83.0300,57.4260,1.799923
TAP_TAPCELL_ROW_17_398,VPWR,li1,57.2700,57.4260,1.799919
TAP_TAPCELL_ROW_17_397,VPWR,li1,31.5100,57.4260,1.799932
TAP_TAPCELL_ROW_16_396,VPWR,li1,276.2300,56.8130,1.799916
TAP_TAPCELL_ROW_16_395,VPWR,li1,250.4700,56.8130,1.799931
TAP_TAPCELL_ROW_16_394,VPWR,li1,224.7100,56.8130,1.799921
TAP_TAPCELL_ROW_16_393,VPWR,li1,198.9500,56.8130,1.799925
TAP_TAPCELL_ROW_16_392,VPWR,li1,173.1900,56.8130,1.799910
TAP_TAPCELL_ROW_16_391,VPWR,li1,147.4300,56.8130,1.799914
TAP_TAPCELL_ROW_16_390,VPWR,li1,121.6700,56.8130,1.799916
TAP_TAPCELL_ROW_16_389,VPWR,li1,95.9100,56.8130,1.799938
TAP_TAPCELL_ROW_16_388,VPWR,li1,70.1500,56.8130,1.799940
TAP_TAPCELL_ROW_16_387,VPWR,li1,44.3900,56.8130,1.799938
TAP_TAPCELL_ROW_16_386,VPWR,li1,18.6300,56.8130,1.799926
TAP_TAPCELL_ROW_15_385,VPWR,li1,263.3500,51.9860,1.799907
TAP_TAPCELL_ROW_15_384,VPWR,li1,237.5900,51.9860,1.799928
TAP_TAPCELL_ROW_15_383,VPWR,li1,211.8300,51.9860,1.799939
TAP_TAPCELL_ROW_15_382,VPWR,li1,186.0700,51.9860,1.799945
TAP_TAPCELL_ROW_15_381,VPWR,li1,160.3100,51.9860,1.799961
TAP_TAPCELL_ROW_15_380,VPWR,li1,134.5500,51.9860,1.799958
TAP_TAPCELL_ROW_15_379,VPWR,li1,108.7900,51.9860,1.799951
TAP_TAPCELL_ROW_15_378,VPWR,li1,83.0300,51.9860,1.799913
TAP_TAPCELL_ROW_15_377,VPWR,li1,57.2700,51.9860,1.799932
TAP_TAPCELL_ROW_15_376,VPWR,li1,31.5100,51.9860,1.799937
TAP_TAPCELL_ROW_14_375,VPWR,li1,276.2300,51.3730,1.799940
TAP_TAPCELL_ROW_14_374,VPWR,li1,250.4700,51.3730,1.799945
TAP_TAPCELL_ROW_14_373,VPWR,li1,224.7100,51.3730,1.799947
TAP_TAPCELL_ROW_14_372,VPWR,li1,198.9500,51.3730,1.799940
TAP_TAPCELL_ROW_14_371,VPWR,li1,173.1900,51.3730,1.799935
TAP_TAPCELL_ROW_14_370,VPWR,li1,147.4300,51.3730,1.799948
TAP_TAPCELL_ROW_14_369,VPWR,li1,121.6700,51.3730,1.799953
TAP_TAPCELL_ROW_14_368,VPWR,li1,95.9100,51.3730,1.799936
TAP_TAPCELL_ROW_14_367,VPWR,li1,70.1500,51.3730,1.799947
TAP_TAPCELL_ROW_14_366,VPWR,li1,44.3900,51.3730,1.799949
TAP_TAPCELL_ROW_14_365,VPWR,li1,18.6300,51.3730,1.799935
TAP_TAPCELL_ROW_13_364,VPWR,li1,263.3500,46.5460,1.799904
TAP_TAPCELL_ROW_13_363,VPWR,li1,237.5900,46.5460,1.799893
TAP_TAPCELL_ROW_13_362,VPWR,li1,211.8300,46.5460,1.799924
TAP_TAPCELL_ROW_13_361,VPWR,li1,186.0700,46.5460,1.799943
TAP_TAPCELL_ROW_13_360,VPWR,li1,160.3100,46.5460,1.799955
TAP_TAPCELL_ROW_13_359,VPWR,li1,134.5500,46.5460,1.799950
TAP_TAPCELL_ROW_13_358,VPWR,li1,108.7900,46.5460,1.799964
TAP_TAPCELL_ROW_13_357,VPWR,li1,83.0300,46.5460,1.799962
TAP_TAPCELL_ROW_13_356,VPWR,li1,57.2700,46.5460,1.799954
TAP_TAPCELL_ROW_13_355,VPWR,li1,31.5100,46.5460,1.799931
TAP_TAPCELL_ROW_12_354,VPWR,li1,276.2300,45.9330,1.799925
TAP_TAPCELL_ROW_12_353,VPWR,li1,250.4700,45.9330,1.799934
TAP_TAPCELL_ROW_12_352,VPWR,li1,224.7100,45.9330,1.799909
TAP_TAPCELL_ROW_12_351,VPWR,li1,198.9500,45.9330,1.799925
TAP_TAPCELL_ROW_12_350,VPWR,li1,173.1900,45.9330,1.799930
TAP_TAPCELL_ROW_12_349,VPWR,li1,147.4300,45.9330,1.799940
TAP_TAPCELL_ROW_12_348,VPWR,li1,121.6700,45.9330,1.799959
TAP_TAPCELL_ROW_12_347,VPWR,li1,95.9100,45.9330,1.799967
TAP_TAPCELL_ROW_12_346,VPWR,li1,70.1500,45.9330,1.799969
TAP_TAPCELL_ROW_12_345,VPWR,li1,44.3900,45.9330,1.799957
TAP_TAPCELL_ROW_12_344,VPWR,li1,18.6300,45.9330,1.799927
TAP_TAPCELL_ROW_11_343,VPWR,li1,263.3500,41.1060,1.799953
TAP_TAPCELL_ROW_11_342,VPWR,li1,237.5900,41.1060,1.799945
TAP_TAPCELL_ROW_11_341,VPWR,li1,211.8300,41.1060,1.799949
TAP_TAPCELL_ROW_11_340,VPWR,li1,186.0700,41.1060,1.799957
TAP_TAPCELL_ROW_11_339,VPWR,li1,160.3100,41.1060,1.799963
TAP_TAPCELL_ROW_11_338,VPWR,li1,134.5500,41.1060,1.799965
TAP_TAPCELL_ROW_11_337,VPWR,li1,108.7900,41.1060,1.799970
TAP_TAPCELL_ROW_11_336,VPWR,li1,83.0300,41.1060,1.799966
TAP_TAPCELL_ROW_11_335,VPWR,li1,57.2700,41.1060,1.799937
TAP_TAPCELL_ROW_11_334,VPWR,li1,31.5100,41.1060,1.799948
TAP_TAPCELL_ROW_10_333,VPWR,li1,276.2300,40.4930,1.799961
TAP_TAPCELL_ROW_10_332,VPWR,li1,250.4700,40.4930,1.799965
TAP_TAPCELL_ROW_10_331,VPWR,li1,224.7100,40.4930,1.799953
TAP_TAPCELL_ROW_10_330,VPWR,li1,198.9500,40.4930,1.799951
TAP_TAPCELL_ROW_10_329,VPWR,li1,173.1900,40.4930,1.799948
TAP_TAPCELL_ROW_10_328,VPWR,li1,147.4300,40.4930,1.799944
TAP_TAPCELL_ROW_10_327,VPWR,li1,121.6700,40.4930,1.799954
TAP_TAPCELL_ROW_10_326,VPWR,li1,95.9100,40.4930,1.799976
TAP_TAPCELL_ROW_10_325,VPWR,li1,70.1500,40.4930,1.799961
TAP_TAPCELL_ROW_10_324,VPWR,li1,44.3900,40.4930,1.799941
TAP_TAPCELL_ROW_10_323,VPWR,li1,18.6300,40.4930,1.799949
TAP_TAPCELL_ROW_9_322,VPWR,li1,263.3500,35.6660,1.799954
TAP_TAPCELL_ROW_9_321,VPWR,li1,237.5900,35.6660,1.799951
TAP_TAPCELL_ROW_9_320,VPWR,li1,211.8300,35.6660,1.799927
TAP_TAPCELL_ROW_9_319,VPWR,li1,186.0700,35.6660,1.799956
TAP_TAPCELL_ROW_9_318,VPWR,li1,160.3100,35.6660,1.799966
TAP_TAPCELL_ROW_9_317,VPWR,li1,134.5500,35.6660,1.799952
TAP_TAPCELL_ROW_9_316,VPWR,li1,108.7900,35.6660,1.799952
TAP_TAPCELL_ROW_9_315,VPWR,li1,83.0300,35.6660,1.799927
TAP_TAPCELL_ROW_9_314,VPWR,li1,57.2700,35.6660,1.799943
TAP_TAPCELL_ROW_9_313,VPWR,li1,31.5100,35.6660,1.799934
TAP_TAPCELL_ROW_8_312,VPWR,li1,276.2300,35.0530,1.799963
TAP_TAPCELL_ROW_8_311,VPWR,li1,250.4700,35.0530,1.799969
TAP_TAPCELL_ROW_8_310,VPWR,li1,224.7100,35.0530,1.799950
TAP_TAPCELL_ROW_8_309,VPWR,li1,198.9500,35.0530,1.799938
TAP_TAPCELL_ROW_8_308,VPWR,li1,173.1900,35.0530,1.799949
TAP_TAPCELL_ROW_8_307,VPWR,li1,147.4300,35.0530,1.799948
TAP_TAPCELL_ROW_8_306,VPWR,li1,121.6700,35.0530,1.799954
TAP_TAPCELL_ROW_8_305,VPWR,li1,95.9100,35.0530,1.799952
TAP_TAPCELL_ROW_8_304,VPWR,li1,70.1500,35.0530,1.799954
TAP_TAPCELL_ROW_8_303,VPWR,li1,44.3900,35.0530,1.799945
TAP_TAPCELL_ROW_8_302,VPWR,li1,18.6300,35.0530,1.799937
TAP_TAPCELL_ROW_7_301,VPWR,li1,263.3500,30.2260,1.799967
TAP_TAPCELL_ROW_7_300,VPWR,li1,237.5900,30.2260,1.799968
TAP_TAPCELL_ROW_7_299,VPWR,li1,211.8300,30.2260,1.799947
TAP_TAPCELL_ROW_7_298,VPWR,li1,186.0700,30.2260,1.799941
TAP_TAPCELL_ROW_7_297,VPWR,li1,160.3100,30.2260,1.799953
TAP_TAPCELL_ROW_7_296,VPWR,li1,134.5500,30.2260,1.799935
TAP_TAPCELL_ROW_7_295,VPWR,li1,108.7900,30.2260,1.799897
TAP_TAPCELL_ROW_7_294,VPWR,li1,83.0300,30.2260,1.799926
TAP_TAPCELL_ROW_7_293,VPWR,li1,57.2700,30.2260,1.799940
TAP_TAPCELL_ROW_7_292,VPWR,li1,31.5100,30.2260,1.799929
TAP_TAPCELL_ROW_6_291,VPWR,li1,276.2300,29.6130,1.799976
TAP_TAPCELL_ROW_6_290,VPWR,li1,250.4700,29.6130,1.799980
TAP_TAPCELL_ROW_6_289,VPWR,li1,224.7100,29.6130,1.799965
TAP_TAPCELL_ROW_6_288,VPWR,li1,198.9500,29.6130,1.799944
TAP_TAPCELL_ROW_6_287,VPWR,li1,173.1900,29.6130,1.799919
TAP_TAPCELL_ROW_6_286,VPWR,li1,147.4300,29.6130,1.799933
TAP_TAPCELL_ROW_6_285,VPWR,li1,121.6700,29.6130,1.799913
TAP_TAPCELL_ROW_6_284,VPWR,li1,95.9100,29.6130,1.799928
TAP_TAPCELL_ROW_6_283,VPWR,li1,70.1500,29.6130,1.799953
TAP_TAPCELL_ROW_6_282,VPWR,li1,44.3900,29.6130,1.799944
TAP_TAPCELL_ROW_6_281,VPWR,li1,18.6300,29.6130,1.799926
TAP_TAPCELL_ROW_5_280,VPWR,li1,263.3500,24.7860,1.799970
TAP_TAPCELL_ROW_5_279,VPWR,li1,237.5900,24.7860,1.799955
TAP_TAPCELL_ROW_5_278,VPWR,li1,211.8300,24.7860,1.799945
TAP_TAPCELL_ROW_5_277,VPWR,li1,186.0700,24.7860,1.799956
TAP_TAPCELL_ROW_5_276,VPWR,li1,160.3100,24.7860,1.799962
TAP_TAPCELL_ROW_5_275,VPWR,li1,134.5500,24.7860,1.799937
TAP_TAPCELL_ROW_5_274,VPWR,li1,108.7900,24.7860,1.799937
TAP_TAPCELL_ROW_5_273,VPWR,li1,83.0300,24.7860,1.799942
TAP_TAPCELL_ROW_5_272,VPWR,li1,57.2700,24.7860,1.799952
TAP_TAPCELL_ROW_5_271,VPWR,li1,31.5100,24.7860,1.799941
TAP_TAPCELL_ROW_4_270,VPWR,li1,276.2300,24.1730,1.799978
TAP_TAPCELL_ROW_4_269,VPWR,li1,250.4700,24.1730,1.799976
TAP_TAPCELL_ROW_4_268,VPWR,li1,224.7100,24.1730,1.799958
TAP_TAPCELL_ROW_4_267,VPWR,li1,198.9500,24.1730,1.799948
TAP_TAPCELL_ROW_4_266,VPWR,li1,173.1900,24.1730,1.799949
TAP_TAPCELL_ROW_4_265,VPWR,li1,147.4300,24.1730,1.799938
TAP_TAPCELL_ROW_4_264,VPWR,li1,121.6700,24.1730,1.799936
TAP_TAPCELL_ROW_4_263,VPWR,li1,95.9100,24.1730,1.799948
TAP_TAPCELL_ROW_4_262,VPWR,li1,70.1500,24.1730,1.799964
TAP_TAPCELL_ROW_4_261,VPWR,li1,44.3900,24.1730,1.799955
TAP_TAPCELL_ROW_4_260,VPWR,li1,18.6300,24.1730,1.799935
TAP_TAPCELL_ROW_3_259,VPWR,li1,263.3500,19.3460,1.799962
TAP_TAPCELL_ROW_3_258,VPWR,li1,237.5900,19.3460,1.799962
TAP_TAPCELL_ROW_3_257,VPWR,li1,211.8300,19.3460,1.799951
TAP_TAPCELL_ROW_3_256,VPWR,li1,186.0700,19.3460,1.799959
TAP_TAPCELL_ROW_3_255,VPWR,li1,160.3100,19.3460,1.799964
TAP_TAPCELL_ROW_3_254,VPWR,li1,134.5500,19.3460,1.799965
TAP_TAPCELL_ROW_3_253,VPWR,li1,108.7900,19.3460,1.799960
TAP_TAPCELL_ROW_3_252,VPWR,li1,83.0300,19.3460,1.799947
TAP_TAPCELL_ROW_3_251,VPWR,li1,57.2700,19.3460,1.799928
TAP_TAPCELL_ROW_3_250,VPWR,li1,31.5100,19.3460,1.799931
TAP_TAPCELL_ROW_2_249,VPWR,li1,276.2300,18.7330,1.799976
TAP_TAPCELL_ROW_2_248,VPWR,li1,250.4700,18.7330,1.799974
TAP_TAPCELL_ROW_2_247,VPWR,li1,224.7100,18.7330,1.799964
TAP_TAPCELL_ROW_2_246,VPWR,li1,198.9500,18.7330,1.799953
TAP_TAPCELL_ROW_2_245,VPWR,li1,173.1900,18.7330,1.799954
TAP_TAPCELL_ROW_2_244,VPWR,li1,147.4300,18.7330,1.799960
TAP_TAPCELL_ROW_2_243,VPWR,li1,121.6700,18.7330,1.799962
TAP_TAPCELL_ROW_2_242,VPWR,li1,95.9100,18.7330,1.799956
TAP_TAPCELL_ROW_2_241,VPWR,li1,70.1500,18.7330,1.799959
TAP_TAPCELL_ROW_2_240,VPWR,li1,44.3900,18.7330,1.799933
TAP_TAPCELL_ROW_2_239,VPWR,li1,18.6300,18.7330,1.799946
TAP_TAPCELL_ROW_1_238,VPWR,li1,263.3500,13.9060,1.799958
TAP_TAPCELL_ROW_1_237,VPWR,li1,237.5900,13.9060,1.799948
TAP_TAPCELL_ROW_1_236,VPWR,li1,211.8300,13.9060,1.799954
TAP_TAPCELL_ROW_1_235,VPWR,li1,186.0700,13.9060,1.799943
TAP_TAPCELL_ROW_1_234,VPWR,li1,160.3100,13.9060,1.799955
TAP_TAPCELL_ROW_1_233,VPWR,li1,134.5500,13.9060,1.799951
TAP_TAPCELL_ROW_1_232,VPWR,li1,108.7900,13.9060,1.799955
TAP_TAPCELL_ROW_1_231,VPWR,li1,83.0300,13.9060,1.799940
TAP_TAPCELL_ROW_1_230,VPWR,li1,57.2700,13.9060,1.799935
TAP_TAPCELL_ROW_1_229,VPWR,li1,31.5100,13.9060,1.799923
TAP_TAPCELL_ROW_0_228,VPWR,li1,276.2300,13.2930,1.799971
TAP_TAPCELL_ROW_0_227,VPWR,li1,263.3500,13.2930,1.799958
TAP_TAPCELL_ROW_0_226,VPWR,li1,250.4700,13.2930,1.799966
TAP_TAPCELL_ROW_0_225,VPWR,li1,237.5900,13.2930,1.799948
TAP_TAPCELL_ROW_0_224,VPWR,li1,224.7100,13.2930,1.799960
TAP_TAPCELL_ROW_0_223,VPWR,li1,211.8300,13.2930,1.799954
TAP_TAPCELL_ROW_0_222,VPWR,li1,198.9500,13.2930,1.799946
TAP_TAPCELL_ROW_0_221,VPWR,li1,186.0700,13.2930,1.799943
TAP_TAPCELL_ROW_0_220,VPWR,li1,173.1900,13.2930,1.799922
TAP_TAPCELL_ROW_0_219,VPWR,li1,160.3100,13.2930,1.799955
TAP_TAPCELL_ROW_0_218,VPWR,li1,147.4300,13.2930,1.799937
TAP_TAPCELL_ROW_0_217,VPWR,li1,134.5500,13.2930,1.799951
TAP_TAPCELL_ROW_0_216,VPWR,li1,121.6700,13.2930,1.799952
TAP_TAPCELL_ROW_0_215,VPWR,li1,108.7900,13.2930,1.799955
TAP_TAPCELL_ROW_0_214,VPWR,li1,95.9100,13.2930,1.799949
TAP_TAPCELL_ROW_0_213,VPWR,li1,83.0300,13.2930,1.799940
TAP_TAPCELL_ROW_0_212,VPWR,li1,70.1500,13.2930,1.799960
TAP_TAPCELL_ROW_0_211,VPWR,li1,57.2700,13.2930,1.799935
TAP_TAPCELL_ROW_0_210,VPWR,li1,44.3900,13.2930,1.799941
TAP_TAPCELL_ROW_0_209,VPWR,li1,31.5100,13.2930,1.799923
TAP_TAPCELL_ROW_0_208,VPWR,li1,18.6300,13.2930,1.799925
PHY_EDGE_ROW_103_Left_207,VPWR,li1,6.2100,291.0400,1.799974
PHY_EDGE_ROW_102_Left_206,VPWR,li1,6.2100,291.0400,1.799974
PHY_EDGE_ROW_101_Left_205,VPWR,li1,6.2100,285.6000,1.799943
PHY_EDGE_ROW_100_Left_204,VPWR,li1,6.2100,285.6000,1.799943
PHY_EDGE_ROW_99_Left_203,VPWR,li1,6.2100,280.1600,1.799959
PHY_EDGE_ROW_98_Left_202,VPWR,li1,6.2100,280.1600,1.799959
PHY_EDGE_ROW_97_Left_201,VPWR,li1,6.2100,274.7200,1.799954
PHY_EDGE_ROW_96_Left_200,VPWR,li1,6.2100,274.7200,1.799954
PHY_EDGE_ROW_95_Left_199,VPWR,li1,6.2100,269.2800,1.799960
PHY_EDGE_ROW_94_Left_198,VPWR,li1,6.2100,269.2800,1.799960
PHY_EDGE_ROW_93_Left_197,VPWR,li1,6.2100,263.8400,1.799924
PHY_EDGE_ROW_92_Left_196,VPWR,li1,6.2100,263.8400,1.799924
PHY_EDGE_ROW_91_Left_195,VPWR,li1,6.2100,258.4000,1.799962
PHY_EDGE_ROW_90_Left_194,VPWR,li1,6.2100,258.4000,1.799962
PHY_EDGE_ROW_89_Left_193,VPWR,li1,6.2100,252.9600,1.799916
PHY_EDGE_ROW_88_Left_192,VPWR,li1,6.2100,252.9600,1.799916
PHY_EDGE_ROW_87_Left_191,VPWR,li1,6.2100,247.5200,1.799968
PHY_EDGE_ROW_86_Left_190,VPWR,li1,6.2100,247.5200,1.799968
PHY_EDGE_ROW_85_Left_189,VPWR,li1,6.2100,242.0800,1.799940
PHY_EDGE_ROW_84_Left_188,VPWR,li1,6.2100,242.0800,1.799940
PHY_EDGE_ROW_83_Left_187,VPWR,li1,6.2100,236.6400,1.799976
PHY_EDGE_ROW_82_Left_186,VPWR,li1,6.2100,236.6400,1.799976
PHY_EDGE_ROW_81_Left_185,VPWR,li1,6.2100,231.2000,1.799966
PHY_EDGE_ROW_80_Left_184,VPWR,li1,6.2100,231.2000,1.799966
PHY_EDGE_ROW_79_Left_183,VPWR,li1,6.2100,225.7600,1.799967
PHY_EDGE_ROW_78_Left_182,VPWR,li1,6.2100,225.7600,1.799967
PHY_EDGE_ROW_77_Left_181,VPWR,li1,6.2100,220.3200,1.799973
PHY_EDGE_ROW_76_Left_180,VPWR,li1,6.2100,220.3200,1.799973
PHY_EDGE_ROW_75_Left_179,VPWR,li1,6.2100,214.8800,1.799963
PHY_EDGE_ROW_74_Left_178,VPWR,li1,6.2100,214.8800,1.799963
PHY_EDGE_ROW_73_Left_177,VPWR,li1,6.2100,209.4400,1.799946
PHY_EDGE_ROW_72_Left_176,VPWR,li1,6.2100,209.4400,1.799946
PHY_EDGE_ROW_71_Left_175,VPWR,li1,6.2100,204.0000,1.799965
PHY_EDGE_ROW_70_Left_174,VPWR,li1,6.2100,204.0000,1.799965
PHY_EDGE_ROW_69_Left_173,VPWR,li1,6.2100,198.5600,1.799953
PHY_EDGE_ROW_68_Left_172,VPWR,li1,6.2100,198.5600,1.799953
PHY_EDGE_ROW_67_Left_171,VPWR,li1,6.2100,193.1200,1.799961
PHY_EDGE_ROW_66_Left_170,VPWR,li1,6.2100,193.1200,1.799961
PHY_EDGE_ROW_65_Left_169,VPWR,li1,6.2100,187.6800,1.799975
PHY_EDGE_ROW_64_Left_168,VPWR,li1,6.2100,187.6800,1.799975
PHY_EDGE_ROW_63_Left_167,VPWR,li1,6.2100,182.2400,1.799973
PHY_EDGE_ROW_62_Left_166,VPWR,li1,6.2100,182.2400,1.799973
PHY_EDGE_ROW_61_Left_165,VPWR,li1,6.2100,176.8000,1.799976
PHY_EDGE_ROW_60_Left_164,VPWR,li1,6.2100,176.8000,1.799976
PHY_EDGE_ROW_59_Left_163,VPWR,li1,6.2100,171.3600,1.799983
PHY_EDGE_ROW_58_Left_162,VPWR,li1,6.2100,171.3600,1.799983
PHY_EDGE_ROW_57_Left_161,VPWR,li1,6.2100,165.9200,1.799976
PHY_EDGE_ROW_56_Left_160,VPWR,li1,6.2100,165.9200,1.799976
PHY_EDGE_ROW_55_Left_159,VPWR,li1,6.2100,160.4800,1.799986
PHY_EDGE_ROW_54_Left_158,VPWR,li1,6.2100,160.4800,1.799986
PHY_EDGE_ROW_53_Left_157,VPWR,li1,6.2100,155.0400,1.799986
PHY_EDGE_ROW_52_Left_156,VPWR,li1,6.2100,155.0400,1.799986
PHY_EDGE_ROW_51_Left_155,VPWR,li1,6.2100,149.6000,1.799975
PHY_EDGE_ROW_50_Left_154,VPWR,li1,6.2100,149.6000,1.799975
PHY_EDGE_ROW_49_Left_153,VPWR,li1,6.2100,144.1600,1.799970
PHY_EDGE_ROW_48_Left_152,VPWR,li1,6.2100,144.1600,1.799970
PHY_EDGE_ROW_47_Left_151,VPWR,li1,6.2100,138.7200,1.799964
PHY_EDGE_ROW_46_Left_150,VPWR,li1,6.2100,138.7200,1.799964
PHY_EDGE_ROW_45_Left_149,VPWR,li1,6.2100,133.2800,1.799969
PHY_EDGE_ROW_44_Left_148,VPWR,li1,6.2100,133.2800,1.799969
PHY_EDGE_ROW_43_Left_147,VPWR,li1,6.2100,127.8400,1.799981
PHY_EDGE_ROW_42_Left_146,VPWR,li1,6.2100,127.8400,1.799981
PHY_EDGE_ROW_41_Left_145,VPWR,li1,6.2100,122.4000,1.799979
PHY_EDGE_ROW_40_Left_144,VPWR,li1,6.2100,122.4000,1.799979
PHY_EDGE_ROW_39_Left_143,VPWR,li1,6.2100,116.9600,1.799972
PHY_EDGE_ROW_38_Left_142,VPWR,li1,6.2100,116.9600,1.799972
PHY_EDGE_ROW_37_Left_141,VPWR,li1,6.2100,111.5200,1.799977
PHY_EDGE_ROW_36_Left_140,VPWR,li1,6.2100,111.5200,1.799977
PHY_EDGE_ROW_35_Left_139,VPWR,li1,6.2100,106.0800,1.799973
PHY_EDGE_ROW_34_Left_138,VPWR,li1,6.2100,106.0800,1.799973
PHY_EDGE_ROW_33_Left_137,VPWR,li1,6.2100,100.6400,1.799950
PHY_EDGE_ROW_32_Left_136,VPWR,li1,6.2100,100.6400,1.799950
PHY_EDGE_ROW_31_Left_135,VPWR,li1,6.2100,95.2000,1.799974
PHY_EDGE_ROW_30_Left_134,VPWR,li1,6.2100,95.2000,1.799974
PHY_EDGE_ROW_29_Left_133,VPWR,li1,6.2100,89.7600,1.799982
PHY_EDGE_ROW_28_Left_132,VPWR,li1,6.2100,89.7600,1.799982
PHY_EDGE_ROW_27_Left_131,VPWR,li1,6.2100,84.3200,1.799975
PHY_EDGE_ROW_26_Left_130,VPWR,li1,6.2100,84.3200,1.799975
PHY_EDGE_ROW_25_Left_129,VPWR,li1,6.2100,78.8800,1.799974
PHY_EDGE_ROW_24_Left_128,VPWR,li1,6.2100,78.8800,1.799974
PHY_EDGE_ROW_23_Left_127,VPWR,li1,6.2100,73.4400,1.799970
PHY_EDGE_ROW_22_Left_126,VPWR,li1,6.2100,73.4400,1.799970
PHY_EDGE_ROW_21_Left_125,VPWR,li1,6.2100,68.0000,1.799973
PHY_EDGE_ROW_20_Left_124,VPWR,li1,6.2100,68.0000,1.799973
PHY_EDGE_ROW_19_Left_123,VPWR,li1,6.2100,62.5600,1.799964
PHY_EDGE_ROW_18_Left_122,VPWR,li1,6.2100,62.5600,1.799964
PHY_EDGE_ROW_17_Left_121,VPWR,li1,6.2100,57.1200,1.799952
PHY_EDGE_ROW_16_Left_120,VPWR,li1,6.2100,57.1200,1.799952
PHY_EDGE_ROW_15_Left_119,VPWR,li1,6.2100,51.6800,1.799958
PHY_EDGE_ROW_14_Left_118,VPWR,li1,6.2100,51.6800,1.799958
PHY_EDGE_ROW_13_Left_117,VPWR,li1,6.2100,46.2400,1.799957
PHY_EDGE_ROW_12_Left_116,VPWR,li1,6.2100,46.2400,1.799957
PHY_EDGE_ROW_11_Left_115,VPWR,li1,6.2100,40.8000,1.799965
PHY_EDGE_ROW_10_Left_114,VPWR,li1,6.2100,40.8000,1.799965
PHY_EDGE_ROW_9_Left_113,VPWR,li1,6.2100,35.3600,1.799968
PHY_EDGE_ROW_8_Left_112,VPWR,li1,6.2100,35.3600,1.799968
PHY_EDGE_ROW_7_Left_111,VPWR,li1,6.2100,29.9200,1.799955
PHY_EDGE_ROW_6_Left_110,VPWR,li1,6.2100,29.9200,1.799955
PHY_EDGE_ROW_5_Left_109,VPWR,li1,6.2100,24.4800,1.799963
PHY_EDGE_ROW_4_Left_108,VPWR,li1,6.2100,24.4800,1.799963
PHY_EDGE_ROW_3_Left_107,VPWR,li1,6.2100,19.0400,1.799964
PHY_EDGE_ROW_2_Left_106,VPWR,li1,6.2100,19.0400,1.799964
PHY_EDGE_ROW_1_Left_105,VPWR,li1,6.2100,13.6000,1.799960
PHY_EDGE_ROW_0_Left_104,VPWR,li1,6.2100,13.6000,1.799960
PHY_EDGE_ROW_103_Right_103,VPWR,li1,287.7300,291.0400,1.799963
PHY_EDGE_ROW_102_Right_102,VPWR,li1,287.7300,291.0400,1.799963
PHY_EDGE_ROW_101_Right_101,VPWR,li1,287.7300,285.6000,1.799965
PHY_EDGE_ROW_100_Right_100,VPWR,li1,287.7300,285.6000,1.799965
PHY_EDGE_ROW_99_Right_99,VPWR,li1,287.7300,280.1600,1.799918
PHY_EDGE_ROW_98_Right_98,VPWR,li1,287.7300,280.1600,1.799918
PHY_EDGE_ROW_97_Right_97,VPWR,li1,287.7300,274.7200,1.799942
PHY_EDGE_ROW_96_Right_96,VPWR,li1,287.7300,274.7200,1.799942
PHY_EDGE_ROW_95_Right_95,VPWR,li1,287.7300,269.2800,1.799965
PHY_EDGE_ROW_94_Right_94,VPWR,li1,287.7300,269.2800,1.799965
PHY_EDGE_ROW_93_Right_93,VPWR,li1,287.7300,263.8400,1.799969
PHY_EDGE_ROW_92_Right_92,VPWR,li1,287.7300,263.8400,1.799969
PHY_EDGE_ROW_91_Right_91,VPWR,li1,287.7300,258.4000,1.799949
PHY_EDGE_ROW_90_Right_90,VPWR,li1,287.7300,258.4000,1.799949
PHY_EDGE_ROW_89_Right_89,VPWR,li1,287.7300,252.9600,1.799923
PHY_EDGE_ROW_88_Right_88,VPWR,li1,287.7300,252.9600,1.799923
PHY_EDGE_ROW_87_Right_87,VPWR,li1,287.7300,247.5200,1.799915
PHY_EDGE_ROW_86_Right_86,VPWR,li1,287.7300,247.5200,1.799915
PHY_EDGE_ROW_85_Right_85,VPWR,li1,287.7300,242.0800,1.799940
PHY_EDGE_ROW_84_Right_84,VPWR,li1,287.7300,242.0800,1.799940
PHY_EDGE_ROW_83_Right_83,VPWR,li1,287.7300,236.6400,1.799925
PHY_EDGE_ROW_82_Right_82,VPWR,li1,287.7300,236.6400,1.799925
PHY_EDGE_ROW_81_Right_81,VPWR,li1,287.7300,231.2000,1.799950
PHY_EDGE_ROW_80_Right_80,VPWR,li1,287.7300,231.2000,1.799950
PHY_EDGE_ROW_79_Right_79,VPWR,li1,287.7300,225.7600,1.799959
PHY_EDGE_ROW_78_Right_78,VPWR,li1,287.7300,225.7600,1.799959
PHY_EDGE_ROW_77_Right_77,VPWR,li1,287.7300,220.3200,1.799911
PHY_EDGE_ROW_76_Right_76,VPWR,li1,287.7300,220.3200,1.799911
PHY_EDGE_ROW_75_Right_75,VPWR,li1,287.7300,214.8800,1.799965
PHY_EDGE_ROW_74_Right_74,VPWR,li1,287.7300,214.8800,1.799965
PHY_EDGE_ROW_73_Right_73,VPWR,li1,287.7300,209.4400,1.799949
PHY_EDGE_ROW_72_Right_72,VPWR,li1,287.7300,209.4400,1.799949
PHY_EDGE_ROW_71_Right_71,VPWR,li1,287.7300,204.0000,1.799953
PHY_EDGE_ROW_70_Right_70,VPWR,li1,287.7300,204.0000,1.799953
PHY_EDGE_ROW_69_Right_69,VPWR,li1,287.7300,198.5600,1.799951
PHY_EDGE_ROW_68_Right_68,VPWR,li1,287.7300,198.5600,1.799951
PHY_EDGE_ROW_67_Right_67,VPWR,li1,287.7300,193.1200,1.799924
PHY_EDGE_ROW_66_Right_66,VPWR,li1,287.7300,193.1200,1.799924
PHY_EDGE_ROW_65_Right_65,VPWR,li1,287.7300,187.6800,1.799972
PHY_EDGE_ROW_64_Right_64,VPWR,li1,287.7300,187.6800,1.799972
PHY_EDGE_ROW_63_Right_63,VPWR,li1,287.7300,182.2400,1.799937
PHY_EDGE_ROW_62_Right_62,VPWR,li1,287.7300,182.2400,1.799937
PHY_EDGE_ROW_61_Right_61,VPWR,li1,287.7300,176.8000,1.799973
PHY_EDGE_ROW_60_Right_60,VPWR,li1,287.7300,176.8000,1.799973
PHY_EDGE_ROW_59_Right_59,VPWR,li1,287.7300,171.3600,1.799964
PHY_EDGE_ROW_58_Right_58,VPWR,li1,287.7300,171.3600,1.799964
PHY_EDGE_ROW_57_Right_57,VPWR,li1,287.7300,165.9200,1.799910
PHY_EDGE_ROW_56_Right_56,VPWR,li1,287.7300,165.9200,1.799910
PHY_EDGE_ROW_55_Right_55,VPWR,li1,287.7300,160.4800,1.799929
PHY_EDGE_ROW_54_Right_54,VPWR,li1,287.7300,160.4800,1.799929
PHY_EDGE_ROW_53_Right_53,VPWR,li1,287.7300,155.0400,1.799974
PHY_EDGE_ROW_52_Right_52,VPWR,li1,287.7300,155.0400,1.799974
PHY_EDGE_ROW_51_Right_51,VPWR,li1,287.7300,149.6000,1.799968
PHY_EDGE_ROW_50_Right_50,VPWR,li1,287.7300,149.6000,1.799968
PHY_EDGE_ROW_49_Right_49,VPWR,li1,287.7300,144.1600,1.799960
PHY_EDGE_ROW_48_Right_48,VPWR,li1,287.7300,144.1600,1.799960
PHY_EDGE_ROW_47_Right_47,VPWR,li1,287.7300,138.7200,1.799959
PHY_EDGE_ROW_46_Right_46,VPWR,li1,287.7300,138.7200,1.799959
PHY_EDGE_ROW_45_Right_45,VPWR,li1,287.7300,133.2800,1.799973
PHY_EDGE_ROW_44_Right_44,VPWR,li1,287.7300,133.2800,1.799973
PHY_EDGE_ROW_43_Right_43,VPWR,li1,287.7300,127.8400,1.799975
PHY_EDGE_ROW_42_Right_42,VPWR,li1,287.7300,127.8400,1.799975
PHY_EDGE_ROW_41_Right_41,VPWR,li1,287.7300,122.4000,1.799981
PHY_EDGE_ROW_40_Right_40,VPWR,li1,287.7300,122.4000,1.799981
PHY_EDGE_ROW_39_Right_39,VPWR,li1,287.7300,116.9600,1.799969
PHY_EDGE_ROW_38_Right_38,VPWR,li1,287.7300,116.9600,1.799969
PHY_EDGE_ROW_37_Right_37,VPWR,li1,287.7300,111.5200,1.799976
PHY_EDGE_ROW_36_Right_36,VPWR,li1,287.7300,111.5200,1.799976
PHY_EDGE_ROW_35_Right_35,VPWR,li1,287.7300,106.0800,1.799973
PHY_EDGE_ROW_34_Right_34,VPWR,li1,287.7300,106.0800,1.799973
PHY_EDGE_ROW_33_Right_33,VPWR,li1,287.7300,100.6400,1.799958
PHY_EDGE_ROW_32_Right_32,VPWR,li1,287.7300,100.6400,1.799958
PHY_EDGE_ROW_31_Right_31,VPWR,li1,287.7300,95.2000,1.799963
PHY_EDGE_ROW_30_Right_30,VPWR,li1,287.7300,95.2000,1.799963
PHY_EDGE_ROW_29_Right_29,VPWR,li1,287.7300,89.7600,1.799916
PHY_EDGE_ROW_28_Right_28,VPWR,li1,287.7300,89.7600,1.799916
PHY_EDGE_ROW_27_Right_27,VPWR,li1,287.7300,84.3200,1.799961
PHY_EDGE_ROW_26_Right_26,VPWR,li1,287.7300,84.3200,1.799961
PHY_EDGE_ROW_25_Right_25,VPWR,li1,287.7300,78.8800,1.799985
PHY_EDGE_ROW_24_Right_24,VPWR,li1,287.7300,78.8800,1.799985
PHY_EDGE_ROW_23_Right_23,VPWR,li1,287.7300,73.4400,1.799993
PHY_EDGE_ROW_22_Right_22,VPWR,li1,287.7300,73.4400,1.799993
PHY_EDGE_ROW_21_Right_21,VPWR,li1,287.7300,68.0000,1.799978
PHY_EDGE_ROW_20_Right_20,VPWR,li1,287.7300,68.0000,1.799978
PHY_EDGE_ROW_19_Right_19,VPWR,li1,287.7300,62.5600,1.799939
PHY_EDGE_ROW_18_Right_18,VPWR,li1,287.7300,62.5600,1.799939
PHY_EDGE_ROW_17_Right_17,VPWR,li1,287.7300,57.1200,1.799938
PHY_EDGE_ROW_16_Right_16,VPWR,li1,287.7300,57.1200,1.799938
PHY_EDGE_ROW_15_Right_15,VPWR,li1,287.7300,51.6800,1.799957
PHY_EDGE_ROW_14_Right_14,VPWR,li1,287.7300,51.6800,1.799957
PHY_EDGE_ROW_13_Right_13,VPWR,li1,287.7300,46.2400,1.799948
PHY_EDGE_ROW_12_Right_12,VPWR,li1,287.7300,46.2400,1.799948
PHY_EDGE_ROW_11_Right_11,VPWR,li1,287.7300,40.8000,1.799966
PHY_EDGE_ROW_10_Right_10,VPWR,li1,287.7300,40.8000,1.799966
PHY_EDGE_ROW_9_Right_9,VPWR,li1,287.7300,35.3600,1.799966
PHY_EDGE_ROW_8_Right_8,VPWR,li1,287.7300,35.3600,1.799966
PHY_EDGE_ROW_7_Right_7,VPWR,li1,287.7300,29.9200,1.799980
PHY_EDGE_ROW_6_Right_6,VPWR,li1,287.7300,29.9200,1.799980
PHY_EDGE_ROW_5_Right_5,VPWR,li1,287.7300,24.4800,1.799983
PHY_EDGE_ROW_4_Right_4,VPWR,li1,287.7300,24.4800,1.799983
PHY_EDGE_ROW_3_Right_3,VPWR,li1,287.7300,19.0400,1.799983
PHY_EDGE_ROW_2_Right_2,VPWR,li1,287.7300,19.0400,1.799983
PHY_EDGE_ROW_1_Right_1,VPWR,li1,287.7300,13.6000,1.799973
PHY_EDGE_ROW_0_Right_0,VPWR,li1,287.7300,13.6000,1.799973
_7611_,VPWR,li1,162.6100,24.4800,1.799956
_7610_,VPWR,li1,220.5700,35.3600,1.799955
_7609_,VPWR,li1,219.1900,29.9200,1.799962
_7608_,VPWR,li1,238.9700,46.2400,1.799893
_7607_,VPWR,li1,230.2300,35.3600,1.799943
_7606_,VPWR,li1,282.2100,46.2400,1.799948
_7605_,VPWR,li1,282.2100,51.6800,1.799958
_7604_,VPWR,li1,280.3700,46.2400,1.799949
_7603_,VPWR,li1,268.4100,35.3600,1.799953
_7602_,VPWR,li1,271.1700,35.3600,1.799955
_7601_,VPWR,li1,262.8900,40.8000,1.799953
_7600_,VPWR,li1,258.2900,24.4800,1.799968
_7599_,VPWR,li1,258.2900,29.9200,1.799969
_7598_,VPWR,li1,255.5300,35.3600,1.799960
_7597_,VPWR,li1,229.7700,35.3600,1.799943
_7596_,VPWR,li1,211.8300,35.3600,1.799927
_7595_,VPWR,li1,172.2700,35.3600,1.799949
_7594_,VPWR,li1,191.1300,13.6000,1.799956
_7593_,VPWR,li1,165.8300,24.4800,1.799952
_7592_,VPWR,li1,155.2500,24.4800,1.799949
_7591_,VPWR,li1,142.8300,19.0400,1.799959
_7590_,VPWR,li1,116.1500,35.3600,1.799950
_7589_,VPWR,li1,85.7900,19.0400,1.799945
_7588_,VPWR,li1,100.9700,24.4800,1.799954
_7587_,VPWR,li1,39.3300,13.6000,1.799951
_7586_,VPWR,li1,48.9900,13.6000,1.799934
_7585_,VPWR,li1,27.8300,24.4800,1.799934
_7584_,VPWR,li1,17.7100,84.3200,1.799960
_7583_,VPWR,li1,25.9900,19.0400,1.799932
_7582_,VPWR,li1,11.7300,78.8800,1.799966
_7581_,VPWR,li1,25.9900,171.3600,1.799965
_7580_,VPWR,li1,13.5700,100.6400,1.799930
_7579_,VPWR,li1,177.7900,176.8000,1.799956
_7578_,VPWR,li1,178.2500,160.4800,1.799936
_7577_,VPWR,li1,229.7700,176.8000,1.799941
_7576_,VPWR,li1,177.3300,155.0400,1.799964
_7575_,VPWR,li1,221.0300,176.8000,1.799964
_7574_,VPWR,li1,230.6900,176.8000,1.799941
_7573_,VPWR,li1,226.5500,182.2400,1.799929
_7572_,VPWR,li1,229.7700,182.2400,1.799927
_7571_,VPWR,li1,199.8700,176.8000,1.799969
_7570_,VPWR,li1,218.2700,171.3600,1.799946
_7569_,VPWR,li1,173.1900,160.4800,1.799943
_7568_,VPWR,li1,187.9100,182.2400,1.799908
_7567_,VPWR,li1,210.9100,176.8000,1.799967
_7566_,VPWR,li1,185.1500,176.8000,1.799965
_7565_,VPWR,li1,165.3700,176.8000,1.799946
_7564_,VPWR,li1,161.6900,160.4800,1.799967
_7563_,VPWR,li1,153.8700,165.9200,1.799962
_7562_,VPWR,li1,162.1500,165.9200,1.799957
_7561_,VPWR,li1,123.9700,155.0400,1.799915
_7560_,VPWR,li1,89.0100,100.6400,1.799963
_7559_,VPWR,li1,141.9100,155.0400,1.799945
_7558_,VPWR,li1,109.7100,155.0400,1.799899
_7557_,VPWR,li1,142.3700,165.9200,1.799962
_7556_,VPWR,li1,117.0700,165.9200,1.799952
_7555_,VPWR,li1,102.8100,165.9200,1.799953
_7554_,VPWR,li1,118.4500,160.4800,1.799966
_7553_,VPWR,li1,16.3300,171.3600,1.799973
_7552_,VPWR,li1,11.7300,160.4800,1.799986
_7551_,VPWR,li1,12.6500,176.8000,1.799970
_7550_,VPWR,li1,13.5700,171.3600,1.799977
_7549_,VPWR,li1,11.7300,138.7200,1.799964
_7548_,VPWR,li1,12.1900,155.0400,1.799981
_7547_,VPWR,li1,159.8500,19.0400,1.799964
_7546_,VPWR,li1,193.8900,57.1200,1.799932
_7545_,VPWR,li1,218.7300,40.8000,1.799957
_7544_,VPWR,li1,238.0500,40.8000,1.799945
_7543_,VPWR,li1,228.3900,40.8000,1.799948
_7542_,VPWR,li1,281.7500,62.5600,1.799939
_7541_,VPWR,li1,281.2900,62.5600,1.799939
_7540_,VPWR,li1,275.3100,57.1200,1.799916
_7539_,VPWR,li1,267.4900,46.2400,1.799901
_7538_,VPWR,li1,277.1500,51.6800,1.799940
_7537_,VPWR,li1,182.3900,46.2400,1.799935
_7536_,VPWR,li1,256.9100,46.2400,1.799911
_7535_,VPWR,li1,251.8500,46.2400,1.799934
_7534_,VPWR,li1,242.6500,51.6800,1.799931
_7533_,VPWR,li1,180.5500,51.6800,1.799936
_7532_,VPWR,li1,192.0500,40.8000,1.799959
_7531_,VPWR,li1,165.3700,40.8000,1.799953
_7530_,VPWR,li1,178.2500,40.8000,1.799947
_7529_,VPWR,li1,129.4900,46.2400,1.799961
_7528_,VPWR,li1,132.7100,46.2400,1.799953
_7527_,VPWR,li1,135.0100,35.3600,1.799952
_7526_,VPWR,li1,142.3700,46.2400,1.799940
_7525_,VPWR,li1,88.5500,13.6000,1.799936
_7524_,VPWR,li1,94.9900,29.9200,1.799925
_7523_,VPWR,li1,12.6500,13.6000,1.799948
_7522_,VPWR,li1,33.3500,19.0400,1.799930
_7521_,VPWR,li1,11.7300,95.2000,1.799974
_7520_,VPWR,li1,11.7300,116.9600,1.799972
_7519_,VPWR,li1,26.4500,13.6000,1.799913
_7518_,VPWR,li1,12.1900,106.0800,1.799973
_7517_,VPWR,li1,25.5300,106.0800,1.799953
_7516_,VPWR,li1,13.1100,111.5200,1.799970
_7515_,VPWR,li1,115.2300,57.1200,1.799915
_7514_,VPWR,li1,203.5500,122.4000,1.799955
_7513_,VPWR,li1,245.4100,155.0400,1.799977
_7512_,VPWR,li1,252.3100,160.4800,1.799929
_7511_,VPWR,li1,261.9700,144.1600,1.799951
_7510_,VPWR,li1,252.3100,111.5200,1.799974
_7509_,VPWR,li1,261.0500,176.8000,1.799942
_7508_,VPWR,li1,261.0500,160.4800,1.799863
_7507_,VPWR,li1,232.5300,116.9600,1.799954
_7506_,VPWR,li1,270.2500,106.0800,1.799955
_7505_,VPWR,li1,187.9100,73.4400,1.799969
_7504_,VPWR,li1,232.0700,57.1200,1.799904
_7503_,VPWR,li1,216.8900,57.1200,1.799924
_7502_,VPWR,li1,212.2900,46.2400,1.799924
_7501_,VPWR,li1,180.5500,62.5600,1.799931
_7500_,VPWR,li1,201.2500,51.6800,1.799938
_7499_,VPWR,li1,171.8100,57.1200,1.799912
_7498_,VPWR,li1,175.0300,40.8000,1.799947
_7497_,VPWR,li1,160.3100,46.2400,1.799955
_7496_,VPWR,li1,158.0100,35.3600,1.799960
_7495_,VPWR,li1,146.9700,29.9200,1.799933
_7494_,VPWR,li1,140.9900,57.1200,1.799915
_7493_,VPWR,li1,148.8100,127.8400,1.799954
_7492_,VPWR,li1,101.8900,51.6800,1.799954
_7491_,VPWR,li1,46.2300,171.3600,1.799958
_7490_,VPWR,li1,56.8100,182.2400,1.799933
_7489_,VPWR,li1,20.0100,155.0400,1.799972
_7488_,VPWR,li1,18.6300,160.4800,1.799977
_7487_,VPWR,li1,25.9900,138.7200,1.799924
_7486_,VPWR,li1,11.7300,133.2800,1.799969
_7485_,VPWR,li1,26.4500,127.8400,1.799961
_7484_,VPWR,li1,22.3100,133.2800,1.799947
_7483_,VPWR,li1,129.4900,57.1200,1.799930
_7482_,VPWR,li1,192.9700,111.5200,1.799963
_7481_,VPWR,li1,239.4300,122.4000,1.799960
_7480_,VPWR,li1,242.6500,57.1200,1.799893
_7479_,VPWR,li1,217.8100,116.9600,1.799957
_7478_,VPWR,li1,262.8900,116.9600,1.799962
_7477_,VPWR,li1,261.5100,95.2000,1.799950
_7476_,VPWR,li1,268.4100,111.5200,1.799970
_7475_,VPWR,li1,209.0700,122.4000,1.799957
_7474_,VPWR,li1,255.0700,57.1200,1.799918
_7473_,VPWR,li1,190.2100,51.6800,1.799953
_7472_,VPWR,li1,220.5700,46.2400,1.799937
_7471_,VPWR,li1,204.4700,62.5600,1.799932
_7470_,VPWR,li1,229.7700,51.6800,1.799932
_7469_,VPWR,li1,196.1900,57.1200,1.799928
_7468_,VPWR,li1,192.9700,68.0000,1.799975
_7467_,VPWR,li1,162.1500,51.6800,1.799954
_7466_,VPWR,li1,173.6500,46.2400,1.799930
_7465_,VPWR,li1,144.2100,51.6800,1.799948
_7464_,VPWR,li1,123.9700,35.3600,1.799956
_7463_,VPWR,li1,122.1300,51.6800,1.799953
_7462_,VPWR,li1,112.0100,106.0800,1.799970
_7461_,VPWR,li1,113.8500,133.2800,1.799952
_7460_,VPWR,li1,105.1100,46.2400,1.799967
_7459_,VPWR,li1,55.4300,171.3600,1.799947
_7458_,VPWR,li1,63.7100,187.6800,1.799921
_7457_,VPWR,li1,16.7900,127.8400,1.799965
_7456_,VPWR,li1,20.0100,111.5200,1.799961
_7455_,VPWR,li1,30.1300,133.2800,1.799944
_7454_,VPWR,li1,20.0100,116.9600,1.799955
_7453_,VPWR,li1,33.3500,111.5200,1.799963
_7452_,VPWR,li1,25.5300,116.9600,1.799952
_7451_,VPWR,li1,155.2500,57.1200,1.799927
_7450_,VPWR,li1,193.8900,122.4000,1.799961
_7449_,VPWR,li1,245.8700,149.6000,1.799963
_7448_,VPWR,li1,249.0900,171.3600,1.799963
_7447_,VPWR,li1,236.6700,149.6000,1.799959
_7446_,VPWR,li1,259.6700,127.8400,1.799960
_7445_,VPWR,li1,260.5900,171.3600,1.799948
_7444_,VPWR,li1,262.4300,149.6000,1.799954
_7443_,VPWR,li1,206.7700,116.9600,1.799941
_7442_,VPWR,li1,215.5100,116.9600,1.799952
_7441_,VPWR,li1,183.3100,68.0000,1.799969
_7440_,VPWR,li1,213.2100,51.6800,1.799939
_7439_,VPWR,li1,205.8500,57.1200,1.799918
_7438_,VPWR,li1,206.7700,40.8000,1.799945
_7437_,VPWR,li1,183.7700,57.1200,1.799911
_7436_,VPWR,li1,198.0300,46.2400,1.799929
_7435_,VPWR,li1,167.2100,62.5600,1.799929
_7434_,VPWR,li1,166.2900,51.6800,1.799943
_7433_,VPWR,li1,137.7700,51.6800,1.799953
_7432_,VPWR,li1,152.4900,51.6800,1.799948
_7431_,VPWR,li1,159.3900,111.5200,1.799977
_7430_,VPWR,li1,111.0900,111.5200,1.799941
_7429_,VPWR,li1,142.8300,144.1600,1.799969
_7428_,VPWR,li1,103.7300,122.4000,1.799950
_7427_,VPWR,li1,47.6100,165.9200,1.799960
_7426_,VPWR,li1,46.6900,160.4800,1.799971
_7425_,VPWR,li1,22.7700,149.6000,1.799954
_7424_,VPWR,li1,13.5700,149.6000,1.799967
_7423_,VPWR,li1,42.0900,176.8000,1.799958
_7422_,VPWR,li1,13.5700,144.1600,1.799964
_7421_,VPWR,li1,23.6900,106.0800,1.799954
_7420_,VPWR,li1,12.6500,133.2800,1.799963
_7419_,VPWR,li1,178.2500,138.7200,1.799966
_7418_,VPWR,li1,194.3500,116.9600,1.799948
_7417_,VPWR,li1,234.8300,138.7200,1.799969
_7416_,VPWR,li1,243.5700,144.1600,1.799959
_7415_,VPWR,li1,229.7700,122.4000,1.799959
_7414_,VPWR,li1,241.2700,133.2800,1.799924
_7413_,VPWR,li1,253.6900,182.2400,1.799923
_7412_,VPWR,li1,252.7700,176.8000,1.799947
_7411_,VPWR,li1,232.5300,127.8400,1.799949
_7410_,VPWR,li1,242.6500,111.5200,1.799965
_7409_,VPWR,li1,193.4300,116.9600,1.799948
_7408_,VPWR,li1,244.9500,116.9600,1.799959
_7407_,VPWR,li1,249.5500,193.1200,1.799949
_7406_,VPWR,li1,219.6500,111.5200,1.799971
_7405_,VPWR,li1,181.0100,111.5200,1.799955
_7404_,VPWR,li1,197.5700,62.5600,1.799939
_7403_,VPWR,li1,178.2500,111.5200,1.799954
_7402_,VPWR,li1,174.1100,116.9600,1.799950
_7401_,VPWR,li1,161.6900,116.9600,1.799964
_7400_,VPWR,li1,163.0700,127.8400,1.799959
_7399_,VPWR,li1,155.2500,122.4000,1.799939
_7398_,VPWR,li1,148.3500,138.7200,1.799969
_7397_,VPWR,li1,139.6100,111.5200,1.799970
_7396_,VPWR,li1,49.4500,122.4000,1.799943
_7395_,VPWR,li1,49.4500,187.6800,1.799933
_7394_,VPWR,li1,52.2100,182.2400,1.799935
_7393_,VPWR,li1,26.4500,176.8000,1.799942
_7392_,VPWR,li1,37.9500,176.8000,1.799950
_7391_,VPWR,li1,27.3700,144.1600,1.799948
_7390_,VPWR,li1,37.0300,133.2800,1.799949
_7389_,VPWR,li1,31.9700,122.4000,1.799954
_7388_,VPWR,li1,36.5700,116.9600,1.799959
_7387_,VPWR,li1,184.2300,122.4000,1.799950
_7386_,VPWR,li1,191.1300,133.2800,1.799952
_7385_,VPWR,li1,239.8900,171.3600,1.799947
_7384_,VPWR,li1,224.2500,138.7200,1.799974
_7383_,VPWR,li1,222.8700,149.6000,1.799972
_7382_,VPWR,li1,229.7700,144.1600,1.799963
_7381_,VPWR,li1,229.7700,171.3600,1.799949
_7380_,VPWR,li1,247.7100,165.9200,1.799944
_7379_,VPWR,li1,202.1700,144.1600,1.799969
_7378_,VPWR,li1,216.8900,144.1600,1.799973
_7377_,VPWR,li1,181.0100,133.2800,1.799950
_7376_,VPWR,li1,193.8900,133.2800,1.799935
_7375_,VPWR,li1,209.0700,144.1600,1.799968
_7374_,VPWR,li1,191.5900,144.1600,1.799977
_7373_,VPWR,li1,174.1100,127.8400,1.799953
_7372_,VPWR,li1,191.1300,138.7200,1.799977
_7371_,VPWR,li1,143.2900,116.9600,1.799962
_7370_,VPWR,li1,139.1500,116.9600,1.799964
_7369_,VPWR,li1,128.5700,149.6000,1.799970
_7368_,VPWR,li1,131.3300,144.1600,1.799980
_7367_,VPWR,li1,131.7900,138.7200,1.799975
_7366_,VPWR,li1,120.2900,138.7200,1.799964
_7365_,VPWR,li1,129.4900,160.4800,1.799967
_7364_,VPWR,li1,117.9900,122.4000,1.799954
_7363_,VPWR,li1,65.0900,176.8000,1.799948
_7362_,VPWR,li1,65.0900,171.3600,1.799953
_7361_,VPWR,li1,31.0500,171.3600,1.799964
_7360_,VPWR,li1,28.7500,165.9200,1.799933
_7359_,VPWR,li1,46.2300,138.7200,1.799961
_7358_,VPWR,li1,37.9500,144.1600,1.799967
_7357_,VPWR,li1,39.7900,122.4000,1.799964
_7356_,VPWR,li1,29.2100,155.0400,1.799970
_7355_,VPWR,li1,166.2900,155.0400,1.799960
_7354_,VPWR,li1,178.2500,155.0400,1.799964
_7353_,VPWR,li1,239.8900,182.2400,1.799929
_7352_,VPWR,li1,218.7300,155.0400,1.799985
_7351_,VPWR,li1,229.7700,193.1200,1.799951
_7350_,VPWR,li1,239.4300,193.1200,1.799946
_7349_,VPWR,li1,236.6700,187.6800,1.799945
_7348_,VPWR,li1,239.4300,176.8000,1.799926
_7347_,VPWR,li1,204.0100,187.6800,1.799833
_7346_,VPWR,li1,216.8900,187.6800,1.799896
_7345_,VPWR,li1,178.2500,144.1600,1.799972
_7344_,VPWR,li1,209.9900,193.1200,1.799936
_7343_,VPWR,li1,212.7500,182.2400,1.799884
_7342_,VPWR,li1,177.3300,144.1600,1.799972
_7341_,VPWR,li1,167.6700,144.1600,1.799976
_7340_,VPWR,li1,200.7900,149.6000,1.799974
_7339_,VPWR,li1,152.4900,155.0400,1.799957
_7338_,VPWR,li1,158.0100,149.6000,1.799963
_7337_,VPWR,li1,126.7300,165.9200,1.799965
_7336_,VPWR,li1,140.5300,165.9200,1.799964
_7335_,VPWR,li1,153.4100,144.1600,1.799974
_7334_,VPWR,li1,103.7300,138.7200,1.799966
_7333_,VPWR,li1,142.3700,155.0400,1.799945
_7332_,VPWR,li1,122.1300,144.1600,1.799972
_7331_,VPWR,li1,13.5700,182.2400,1.799968
_7330_,VPWR,li1,39.3300,187.6800,1.799962
_7329_,VPWR,li1,23.6900,182.2400,1.799951
_7328_,VPWR,li1,29.6700,187.6800,1.799954
_7327_,VPWR,li1,14.9500,176.8000,1.799964
_7326_,VPWR,li1,13.1100,149.6000,1.799967
_7325_,VPWR,li1,13.1100,122.4000,1.799973
_7324_,VPWR,li1,11.7300,122.4000,1.799979
_7323_,VPWR,li1,18.1700,95.2000,1.799960
_7322_,VPWR,li1,11.7300,89.7600,1.799976
_7321_,VPWR,li1,200.7900,13.6000,1.799944
_7320_,VPWR,li1,209.5300,29.9200,1.799942
_7319_,VPWR,li1,227.4700,29.9200,1.799963
_7318_,VPWR,li1,242.6500,13.6000,1.799949
_7317_,VPWR,li1,232.5300,24.4800,1.799951
_7316_,VPWR,li1,281.7500,35.3600,1.799969
_7315_,VPWR,li1,282.2100,40.8000,1.799969
_7314_,VPWR,li1,277.1500,40.8000,1.799961
_7313_,VPWR,li1,260.5900,19.0400,1.799961
_7312_,VPWR,li1,270.2500,29.9200,1.799968
_7311_,VPWR,li1,202.6300,24.4800,1.799939
_7310_,VPWR,li1,252.3100,13.6000,1.799961
_7309_,VPWR,li1,255.0700,40.8000,1.799955
_7308_,VPWR,li1,245.4100,40.8000,1.799953
_7307_,VPWR,li1,204.9300,40.8000,1.799945
_7306_,VPWR,li1,197.1100,29.9200,1.799944
_7305_,VPWR,li1,165.3700,29.9200,1.799932
_7304_,VPWR,li1,178.7100,13.6000,1.799923
_7303_,VPWR,li1,175.9500,13.6000,1.799921
_7302_,VPWR,li1,145.5900,13.6000,1.799934
_7301_,VPWR,li1,140.9900,13.6000,1.799936
_7300_,VPWR,li1,116.6100,24.4800,1.799930
_7299_,VPWR,li1,98.2100,13.6000,1.799953
_7298_,VPWR,li1,100.5100,24.4800,1.799954
_7297_,VPWR,li1,16.7900,13.6000,1.799929
_7296_,VPWR,li1,53.1300,19.0400,1.799924
_7295_,VPWR,li1,11.7300,19.0400,1.799964
_7294_,VPWR,li1,11.7300,62.5600,1.799952
_7293_,VPWR,li1,11.7300,24.4800,1.799953
_7292_,VPWR,li1,11.7300,57.1200,1.799941
_7291_,VPWR,li1,220.5700,231.2000,1.799933
_7290_,VPWR,li1,157.0900,231.2000,1.799854
_7289_,VPWR,li1,174.5700,269.2800,1.799842
_7288_,VPWR,li1,215.9700,269.2800,1.799939
_7287_,VPWR,li1,190.2100,231.2000,1.799903
_7286_,VPWR,li1,198.0300,274.7200,1.799903
_7285_,VPWR,li1,164.4500,269.2800,1.799872
_7284_,VPWR,li1,211.8300,198.5600,1.799903
_7283_,VPWR,li1,232.0700,198.5600,1.799882
_7282_,VPWR,li1,250.9300,225.7600,1.799957
_7281_,VPWR,li1,270.7100,214.8800,1.799945
_7280_,VPWR,li1,240.8100,252.9600,1.799902
_7279_,VPWR,li1,267.4900,252.9600,1.799895
_7278_,VPWR,li1,273.4700,204.0000,1.799924
_7277_,VPWR,li1,232.5300,247.5200,1.799788
_7276_,VPWR,li1,117.5300,247.5200,1.799915
_7275_,VPWR,li1,61.4100,242.0800,1.799904
_7274_,VPWR,li1,37.9500,291.0400,1.799948
_7273_,VPWR,li1,104.6500,285.6000,1.799929
_7272_,VPWR,li1,22.7700,258.4000,1.799919
_7271_,VPWR,li1,99.5900,280.1600,1.799921
_7270_,VPWR,li1,51.2900,285.6000,1.799851
_7269_,VPWR,li1,115.6900,258.4000,1.799908
_7268_,VPWR,li1,74.2900,220.3200,1.799935
_7267_,VPWR,li1,23.2300,225.7600,1.799927
_7266_,VPWR,li1,23.2300,214.8800,1.799928
_7265_,VPWR,li1,22.7700,193.1200,1.799915
_7264_,VPWR,li1,113.8500,214.8800,1.799909
_7263_,VPWR,li1,215.9700,231.2000,1.799917
_7262_,VPWR,li1,158.9300,236.6400,1.799910
_7261_,VPWR,li1,182.3900,269.2800,1.799854
_7260_,VPWR,li1,220.5700,263.8400,1.799941
_7259_,VPWR,li1,190.2100,263.8400,1.799942
_7258_,VPWR,li1,203.0900,263.8400,1.799907
_7257_,VPWR,li1,159.3900,269.2800,1.799893
_7256_,VPWR,li1,220.5700,204.0000,1.799911
_7255_,VPWR,li1,229.7700,204.0000,1.799886
_7254_,VPWR,li1,255.5300,231.2000,1.799903
_7253_,VPWR,li1,283.1300,220.3200,1.799914
_7252_,VPWR,li1,242.1900,236.6400,1.799923
_7251_,VPWR,li1,264.7300,236.6400,1.799907
_7250_,VPWR,li1,283.1300,198.5600,1.799951
_7249_,VPWR,li1,228.8500,236.6400,1.799926
_7248_,VPWR,li1,104.6500,231.2000,1.799853
_7247_,VPWR,li1,14.0300,274.7200,1.799927
_7246_,VPWR,li1,19.0900,285.6000,1.799889
_7245_,VPWR,li1,88.0900,280.1600,1.799900
_7244_,VPWR,li1,10.8100,252.9600,1.799920
_7243_,VPWR,li1,78.4300,274.7200,1.799888
_7242_,VPWR,li1,30.1300,285.6000,1.799878
_7241_,VPWR,li1,92.6900,252.9600,1.799876
_7240_,VPWR,li1,87.6300,225.7600,1.799810
_7239_,VPWR,li1,18.1700,231.2000,1.799953
_7238_,VPWR,li1,25.5300,209.4400,1.799890
_7237_,VPWR,li1,25.0700,198.5600,1.799890
_7236_,VPWR,li1,115.2300,225.7600,1.799880
_7235_,VPWR,li1,164.4500,220.3200,1.799942
_7234_,VPWR,li1,155.2500,280.1600,1.799904
_7233_,VPWR,li1,163.9900,280.1600,1.799933
_7232_,VPWR,li1,215.9700,280.1600,1.799919
_7231_,VPWR,li1,191.5900,269.2800,1.799908
_7230_,VPWR,li1,206.7700,274.7200,1.799894
_7229_,VPWR,li1,155.2500,274.7200,1.799882
_7228_,VPWR,li1,205.3900,198.5600,1.799908
_7227_,VPWR,li1,185.6100,220.3200,1.799929
_7226_,VPWR,li1,247.7100,209.4400,1.799931
_7225_,VPWR,li1,264.7300,209.4400,1.799907
_7224_,VPWR,li1,244.0300,231.2000,1.799895
_7223_,VPWR,li1,263.3500,225.7600,1.799927
_7222_,VPWR,li1,263.3500,198.5600,1.799888
_7221_,VPWR,li1,229.7700,214.8800,1.799922
_7220_,VPWR,li1,130.4100,231.2000,1.799882
_7219_,VPWR,li1,14.4900,269.2800,1.799941
_7218_,VPWR,li1,27.3700,274.7200,1.799895
_7217_,VPWR,li1,138.6900,269.2800,1.799850
_7216_,VPWR,li1,10.8100,258.4000,1.799954
_7215_,VPWR,li1,127.1900,263.8400,1.799950
_7214_,VPWR,li1,104.6500,263.8400,1.799939
_7213_,VPWR,li1,106.0300,258.4000,1.799911
_7212_,VPWR,li1,69.2300,198.5600,1.799861
_7211_,VPWR,li1,10.8100,231.2000,1.799968
_7210_,VPWR,li1,10.8100,204.0000,1.799957
_7209_,VPWR,li1,10.8100,187.6800,1.799975
_7208_,VPWR,li1,117.5300,214.8800,1.799911
_7207_,VPWR,li1,164.4500,209.4400,1.799920
_7206_,VPWR,li1,153.4100,280.1600,1.799893
_7205_,VPWR,li1,166.2900,274.7200,1.799875
_7204_,VPWR,li1,219.6500,285.6000,1.799924
_7203_,VPWR,li1,191.1300,280.1600,1.799939
_7202_,VPWR,li1,206.3100,285.6000,1.799888
_7201_,VPWR,li1,143.2900,291.0400,1.799973
_7200_,VPWR,li1,193.8900,198.5600,1.799925
_7199_,VPWR,li1,190.2100,214.8800,1.799935
_7198_,VPWR,li1,247.7100,198.5600,1.799899
_7197_,VPWR,li1,256.4500,204.0000,1.799901
_7196_,VPWR,li1,246.3300,220.3200,1.799876
_7195_,VPWR,li1,254.6100,220.3200,1.799880
_7194_,VPWR,li1,255.9900,198.5600,1.799894
_7193_,VPWR,li1,236.2100,220.3200,1.799874
_7192_,VPWR,li1,146.5100,231.2000,1.799837
_7191_,VPWR,li1,10.8100,263.8400,1.799924
_7190_,VPWR,li1,49.4500,269.2800,1.799851
_7189_,VPWR,li1,135.4700,291.0400,1.799976
_7188_,VPWR,li1,13.5700,258.4000,1.799943
_7187_,VPWR,li1,127.6500,291.0400,1.799977
_7186_,VPWR,li1,100.0500,263.8400,1.799942
_7185_,VPWR,li1,94.9900,258.4000,1.799910
_7184_,VPWR,li1,70.1500,204.0000,1.799918
_7183_,VPWR,li1,12.1900,236.6400,1.799976
_7182_,VPWR,li1,13.5700,204.0000,1.799946
_7181_,VPWR,li1,14.4900,187.6800,1.799966
_7180_,VPWR,li1,105.5700,214.8800,1.799908
_7179_,VPWR,li1,153.4100,220.3200,1.799937
_7178_,VPWR,li1,155.2500,291.0400,1.799975
_7177_,VPWR,li1,163.9900,291.0400,1.799975
_7176_,VPWR,li1,212.2900,291.0400,1.799912
_7175_,VPWR,li1,192.5100,285.6000,1.799932
_7174_,VPWR,li1,203.0900,291.0400,1.799914
_7173_,VPWR,li1,143.2900,285.6000,1.799942
_7172_,VPWR,li1,192.9700,193.1200,1.799951
_7171_,VPWR,li1,174.5700,220.3200,1.799922
_7170_,VPWR,li1,240.8100,209.4400,1.799925
_7169_,VPWR,li1,272.0900,198.5600,1.799914
_7168_,VPWR,li1,241.7300,214.8800,1.799932
_7167_,VPWR,li1,262.8900,214.8800,1.799934
_7166_,VPWR,li1,270.2500,193.1200,1.799893
_7165_,VPWR,li1,228.3900,220.3200,1.799902
_7164_,VPWR,li1,135.0100,242.0800,1.799881
_7163_,VPWR,li1,14.4900,280.1600,1.799946
_7162_,VPWR,li1,43.9300,274.7200,1.799926
_7161_,VPWR,li1,134.5500,285.6000,1.799943
_7160_,VPWR,li1,14.4900,242.0800,1.799914
_7159_,VPWR,li1,125.3500,285.6000,1.799925
_7158_,VPWR,li1,69.6900,274.7200,1.799929
_7157_,VPWR,li1,116.6100,247.5200,1.799915
_7156_,VPWR,li1,78.8900,209.4400,1.799798
_7155_,VPWR,li1,14.4900,225.7600,1.799955
_7154_,VPWR,li1,15.4100,214.8800,1.799940
_7153_,VPWR,li1,14.4900,198.5600,1.799941
_7152_,VPWR,li1,104.6500,220.3200,1.799915
_7151_,VPWR,li1,152.0300,214.8800,1.799897
_7150_,VPWR,li1,149.7300,285.6000,1.799945
_7149_,VPWR,li1,164.4500,285.6000,1.799953
_7148_,VPWR,li1,213.2100,285.6000,1.799900
_7147_,VPWR,li1,191.1300,291.0400,1.799945
_7146_,VPWR,li1,200.7900,280.1600,1.799893
_7145_,VPWR,li1,143.2900,274.7200,1.799842
_7144_,VPWR,li1,201.7100,193.1200,1.799933
_7143_,VPWR,li1,172.7300,214.8800,1.799886
_7142_,VPWR,li1,243.5700,204.0000,1.799899
_7141_,VPWR,li1,267.4900,187.6800,1.799956
_7140_,VPWR,li1,243.1100,225.7600,1.799941
_7139_,VPWR,li1,256.9100,220.3200,1.799872
_7138_,VPWR,li1,262.4300,193.1200,1.799913
_7137_,VPWR,li1,228.8500,231.2000,1.799901
_7136_,VPWR,li1,143.2900,231.2000,1.799840
_7135_,VPWR,li1,10.8100,274.7200,1.799943
_7134_,VPWR,li1,24.1500,280.1600,1.799908
_7133_,VPWR,li1,136.3900,280.1600,1.799886
_7132_,VPWR,li1,22.3100,242.0800,1.799879
_7131_,VPWR,li1,112.9300,263.8400,1.799938
_7130_,VPWR,li1,61.8700,274.7200,1.799909
_7129_,VPWR,li1,109.2500,252.9600,1.799877
_7128_,VPWR,li1,71.0700,209.4400,1.799862
_7127_,VPWR,li1,10.8100,220.3200,1.799973
_7126_,VPWR,li1,10.8100,214.8800,1.799963
_7125_,VPWR,li1,10.8100,193.1200,1.799961
_7124_,VPWR,li1,125.8100,220.3200,1.799928
_7123_,VPWR,li1,219.1900,220.3200,1.799935
_7122_,VPWR,li1,153.4100,263.8400,1.799934
_7121_,VPWR,li1,172.2700,258.4000,1.799872
_7120_,VPWR,li1,224.2500,274.7200,1.799874
_7119_,VPWR,li1,178.7100,280.1600,1.799921
_7118_,VPWR,li1,211.3700,252.9600,1.799879
_7117_,VPWR,li1,134.5500,263.8400,1.799949
_7116_,VPWR,li1,204.4700,209.4400,1.799908
_7115_,VPWR,li1,218.7300,209.4400,1.799939
_7114_,VPWR,li1,256.4500,274.7200,1.799868
_7113_,VPWR,li1,267.4900,269.2800,1.799940
_7112_,VPWR,li1,245.8700,247.5200,1.799858
_7111_,VPWR,li1,274.8500,263.8400,1.799960
_7110_,VPWR,li1,272.0900,247.5200,1.799856
_7109_,VPWR,li1,232.0700,269.2800,1.799925
_7108_,VPWR,li1,127.1900,252.9600,1.799878
_7107_,VPWR,li1,53.1300,252.9600,1.799880
_7106_,VPWR,li1,45.3100,263.8400,1.799872
_7105_,VPWR,li1,122.5900,274.7200,1.799838
_7104_,VPWR,li1,27.3700,263.8400,1.799830
_7103_,VPWR,li1,116.6100,269.2800,1.799860
_7102_,VPWR,li1,62.7900,263.8400,1.799871
_7101_,VPWR,li1,74.2900,252.9600,1.799912
_7100_,VPWR,li1,63.2500,209.4400,1.799872
_7099_,VPWR,li1,32.8900,236.6400,1.799939
_7098_,VPWR,li1,35.6500,209.4400,1.799900
_7097_,VPWR,li1,37.4900,193.1200,1.799937
_7096_,VPWR,li1,107.4100,225.7600,1.799871
_7095_,VPWR,li1,210.9100,236.6400,1.799941
_7094_,VPWR,li1,156.1700,258.4000,1.799914
_7093_,VPWR,li1,181.0100,263.8400,1.799924
_7092_,VPWR,li1,225.1700,280.1600,1.799918
_7091_,VPWR,li1,180.5500,274.7200,1.799861
_7090_,VPWR,li1,212.7500,263.8400,1.799918
_7089_,VPWR,li1,134.0900,258.4000,1.799938
_7088_,VPWR,li1,198.0300,214.8800,1.799924
_7087_,VPWR,li1,213.6700,209.4400,1.799924
_7086_,VPWR,li1,264.2700,274.7200,1.799868
_7085_,VPWR,li1,268.8700,280.1600,1.799847
_7084_,VPWR,li1,254.6100,252.9600,1.799902
_7083_,VPWR,li1,283.1300,274.7200,1.799942
_7082_,VPWR,li1,283.1300,247.5200,1.799915
_7081_,VPWR,li1,239.8900,269.2800,1.799930
_7080_,VPWR,li1,102.8100,242.0800,1.799873
_7079_,VPWR,li1,58.1900,258.4000,1.799901
_7078_,VPWR,li1,53.1300,263.8400,1.799852
_7077_,VPWR,li1,128.1100,280.1600,1.799917
_7076_,VPWR,li1,37.4900,263.8400,1.799878
_7075_,VPWR,li1,115.2300,269.2800,1.799860
_7074_,VPWR,li1,74.2900,263.8400,1.799875
_7073_,VPWR,li1,79.3500,247.5200,1.799935
_7072_,VPWR,li1,88.5500,214.8800,1.799855
_7071_,VPWR,li1,35.6500,231.2000,1.799940
_7070_,VPWR,li1,38.4100,220.3200,1.799929
_7069_,VPWR,li1,53.1300,193.1200,1.799923
_7068_,VPWR,li1,74.2900,193.1200,1.799907
_7067_,VPWR,li1,210.4500,220.3200,1.799921
_7066_,VPWR,li1,151.5700,252.9600,1.799829
_7065_,VPWR,li1,173.6500,285.6000,1.799939
_7064_,VPWR,li1,229.7700,291.0400,1.799890
_7063_,VPWR,li1,180.0900,291.0400,1.799957
_7062_,VPWR,li1,207.6900,269.2800,1.799922
_7061_,VPWR,li1,143.7500,258.4000,1.799914
_7060_,VPWR,li1,198.9500,220.3200,1.799921
_7059_,VPWR,li1,226.0900,214.8800,1.799923
_7058_,VPWR,li1,259.2100,285.6000,1.799930
_7057_,VPWR,li1,272.5500,285.6000,1.799946
_7056_,VPWR,li1,246.7900,285.6000,1.799897
_7055_,VPWR,li1,283.1300,285.6000,1.799965
_7054_,VPWR,li1,283.1300,263.8400,1.799969
_7053_,VPWR,li1,241.7300,269.2800,1.799934
_7052_,VPWR,li1,125.8100,236.6400,1.799877
_7051_,VPWR,li1,58.1900,269.2800,1.799870
_7050_,VPWR,li1,36.5700,280.1600,1.799900
_7049_,VPWR,li1,117.5300,291.0400,1.799968
_7048_,VPWR,li1,35.1900,258.4000,1.799919
_7047_,VPWR,li1,115.2300,285.6000,1.799906
_7046_,VPWR,li1,70.1500,269.2800,1.799923
_7045_,VPWR,li1,85.3300,258.4000,1.799892
_7044_,VPWR,li1,78.8900,214.8800,1.799865
_7043_,VPWR,li1,45.3100,231.2000,1.799926
_7042_,VPWR,li1,47.6100,214.8800,1.799871
_7041_,VPWR,li1,48.5300,193.1200,1.799925
_7040_,VPWR,li1,117.5300,204.0000,1.799814
_7039_,VPWR,li1,165.8300,204.0000,1.799926
_7038_,VPWR,li1,167.6700,236.6400,1.799902
_7037_,VPWR,li1,181.0100,231.2000,1.799848
_7036_,VPWR,li1,219.1900,252.9600,1.799891
_7035_,VPWR,li1,193.8900,252.9600,1.799885
_7034_,VPWR,li1,198.0300,236.6400,1.799936
_7033_,VPWR,li1,164.4500,247.5200,1.799886
_7032_,VPWR,li1,192.0500,209.4400,1.799928
_7031_,VPWR,li1,172.7300,209.4400,1.799892
_7030_,VPWR,li1,260.1300,263.8400,1.799953
_7029_,VPWR,li1,283.1300,225.7600,1.799959
_7028_,VPWR,li1,255.5300,263.8400,1.799955
_7027_,VPWR,li1,282.6700,269.2800,1.799965
_7026_,VPWR,li1,283.1300,242.0800,1.799940
_7025_,VPWR,li1,240.3500,263.8400,1.799935
_7024_,VPWR,li1,79.3500,242.0800,1.799866
_7023_,VPWR,li1,39.7900,252.9600,1.799882
_7022_,VPWR,li1,11.2700,291.0400,1.799974
_7021_,VPWR,li1,87.1700,291.0400,1.799960
_7020_,VPWR,li1,11.2700,247.5200,1.799968
_7019_,VPWR,li1,79.3500,291.0400,1.799955
_7018_,VPWR,li1,74.2900,291.0400,1.799955
_7017_,VPWR,li1,74.2900,258.4000,1.799907
_7016_,VPWR,li1,62.3300,220.3200,1.799936
_7015_,VPWR,li1,50.8300,209.4400,1.799876
_7014_,VPWR,li1,56.3500,225.7600,1.799883
_7013_,VPWR,li1,53.1300,204.0000,1.799905
_7012_,VPWR,li1,134.5500,214.8800,1.799915
_7011_,VPWR,li1,166.2900,198.5600,1.799921
_7010_,VPWR,li1,151.5700,247.5200,1.799892
_7009_,VPWR,li1,177.3300,231.2000,1.799832
_7008_,VPWR,li1,214.5900,242.0800,1.799881
_7007_,VPWR,li1,188.8300,225.7600,1.799888
_7006_,VPWR,li1,198.9500,225.7600,1.799846
_7005_,VPWR,li1,169.0500,247.5200,1.799874
_7004_,VPWR,li1,185.1500,193.1200,1.799946
_7003_,VPWR,li1,179.1700,193.1200,1.799942
_7002_,VPWR,li1,259.2100,280.1600,1.799859
_7001_,VPWR,li1,283.1300,231.2000,1.799950
_7000_,VPWR,li1,249.5500,280.1600,1.799897
_6999_,VPWR,li1,283.1300,274.7200,1.799942
_6998_,VPWR,li1,283.1300,258.4000,1.799952
_6997_,VPWR,li1,241.7300,280.1600,1.799890
_6996_,VPWR,li1,78.8900,231.2000,1.799840
_6995_,VPWR,li1,44.3900,252.9600,1.799891
_6994_,VPWR,li1,89.4700,236.6400,1.799852
_6993_,VPWR,li1,94.5300,236.6400,1.799857
_6992_,VPWR,li1,33.8100,247.5200,1.799936
_6991_,VPWR,li1,100.0500,231.2000,1.799874
_6990_,VPWR,li1,61.4100,280.1600,1.799890
_6989_,VPWR,li1,66.0100,247.5200,1.799940
_6988_,VPWR,li1,65.5500,214.8800,1.799889
_6987_,VPWR,li1,55.8900,220.3200,1.799928
_6986_,VPWR,li1,53.1300,231.2000,1.799910
_6985_,VPWR,li1,61.4100,198.5600,1.799839
_6984_,VPWR,li1,143.2900,204.0000,1.799902
_6983_,VPWR,li1,154.7900,198.5600,1.799881
_6982_,VPWR,li1,150.6500,242.0800,1.799891
_6981_,VPWR,li1,175.4900,236.6400,1.799898
_6980_,VPWR,li1,221.9500,242.0800,1.799874
_6979_,VPWR,li1,181.9300,225.7600,1.799842
_6978_,VPWR,li1,203.0900,236.6400,1.799937
_6977_,VPWR,li1,141.4500,247.5200,1.799899
_6976_,VPWR,li1,182.8500,198.5600,1.799930
_6975_,VPWR,li1,171.3500,193.1200,1.799938
_6974_,VPWR,li1,254.6100,280.1600,1.799886
_6973_,VPWR,li1,271.6300,231.2000,1.799908
_6972_,VPWR,li1,247.7100,274.7200,1.799869
_6971_,VPWR,li1,280.3700,280.1600,1.799919
_6970_,VPWR,li1,272.0900,258.4000,1.799929
_6969_,VPWR,li1,237.5900,285.6000,1.799879
_6968_,VPWR,li1,71.0700,231.2000,1.799904
_6967_,VPWR,li1,46.2300,242.0800,1.799919
_6966_,VPWR,li1,40.2500,280.1600,1.799909
_6965_,VPWR,li1,91.7700,269.2800,1.799889
_6964_,VPWR,li1,31.9700,242.0800,1.799893
_6963_,VPWR,li1,95.4500,285.6000,1.799941
_6962_,VPWR,li1,62.7900,291.0400,1.799930
_6961_,VPWR,li1,66.0100,247.5200,1.799940
_6960_,VPWR,li1,64.6300,231.2000,1.799915
_6959_,VPWR,li1,37.9500,225.7600,1.799925
_6958_,VPWR,li1,52.2100,236.6400,1.799899
_6957_,VPWR,li1,61.8700,193.1200,1.799926
_6956_,VPWR,li1,140.9900,204.0000,1.799898
_6955_,VPWR,li1,152.4900,204.0000,1.799921
_6954_,VPWR,li1,166.7500,236.6400,1.799902
_6953_,VPWR,li1,178.2500,242.0800,1.799923
_6952_,VPWR,li1,207.2300,247.5200,1.799798
_6951_,VPWR,li1,190.2100,242.0800,1.799933
_6950_,VPWR,li1,203.5500,242.0800,1.799875
_6949_,VPWR,li1,135.9300,252.9600,1.799852
_6948_,VPWR,li1,184.2300,209.4400,1.799900
_6947_,VPWR,li1,172.7300,198.5600,1.799920
_6946_,VPWR,li1,257.8300,258.4000,1.799905
_6945_,VPWR,li1,279.4500,231.2000,1.799941
_6944_,VPWR,li1,247.7100,263.8400,1.799951
_6943_,VPWR,li1,269.3300,269.2800,1.799941
_6942_,VPWR,li1,277.6100,236.6400,1.799928
_6941_,VPWR,li1,232.0700,263.8400,1.799921
_6940_,VPWR,li1,74.2900,236.6400,1.799892
_6939_,VPWR,li1,42.0900,247.5200,1.799952
_6938_,VPWR,li1,10.8100,285.6000,1.799930
_6937_,VPWR,li1,87.6300,285.6000,1.799934
_6936_,VPWR,li1,10.8100,242.0800,1.799940
_6935_,VPWR,li1,79.3500,285.6000,1.799932
_6934_,VPWR,li1,70.1500,285.6000,1.799934
_6933_,VPWR,li1,66.0100,258.4000,1.799910
_6932_,VPWR,li1,64.6300,236.6400,1.799905
_6931_,VPWR,li1,40.2500,204.0000,1.799933
_6930_,VPWR,li1,48.5300,225.7600,1.799898
_6929_,VPWR,li1,48.9900,198.5600,1.799851
_6928_,VPWR,li1,135.4700,209.4400,1.799939
_6927_,VPWR,li1,220.1100,225.7600,1.799927
_6926_,VPWR,li1,152.0300,225.7600,1.799871
_6925_,VPWR,li1,177.3300,252.9600,1.799830
_6924_,VPWR,li1,225.1700,252.9600,1.799888
_6923_,VPWR,li1,190.2100,258.4000,1.799896
_6922_,VPWR,li1,205.3900,252.9600,1.799877
_6921_,VPWR,li1,164.4500,252.9600,1.799852
_6920_,VPWR,li1,225.1700,198.5600,1.799907
_6919_,VPWR,li1,233.4500,198.5600,1.799882
_6918_,VPWR,li1,259.2100,231.2000,1.799897
_6917_,VPWR,li1,283.1300,214.8800,1.799966
_6916_,VPWR,li1,241.7300,242.0800,1.799829
_6915_,VPWR,li1,267.4900,242.0800,1.799856
_6914_,VPWR,li1,282.6700,209.4400,1.799952
_6913_,VPWR,li1,234.3700,236.6400,1.799923
_6912_,VPWR,li1,104.6500,236.6400,1.799856
_6911_,VPWR,li1,21.8500,269.2800,1.799910
_6910_,VPWR,li1,22.7700,291.0400,1.799950
_6909_,VPWR,li1,91.3100,274.7200,1.799857
_6908_,VPWR,li1,18.6300,247.5200,1.799942
_6907_,VPWR,li1,78.8900,274.7200,1.799888
_6906_,VPWR,li1,30.1300,291.0400,1.799944
_6905_,VPWR,li1,91.7700,247.5200,1.799932
_6904_,VPWR,li1,76.1300,225.7600,1.799832
_6903_,VPWR,li1,24.6100,236.6400,1.799942
_6902_,VPWR,li1,24.6100,204.0000,1.799915
_6901_,VPWR,li1,25.5300,198.5600,1.799890
_6900_,VPWR,li1,114.3100,236.6400,1.799835
_6899_,VPWR,li1,220.5700,236.6400,1.799955
_6898_,VPWR,li1,166.7500,225.7600,1.799866
_6897_,VPWR,li1,181.9300,252.9600,1.799838
_6896_,VPWR,li1,224.2500,269.2800,1.799939
_6895_,VPWR,li1,190.2100,236.6400,1.799939
_6894_,VPWR,li1,199.4100,263.8400,1.799909
_6893_,VPWR,li1,166.7500,263.8400,1.799925
_6892_,VPWR,li1,215.9700,193.1200,1.799952
_6891_,VPWR,li1,232.0700,209.4400,1.799927
_6890_,VPWR,li1,257.8300,247.5200,1.799852
_6889_,VPWR,li1,276.2300,209.4400,1.799938
_6888_,VPWR,li1,246.3300,258.4000,1.799867
_6887_,VPWR,li1,267.9500,263.8400,1.799954
_6886_,VPWR,li1,280.3700,198.5600,1.799953
_6885_,VPWR,li1,232.9900,252.9600,1.799890
_6884_,VPWR,li1,117.5300,242.0800,1.799847
_6883_,VPWR,li1,54.0500,247.5200,1.799922
_6882_,VPWR,li1,43.4700,285.6000,1.799887
_6881_,VPWR,li1,106.9500,291.0400,1.799971
_6880_,VPWR,li1,26.4500,258.4000,1.799913
_6879_,VPWR,li1,100.9700,291.0400,1.799976
_6878_,VPWR,li1,54.9700,291.0400,1.799935
_6877_,VPWR,li1,121.2100,252.9600,1.799862
_6876_,VPWR,li1,87.1700,220.3200,1.799909
_6875_,VPWR,li1,26.9100,225.7600,1.799923
_6874_,VPWR,li1,30.5900,220.3200,1.799923
_6873_,VPWR,li1,26.4500,187.6800,1.799953
_6872_,VPWR,li1,116.1500,209.4400,1.799867
_6871_,VPWR,li1,208.1500,231.2000,1.799902
_6870_,VPWR,li1,148.8100,263.8400,1.799933
_6869_,VPWR,li1,172.7300,280.1600,1.799923
_6868_,VPWR,li1,232.0700,285.6000,1.799879
_6867_,VPWR,li1,185.1500,285.6000,1.799934
_6866_,VPWR,li1,204.9300,274.7200,1.799895
_6865_,VPWR,li1,140.9900,263.8400,1.799937
_6864_,VPWR,li1,196.6500,209.4400,1.799916
_6863_,VPWR,li1,211.3700,214.8800,1.799917
_6862_,VPWR,li1,255.9900,291.0400,1.799924
_6861_,VPWR,li1,267.9500,291.0400,1.799924
_6860_,VPWR,li1,242.6500,291.0400,1.799905
_6859_,VPWR,li1,280.3700,291.0400,1.799963
_6858_,VPWR,li1,277.1500,258.4000,1.799941
_6857_,VPWR,li1,232.0700,280.1600,1.799904
_6856_,VPWR,li1,108.3300,247.5200,1.799921
_6855_,VPWR,li1,57.2700,274.7200,1.799909
_6854_,VPWR,li1,36.1100,274.7200,1.799920
_6853_,VPWR,li1,112.9300,274.7200,1.799837
_6852_,VPWR,li1,31.9700,269.2800,1.799886
_6851_,VPWR,li1,112.9300,280.1600,1.799890
_6850_,VPWR,li1,83.9500,269.2800,1.799887
_6849_,VPWR,li1,82.1100,252.9600,1.799881
_6848_,VPWR,li1,61.4100,209.4400,1.799869
_6847_,VPWR,li1,42.0900,236.6400,1.799945
_6846_,VPWR,li1,35.6500,204.0000,1.799912
_6845_,VPWR,li1,37.4900,193.1200,1.799937
_6844_,VPWR,li1,119.8300,231.2000,1.799829
_6842_,VPWR,li1,175.2600,176.8000,1.799954
_6840_,VPWR,li1,171.1200,155.0400,1.799962
_6838_,VPWR,li1,226.3200,165.9200,1.799956
_6836_,VPWR,li1,167.9000,160.4800,1.799953
_6834_,VPWR,li1,215.7400,171.3600,1.799939
_6832_,VPWR,li1,223.1000,165.9200,1.799959
_6830_,VPWR,li1,235.9800,187.6800,1.799945
_6828_,VPWR,li1,226.3200,187.6800,1.799933
_6826_,VPWR,li1,200.5600,176.8000,1.799969
_6824_,VPWR,li1,214.8200,165.9200,1.799955
_6822_,VPWR,li1,170.2000,165.9200,1.799936
_6820_,VPWR,li1,191.3600,176.8000,1.799977
_6818_,VPWR,li1,204.7000,176.8000,1.799968
_6816_,VPWR,li1,184.0000,176.8000,1.799965
_6814_,VPWR,li1,161.4600,176.8000,1.799946
_6811_,VPWR,li1,158.7000,155.0400,1.799965
_6809_,VPWR,li1,149.0400,165.9200,1.799962
_6807_,VPWR,li1,158.7000,160.4800,1.799963
_6805_,VPWR,li1,119.6000,149.6000,1.799972
_6804_,VPWR,li1,77.9700,95.2000,1.799933
_6802_,VPWR,li1,137.0800,160.4800,1.799957
_6800_,VPWR,li1,107.1800,149.6000,1.799976
_6798_,VPWR,li1,141.2200,160.4800,1.799952
_6796_,VPWR,li1,120.0600,165.9200,1.799957
_6793_,VPWR,li1,101.6600,171.3600,1.799954
_6791_,VPWR,li1,112.2400,160.4800,1.799969
_6789_,VPWR,li1,12.4200,165.9200,1.799968
_6787_,VPWR,li1,8.7400,160.4800,1.799986
_6785_,VPWR,li1,18.8600,165.9200,1.799950
_6783_,VPWR,li1,9.6600,165.9200,1.799976
_6781_,VPWR,li1,8.7400,144.1600,1.799971
_6779_,VPWR,li1,9.6600,165.9200,1.799976
_6775_,VPWR,li1,157.5500,13.6000,1.799950
_6773_,VPWR,li1,189.2900,62.5600,1.799956
_6771_,VPWR,li1,219.1900,46.2400,1.799937
_6769_,VPWR,li1,235.2900,40.8000,1.799945
_6767_,VPWR,li1,227.0100,40.8000,1.799948
_6765_,VPWR,li1,278.5300,68.0000,1.799977
_6763_,VPWR,li1,274.8500,62.5600,1.799902
_6761_,VPWR,li1,273.4700,62.5600,1.799902
_6759_,VPWR,li1,267.9500,40.8000,1.799955
_6756_,VPWR,li1,273.2400,51.6800,1.799927
_6754_,VPWR,li1,181.2400,46.2400,1.799935
_6752_,VPWR,li1,255.5300,51.6800,1.799925
_6750_,VPWR,li1,250.7000,51.6800,1.799945
_6748_,VPWR,li1,241.2700,46.2400,1.799902
_6746_,VPWR,li1,179.1700,51.6800,1.799936
_6744_,VPWR,li1,192.5100,40.8000,1.799959
_6742_,VPWR,li1,161.6900,40.8000,1.799958
_6739_,VPWR,li1,181.9300,40.8000,1.799952
_6737_,VPWR,li1,130.8700,51.6800,1.799966
_6735_,VPWR,li1,136.8500,40.8000,1.799960
_6733_,VPWR,li1,132.2500,35.3600,1.799957
_6731_,VPWR,li1,141.9100,40.8000,1.799951
_6729_,VPWR,li1,92.6900,19.0400,1.799951
_6727_,VPWR,li1,93.6100,29.9200,1.799925
_6725_,VPWR,li1,20.9300,13.6000,1.799921
_6722_,VPWR,li1,35.6500,24.4800,1.799949
_6720_,VPWR,li1,11.2700,95.2000,1.799974
_6718_,VPWR,li1,11.2700,116.9600,1.799972
_6716_,VPWR,li1,33.8100,13.6000,1.799929
_6714_,VPWR,li1,10.3500,100.6400,1.799950
_6712_,VPWR,li1,25.9900,111.5200,1.799961
_6710_,VPWR,li1,13.1100,111.5200,1.799970
_6709_,VPWR,li1,113.3900,51.6800,1.799950
_6708_,VPWR,li1,81.4200,57.1200,1.799923
_6706_,VPWR,li1,201.2500,122.4000,1.799956
_6704_,VPWR,li1,244.9500,144.1600,1.799962
_6702_,VPWR,li1,248.1700,165.9200,1.799944
_6700_,VPWR,li1,259.6700,144.1600,1.799954
_6698_,VPWR,li1,252.7700,116.9600,1.799971
_6696_,VPWR,li1,259.6700,171.3600,1.799948
_6694_,VPWR,li1,260.1300,155.0400,1.799965
_6692_,VPWR,li1,232.5300,111.5200,1.799966
_6689_,VPWR,li1,266.8000,106.0800,1.799955
_6687_,VPWR,li1,189.5200,62.5600,1.799956
_6685_,VPWR,li1,227.4700,51.6800,1.799937
_6683_,VPWR,li1,212.0600,62.5600,1.799933
_6681_,VPWR,li1,206.3100,51.6800,1.799938
_6679_,VPWR,li1,188.3700,57.1200,1.799931
_6677_,VPWR,li1,199.8700,40.8000,1.799949
_6675_,VPWR,li1,170.8900,57.1200,1.799912
_6672_,VPWR,li1,169.5100,40.8000,1.799950
_6670_,VPWR,li1,157.5500,40.8000,1.799958
_6668_,VPWR,li1,155.7100,40.8000,1.799952
_6666_,VPWR,li1,143.7500,35.3600,1.799944
_6664_,VPWR,li1,139.6100,57.1200,1.799915
_6662_,VPWR,li1,145.1300,127.8400,1.799953
_6660_,VPWR,li1,100.5100,51.6800,1.799954
_6658_,VPWR,li1,49.9100,176.8000,1.799943
_6655_,VPWR,li1,54.9700,176.8000,1.799943
_6653_,VPWR,li1,20.9300,165.9200,1.799944
_6651_,VPWR,li1,16.3300,165.9200,1.799958
_6649_,VPWR,li1,25.9900,144.1600,1.799948
_6647_,VPWR,li1,13.5700,127.8400,1.799972
_6645_,VPWR,li1,27.3700,127.8400,1.799961
_6643_,VPWR,li1,21.8500,133.2800,1.799947
_6641_,VPWR,li1,128.5700,51.6800,1.799960
_6640_,VPWR,li1,131.3300,62.5600,1.799950
_6638_,VPWR,li1,195.2700,106.0800,1.799939
_6636_,VPWR,li1,239.8900,122.4000,1.799960
_6634_,VPWR,li1,241.7300,62.5600,1.799936
_6632_,VPWR,li1,217.8100,122.4000,1.799967
_6630_,VPWR,li1,261.0500,116.9600,1.799964
_6628_,VPWR,li1,260.1300,95.2000,1.799950
_6626_,VPWR,li1,264.2700,111.5200,1.799970
_6624_,VPWR,li1,208.1500,116.9600,1.799941
_6622_,VPWR,li1,247.4800,57.1200,1.799919
_6619_,VPWR,li1,189.0600,46.2400,1.799953
_6617_,VPWR,li1,220.5700,51.6800,1.799956
_6615_,VPWR,li1,205.6200,62.5600,1.799932
_6613_,VPWR,li1,227.0100,46.2400,1.799900
_6611_,VPWR,li1,195.2700,62.5600,1.799943
_6609_,VPWR,li1,191.1300,68.0000,1.799978
_6607_,VPWR,li1,158.0100,51.6800,1.799957
_6605_,VPWR,li1,175.4900,46.2400,1.799931
_6602_,VPWR,li1,143.7500,57.1200,1.799914
_6600_,VPWR,li1,126.7300,40.8000,1.799962
_6598_,VPWR,li1,124.4300,51.6800,1.799956
_6596_,VPWR,li1,113.8500,106.0800,1.799972
_6594_,VPWR,li1,116.1500,127.8400,1.799938
_6592_,VPWR,li1,106.0300,40.8000,1.799974
_6590_,VPWR,li1,54.9700,171.3600,1.799947
_6588_,VPWR,li1,63.2500,182.2400,1.799935
_6585_,VPWR,li1,20.9300,127.8400,1.799962
_6583_,VPWR,li1,20.9300,111.5200,1.799961
_6581_,VPWR,li1,30.1300,138.7200,1.799934
_6579_,VPWR,li1,20.9300,122.4000,1.799963
_6577_,VPWR,li1,29.2100,111.5200,1.799961
_6575_,VPWR,li1,26.9100,116.9600,1.799952
_6573_,VPWR,li1,83.4900,46.2400,1.799962
_6572_,VPWR,li1,155.7100,57.1200,1.799927
_6571_,VPWR,li1,159.8500,57.1200,1.799943
_6569_,VPWR,li1,192.5100,122.4000,1.799961
_6567_,VPWR,li1,243.5700,149.6000,1.799961
_6566_,VPWR,li1,238.5100,106.0800,1.799946
_6565_,VPWR,li1,224.2500,100.6400,1.799978
_6564_,VPWR,li1,281.9800,165.9200,1.799919
_6562_,VPWR,li1,246.7900,171.3600,1.799958
_6561_,VPWR,li1,243.5700,106.0800,1.799954
_6560_,VPWR,li1,244.4900,46.2400,1.799911
_6559_,VPWR,li1,283.8200,160.4800,1.799929
_6557_,VPWR,li1,236.6700,144.1600,1.799959
_6555_,VPWR,li1,258.7500,122.4000,1.799975
_6553_,VPWR,li1,259.6700,165.9200,1.799895
_6551_,VPWR,li1,260.5900,155.0400,1.799965
_6549_,VPWR,li1,204.0100,116.9600,1.799941
_6548_,VPWR,li1,269.3300,100.6400,1.799916
_6547_,VPWR,li1,210.4500,187.6800,1.799838
_6546_,VPWR,li1,278.7600,84.3200,1.799960
_6544_,VPWR,li1,219.8800,111.5200,1.799971
_6541_,VPWR,li1,181.7000,62.5600,1.799931
_6539_,VPWR,li1,209.5300,51.6800,1.799938
_6537_,VPWR,li1,206.5400,57.1200,1.799918
_6535_,VPWR,li1,208.1500,46.2400,1.799923
_6533_,VPWR,li1,183.3100,51.6800,1.799942
_6531_,VPWR,li1,201.2500,51.6800,1.799938
_6529_,VPWR,li1,164.4500,57.1200,1.799930
_6527_,VPWR,li1,169.0500,51.6800,1.799939
_6524_,VPWR,li1,132.2500,51.6800,1.799962
_6522_,VPWR,li1,151.1100,51.6800,1.799948
_6520_,VPWR,li1,156.1700,106.0800,1.799981
_6518_,VPWR,li1,112.4700,111.5200,1.799941
_6516_,VPWR,li1,141.4500,133.2800,1.799966
_6515_,VPWR,li1,99.1300,138.7200,1.799962
_6514_,VPWR,li1,103.5000,62.5600,1.799922
_6513_,VPWR,li1,77.5100,263.8400,1.799873
_6512_,VPWR,li1,34.0400,291.0400,1.799942
_6511_,VPWR,li1,34.5000,280.1600,1.799897
_6510_,VPWR,li1,97.9800,236.6400,1.799868
_6509_,VPWR,li1,55.2000,280.1600,1.799867
_6508_,VPWR,li1,37.7200,285.6000,1.799895
_6507_,VPWR,li1,49.6800,285.6000,1.799851
_6506_,VPWR,li1,80.9600,263.8400,1.799873
_6505_,VPWR,li1,84.6400,263.8400,1.799880
_6504_,VPWR,li1,100.7400,269.2800,1.799914
_6503_,VPWR,li1,57.0400,285.6000,1.799849
_6502_,VPWR,li1,75.2100,258.4000,1.799907
_6501_,VPWR,li1,63.9400,269.2800,1.799892
_6499_,VPWR,li1,104.6500,122.4000,1.799950
_6497_,VPWR,li1,47.6100,171.3600,1.799954
_6496_,VPWR,li1,97.2900,165.9200,1.799953
_6495_,VPWR,li1,102.5800,144.1600,1.799970
_6494_,VPWR,li1,89.9300,209.4400,1.799749
_6492_,VPWR,li1,46.6900,160.4800,1.799971
_6490_,VPWR,li1,46.6900,133.2800,1.799946
_6489_,VPWR,li1,109.7100,182.2400,1.799789
_6488_,VPWR,li1,111.5500,182.2400,1.799769
_6487_,VPWR,li1,110.6300,198.5600,1.799818
_6486_,VPWR,li1,42.3200,214.8800,1.799888
_6485_,VPWR,li1,32.4300,225.7600,1.799920
_6484_,VPWR,li1,32.6600,231.2000,1.799932
_6483_,VPWR,li1,46.4600,231.2000,1.799919
_6482_,VPWR,li1,44.8500,220.3200,1.799930
_6481_,VPWR,li1,29.6700,209.4400,1.799891
_6480_,VPWR,li1,28.9800,231.2000,1.799932
_6479_,VPWR,li1,28.9800,242.0800,1.799886
_6478_,VPWR,li1,16.7900,247.5200,1.799947
_6477_,VPWR,li1,16.5600,252.9600,1.799878
_6476_,VPWR,li1,16.5600,242.0800,1.799902
_6475_,VPWR,li1,43.0100,225.7600,1.799908
_6474_,VPWR,li1,37.2600,220.3200,1.799929
_6473_,VPWR,li1,46.4600,209.4400,1.799885
_6472_,VPWR,li1,114.5400,198.5600,1.799829
_6471_,VPWR,li1,50.3700,263.8400,1.799847
_6470_,VPWR,li1,50.3700,252.9600,1.799879
_6469_,VPWR,li1,47.3800,258.4000,1.799920
_6468_,VPWR,li1,42.3200,263.8400,1.799882
_6467_,VPWR,li1,46.9200,247.5200,1.799932
_6466_,VPWR,li1,52.9000,247.5200,1.799922
_6465_,VPWR,li1,100.0500,214.8800,1.799910
_6464_,VPWR,li1,40.4800,182.2400,1.799954
_6463_,VPWR,li1,17.7100,263.8400,1.799858
_6462_,VPWR,li1,78.6600,198.5600,1.799756
_6461_,VPWR,li1,59.5700,258.4000,1.799899
_6460_,VPWR,li1,53.3600,280.1600,1.799861
_6459_,VPWR,li1,162.1500,236.6400,1.799909
_6458_,VPWR,li1,157.0900,242.0800,1.799915
_6457_,VPWR,li1,159.1600,242.0800,1.799929
_6456_,VPWR,li1,157.3200,247.5200,1.799893
_6455_,VPWR,li1,163.3000,242.0800,1.799924
_6454_,VPWR,li1,157.7800,225.7600,1.799887
_6453_,VPWR,li1,163.0700,231.2000,1.799855
_6452_,VPWR,li1,166.7500,225.7600,1.799866
_6451_,VPWR,li1,155.2500,258.4000,1.799914
_6450_,VPWR,li1,149.0400,252.9600,1.799814
_6449_,VPWR,li1,151.1100,274.7200,1.799852
_6448_,VPWR,li1,155.4800,285.6000,1.799951
_6446_,VPWR,li1,24.1500,149.6000,1.799954
_6444_,VPWR,li1,16.3300,144.1600,1.799955
_6442_,VPWR,li1,39.3300,171.3600,1.799968
_6441_,VPWR,li1,105.3400,187.6800,1.799809
_6440_,VPWR,li1,109.7100,187.6800,1.799788
_6439_,VPWR,li1,111.7800,193.1200,1.799835
_6438_,VPWR,li1,110.1700,193.1200,1.799835
_6437_,VPWR,li1,113.8500,193.1200,1.799831
_6436_,VPWR,li1,159.6200,193.1200,1.799942
_6435_,VPWR,li1,34.2700,198.5600,1.799872
_6434_,VPWR,li1,31.0500,209.4400,1.799891
_6433_,VPWR,li1,30.8200,204.0000,1.799908
_6432_,VPWR,li1,30.8200,198.5600,1.799876
_6431_,VPWR,li1,19.0900,204.0000,1.799929
_6430_,VPWR,li1,19.7800,182.2400,1.799954
_6429_,VPWR,li1,16.5600,209.4400,1.799908
_6428_,VPWR,li1,46.2300,176.8000,1.799945
_6427_,VPWR,li1,47.3800,193.1200,1.799925
_6426_,VPWR,li1,42.3200,198.5600,1.799881
_6425_,VPWR,li1,46.2300,182.2400,1.799944
_6424_,VPWR,li1,49.6800,204.0000,1.799907
_6422_,VPWR,li1,54.7400,198.5600,1.799839
_6420_,VPWR,li1,15.4100,138.7200,1.799946
_6418_,VPWR,li1,18.6300,106.0800,1.799961
_6416_,VPWR,li1,11.2700,138.7200,1.799964
_6414_,VPWR,li1,83.9500,51.6800,1.799913
_6412_,VPWR,li1,169.5100,133.2800,1.799961
_6411_,VPWR,li1,191.1300,111.5200,1.799968
_6410_,VPWR,li1,246.3300,138.7200,1.799972
_6409_,VPWR,li1,248.6300,138.7200,1.799974
_6407_,VPWR,li1,224.7100,116.9600,1.799960
_6406_,VPWR,li1,265.8800,138.7200,1.799947
_6405_,VPWR,li1,267.9500,95.2000,1.799949
_6404_,VPWR,li1,149.5000,187.6800,1.799495
_6403_,VPWR,li1,219.1900,252.9600,1.799891
_6402_,VPWR,li1,205.8500,258.4000,1.799809
_6401_,VPWR,li1,228.6200,263.8400,1.799919
_6399_,VPWR,li1,224.0200,258.4000,1.799854
_6398_,VPWR,li1,226.5500,263.8400,1.799922
_6397_,VPWR,li1,225.8600,247.5200,1.799819
_6396_,VPWR,li1,215.2800,258.4000,1.799843
_6395_,VPWR,li1,226.5500,280.1600,1.799913
_6394_,VPWR,li1,268.1800,160.4800,1.799855
_6393_,VPWR,li1,265.4200,291.0400,1.799919
_6392_,VPWR,li1,233.9100,258.4000,1.799805
_6391_,VPWR,li1,227.0100,274.7200,1.799849
_6390_,VPWR,li1,163.3000,247.5200,1.799886
_6389_,VPWR,li1,281.0600,138.7200,1.799966
_6388_,VPWR,li1,245.4100,127.8400,1.799964
_6387_,VPWR,li1,248.1700,182.2400,1.799935
_6386_,VPWR,li1,248.1700,176.8000,1.799941
_6385_,VPWR,li1,232.9900,127.8400,1.799949
_6384_,VPWR,li1,242.1900,106.0800,1.799951
_6383_,VPWR,li1,186.5300,116.9600,1.799959
_6382_,VPWR,li1,239.8900,111.5200,1.799965
_6381_,VPWR,li1,246.7900,187.6800,1.799960
_6380_,VPWR,li1,215.9700,106.0800,1.799913
_6376_,VPWR,li1,182.3900,116.9600,1.799955
_6374_,VPWR,li1,196.6500,68.0000,1.799973
_6373_,VPWR,li1,172.2700,111.5200,1.799959
_6372_,VPWR,li1,170.8900,122.4000,1.799927
_6371_,VPWR,li1,163.0700,111.5200,1.799970
_6370_,VPWR,li1,162.6100,116.9600,1.799964
_6369_,VPWR,li1,152.9500,116.9600,1.799965
_6368_,VPWR,li1,149.7300,133.2800,1.799968
_6367_,VPWR,li1,149.7300,116.9600,1.799963
_6363_,VPWR,li1,53.5900,122.4000,1.799941
_6362_,VPWR,li1,48.9900,176.8000,1.799943
_6361_,VPWR,li1,49.9100,182.2400,1.799938
_6360_,VPWR,li1,33.8100,176.8000,1.799947
_6359_,VPWR,li1,35.1900,171.3600,1.799966
_6358_,VPWR,li1,34.2700,144.1600,1.799961
_6357_,VPWR,li1,36.1100,138.7200,1.799946
_6356_,VPWR,li1,33.8100,127.8400,1.799966
_6348_,VPWR,li1,37.0300,111.5200,1.799968
_6347_,VPWR,li1,88.0900,46.2400,1.799961
_6346_,VPWR,li1,181.9300,122.4000,1.799946
_6345_,VPWR,li1,188.3700,127.8400,1.799961
_6344_,VPWR,li1,235.2900,165.9200,1.799950
_6343_,VPWR,li1,222.4100,138.7200,1.799977
_6342_,VPWR,li1,221.4900,149.6000,1.799977
_6341_,VPWR,li1,227.9300,144.1600,1.799965
_6340_,VPWR,li1,227.9300,165.9200,1.799956
_6339_,VPWR,li1,239.8900,165.9200,1.799947
_6335_,VPWR,li1,214.5900,149.6000,1.799974
_6334_,VPWR,li1,214.1300,138.7200,1.799975
_6333_,VPWR,li1,183.7700,133.2800,1.799950
_6332_,VPWR,li1,202.1700,133.2800,1.799913
_6331_,VPWR,li1,207.6900,138.7200,1.799974
_6330_,VPWR,li1,201.2500,138.7200,1.799974
_6329_,VPWR,li1,181.0100,127.8400,1.799954
_6328_,VPWR,li1,196.6500,138.7200,1.799974
_6324_,VPWR,li1,139.1500,122.4000,1.799958
_6323_,VPWR,li1,139.6100,127.8400,1.799953
_6322_,VPWR,li1,126.2700,127.8400,1.799941
_6321_,VPWR,li1,130.4100,127.8400,1.799957
_6320_,VPWR,li1,129.9500,127.8400,1.799957
_6319_,VPWR,li1,123.9700,133.2800,1.799964
_6318_,VPWR,li1,129.4900,122.4000,1.799971
_6317_,VPWR,li1,124.8900,122.4000,1.799962
_6313_,VPWR,li1,60.9500,171.3600,1.799951
_6312_,VPWR,li1,62.7900,165.9200,1.799966
_6311_,VPWR,li1,38.4100,165.9200,1.799959
_6310_,VPWR,li1,39.3300,165.9200,1.799959
_6309_,VPWR,li1,42.0900,138.7200,1.799966
_6308_,VPWR,li1,39.3300,144.1600,1.799973
_6307_,VPWR,li1,40.2500,122.4000,1.799964
_6306_,VPWR,li1,39.3300,149.6000,1.799974
_6304_,VPWR,li1,88.0900,46.2400,1.799961
_6302_,VPWR,li1,85.1000,46.2400,1.799962
_6298_,VPWR,li1,164.2200,149.6000,1.799968
_6296_,VPWR,li1,172.9600,149.6000,1.799972
_6294_,VPWR,li1,244.7200,198.5600,1.799886
_6292_,VPWR,li1,214.8200,149.6000,1.799974
_6290_,VPWR,li1,242.8800,187.6800,1.799955
_6288_,VPWR,li1,248.8600,204.0000,1.799927
_6286_,VPWR,li1,252.0800,204.0000,1.799914
_6284_,VPWR,li1,235.9800,171.3600,1.799948
_6281_,VPWR,li1,194.1200,176.8000,1.799973
_6279_,VPWR,li1,226.3200,198.5600,1.799907
_6277_,VPWR,li1,171.5800,149.6000,1.799972
_6275_,VPWR,li1,223.1000,187.6800,1.799932
_6273_,VPWR,li1,209.7600,176.8000,1.799967
_6271_,VPWR,li1,170.6600,144.1600,1.799975
_6269_,VPWR,li1,162.3800,144.1600,1.799981
_6267_,VPWR,li1,196.8800,155.0400,1.799981
_6264_,VPWR,li1,149.0400,149.6000,1.799942
_6262_,VPWR,li1,157.3200,155.0400,1.799965
_6260_,VPWR,li1,125.5800,165.9200,1.799965
_6258_,VPWR,li1,136.1600,165.9200,1.799968
_6256_,VPWR,li1,149.5000,144.1600,1.799972
_6254_,VPWR,li1,102.5800,138.7200,1.799966
_6252_,VPWR,li1,151.8000,149.6000,1.799948
_6250_,VPWR,li1,119.1400,149.6000,1.799972
_6247_,VPWR,li1,29.4400,182.2400,1.799950
_6245_,VPWR,li1,38.6400,182.2400,1.799953
_6243_,VPWR,li1,23.0000,182.2400,1.799951
_6241_,VPWR,li1,33.5800,182.2400,1.799951
_6239_,VPWR,li1,8.5100,176.8000,1.799976
_6237_,VPWR,li1,12.4200,165.9200,1.799968
_6235_,VPWR,li1,19.5500,122.4000,1.799963
_6233_,VPWR,li1,37.7200,127.8400,1.799972
_6231_,VPWR,li1,75.6700,51.6800,1.799923
_6230_,VPWR,li1,76.1300,46.2400,1.799967
_6229_,VPWR,li1,128.8000,19.0400,1.799967
_6228_,VPWR,li1,158.0100,187.6800,1.799662
_6227_,VPWR,li1,153.4100,182.2400,1.799741
_6226_,VPWR,li1,156.1700,193.1200,1.799928
_6225_,VPWR,li1,283.3600,182.2400,1.799938
_6223_,VPWR,li1,225.1700,57.1200,1.799921
_6222_,VPWR,li1,230.6900,57.1200,1.799904
_6221_,VPWR,li1,283.3600,176.8000,1.799973
_6220_,VPWR,li1,217.5800,51.6800,1.799950
_6219_,VPWR,li1,245.6400,46.2400,1.799911
_6218_,VPWR,li1,236.4400,35.3600,1.799948
_6217_,VPWR,li1,276.4600,95.2000,1.799953
_6216_,VPWR,li1,103.5000,116.9600,1.799922
_6215_,VPWR,li1,188.3700,252.9600,1.799876
_6214_,VPWR,li1,193.6600,247.5200,1.799869
_6213_,VPWR,li1,194.5800,242.0800,1.799906
_6212_,VPWR,li1,194.5800,252.9600,1.799885
_6211_,VPWR,li1,188.1400,258.4000,1.799891
_6210_,VPWR,li1,197.3400,247.5200,1.799848
_6209_,VPWR,li1,195.5000,269.2800,1.799907
_6208_,VPWR,li1,201.0200,280.1600,1.799893
_6207_,VPWR,li1,214.3600,274.7200,1.799895
_6206_,VPWR,li1,218.0400,274.7200,1.799900
_6205_,VPWR,li1,231.8400,285.6000,1.799879
_6204_,VPWR,li1,186.5300,274.7200,1.799884
_6203_,VPWR,li1,196.8800,291.0400,1.799917
_6202_,VPWR,li1,280.6000,144.1600,1.799966
_6201_,VPWR,li1,275.5400,89.7600,1.799887
_6200_,VPWR,li1,278.7600,95.2000,1.799960
_6199_,VPWR,li1,201.9400,182.2400,1.799841
_6198_,VPWR,li1,198.7200,258.4000,1.799826
_6197_,VPWR,li1,222.6400,269.2800,1.799939
_6196_,VPWR,li1,225.4000,285.6000,1.799898
_6195_,VPWR,li1,261.2800,160.4800,1.799863
_6194_,VPWR,li1,205.1600,258.4000,1.799809
_6193_,VPWR,li1,196.8800,285.6000,1.799912
_6192_,VPWR,li1,205.1600,263.8400,1.799908
_6191_,VPWR,li1,201.4800,258.4000,1.799816
_6190_,VPWR,li1,209.5300,258.4000,1.799808
_6189_,VPWR,li1,224.9400,263.8400,1.799926
_6188_,VPWR,li1,199.6400,252.9600,1.799877
_6187_,VPWR,li1,201.0200,247.5200,1.799824
_6186_,VPWR,li1,201.2500,225.7600,1.799843
_6185_,VPWR,li1,272.3200,57.1200,1.799905
_6184_,VPWR,li1,269.3300,62.5600,1.799876
_6183_,VPWR,li1,256.4500,187.6800,1.799960
_6182_,VPWR,li1,270.0200,51.6800,1.799921
_6181_,VPWR,li1,275.0800,84.3200,1.799948
_6180_,VPWR,li1,269.3300,89.7600,1.799879
_6179_,VPWR,li1,272.0900,89.7600,1.799882
_6178_,VPWR,li1,149.7300,187.6800,1.799495
_6177_,VPWR,li1,180.3200,209.4400,1.799882
_6176_,VPWR,li1,180.3200,220.3200,1.799922
_6175_,VPWR,li1,239.6600,220.3200,1.799856
_6174_,VPWR,li1,235.7500,209.4400,1.799925
_6173_,VPWR,li1,241.5000,198.5600,1.799865
_6172_,VPWR,li1,175.2600,209.4400,1.799885
_6171_,VPWR,li1,175.4900,204.0000,1.799897
_6170_,VPWR,li1,176.4100,204.0000,1.799897
_6169_,VPWR,li1,184.0000,220.3200,1.799929
_6168_,VPWR,li1,193.2000,220.3200,1.799934
_6167_,VPWR,li1,171.1200,220.3200,1.799925
_6166_,VPWR,li1,219.1900,214.8800,1.799931
_6165_,VPWR,li1,218.9600,204.0000,1.799911
_6163_,VPWR,li1,274.1600,84.3200,1.799948
_6162_,VPWR,li1,264.9600,51.6800,1.799907
_6161_,VPWR,li1,264.2700,62.5600,1.799875
_6160_,VPWR,li1,260.5900,182.2400,1.799882
_6159_,VPWR,li1,261.9700,57.1200,1.799903
_6158_,VPWR,li1,268.8700,68.0000,1.799966
_6157_,VPWR,li1,281.2900,220.3200,1.799920
_6156_,VPWR,li1,272.7800,225.7600,1.799929
_6155_,VPWR,li1,277.8400,220.3200,1.799889
_6154_,VPWR,li1,270.0200,242.0800,1.799874
_6153_,VPWR,li1,273.7000,242.0800,1.799896
_6152_,VPWR,li1,278.3000,252.9600,1.799920
_6151_,VPWR,li1,283.3600,236.6400,1.799925
_6150_,VPWR,li1,269.5600,236.6400,1.799906
_6149_,VPWR,li1,265.4200,214.8800,1.799934
_6148_,VPWR,li1,272.3200,220.3200,1.799868
_6147_,VPWR,li1,255.5300,214.8800,1.799941
_6146_,VPWR,li1,278.0700,280.1600,1.799897
_6145_,VPWR,li1,164.2200,214.8800,1.799882
_6144_,VPWR,li1,259.4400,51.6800,1.799910
_6143_,VPWR,li1,260.1300,62.5600,1.799883
_6142_,VPWR,li1,261.0500,187.6800,1.799957
_6141_,VPWR,li1,248.6300,242.0800,1.799840
_6140_,VPWR,li1,252.5400,242.0800,1.799846
_6139_,VPWR,li1,260.3600,252.9600,1.799893
_6138_,VPWR,li1,241.5000,247.5200,1.799828
_6137_,VPWR,li1,247.4800,258.4000,1.799867
_6136_,VPWR,li1,254.8400,274.7200,1.799868
_6135_,VPWR,li1,253.9200,269.2800,1.799944
_6134_,VPWR,li1,259.9000,242.0800,1.799831
_6133_,VPWR,li1,256.2200,236.6400,1.799919
_6132_,VPWR,li1,243.1100,236.6400,1.799923
_6131_,VPWR,li1,252.5400,236.6400,1.799929
_6130_,VPWR,li1,251.8500,247.5200,1.799863
_6129_,VPWR,li1,145.3600,242.0800,1.799869
_6128_,VPWR,li1,259.2100,46.2400,1.799906
_6127_,VPWR,li1,267.9500,57.1200,1.799899
_6126_,VPWR,li1,278.9900,252.9600,1.799920
_6125_,VPWR,li1,256.6800,165.9200,1.799906
_6124_,VPWR,li1,202.4000,182.2400,1.799841
_6123_,VPWR,li1,206.0800,182.2400,1.799851
_6122_,VPWR,li1,267.0300,247.5200,1.799846
_6121_,VPWR,li1,265.4200,182.2400,1.799885
_6120_,VPWR,li1,270.0200,160.4800,1.799863
_6119_,VPWR,li1,270.0200,182.2400,1.799897
_6118_,VPWR,li1,276.6900,269.2800,1.799950
_6117_,VPWR,li1,149.9600,225.7600,1.799864
_6116_,VPWR,li1,265.4200,225.7600,1.799923
_6115_,VPWR,li1,269.1000,225.7600,1.799924
_6114_,VPWR,li1,254.6100,214.8800,1.799941
_6113_,VPWR,li1,233.6800,51.6800,1.799926
_6112_,VPWR,li1,268.4100,62.5600,1.799876
_6111_,VPWR,li1,285.4300,214.8800,1.799965
_6110_,VPWR,li1,274.1600,176.8000,1.799959
_6109_,VPWR,li1,278.7600,165.9200,1.799902
_6107_,VPWR,li1,283.3600,165.9200,1.799912
_6106_,VPWR,li1,276.4600,225.7600,1.799942
_6104_,VPWR,li1,274.1600,220.3200,1.799877
_6102_,VPWR,li1,281.0600,193.1200,1.799931
_6100_,VPWR,li1,269.5600,231.2000,1.799899
_6099_,VPWR,li1,273.9300,252.9600,1.799905
_6098_,VPWR,li1,271.4000,165.9200,1.799861
_6095_,VPWR,li1,269.1000,220.3200,1.799863
_6094_,VPWR,li1,269.1000,209.4400,1.799915
_6093_,VPWR,li1,255.5300,204.0000,1.799901
_6091_,VPWR,li1,217.1200,57.1200,1.799924
_6090_,VPWR,li1,220.1100,62.5600,1.799945
_6089_,VPWR,li1,138.9200,182.2400,1.799656
_6088_,VPWR,li1,219.1900,182.2400,1.799935
_6086_,VPWR,li1,169.2800,46.2400,1.799931
_6085_,VPWR,li1,172.5000,62.5600,1.799919
_6084_,VPWR,li1,146.9700,182.2400,1.799671
_6083_,VPWR,li1,142.8300,182.2400,1.799655
_6082_,VPWR,li1,137.7700,187.6800,1.799561
_6081_,VPWR,li1,138.4600,198.5600,1.799851
_6080_,VPWR,li1,190.6700,29.9200,1.799954
_6079_,VPWR,li1,194.1200,29.9200,1.799947
_6078_,VPWR,li1,153.4100,46.2400,1.799943
_6077_,VPWR,li1,152.9500,62.5600,1.799929
_6076_,VPWR,li1,149.2700,193.1200,1.799898
_6074_,VPWR,li1,152.4900,40.8000,1.799947
_6073_,VPWR,li1,148.5800,57.1200,1.799914
_6072_,VPWR,li1,129.2600,176.8000,1.799911
_6071_,VPWR,li1,128.5700,274.7200,1.799856
_6070_,VPWR,li1,101.6600,274.7200,1.799871
_6069_,VPWR,li1,105.3400,274.7200,1.799855
_6068_,VPWR,li1,93.8400,280.1600,1.799901
_6067_,VPWR,li1,93.8400,263.8400,1.799902
_6066_,VPWR,li1,86.4800,269.2800,1.799885
_6065_,VPWR,li1,93.3800,263.8400,1.799902
_6064_,VPWR,li1,92.6900,231.2000,1.799814
_6063_,VPWR,li1,128.8000,269.2800,1.799873
_6062_,VPWR,li1,136.6200,280.1600,1.799886
_6061_,VPWR,li1,124.6600,274.7200,1.799844
_6060_,VPWR,li1,128.5700,274.7200,1.799856
_6059_,VPWR,li1,111.3200,274.7200,1.799837
_6058_,VPWR,li1,146.9700,40.8000,1.799944
_6057_,VPWR,li1,127.1900,62.5600,1.799943
_6056_,VPWR,li1,114.7700,182.2400,1.799757
_6055_,VPWR,li1,31.9700,252.9600,1.799819
_6054_,VPWR,li1,24.6100,285.6000,1.799877
_6053_,VPWR,li1,63.0200,242.0800,1.799904
_6052_,VPWR,li1,25.3000,252.9600,1.799838
_6051_,VPWR,li1,30.1300,263.8400,1.799840
_6050_,VPWR,li1,28.5200,258.4000,1.799912
_6049_,VPWR,li1,16.5600,285.6000,1.799896
_6048_,VPWR,li1,33.3500,247.5200,1.799936
_6047_,VPWR,li1,33.8100,263.8400,1.799848
_6046_,VPWR,li1,40.0200,269.2800,1.799889
_6045_,VPWR,li1,24.6100,247.5200,1.799935
_6044_,VPWR,li1,25.7600,247.5200,1.799932
_6043_,VPWR,li1,8.7400,252.9600,1.799916
_6040_,VPWR,li1,120.9800,40.8000,1.799954
_6039_,VPWR,li1,118.2200,57.1200,1.799913
_6038_,VPWR,li1,119.1400,182.2400,1.799750
_6037_,VPWR,li1,121.2100,269.2800,1.799848
_6036_,VPWR,li1,97.9800,274.7200,1.799867
_6035_,VPWR,li1,99.3600,274.7200,1.799886
_6034_,VPWR,li1,93.8400,280.1600,1.799901
_6033_,VPWR,li1,78.2000,269.2800,1.799895
_6032_,VPWR,li1,75.9000,280.1600,1.799913
_6031_,VPWR,li1,68.0800,285.6000,1.799919
_6030_,VPWR,li1,96.8300,231.2000,1.799833
_6029_,VPWR,li1,125.1200,258.4000,1.799925
_6027_,VPWR,li1,131.1000,285.6000,1.799946
_6025_,VPWR,li1,125.1200,269.2800,1.799858
_6023_,VPWR,li1,119.3700,274.7200,1.799833
_6022_,VPWR,li1,106.7200,280.1600,1.799884
_6018_,VPWR,li1,89.7000,19.0400,1.799948
_6017_,VPWR,li1,101.8900,29.9200,1.799933
_6016_,VPWR,li1,98.2100,62.5600,1.799924
_6014_,VPWR,li1,98.6700,171.3600,1.799949
_6012_,VPWR,li1,138.9200,187.6800,1.799561
_6011_,VPWR,li1,140.9900,193.1200,1.799882
_6010_,VPWR,li1,154.3300,193.1200,1.799916
_6009_,VPWR,li1,209.0700,242.0800,1.799863
_6008_,VPWR,li1,222.8700,214.8800,1.799926
_6007_,VPWR,li1,226.7800,225.7600,1.799921
_6006_,VPWR,li1,233.2200,231.2000,1.799887
_6005_,VPWR,li1,216.8900,225.7600,1.799896
_6004_,VPWR,li1,213.9000,231.2000,1.799911
_6003_,VPWR,li1,213.9000,225.7600,1.799884
_6002_,VPWR,li1,160.7700,198.5600,1.799923
_6001_,VPWR,li1,158.4700,198.5600,1.799908
_6000_,VPWR,li1,155.9400,209.4400,1.799922
_5999_,VPWR,li1,159.6200,209.4400,1.799925
_5998_,VPWR,li1,159.3900,198.5600,1.799908
_5997_,VPWR,li1,161.6900,204.0000,1.799944
_5996_,VPWR,li1,158.2400,209.4400,1.799925
_5995_,VPWR,li1,158.2400,220.3200,1.799943
_5994_,VPWR,li1,137.5400,193.1200,1.799889
_5993_,VPWR,li1,131.3300,236.6400,1.799901
_5992_,VPWR,li1,119.8300,252.9600,1.799862
_5991_,VPWR,li1,110.8600,247.5200,1.799916
_5990_,VPWR,li1,127.4200,247.5200,1.799929
_5989_,VPWR,li1,124.8900,231.2000,1.799836
_5988_,VPWR,li1,109.0200,236.6400,1.799837
_5987_,VPWR,li1,120.0600,236.6400,1.799847
_5986_,VPWR,li1,137.0800,231.2000,1.799853
_5985_,VPWR,li1,140.7600,231.2000,1.799846
_5984_,VPWR,li1,138.4600,236.6400,1.799878
_5983_,VPWR,li1,134.5500,198.5600,1.799874
_5982_,VPWR,li1,84.8700,236.6400,1.799851
_5981_,VPWR,li1,80.0400,236.6400,1.799860
_5980_,VPWR,li1,79.5800,236.6400,1.799860
_5979_,VPWR,li1,178.7100,187.6800,1.799807
_5978_,VPWR,li1,201.0200,204.0000,1.799850
_5977_,VPWR,li1,209.9900,209.4400,1.799916
_5976_,VPWR,li1,223.1000,204.0000,1.799897
_5975_,VPWR,li1,214.3600,204.0000,1.799885
_5974_,VPWR,li1,180.0900,204.0000,1.799895
_5973_,VPWR,li1,189.0600,204.0000,1.799903
_5972_,VPWR,li1,187.2200,204.0000,1.799896
_5971_,VPWR,li1,204.4700,225.7600,1.799843
_5970_,VPWR,li1,202.8600,209.4400,1.799908
_5969_,VPWR,li1,202.8600,220.3200,1.799916
_5968_,VPWR,li1,188.3700,187.6800,1.799871
_5967_,VPWR,li1,205.1600,204.0000,1.799854
_5965_,VPWR,li1,195.0400,198.5600,1.799925
_5962_,VPWR,li1,87.6300,204.0000,1.799814
_5961_,VPWR,li1,68.0800,225.7600,1.799877
_5960_,VPWR,li1,68.0800,225.7600,1.799877
_5959_,VPWR,li1,60.2600,225.7600,1.799876
_5958_,VPWR,li1,77.2800,204.0000,1.799866
_5957_,VPWR,li1,68.0800,204.0000,1.799913
_5956_,VPWR,li1,82.8000,209.4400,1.799771
_5955_,VPWR,li1,92.0000,214.8800,1.799854
_5954_,VPWR,li1,85.1000,209.4400,1.799759
_5953_,VPWR,li1,57.9600,214.8800,1.799859
_5951_,VPWR,li1,91.7700,209.4400,1.799749
_5950_,VPWR,li1,97.9800,220.3200,1.799916
_5949_,VPWR,li1,74.0600,225.7600,1.799846
_5948_,VPWR,li1,93.1500,220.3200,1.799910
_5945_,VPWR,li1,42.3200,13.6000,1.799944
_5944_,VPWR,li1,46.4600,19.0400,1.799929
_5943_,VPWR,li1,27.6000,100.6400,1.799912
_5942_,VPWR,li1,91.7700,187.6800,1.799814
_5941_,VPWR,li1,96.6000,187.6800,1.799828
_5940_,VPWR,li1,145.1300,198.5600,1.799834
_5939_,VPWR,li1,54.7400,214.8800,1.799854
_5938_,VPWR,li1,38.4100,236.6400,1.799942
_5937_,VPWR,li1,50.1400,220.3200,1.799924
_5935_,VPWR,li1,51.0600,231.2000,1.799910
_5934_,VPWR,li1,42.5500,209.4400,1.799900
_5933_,VPWR,li1,8.5100,231.2000,1.799966
_5932_,VPWR,li1,20.7000,209.4400,1.799893
_5931_,VPWR,li1,20.7000,225.7600,1.799930
_5930_,VPWR,li1,41.1700,204.0000,1.799933
_5929_,VPWR,li1,34.5000,204.0000,1.799912
_5928_,VPWR,li1,42.3200,209.4400,1.799900
_5927_,VPWR,li1,29.6700,204.0000,1.799909
_5926_,VPWR,li1,16.5600,214.8800,1.799940
_5925_,VPWR,li1,33.5800,220.3200,1.799923
_5923_,VPWR,li1,146.9700,193.1200,1.799889
_5922_,VPWR,li1,42.5500,269.2800,1.799856
_5921_,VPWR,li1,48.5300,280.1600,1.799854
_5920_,VPWR,li1,51.5200,258.4000,1.799909
_5919_,VPWR,li1,30.8200,280.1600,1.799896
_5918_,VPWR,li1,101.6600,252.9600,1.799905
_5917_,VPWR,li1,83.2600,236.6400,1.799853
_5916_,VPWR,li1,101.6600,242.0800,1.799882
_5915_,VPWR,li1,101.6600,225.7600,1.799890
_5914_,VPWR,li1,54.2800,252.9600,1.799880
_5913_,VPWR,li1,95.6800,214.8800,1.799862
_5912_,VPWR,li1,88.5500,231.2000,1.799803
_5911_,VPWR,li1,50.8300,269.2800,1.799851
_5910_,VPWR,li1,26.2200,269.2800,1.799894
_5908_,VPWR,li1,256.4500,242.0800,1.799826
_5907_,VPWR,li1,264.9600,247.5200,1.799846
_5906_,VPWR,li1,256.2200,242.0800,1.799826
_5905_,VPWR,li1,265.4200,231.2000,1.799893
_5904_,VPWR,li1,258.5200,258.4000,1.799905
_5900_,VPWR,li1,261.7400,280.1600,1.799846
_5899_,VPWR,li1,260.8200,182.2400,1.799882
_5898_,VPWR,li1,252.5400,247.5200,1.799863
_5897_,VPWR,li1,260.3600,220.3200,1.799863
_5896_,VPWR,li1,235.7500,214.8800,1.799924
_5895_,VPWR,li1,247.9400,198.5600,1.799899
_5894_,VPWR,li1,260.1300,274.7200,1.799864
_5893_,VPWR,li1,197.3400,187.6800,1.799841
_5892_,VPWR,li1,171.3500,258.4000,1.799872
_5891_,VPWR,li1,175.9500,252.9600,1.799830
_5890_,VPWR,li1,175.2600,258.4000,1.799873
_5888_,VPWR,li1,188.1400,247.5200,1.799890
_5887_,VPWR,li1,191.8200,258.4000,1.799896
_5885_,VPWR,li1,176.8700,263.8400,1.799917
_5884_,VPWR,li1,182.6200,280.1600,1.799922
_5882_,VPWR,li1,189.9800,247.5200,1.799896
_5881_,VPWR,li1,184.0000,247.5200,1.799880
_5878_,VPWR,li1,180.0900,225.7600,1.799841
_5877_,VPWR,li1,168.5900,274.7200,1.799863
_5876_,VPWR,li1,196.8800,291.0400,1.799917
_5863_,VPWR,li1,20.4700,149.6000,1.799955
_5862_,VPWR,li1,99.1300,176.8000,1.799933
_5860_,VPWR,li1,42.3200,19.0400,1.799936
_5857_,VPWR,li1,20.4700,144.1600,1.799948
_5856_,VPWR,li1,98.6700,187.6800,1.799841
_5855_,VPWR,li1,27.8300,176.8000,1.799942
_5854_,VPWR,li1,100.0500,176.8000,1.799933
_5850_,VPWR,li1,88.5500,51.6800,1.799914
_5849_,VPWR,li1,75.6700,40.8000,1.799964
_5848_,VPWR,li1,72.6800,35.3600,1.799943
_5847_,VPWR,li1,40.7100,51.6800,1.799956
_5846_,VPWR,li1,33.5800,116.9600,1.799956
_5845_,VPWR,li1,124.8900,182.2400,1.799775
_5844_,VPWR,li1,125.3500,187.6800,1.799760
_5843_,VPWR,li1,42.5500,62.5600,1.799931
_5841_,VPWR,li1,89.0100,57.1200,1.799920
_5840_,VPWR,li1,124.4300,209.4400,1.799907
_5839_,VPWR,li1,106.4900,165.9200,1.799942
_5838_,VPWR,li1,128.1100,209.4400,1.799931
_5837_,VPWR,li1,123.7400,225.7600,1.799911
_5836_,VPWR,li1,123.7400,214.8800,1.799918
_5835_,VPWR,li1,144.2100,214.8800,1.799891
_5834_,VPWR,li1,140.7600,209.4400,1.799934
_5833_,VPWR,li1,146.7400,209.4400,1.799929
_5832_,VPWR,li1,127.1900,214.8800,1.799920
_5831_,VPWR,li1,100.7400,214.8800,1.799910
_5830_,VPWR,li1,125.1200,220.3200,1.799928
_5829_,VPWR,li1,125.8100,209.4400,1.799918
_5828_,VPWR,li1,127.4200,225.7600,1.799921
_5827_,VPWR,li1,122.8200,204.0000,1.799834
_5826_,VPWR,li1,129.9500,187.6800,1.799765
_5824_,VPWR,li1,266.1100,89.7600,1.799879
_5823_,VPWR,li1,90.8500,51.6800,1.799917
_5822_,VPWR,li1,128.8000,187.6800,1.799761
_5821_,VPWR,li1,120.0600,187.6800,1.799762
_5820_,VPWR,li1,229.3100,247.5200,1.799778
_5819_,VPWR,li1,235.7500,263.8400,1.799926
_5818_,VPWR,li1,237.3600,247.5200,1.799802
_5817_,VPWR,li1,235.0600,242.0800,1.799822
_5816_,VPWR,li1,252.3100,258.4000,1.799904
_5815_,VPWR,li1,208.3800,187.6800,1.799831
_5814_,VPWR,li1,252.5400,258.4000,1.799904
_5813_,VPWR,li1,229.7700,252.9600,1.799887
_5812_,VPWR,li1,232.9900,274.7200,1.799819
_5811_,VPWR,li1,265.4200,274.7200,1.799875
_5810_,VPWR,li1,226.5500,209.4400,1.799936
_5809_,VPWR,li1,234.6000,231.2000,1.799887
_5808_,VPWR,li1,231.3800,242.0800,1.799827
_5807_,VPWR,li1,95.9100,242.0800,1.799840
_5806_,VPWR,li1,79.8100,258.4000,1.799895
_5805_,VPWR,li1,71.7600,247.5200,1.799951
_5804_,VPWR,li1,66.2400,258.4000,1.799910
_5803_,VPWR,li1,90.3900,258.4000,1.799898
_5802_,VPWR,li1,79.8100,252.9600,1.799886
_5801_,VPWR,li1,85.1000,247.5200,1.799929
_5800_,VPWR,li1,101.4300,236.6400,1.799881
_5799_,VPWR,li1,100.2800,258.4000,1.799931
_5797_,VPWR,li1,111.7800,258.4000,1.799902
_5796_,VPWR,li1,101.8900,252.9600,1.799905
_5795_,VPWR,li1,115.4600,252.9600,1.799862
_5792_,VPWR,li1,97.9800,247.5200,1.799939
_5789_,VPWR,li1,144.6700,252.9600,1.799788
_5788_,VPWR,li1,141.4500,252.9600,1.799810
_5787_,VPWR,li1,140.0700,258.4000,1.799918
_5786_,VPWR,li1,143.5200,252.9600,1.799788
_5781_,VPWR,li1,94.0700,209.4400,1.799751
_5780_,VPWR,li1,148.3500,247.5200,1.799895
_5778_,VPWR,li1,85.1000,198.5600,1.799740
_5777_,VPWR,li1,170.2000,247.5200,1.799874
_5775_,VPWR,li1,141.2200,247.5200,1.799899
_5774_,VPWR,li1,140.0700,263.8400,1.799937
_5772_,VPWR,li1,99.1300,209.4400,1.799786
_5771_,VPWR,li1,84.8700,193.1200,1.799841
_5770_,VPWR,li1,145.3600,280.1600,1.799859
_5769_,VPWR,li1,147.2000,274.7200,1.799845
_5767_,VPWR,li1,158.4700,263.8400,1.799938
_5765_,VPWR,li1,82.3400,198.5600,1.799735
_5764_,VPWR,li1,88.0900,198.5600,1.799752
_5763_,VPWR,li1,166.5200,258.4000,1.799892
_5759_,VPWR,li1,94.9900,198.5600,1.799799
_5755_,VPWR,li1,105.5700,204.0000,1.799813
_5754_,VPWR,li1,168.8200,269.2800,1.799842
_5750_,VPWR,li1,92.0000,198.5600,1.799774
_5746_,VPWR,li1,104.8800,204.0000,1.799813
_5745_,VPWR,li1,20.4700,89.7600,1.799965
_5740_,VPWR,li1,25.5300,95.2000,1.799953
_5739_,VPWR,li1,26.9100,95.2000,1.799953
_5738_,VPWR,li1,24.8400,89.7600,1.799961
_5737_,VPWR,li1,24.1500,89.7600,1.799961
_5734_,VPWR,li1,99.5900,106.0800,1.799974
_5732_,VPWR,li1,11.7300,89.7600,1.799976
_5730_,VPWR,li1,221.9500,231.2000,1.799933
_5728_,VPWR,li1,158.0100,231.2000,1.799854
_5726_,VPWR,li1,175.4900,269.2800,1.799842
_5724_,VPWR,li1,215.0500,269.2800,1.799939
_5722_,VPWR,li1,191.1300,225.7600,1.799872
_5720_,VPWR,li1,198.9500,269.2800,1.799909
_5718_,VPWR,li1,163.9900,274.7200,1.799887
_5715_,VPWR,li1,209.5300,193.1200,1.799936
_5713_,VPWR,li1,231.6100,193.1200,1.799950
_5711_,VPWR,li1,252.7700,236.6400,1.799929
_5709_,VPWR,li1,271.1700,214.8800,1.799945
_5707_,VPWR,li1,242.1900,252.9600,1.799902
_5705_,VPWR,li1,266.1100,252.9600,1.799895
_5703_,VPWR,li1,273.0100,204.0000,1.799924
_5701_,VPWR,li1,233.4500,247.5200,1.799788
_5698_,VPWR,li1,119.3700,242.0800,1.799848
_5696_,VPWR,li1,60.4900,236.6400,1.799896
_5694_,VPWR,li1,37.9500,291.0400,1.799948
_5692_,VPWR,li1,105.1100,285.6000,1.799929
_5690_,VPWR,li1,20.4700,258.4000,1.799924
_5688_,VPWR,li1,100.0500,280.1600,1.799921
_5686_,VPWR,li1,48.9900,291.0400,1.799944
_5684_,VPWR,li1,116.1500,263.8400,1.799940
_5681_,VPWR,li1,74.2900,220.3200,1.799935
_5679_,VPWR,li1,23.6900,231.2000,1.799943
_5677_,VPWR,li1,22.7700,220.3200,1.799940
_5675_,VPWR,li1,20.4700,187.6800,1.799957
_5673_,VPWR,li1,114.3100,220.3200,1.799896
_5671_,VPWR,li1,132.4800,225.7600,1.799915
_5669_,VPWR,li1,215.0500,236.6400,1.799948
_5667_,VPWR,li1,158.0100,236.6400,1.799910
_5665_,VPWR,li1,181.0100,263.8400,1.799924
_5663_,VPWR,li1,220.1100,258.4000,1.799880
_5661_,VPWR,li1,190.6700,263.8400,1.799942
_5659_,VPWR,li1,202.1700,258.4000,1.799816
_5657_,VPWR,li1,159.3900,263.8400,1.799938
_5654_,VPWR,li1,221.4900,209.4400,1.799948
_5652_,VPWR,li1,229.7700,204.0000,1.799886
_5650_,VPWR,li1,256.9100,225.7600,1.799941
_5648_,VPWR,li1,281.7500,214.8800,1.799966
_5646_,VPWR,li1,241.2700,231.2000,1.799893
_5644_,VPWR,li1,265.6500,236.6400,1.799907
_5642_,VPWR,li1,281.7500,204.0000,1.799956
_5640_,VPWR,li1,229.7700,242.0800,1.799827
_5637_,VPWR,li1,105.1100,236.6400,1.799856
_5635_,VPWR,li1,16.7900,274.7200,1.799916
_5633_,VPWR,li1,20.9300,285.6000,1.799883
_5631_,VPWR,li1,88.5500,280.1600,1.799900
_5629_,VPWR,li1,12.6500,252.9600,1.799905
_5627_,VPWR,li1,79.3500,269.2800,1.799895
_5625_,VPWR,li1,29.2100,285.6000,1.799878
_5623_,VPWR,li1,93.6100,247.5200,1.799935
_5620_,VPWR,li1,87.1700,225.7600,1.799810
_5618_,VPWR,li1,18.1700,236.6400,1.799958
_5616_,VPWR,li1,25.9900,209.4400,1.799890
_5614_,VPWR,li1,17.2500,193.1200,1.799935
_5612_,VPWR,li1,116.1500,225.7600,1.799888
_5610_,VPWR,li1,126.9600,225.7600,1.799921
_5608_,VPWR,li1,163.0700,220.3200,1.799942
_5606_,VPWR,li1,155.2500,274.7200,1.799882
_5604_,VPWR,li1,166.2900,280.1600,1.799929
_5602_,VPWR,li1,215.5100,274.7200,1.799898
_5600_,VPWR,li1,191.5900,269.2800,1.799908
_5598_,VPWR,li1,206.7700,280.1600,1.799888
_5596_,VPWR,li1,155.2500,269.2800,1.799877
_5593_,VPWR,li1,204.9300,204.0000,1.799854
_5591_,VPWR,li1,183.7700,214.8800,1.799899
_5589_,VPWR,li1,248.1700,209.4400,1.799931
_5587_,VPWR,li1,265.6500,204.0000,1.799899
_5585_,VPWR,li1,248.1700,225.7600,1.799952
_5583_,VPWR,li1,261.0500,225.7600,1.799932
_5581_,VPWR,li1,263.8100,204.0000,1.799888
_5579_,VPWR,li1,232.0700,214.8800,1.799923
_5576_,VPWR,li1,132.2500,231.2000,1.799873
_5574_,VPWR,li1,14.4900,269.2800,1.799941
_5572_,VPWR,li1,30.1300,274.7200,1.799900
_5570_,VPWR,li1,136.8500,274.7200,1.799851
_5568_,VPWR,li1,9.4300,263.8400,1.799924
_5566_,VPWR,li1,127.1900,263.8400,1.799950
_5564_,VPWR,li1,104.1900,269.2800,1.799903
_5562_,VPWR,li1,105.5700,252.9600,1.799886
_5559_,VPWR,li1,67.8500,193.1200,1.799932
_5557_,VPWR,li1,10.8100,225.7600,1.799967
_5555_,VPWR,li1,9.4300,209.4400,1.799946
_5553_,VPWR,li1,10.8100,193.1200,1.799961
_5551_,VPWR,li1,120.2900,220.3200,1.799911
_5549_,VPWR,li1,130.6400,225.7600,1.799930
_5547_,VPWR,li1,163.9900,209.4400,1.799920
_5545_,VPWR,li1,153.4100,285.6000,1.799949
_5543_,VPWR,li1,169.9700,280.1600,1.799927
_5541_,VPWR,li1,219.1900,291.0400,1.799915
_5539_,VPWR,li1,191.5900,280.1600,1.799939
_5537_,VPWR,li1,206.3100,291.0400,1.799913
_5535_,VPWR,li1,143.7500,285.6000,1.799942
_5532_,VPWR,li1,195.7300,204.0000,1.799869
_5530_,VPWR,li1,190.6700,214.8800,1.799935
_5528_,VPWR,li1,249.5500,204.0000,1.799927
_5526_,VPWR,li1,259.6700,204.0000,1.799893
_5524_,VPWR,li1,246.3300,220.3200,1.799876
_5522_,VPWR,li1,250.4700,214.8800,1.799955
_5520_,VPWR,li1,256.4500,198.5600,1.799894
_5518_,VPWR,li1,234.8300,220.3200,1.799874
_5515_,VPWR,li1,145.1300,236.6400,1.799884
_5513_,VPWR,li1,10.3500,269.2800,1.799960
_5511_,VPWR,li1,49.9100,274.7200,1.799918
_5509_,VPWR,li1,136.8500,291.0400,1.799975
_5507_,VPWR,li1,13.5700,263.8400,1.799888
_5505_,VPWR,li1,128.5700,291.0400,1.799977
_5503_,VPWR,li1,97.7500,263.8400,1.799928
_5501_,VPWR,li1,93.6100,258.4000,1.799910
_5498_,VPWR,li1,72.4500,204.0000,1.799901
_5496_,VPWR,li1,12.6500,236.6400,1.799971
_5494_,VPWR,li1,13.5700,209.4400,1.799926
_5492_,VPWR,li1,14.9500,193.1200,1.799944
_5490_,VPWR,li1,105.5700,209.4400,1.799826
_5488_,VPWR,li1,128.8000,220.3200,1.799935
_5486_,VPWR,li1,152.9500,220.3200,1.799937
_5484_,VPWR,li1,154.7900,291.0400,1.799975
_5482_,VPWR,li1,164.9100,291.0400,1.799972
_5480_,VPWR,li1,214.1300,291.0400,1.799913
_5478_,VPWR,li1,192.5100,285.6000,1.799933
_5476_,VPWR,li1,201.7100,291.0400,1.799914
_5474_,VPWR,li1,144.2100,280.1600,1.799861
_5471_,VPWR,li1,193.4300,193.1200,1.799951
_5469_,VPWR,li1,175.4900,220.3200,1.799922
_5467_,VPWR,li1,241.7300,209.4400,1.799927
_5465_,VPWR,li1,267.0300,198.5600,1.799900
_5463_,VPWR,li1,240.3500,214.8800,1.799932
_5461_,VPWR,li1,261.0500,214.8800,1.799936
_5459_,VPWR,li1,271.1700,198.5600,1.799914
_5457_,VPWR,li1,228.8500,220.3200,1.799902
_5454_,VPWR,li1,132.2500,242.0800,1.799887
_5452_,VPWR,li1,16.7900,280.1600,1.799933
_5450_,VPWR,li1,42.0900,274.7200,1.799931
_5448_,VPWR,li1,136.8500,285.6000,1.799943
_5446_,VPWR,li1,20.9300,247.5200,1.799938
_5444_,VPWR,li1,125.8100,285.6000,1.799925
_5442_,VPWR,li1,67.8500,280.1600,1.799922
_5440_,VPWR,li1,116.1500,252.9600,1.799862
_5437_,VPWR,li1,78.8900,209.4400,1.799798
_5435_,VPWR,li1,16.3300,225.7600,1.799946
_5433_,VPWR,li1,16.3300,220.3200,1.799957
_5431_,VPWR,li1,16.7900,198.5600,1.799925
_5429_,VPWR,li1,104.6500,214.8800,1.799908
_5427_,VPWR,li1,144.4400,220.3200,1.799932
_5425_,VPWR,li1,152.4900,209.4400,1.799925
_5423_,VPWR,li1,150.6500,291.0400,1.799974
_5421_,VPWR,li1,163.5300,285.6000,1.799953
_5419_,VPWR,li1,214.1300,280.1600,1.799913
_5417_,VPWR,li1,191.5900,291.0400,1.799945
_5415_,VPWR,li1,200.3300,285.6000,1.799907
_5413_,VPWR,li1,145.5900,269.2800,1.799853
_5410_,VPWR,li1,201.2500,193.1200,1.799933
_5408_,VPWR,li1,175.4900,214.8800,1.799889
_5406_,VPWR,li1,245.4100,204.0000,1.799909
_5404_,VPWR,li1,266.1100,187.6800,1.799956
_5402_,VPWR,li1,243.1100,225.7600,1.799941
_5400_,VPWR,li1,257.3700,225.7600,1.799941
_5398_,VPWR,li1,261.0500,193.1200,1.799913
_5396_,VPWR,li1,229.7700,225.7600,1.799925
_5393_,VPWR,li1,144.2100,225.7600,1.799878
_5391_,VPWR,li1,10.8100,280.1600,1.799960
_5389_,VPWR,li1,24.1500,280.1600,1.799908
_5387_,VPWR,li1,132.7100,274.7200,1.799869
_5385_,VPWR,li1,22.7700,236.6400,1.799947
_5383_,VPWR,li1,112.0100,263.8400,1.799938
_5381_,VPWR,li1,65.0900,274.7200,1.799916
_5379_,VPWR,li1,111.0900,252.9600,1.799871
_5376_,VPWR,li1,72.4500,209.4400,1.799862
_5374_,VPWR,li1,10.8100,220.3200,1.799973
_5372_,VPWR,li1,10.8100,209.4400,1.799946
_5370_,VPWR,li1,10.3500,198.5600,1.799953
_5368_,VPWR,li1,123.5100,214.8800,1.799918
_5366_,VPWR,li1,138.4600,220.3200,1.799932
_5365_,VPWR,li1,130.8700,204.0000,1.799887
_5363_,VPWR,li1,218.7300,220.3200,1.799935
_5361_,VPWR,li1,154.7900,263.8400,1.799934
_5359_,VPWR,li1,172.7300,263.8400,1.799919
_5357_,VPWR,li1,222.4100,280.1600,1.799927
_5355_,VPWR,li1,178.7100,280.1600,1.799921
_5353_,VPWR,li1,211.3700,258.4000,1.799828
_5351_,VPWR,li1,136.8500,258.4000,1.799925
_5348_,VPWR,li1,203.5500,214.8800,1.799918
_5346_,VPWR,li1,219.1900,214.8800,1.799932
_5344_,VPWR,li1,255.9900,269.2800,1.799943
_5342_,VPWR,li1,270.2500,274.7200,1.799892
_5340_,VPWR,li1,245.8700,247.5200,1.799858
_5338_,VPWR,li1,273.9300,274.7200,1.799915
_5336_,VPWR,li1,273.9300,242.0800,1.799896
_5334_,VPWR,li1,231.6100,269.2800,1.799925
_5331_,VPWR,li1,127.1900,247.5200,1.799929
_5329_,VPWR,li1,52.2100,258.4000,1.799909
_5327_,VPWR,li1,46.6900,263.8400,1.799862
_5325_,VPWR,li1,122.5900,280.1600,1.799903
_5323_,VPWR,li1,28.7500,269.2800,1.799890
_5321_,VPWR,li1,118.9100,263.8400,1.799941
_5319_,VPWR,li1,66.0100,263.8400,1.799883
_5317_,VPWR,li1,76.5900,247.5200,1.799940
_5314_,VPWR,li1,63.2500,204.0000,1.799908
_5312_,VPWR,li1,34.7300,236.6400,1.799940
_5310_,VPWR,li1,32.8900,214.8800,1.799919
_5308_,VPWR,li1,37.9500,198.5600,1.799888
_5306_,VPWR,li1,106.4900,220.3200,1.799911
_5304_,VPWR,li1,129.7200,225.7600,1.799930
_5302_,VPWR,li1,209.5300,231.2000,1.799905
_5299_,VPWR,li1,157.0900,252.9600,1.799867
_5296_,VPWR,li1,179.6300,258.4000,1.799878
_5293_,VPWR,li1,227.0100,285.6000,1.799892
_5290_,VPWR,li1,181.4700,274.7200,1.799861
_5287_,VPWR,li1,214.1300,258.4000,1.799843
_5284_,VPWR,li1,132.2500,252.9600,1.799874
_5280_,VPWR,li1,196.6500,220.3200,1.799925
_5277_,VPWR,li1,214.1300,204.0000,1.799885
_5274_,VPWR,li1,261.0500,269.2800,1.799941
_5271_,VPWR,li1,269.3300,285.6000,1.799943
_5268_,VPWR,li1,252.3100,252.9600,1.799909
_5265_,VPWR,li1,283.1300,280.1600,1.799918
_5262_,VPWR,li1,283.1300,247.5200,1.799915
_5259_,VPWR,li1,239.8900,263.8400,1.799935
_5255_,VPWR,li1,102.3500,247.5200,1.799939
_5252_,VPWR,li1,59.5700,252.9600,1.799896
_5249_,VPWR,li1,54.0500,263.8400,1.799852
_5246_,VPWR,li1,128.1100,280.1600,1.799917
_5243_,VPWR,li1,37.9500,263.8400,1.799878
_5240_,VPWR,li1,115.2300,274.7200,1.799835
_5237_,VPWR,li1,72.9100,269.2800,1.799913
_5234_,VPWR,li1,80.7300,247.5200,1.799935
_5230_,VPWR,li1,88.0900,214.8800,1.799855
_5227_,VPWR,li1,36.5700,231.2000,1.799940
_5224_,VPWR,li1,38.8700,214.8800,1.799913
_5221_,VPWR,li1,55.8900,193.1200,1.799923
_5218_,VPWR,li1,74.7500,193.1200,1.799907
_5216_,VPWR,li1,141.6800,220.3200,1.799931
_5213_,VPWR,li1,209.5300,214.8800,1.799917
_5211_,VPWR,li1,152.9500,252.9600,1.799829
_5209_,VPWR,li1,170.8900,291.0400,1.799965
_5207_,VPWR,li1,229.7700,291.0400,1.799890
_5205_,VPWR,li1,179.6300,285.6000,1.799936
_5203_,VPWR,li1,209.0700,269.2800,1.799922
_5201_,VPWR,li1,144.2100,258.4000,1.799914
_5198_,VPWR,li1,192.5100,220.3200,1.799934
_5196_,VPWR,li1,225.6300,209.4400,1.799936
_5194_,VPWR,li1,261.9700,291.0400,1.799920
_5192_,VPWR,li1,273.9300,291.0400,1.799940
_5190_,VPWR,li1,252.7700,285.6000,1.799932
_5188_,VPWR,li1,283.1300,291.0400,1.799963
_5186_,VPWR,li1,284.9700,263.8400,1.799969
_5184_,VPWR,li1,239.8900,280.1600,1.799893
_5181_,VPWR,li1,127.6500,236.6400,1.799886
_5179_,VPWR,li1,59.5700,269.2800,1.799877
_5177_,VPWR,li1,37.0300,285.6000,1.799895
_5175_,VPWR,li1,118.4500,291.0400,1.799968
_5173_,VPWR,li1,36.1100,258.4000,1.799924
_5171_,VPWR,li1,114.3100,291.0400,1.799969
_5169_,VPWR,li1,67.8500,269.2800,1.799911
_5167_,VPWR,li1,85.7900,252.9600,1.799876
_5164_,VPWR,li1,81.1900,214.8800,1.799863
_5162_,VPWR,li1,42.0900,236.6400,1.799945
_5160_,VPWR,li1,47.6100,214.8800,1.799871
_5158_,VPWR,li1,48.9900,187.6800,1.799933
_5156_,VPWR,li1,120.2900,198.5600,1.799849
_5154_,VPWR,li1,139.3800,225.7600,1.799891
_5152_,VPWR,li1,165.3700,204.0000,1.799926
_5150_,VPWR,li1,167.2100,242.0800,1.799923
_5148_,VPWR,li1,181.4700,242.0800,1.799925
_5146_,VPWR,li1,218.2700,247.5200,1.799839
_5144_,VPWR,li1,193.4300,247.5200,1.799869
_5142_,VPWR,li1,196.1900,236.6400,1.799937
_5140_,VPWR,li1,170.4300,252.9600,1.799841
_5137_,VPWR,li1,190.2100,209.4400,1.799934
_5135_,VPWR,li1,170.8900,209.4400,1.799898
_5133_,VPWR,li1,260.1300,269.2800,1.799942
_5131_,VPWR,li1,282.2100,225.7600,1.799961
_5129_,VPWR,li1,252.7700,263.8400,1.799957
_5127_,VPWR,li1,281.7500,269.2800,1.799966
_5125_,VPWR,li1,283.1300,242.0800,1.799940
_5123_,VPWR,li1,239.8900,258.4000,1.799813
_5120_,VPWR,li1,79.8100,242.0800,1.799866
_5118_,VPWR,li1,38.4100,252.9600,1.799882
_5116_,VPWR,li1,12.6500,291.0400,1.799970
_5114_,VPWR,li1,87.1700,291.0400,1.799960
_5112_,VPWR,li1,12.6500,247.5200,1.799961
_5110_,VPWR,li1,80.2700,285.6000,1.799932
_5108_,VPWR,li1,72.4500,291.0400,1.799956
_5106_,VPWR,li1,73.3700,252.9600,1.799912
_5103_,VPWR,li1,62.3300,225.7600,1.799876
_5101_,VPWR,li1,51.7500,209.4400,1.799876
_5099_,VPWR,li1,54.9700,225.7600,1.799883
_5097_,VPWR,li1,53.5900,204.0000,1.799905
_5095_,VPWR,li1,136.8500,214.8800,1.799910
_5093_,VPWR,li1,140.3000,220.3200,1.799931
_5091_,VPWR,li1,165.3700,193.1200,1.799940
_5089_,VPWR,li1,152.0300,247.5200,1.799892
_5087_,VPWR,li1,175.9500,225.7600,1.799843
_5085_,VPWR,li1,214.5900,242.0800,1.799881
_5083_,VPWR,li1,189.2900,220.3200,1.799946
_5081_,VPWR,li1,201.2500,231.2000,1.799898
_5079_,VPWR,li1,168.5900,242.0800,1.799923
_5076_,VPWR,li1,183.7700,187.6800,1.799836
_5074_,VPWR,li1,177.3300,193.1200,1.799941
_5072_,VPWR,li1,261.9700,285.6000,1.799935
_5070_,VPWR,li1,279.4500,236.6400,1.799938
_5068_,VPWR,li1,248.1700,285.6000,1.799915
_5066_,VPWR,li1,283.1300,285.6000,1.799965
_5064_,VPWR,li1,282.6700,252.9600,1.799926
_5062_,VPWR,li1,240.8100,285.6000,1.799881
_5059_,VPWR,li1,78.8900,231.2000,1.799840
_5057_,VPWR,li1,42.0900,258.4000,1.799938
_5055_,VPWR,li1,88.5500,236.6400,1.799852
_5053_,VPWR,li1,93.6100,242.0800,1.799836
_5051_,VPWR,li1,37.9500,242.0800,1.799913
_5049_,VPWR,li1,98.2100,225.7600,1.799869
_5047_,VPWR,li1,60.9500,280.1600,1.799890
_5045_,VPWR,li1,66.9300,252.9600,1.799923
_5042_,VPWR,li1,65.5500,220.3200,1.799944
_5040_,VPWR,li1,54.9700,214.8800,1.799854
_5038_,VPWR,li1,54.9700,231.2000,1.799911
_5036_,VPWR,li1,58.6500,198.5600,1.799839
_5034_,VPWR,li1,143.2900,198.5600,1.799839
_5032_,VPWR,li1,143.0600,220.3200,1.799932
_5030_,VPWR,li1,154.7900,198.5600,1.799881
_5028_,VPWR,li1,151.5700,242.0800,1.799891
_5026_,VPWR,li1,175.4900,242.0800,1.799923
_5024_,VPWR,li1,221.9500,242.0800,1.799874
_5022_,VPWR,li1,178.7100,236.6400,1.799898
_5020_,VPWR,li1,200.3300,231.2000,1.799898
_5018_,VPWR,li1,141.4500,242.0800,1.799871
_5015_,VPWR,li1,183.3100,198.5600,1.799930
_5013_,VPWR,li1,170.8900,193.1200,1.799938
_5011_,VPWR,li1,257.8300,285.6000,1.799930
_5009_,VPWR,li1,272.0900,236.6400,1.799913
_5007_,VPWR,li1,247.7100,274.7200,1.799869
_5005_,VPWR,li1,273.9300,285.6000,1.799952
_5003_,VPWR,li1,275.3100,252.9600,1.799905
_5001_,VPWR,li1,235.2900,280.1600,1.799899
_4998_,VPWR,li1,73.3700,231.2000,1.799885
_4996_,VPWR,li1,46.6900,242.0800,1.799919
_4994_,VPWR,li1,42.0900,285.6000,1.799887
_4992_,VPWR,li1,94.0700,269.2800,1.799896
_4990_,VPWR,li1,33.8100,242.0800,1.799903
_4988_,VPWR,li1,93.6100,291.0400,1.799967
_4986_,VPWR,li1,62.7900,285.6000,1.799887
_4984_,VPWR,li1,67.3900,242.0800,1.799918
_4981_,VPWR,li1,64.1700,225.7600,1.799877
_4979_,VPWR,li1,37.9500,225.7600,1.799925
_4977_,VPWR,li1,48.9900,236.6400,1.799906
_4975_,VPWR,li1,61.4100,193.1200,1.799926
_4973_,VPWR,li1,142.3700,209.4400,1.799932
_4971_,VPWR,li1,145.8200,220.3200,1.799932
_4970_,VPWR,li1,164.2200,214.8800,1.799882
_4964_,VPWR,li1,152.4900,204.0000,1.799921
_4962_,VPWR,li1,165.8300,231.2000,1.799844
_4960_,VPWR,li1,178.7100,247.5200,1.799878
_4958_,VPWR,li1,209.5300,242.0800,1.799863
_4956_,VPWR,li1,190.6700,242.0800,1.799933
_4954_,VPWR,li1,201.7100,242.0800,1.799880
_4952_,VPWR,li1,136.8500,247.5200,1.799912
_4949_,VPWR,li1,183.7700,204.0000,1.799895
_4947_,VPWR,li1,170.8900,204.0000,1.799910
_4945_,VPWR,li1,258.2900,252.9600,1.799896
_4943_,VPWR,li1,273.9300,231.2000,1.799919
_4941_,VPWR,li1,247.7100,269.2800,1.799948
_4939_,VPWR,li1,268.8700,263.8400,1.799954
_4937_,VPWR,li1,278.0700,242.0800,1.799925
_4935_,VPWR,li1,232.5300,258.4000,1.799805
_4932_,VPWR,li1,73.3700,242.0800,1.799901
_4930_,VPWR,li1,42.0900,247.5200,1.799952
_4928_,VPWR,li1,12.1900,285.6000,1.799930
_4926_,VPWR,li1,89.4700,285.6000,1.799936
_4924_,VPWR,li1,12.1900,231.2000,1.799968
_4922_,VPWR,li1,79.8100,280.1600,1.799909
_4920_,VPWR,li1,72.4500,285.6000,1.799933
_4918_,VPWR,li1,66.4700,252.9600,1.799923
_4915_,VPWR,li1,64.1700,231.2000,1.799915
_4913_,VPWR,li1,42.0900,198.5600,1.799881
_4911_,VPWR,li1,50.3700,220.3200,1.799924
_4909_,VPWR,li1,49.4500,198.5600,1.799851
_4907_,VPWR,li1,136.8500,209.4400,1.799937
_4905_,VPWR,li1,137.5400,220.3200,1.799932
_4904_,VPWR,li1,131.1000,198.5600,1.799895
_4902_,VPWR,li1,220.1100,225.7600,1.799927
_4900_,VPWR,li1,151.1100,231.2000,1.799837
_4898_,VPWR,li1,176.4100,247.5200,1.799876
_4896_,VPWR,li1,227.0100,258.4000,1.799832
_4894_,VPWR,li1,190.6700,252.9600,1.799896
_4892_,VPWR,li1,205.3900,252.9600,1.799877
_4890_,VPWR,li1,163.9900,258.4000,1.799916
_4887_,VPWR,li1,222.4100,198.5600,1.799916
_4885_,VPWR,li1,235.7500,204.0000,1.799883
_4883_,VPWR,li1,258.7500,236.6400,1.799915
_4881_,VPWR,li1,282.2100,209.4400,1.799955
_4879_,VPWR,li1,241.2700,242.0800,1.799829
_4877_,VPWR,li1,266.1100,242.0800,1.799856
_4875_,VPWR,li1,281.2900,204.0000,1.799956
_4873_,VPWR,li1,234.8300,236.6400,1.799923
_4870_,VPWR,li1,105.5700,242.0800,1.799865
_4868_,VPWR,li1,22.3100,269.2800,1.799910
_4866_,VPWR,li1,22.3100,291.0400,1.799950
_4864_,VPWR,li1,91.7700,274.7200,1.799857
_4862_,VPWR,li1,20.9300,252.9600,1.799853
_4860_,VPWR,li1,80.7300,280.1600,1.799909
_4858_,VPWR,li1,29.2100,291.0400,1.799944
_4856_,VPWR,li1,91.7700,242.0800,1.799832
_4853_,VPWR,li1,78.4300,220.3200,1.799920
_4851_,VPWR,li1,25.0700,231.2000,1.799938
_4849_,VPWR,li1,24.6100,214.8800,1.799928
_4847_,VPWR,li1,25.0700,204.0000,1.799915
_4845_,VPWR,li1,114.7700,236.6400,1.799835
_4843_,VPWR,li1,138.0000,225.7600,1.799899
_4842_,VPWR,li1,102.1200,209.4400,1.799822
_4840_,VPWR,li1,221.0300,236.6400,1.799955
_4838_,VPWR,li1,167.2100,231.2000,1.799844
_4836_,VPWR,li1,182.8500,258.4000,1.799883
_4834_,VPWR,li1,227.0100,269.2800,1.799932
_4832_,VPWR,li1,192.0500,236.6400,1.799939
_4830_,VPWR,li1,202.1700,269.2800,1.799914
_4828_,VPWR,li1,167.2100,263.8400,1.799925
_4825_,VPWR,li1,217.8100,198.5600,1.799907
_4823_,VPWR,li1,232.0700,209.4400,1.799927
_4821_,VPWR,li1,257.3700,247.5200,1.799852
_4819_,VPWR,li1,275.7700,214.8800,1.799957
_4817_,VPWR,li1,246.3300,252.9600,1.799914
_4815_,VPWR,li1,266.1100,258.4000,1.799919
_4813_,VPWR,li1,277.1500,198.5600,1.799935
_4811_,VPWR,li1,232.9900,252.9600,1.799890
_4808_,VPWR,li1,119.3700,236.6400,1.799847
_4806_,VPWR,li1,54.0500,242.0800,1.799911
_4804_,VPWR,li1,42.0900,291.0400,1.799957
_4802_,VPWR,li1,100.9700,291.0400,1.799976
_4800_,VPWR,li1,26.4500,263.8400,1.799830
_4798_,VPWR,li1,100.9700,285.6000,1.799950
_4796_,VPWR,li1,54.9700,291.0400,1.799935
_4794_,VPWR,li1,119.3700,258.4000,1.799916
_4791_,VPWR,li1,85.3300,220.3200,1.799910
_4789_,VPWR,li1,26.9100,220.3200,1.799932
_4787_,VPWR,li1,29.2100,214.8800,1.799922
_4785_,VPWR,li1,28.7500,193.1200,1.799924
_4783_,VPWR,li1,116.6100,209.4400,1.799867
_4781_,VPWR,li1,136.6200,225.7600,1.799899
_4780_,VPWR,li1,110.4000,204.0000,1.799789
_4778_,VPWR,li1,130.1800,204.0000,1.799887
_4776_,VPWR,li1,208.1500,225.7600,1.799859
_4774_,VPWR,li1,171.3500,187.6800,1.799781
_4773_,VPWR,li1,167.6700,187.6800,1.799768
_4771_,VPWR,li1,149.7300,269.2800,1.799863
_4769_,VPWR,li1,163.5300,187.6800,1.799750
_4768_,VPWR,li1,157.7800,182.2400,1.799831
_4767_,VPWR,li1,163.9900,182.2400,1.799868
_4765_,VPWR,li1,170.8900,285.6000,1.799943
_4763_,VPWR,li1,175.4900,182.2400,1.799881
_4762_,VPWR,li1,175.4900,187.6800,1.799797
_4761_,VPWR,li1,172.7300,182.2400,1.799878
_4759_,VPWR,li1,235.7500,291.0400,1.799897
_4757_,VPWR,li1,197.1100,176.8000,1.799970
_4756_,VPWR,li1,192.0500,187.6800,1.799885
_4755_,VPWR,li1,192.0500,182.2400,1.799916
_4753_,VPWR,li1,183.7700,285.6000,1.799934
_4751_,VPWR,li1,171.3500,182.2400,1.799876
_4750_,VPWR,li1,156.8600,182.2400,1.799788
_4749_,VPWR,li1,168.5900,176.8000,1.799948
_4747_,VPWR,li1,204.0100,285.6000,1.799893
_4745_,VPWR,li1,184.2300,182.2400,1.799899
_4744_,VPWR,li1,189.2900,182.2400,1.799908
_4743_,VPWR,li1,175.9500,182.2400,1.799881
_4741_,VPWR,li1,143.7500,263.8400,1.799935
_4738_,VPWR,li1,180.0900,182.2400,1.799891
_4737_,VPWR,li1,180.0900,187.6800,1.799820
_4735_,VPWR,li1,162.6100,187.6800,1.799750
_4734_,VPWR,li1,111.5500,171.3600,1.799927
_4733_,VPWR,li1,137.3100,176.8000,1.799890
_4730_,VPWR,li1,196.6500,214.8800,1.799924
_4728_,VPWR,li1,206.3100,160.4800,1.799918
_4727_,VPWR,li1,163.9900,165.9200,1.799947
_4726_,VPWR,li1,209.9900,160.4800,1.799925
_4725_,VPWR,li1,208.8400,149.6000,1.799971
_4723_,VPWR,li1,207.6900,209.4400,1.799913
_4721_,VPWR,li1,208.6100,171.3600,1.799916
_4720_,VPWR,li1,163.0700,171.3600,1.799932
_4719_,VPWR,li1,206.3100,171.3600,1.799908
_4718_,VPWR,li1,212.5200,165.9200,1.799950
_4716_,VPWR,li1,255.9900,291.0400,1.799924
_4714_,VPWR,li1,170.8900,171.3600,1.799917
_4713_,VPWR,li1,171.8100,171.3600,1.799917
_4712_,VPWR,li1,176.8700,171.3600,1.799916
_4711_,VPWR,li1,158.4700,176.8000,1.799933
_4709_,VPWR,li1,265.6500,285.6000,1.799938
_4707_,VPWR,li1,190.2100,171.3600,1.799934
_4706_,VPWR,li1,192.5100,171.3600,1.799921
_4705_,VPWR,li1,202.6300,171.3600,1.799904
_4704_,VPWR,li1,208.1500,133.2800,1.799916
_4702_,VPWR,li1,244.4900,291.0400,1.799911
_4700_,VPWR,li1,203.0900,171.3600,1.799904
_4699_,VPWR,li1,193.8900,171.3600,1.799921
_4698_,VPWR,li1,197.1100,171.3600,1.799909
_4697_,VPWR,li1,209.3000,165.9200,1.799948
_4695_,VPWR,li1,278.5300,291.0400,1.799957
_4693_,VPWR,li1,199.8700,171.3600,1.799905
_4692_,VPWR,li1,152.9500,171.3600,1.799915
_4691_,VPWR,li1,156.6300,171.3600,1.799923
_4690_,VPWR,li1,155.7100,171.3600,1.799923
_4688_,VPWR,li1,280.8300,263.8400,1.799973
_4686_,VPWR,li1,185.1500,171.3600,1.799921
_4685_,VPWR,li1,181.4700,171.3600,1.799919
_4684_,VPWR,li1,183.7700,165.9200,1.799917
_4683_,VPWR,li1,182.1600,138.7200,1.799967
_4680_,VPWR,li1,232.5300,274.7200,1.799819
_4677_,VPWR,li1,192.9700,165.9200,1.799949
_4676_,VPWR,li1,192.9700,160.4800,1.799930
_4675_,VPWR,li1,152.4900,182.2400,1.799741
_4674_,VPWR,li1,193.4300,165.9200,1.799949
_4672_,VPWR,li1,106.4900,247.5200,1.799926
_4670_,VPWR,li1,146.0500,176.8000,1.799877
_4669_,VPWR,li1,145.1300,176.8000,1.799878
_4668_,VPWR,li1,144.2100,171.3600,1.799908
_4667_,VPWR,li1,149.7300,171.3600,1.799906
_4665_,VPWR,li1,54.9700,274.7200,1.799912
_4663_,VPWR,li1,120.2900,193.1200,1.799836
_4662_,VPWR,li1,129.9500,193.1200,1.799904
_4661_,VPWR,li1,116.6100,193.1200,1.799829
_4658_,VPWR,li1,36.5700,274.7200,1.799920
_4656_,VPWR,li1,131.3300,182.2400,1.799759
_4655_,VPWR,li1,131.7900,182.2400,1.799759
_4654_,VPWR,li1,132.7100,176.8000,1.799902
_4652_,VPWR,li1,114.7700,280.1600,1.799893
_4650_,VPWR,li1,131.7900,176.8000,1.799902
_4649_,VPWR,li1,136.8500,171.3600,1.799920
_4648_,VPWR,li1,140.5300,176.8000,1.799885
_4646_,VPWR,li1,33.8100,269.2800,1.799884
_4644_,VPWR,li1,129.0300,171.3600,1.799932
_4643_,VPWR,li1,129.9500,171.3600,1.799932
_4642_,VPWR,li1,116.6100,182.2400,1.799752
_4641_,VPWR,li1,126.2700,171.3600,1.799927
_4639_,VPWR,li1,136.8500,182.2400,1.799678
_4638_,VPWR,li1,126.2700,193.1200,1.799862
_4637_,VPWR,li1,119.8300,193.1200,1.799836
_4635_,VPWR,li1,111.0900,171.3600,1.799927
_4633_,VPWR,li1,112.9300,285.6000,1.799909
_4631_,VPWR,li1,105.5700,176.8000,1.799925
_4629_,VPWR,li1,112.4700,176.8000,1.799918
_4627_,VPWR,li1,85.3300,263.8400,1.799880
_4625_,VPWR,li1,114.3100,171.3600,1.799923
_4624_,VPWR,li1,117.9900,171.3600,1.799922
_4622_,VPWR,li1,118.9100,171.3600,1.799922
_4617_,VPWR,li1,85.3300,247.5200,1.799929
_4614_,VPWR,li1,106.4900,171.3600,1.799942
_4613_,VPWR,li1,106.9500,62.5600,1.799918
_4612_,VPWR,li1,108.3300,176.8000,1.799921
_4610_,VPWR,li1,117.9900,187.6800,1.799766
_4609_,VPWR,li1,121.9000,176.8000,1.799908
_4608_,VPWR,li1,92.2300,133.2800,1.799910
_4607_,VPWR,li1,96.8300,176.8000,1.799919
_4603_,VPWR,li1,61.8700,214.8800,1.799878
_4600_,VPWR,li1,42.0900,231.2000,1.799936
_4597_,VPWR,li1,34.7300,209.4400,1.799900
_4595_,VPWR,li1,62.7900,133.2800,1.799935
_4593_,VPWR,li1,37.4900,187.6800,1.799960
_4590_,VPWR,li1,118.9100,231.2000,1.799829
_4588_,VPWR,li1,131.5600,220.3200,1.799946
_4587_,VPWR,li1,127.6500,204.0000,1.799863
_4586_,VPWR,li1,100.9700,193.1200,1.799881
_4585_,VPWR,li1,82.1100,193.1200,1.799857
_4584_,VPWR,li1,73.3700,187.6800,1.799911
_4583_,VPWR,li1,109.2500,209.4400,1.799829
_4582_,VPWR,li1,145.1300,214.8800,1.799891
_4579_,VPWR,li1,91.7700,182.2400,1.799872
_4576_,VPWR,li1,58.1900,155.0400,1.799958
_4575_,VPWR,li1,195.2700,13.6000,1.799949
_4574_,VPWR,li1,204.9300,19.0400,1.799947
_4573_,VPWR,li1,207.6900,13.6000,1.799948
_4572_,VPWR,li1,206.3100,13.6000,1.799948
_4571_,VPWR,li1,194.5800,19.0400,1.799961
_4570_,VPWR,li1,214.1300,24.4800,1.799948
_4569_,VPWR,li1,265.6500,155.0400,1.799960
_4568_,VPWR,li1,264.0400,133.2800,1.799937
_4567_,VPWR,li1,261.0500,100.6400,1.799934
_4566_,VPWR,li1,189.9800,84.3200,1.799977
_4565_,VPWR,li1,166.0600,84.3200,1.799976
_4564_,VPWR,li1,165.8300,68.0000,1.799973
_4563_,VPWR,li1,192.0500,89.7600,1.799986
_4562_,VPWR,li1,226.7800,84.3200,1.799969
_4561_,VPWR,li1,192.5100,73.4400,1.799974
_4560_,VPWR,li1,209.9900,24.4800,1.799942
_4559_,VPWR,li1,213.4400,13.6000,1.799957
_4558_,VPWR,li1,209.7600,24.4800,1.799942
_4557_,VPWR,li1,210.6800,19.0400,1.799951
_4556_,VPWR,li1,219.8800,24.4800,1.799959
_4555_,VPWR,li1,214.8200,24.4800,1.799948
_4554_,VPWR,li1,223.7900,19.0400,1.799967
_4553_,VPWR,li1,222.6400,19.0400,1.799967
_4552_,VPWR,li1,229.3100,19.0400,1.799960
_4550_,VPWR,li1,238.5100,19.0400,1.799962
_4549_,VPWR,li1,235.2900,13.6000,1.799949
_4548_,VPWR,li1,232.9900,13.6000,1.799951
_4546_,VPWR,li1,229.3100,24.4800,1.799953
_4545_,VPWR,li1,230.0000,19.0400,1.799960
_4544_,VPWR,li1,234.6000,19.0400,1.799961
_4542_,VPWR,li1,233.6800,19.0400,1.799961
_4541_,VPWR,li1,233.9100,24.4800,1.799953
_4539_,VPWR,li1,279.9100,29.9200,1.799981
_4538_,VPWR,li1,284.0500,29.9200,1.799980
_4537_,VPWR,li1,281.2900,29.9200,1.799981
_4535_,VPWR,li1,280.3700,35.3600,1.799969
_4534_,VPWR,li1,280.6000,13.6000,1.799977
_4533_,VPWR,li1,278.9900,19.0400,1.799980
_4532_,VPWR,li1,273.7000,13.6000,1.799967
_4531_,VPWR,li1,278.5300,19.0400,1.799980
_4529_,VPWR,li1,273.9300,40.8000,1.799959
_4528_,VPWR,li1,274.3900,29.9200,1.799974
_4527_,VPWR,li1,274.1600,13.6000,1.799969
_4526_,VPWR,li1,274.3900,19.0400,1.799972
_4525_,VPWR,li1,276.9200,13.6000,1.799971
_4523_,VPWR,li1,259.2100,13.6000,1.799957
_4522_,VPWR,li1,261.2800,19.0400,1.799961
_4521_,VPWR,li1,267.4900,19.0400,1.799964
_4520_,VPWR,li1,267.9500,13.6000,1.799962
_4519_,VPWR,li1,266.5700,19.0400,1.799964
_4517_,VPWR,li1,264.2700,35.3600,1.799954
_4516_,VPWR,li1,267.2600,29.9200,1.799967
_4515_,VPWR,li1,263.5800,24.4800,1.799970
_4514_,VPWR,li1,260.5900,29.9200,1.799968
_4513_,VPWR,li1,244.9500,24.4800,1.799965
_4512_,VPWR,li1,247.0200,24.4800,1.799972
_4511_,VPWR,li1,195.7300,24.4800,1.799951
_4510_,VPWR,li1,188.1400,40.8000,1.799961
_4509_,VPWR,li1,195.9600,24.4800,1.799951
_4508_,VPWR,li1,202.6300,24.4800,1.799939
_4507_,VPWR,li1,192.5100,24.4800,1.799958
_4506_,VPWR,li1,192.7400,24.4800,1.799958
_4505_,VPWR,li1,187.9100,24.4800,1.799959
_4504_,VPWR,li1,243.5700,24.4800,1.799965
_4503_,VPWR,li1,188.6000,24.4800,1.799959
_4501_,VPWR,li1,249.0900,19.0400,1.799974
_4500_,VPWR,li1,247.0200,19.0400,1.799970
_4499_,VPWR,li1,253.6900,19.0400,1.799968
_4498_,VPWR,li1,242.8800,19.0400,1.799965
_4497_,VPWR,li1,242.1900,19.0400,1.799965
_4496_,VPWR,li1,241.2700,24.4800,1.799961
_4495_,VPWR,li1,245.1800,29.9200,1.799975
_4494_,VPWR,li1,185.1500,24.4800,1.799952
_4493_,VPWR,li1,189.0600,19.0400,1.799962
_4491_,VPWR,li1,252.7700,40.8000,1.799959
_4490_,VPWR,li1,256.4500,35.3600,1.799960
_4489_,VPWR,li1,251.3900,35.3600,1.799969
_4488_,VPWR,li1,235.0600,29.9200,1.799967
_4486_,VPWR,li1,244.9500,40.8000,1.799953
_4485_,VPWR,li1,248.1700,35.3600,1.799964
_4484_,VPWR,li1,239.8900,35.3600,1.799954
_4483_,VPWR,li1,240.5800,29.9200,1.799969
_4482_,VPWR,li1,236.4400,29.9200,1.799967
_4481_,VPWR,li1,204.0100,29.9200,1.799943
_4480_,VPWR,li1,200.5600,35.3600,1.799931
_4479_,VPWR,li1,216.4300,40.8000,1.799955
_4478_,VPWR,li1,215.0500,29.9200,1.799955
_4477_,VPWR,li1,204.7000,35.3600,1.799921
_4476_,VPWR,li1,195.9600,35.3600,1.799944
_4475_,VPWR,li1,196.6500,35.3600,1.799944
_4474_,VPWR,li1,201.7100,35.3600,1.799931
_4473_,VPWR,li1,46.6900,46.2400,1.799955
_4472_,VPWR,li1,183.0800,29.9200,1.799933
_4471_,VPWR,li1,132.0200,29.9200,1.799940
_4470_,VPWR,li1,128.1100,24.4800,1.799946
_4469_,VPWR,li1,161.2300,29.9200,1.799946
_4468_,VPWR,li1,157.7800,29.9200,1.799948
_4467_,VPWR,li1,136.8500,24.4800,1.799934
_4466_,VPWR,li1,179.6300,24.4800,1.799950
_4465_,VPWR,li1,181.2400,29.9200,1.799927
_4464_,VPWR,li1,176.8700,35.3600,1.799949
_4463_,VPWR,li1,176.8700,19.0400,1.799952
_4462_,VPWR,li1,163.7600,35.3600,1.799959
_4461_,VPWR,li1,166.7500,68.0000,1.799973
_4460_,VPWR,li1,167.9000,35.3600,1.799955
_4459_,VPWR,li1,163.5300,68.0000,1.799975
_4458_,VPWR,li1,184.2300,13.6000,1.799938
_4457_,VPWR,li1,176.8700,19.0400,1.799952
_4456_,VPWR,li1,178.4800,24.4800,1.799950
_4455_,VPWR,li1,180.0900,19.0400,1.799953
_4454_,VPWR,li1,176.4100,29.9200,1.799912
_4452_,VPWR,li1,168.1300,13.6000,1.799928
_4450_,VPWR,li1,153.8700,35.3600,1.799953
_4449_,VPWR,li1,150.1900,40.8000,1.799945
_4448_,VPWR,li1,88.7800,35.3600,1.799931
_4447_,VPWR,li1,168.5900,19.0400,1.799958
_4446_,VPWR,li1,167.6700,19.0400,1.799958
_4445_,VPWR,li1,170.4300,24.4800,1.799950
_4444_,VPWR,li1,140.9900,24.4800,1.799934
_4443_,VPWR,li1,171.1200,19.0400,1.799956
_4442_,VPWR,li1,172.2700,24.4800,1.799949
_4441_,VPWR,li1,145.1300,24.4800,1.799936
_4440_,VPWR,li1,147.4300,35.3600,1.799948
_4439_,VPWR,li1,117.3000,40.8000,1.799958
_4438_,VPWR,li1,117.0700,35.3600,1.799951
_4437_,VPWR,li1,106.4900,35.3600,1.799954
_4436_,VPWR,li1,92.4600,40.8000,1.799972
_4435_,VPWR,li1,140.0700,35.3600,1.799945
_4434_,VPWR,li1,149.9600,24.4800,1.799940
_4433_,VPWR,li1,143.9800,24.4800,1.799934
_4432_,VPWR,li1,128.8000,24.4800,1.799946
_4431_,VPWR,li1,127.8800,29.9200,1.799934
_4430_,VPWR,li1,124.2000,19.0400,1.799964
_4429_,VPWR,li1,123.7400,24.4800,1.799938
_4428_,VPWR,li1,106.7200,29.9200,1.799905
_4427_,VPWR,li1,105.5700,29.9200,1.799915
_4425_,VPWR,li1,137.3100,19.0400,1.799963
_4424_,VPWR,li1,132.9400,19.0400,1.799968
_4423_,VPWR,li1,140.9900,19.0400,1.799960
_4422_,VPWR,li1,130.1800,13.6000,1.799960
_4421_,VPWR,li1,128.5700,19.0400,1.799967
_4420_,VPWR,li1,125.8100,13.6000,1.799954
_4419_,VPWR,li1,114.0800,24.4800,1.799931
_4418_,VPWR,li1,117.5300,24.4800,1.799930
_4417_,VPWR,li1,116.3800,19.0400,1.799959
_4416_,VPWR,li1,115.4600,19.0400,1.799959
_4415_,VPWR,li1,117.0700,13.6000,1.799951
_4414_,VPWR,li1,121.6700,13.6000,1.799952
_4413_,VPWR,li1,123.5100,24.4800,1.799938
_4412_,VPWR,li1,125.1200,19.0400,1.799964
_4411_,VPWR,li1,106.2600,19.0400,1.799961
_4410_,VPWR,li1,107.1800,35.3600,1.799954
_4409_,VPWR,li1,107.4100,40.8000,1.799970
_4408_,VPWR,li1,99.1300,35.3600,1.799964
_4407_,VPWR,li1,99.1300,40.8000,1.799978
_4406_,VPWR,li1,86.2500,40.8000,1.799967
_4405_,VPWR,li1,87.6300,35.3600,1.799931
_4404_,VPWR,li1,95.4500,35.3600,1.799952
_4403_,VPWR,li1,113.3900,57.1200,1.799918
_4402_,VPWR,li1,93.1500,40.8000,1.799974
_4401_,VPWR,li1,46.2300,111.5200,1.799955
_4400_,VPWR,li1,45.0800,111.5200,1.799960
_4399_,VPWR,li1,46.9200,116.9600,1.799962
_4398_,VPWR,li1,71.7600,182.2400,1.799934
_4397_,VPWR,li1,41.6300,111.5200,1.799965
_4396_,VPWR,li1,42.5500,127.8400,1.799973
_4395_,VPWR,li1,41.4000,106.0800,1.799973
_4394_,VPWR,li1,58.1900,106.0800,1.799952
_4393_,VPWR,li1,67.8500,122.4000,1.799954
_4392_,VPWR,li1,48.0700,40.8000,1.799936
_4389_,VPWR,li1,98.2100,19.0400,1.799960
_4388_,VPWR,li1,98.6700,13.6000,1.799953
_4387_,VPWR,li1,105.1100,13.6000,1.799957
_4386_,VPWR,li1,105.1100,13.6000,1.799957
_4385_,VPWR,li1,103.9600,19.0400,1.799964
_4384_,VPWR,li1,106.9500,19.0400,1.799961
_4383_,VPWR,li1,119.6000,19.0400,1.799960
_4382_,VPWR,li1,102.8100,19.0400,1.799964
_4379_,VPWR,li1,120.0600,19.0400,1.799960
_4378_,VPWR,li1,93.8400,24.4800,1.799945
_4377_,VPWR,li1,90.6200,24.4800,1.799942
_4376_,VPWR,li1,86.7100,24.4800,1.799941
_4375_,VPWR,li1,86.4800,19.0400,1.799945
_4374_,VPWR,li1,86.7100,24.4800,1.799941
_4373_,VPWR,li1,77.7400,24.4800,1.799945
_4372_,VPWR,li1,109.7100,24.4800,1.799937
_4370_,VPWR,li1,61.6400,24.4800,1.799952
_4369_,VPWR,li1,54.5100,24.4800,1.799951
_4368_,VPWR,li1,93.3800,19.0400,1.799951
_4366_,VPWR,li1,15.4100,19.0400,1.799950
_4365_,VPWR,li1,60.4900,19.0400,1.799934
_4364_,VPWR,li1,72.4500,19.0400,1.799955
_4363_,VPWR,li1,61.6400,13.6000,1.799942
_4362_,VPWR,li1,59.3400,13.6000,1.799937
_4361_,VPWR,li1,62.3300,13.6000,1.799942
_4360_,VPWR,li1,61.8700,24.4800,1.799952
_4359_,VPWR,li1,50.3700,19.0400,1.799925
_4358_,VPWR,li1,71.0700,19.0400,1.799959
_4357_,VPWR,li1,53.8200,19.0400,1.799924
_4356_,VPWR,li1,80.7300,29.9200,1.799929
_4353_,VPWR,li1,64.1700,19.0400,1.799943
_4352_,VPWR,li1,64.8600,24.4800,1.799955
_4350_,VPWR,li1,10.8100,19.0400,1.799964
_4349_,VPWR,li1,22.5400,19.0400,1.799935
_4348_,VPWR,li1,22.0800,24.4800,1.799933
_4346_,VPWR,li1,41.6300,24.4800,1.799960
_4345_,VPWR,li1,42.7800,24.4800,1.799955
_4344_,VPWR,li1,34.7300,24.4800,1.799945
_4343_,VPWR,li1,46.6900,24.4800,1.799953
_4342_,VPWR,li1,49.9100,24.4800,1.799952
_4341_,VPWR,li1,72.4500,29.9200,1.799948
_4340_,VPWR,li1,68.7700,40.8000,1.799961
_4339_,VPWR,li1,38.1800,24.4800,1.799954
_4338_,VPWR,li1,41.1700,35.3600,1.799951
_4337_,VPWR,li1,53.3600,35.3600,1.799942
_4334_,VPWR,li1,11.0400,84.3200,1.799975
_4332_,VPWR,li1,16.5600,84.3200,1.799960
_4329_,VPWR,li1,11.2700,24.4800,1.799953
_4328_,VPWR,li1,15.4100,24.4800,1.799941
_4325_,VPWR,li1,196.1900,19.0400,1.799956
_4324_,VPWR,li1,12.6500,29.9200,1.799945
_4323_,VPWR,li1,27.8300,46.2400,1.799923
_4321_,VPWR,li1,27.3700,40.8000,1.799947
_4319_,VPWR,li1,12.6500,35.3600,1.799957
_4318_,VPWR,li1,10.8100,68.0000,1.799974
_4317_,VPWR,li1,10.3500,68.0000,1.799973
_4316_,VPWR,li1,15.1800,68.0000,1.799963
_4315_,VPWR,li1,29.4400,51.6800,1.799934
_4314_,VPWR,li1,13.3400,78.8800,1.799966
_4313_,VPWR,li1,30.3600,95.2000,1.799953
_4312_,VPWR,li1,25.5300,160.4800,1.799975
_4309_,VPWR,li1,78.4300,35.3600,1.799929
_4308_,VPWR,li1,79.3500,35.3600,1.799928
_4306_,VPWR,li1,81.4200,19.0400,1.799947
_4305_,VPWR,li1,130.6400,62.5600,1.799953
_4300_,VPWR,li1,278.0700,187.6800,1.799967
_4299_,VPWR,li1,279.4500,187.6800,1.799967
_4298_,VPWR,li1,281.0600,176.8000,1.799975
_4297_,VPWR,li1,278.0700,165.9200,1.799902
_4296_,VPWR,li1,273.4700,182.2400,1.799906
_4295_,VPWR,li1,276.9200,182.2400,1.799924
_4294_,VPWR,li1,277.1500,160.4800,1.799902
_4293_,VPWR,li1,280.3700,182.2400,1.799942
_4292_,VPWR,li1,276.4600,171.3600,1.799959
_4291_,VPWR,li1,270.0200,176.8000,1.799952
_4290_,VPWR,li1,268.6400,176.8000,1.799948
_4289_,VPWR,li1,281.5200,171.3600,1.799968
_4288_,VPWR,li1,270.0200,165.9200,1.799861
_4287_,VPWR,li1,253.0000,155.0400,1.799976
_4285_,VPWR,li1,282.6700,171.3600,1.799965
_4284_,VPWR,li1,275.0800,165.9200,1.799886
_4283_,VPWR,li1,271.1700,155.0400,1.799964
_4282_,VPWR,li1,279.4500,155.0400,1.799977
_4281_,VPWR,li1,273.2400,149.6000,1.799950
_4280_,VPWR,li1,273.0100,160.4800,1.799880
_4279_,VPWR,li1,252.7700,127.8400,1.799965
_4278_,VPWR,li1,282.6700,160.4800,1.799929
_4277_,VPWR,li1,278.9900,149.6000,1.799963
_4276_,VPWR,li1,284.0500,155.0400,1.799974
_4275_,VPWR,li1,281.7500,133.2800,1.799973
_4274_,VPWR,li1,284.0500,127.8400,1.799975
_4273_,VPWR,li1,275.7700,144.1600,1.799956
_4272_,VPWR,li1,273.2400,144.1600,1.799950
_4271_,VPWR,li1,274.8500,155.0400,1.799967
_4269_,VPWR,li1,284.9700,138.7200,1.799960
_4268_,VPWR,li1,279.9100,138.7200,1.799961
_4267_,VPWR,li1,282.2100,133.2800,1.799973
_4266_,VPWR,li1,279.6800,127.8400,1.799980
_4265_,VPWR,li1,259.9000,138.7200,1.799956
_4263_,VPWR,li1,273.0100,138.7200,1.799950
_4261_,VPWR,li1,273.4700,133.2800,1.799952
_4260_,VPWR,li1,278.5300,133.2800,1.799966
_4259_,VPWR,li1,283.3600,149.6000,1.799969
_4257_,VPWR,li1,281.2900,144.1600,1.799966
_4256_,VPWR,li1,279.4500,127.8400,1.799980
_4255_,VPWR,li1,275.7700,68.0000,1.799974
_4254_,VPWR,li1,275.3100,89.7600,1.799887
_4253_,VPWR,li1,281.7500,111.5200,1.799979
_4252_,VPWR,li1,278.5300,122.4000,1.799981
_4251_,VPWR,li1,281.2900,95.2000,1.799965
_4250_,VPWR,li1,281.2900,89.7600,1.799916
_4249_,VPWR,li1,284.7400,100.6400,1.799958
_4248_,VPWR,li1,283.3600,95.2000,1.799963
_4247_,VPWR,li1,281.9800,106.0800,1.799974
_4245_,VPWR,li1,278.0700,111.5200,1.799978
_4244_,VPWR,li1,279.6800,111.5200,1.799981
_4243_,VPWR,li1,282.4400,73.4400,1.799993
_4242_,VPWR,li1,278.5300,73.4400,1.799993
_4241_,VPWR,li1,244.0300,73.4400,1.799983
_4240_,VPWR,li1,281.2900,73.4400,1.799993
_4239_,VPWR,li1,274.3900,73.4400,1.799991
_4238_,VPWR,li1,268.4100,73.4400,1.799989
_4237_,VPWR,li1,244.9500,84.3200,1.799967
_4236_,VPWR,li1,243.5700,78.8800,1.799969
_4235_,VPWR,li1,282.9000,84.3200,1.799962
_4234_,VPWR,li1,280.3700,78.8800,1.799987
_4233_,VPWR,li1,280.6000,78.8800,1.799988
_4232_,VPWR,li1,257.3700,89.7600,1.799911
_4231_,VPWR,li1,248.8600,89.7600,1.799955
_4230_,VPWR,li1,270.2500,84.3200,1.799950
_4229_,VPWR,li1,265.8800,78.8800,1.799984
_4228_,VPWR,li1,265.8800,84.3200,1.799953
_4227_,VPWR,li1,260.1300,84.3200,1.799960
_4226_,VPWR,li1,262.4300,84.3200,1.799957
_4225_,VPWR,li1,258.2900,73.4400,1.799986
_4224_,VPWR,li1,203.5500,73.4400,1.799976
_4223_,VPWR,li1,253.9200,73.4400,1.799986
_4222_,VPWR,li1,255.7600,68.0000,1.799980
_4221_,VPWR,li1,239.4300,73.4400,1.799984
_4220_,VPWR,li1,250.9300,73.4400,1.799986
_4219_,VPWR,li1,212.7500,78.8800,1.799976
_4218_,VPWR,li1,263.3500,73.4400,1.799986
_4217_,VPWR,li1,261.9700,68.0000,1.799973
_4216_,VPWR,li1,229.3100,73.4400,1.799987
_4215_,VPWR,li1,234.8300,73.4400,1.799985
_4214_,VPWR,li1,220.1100,73.4400,1.799990
_4213_,VPWR,li1,219.8800,68.0000,1.799983
_4212_,VPWR,li1,221.0300,68.0000,1.799983
_4211_,VPWR,li1,219.8800,84.3200,1.799976
_4209_,VPWR,li1,207.2300,78.8800,1.799974
_4208_,VPWR,li1,237.3600,68.0000,1.799975
_4207_,VPWR,li1,234.8300,62.5600,1.799937
_4206_,VPWR,li1,231.1500,68.0000,1.799976
_4204_,VPWR,li1,248.4000,62.5600,1.799938
_4203_,VPWR,li1,243.5700,62.5600,1.799936
_4202_,VPWR,li1,245.8700,68.0000,1.799980
_4201_,VPWR,li1,235.9800,68.0000,1.799975
_4200_,VPWR,li1,254.6100,62.5600,1.799915
_4199_,VPWR,li1,227.7000,68.0000,1.799978
_4198_,VPWR,li1,224.0200,68.0000,1.799980
_4197_,VPWR,li1,203.0900,84.3200,1.799962
_4196_,VPWR,li1,229.3100,62.5600,1.799938
_4195_,VPWR,li1,230.2300,62.5600,1.799938
_4194_,VPWR,li1,213.2100,73.4400,1.799984
_4193_,VPWR,li1,141.4500,78.8800,1.799962
_4192_,VPWR,li1,143.7500,73.4400,1.799952
_4191_,VPWR,li1,171.1200,78.8800,1.799954
_4190_,VPWR,li1,172.7300,73.4400,1.799954
_4189_,VPWR,li1,158.0100,78.8800,1.799966
_4188_,VPWR,li1,145.3600,89.7600,1.799988
_4187_,VPWR,li1,179.6300,73.4400,1.799957
_4186_,VPWR,li1,179.6300,73.4400,1.799957
_4185_,VPWR,li1,179.8600,78.8800,1.799959
_4184_,VPWR,li1,175.7200,78.8800,1.799956
_4183_,VPWR,li1,175.9500,68.0000,1.799967
_4182_,VPWR,li1,175.0300,68.0000,1.799967
_4180_,VPWR,li1,141.9100,73.4400,1.799951
_4178_,VPWR,li1,155.0200,68.0000,1.799977
_4177_,VPWR,li1,150.8800,68.0000,1.799975
_4176_,VPWR,li1,142.1400,68.0000,1.799974
_4174_,VPWR,li1,149.0400,62.5600,1.799930
_4173_,VPWR,li1,142.3700,68.0000,1.799974
_4172_,VPWR,li1,144.9000,62.5600,1.799933
_4170_,VPWR,li1,126.9600,78.8800,1.799970
_4169_,VPWR,li1,123.9700,84.3200,1.799935
_4168_,VPWR,li1,112.7000,84.3200,1.799924
_4167_,VPWR,li1,114.0800,84.3200,1.799924
_4166_,VPWR,li1,122.5900,62.5600,1.799934
_4165_,VPWR,li1,123.5100,68.0000,1.799972
_4164_,VPWR,li1,118.4500,68.0000,1.799965
_4163_,VPWR,li1,114.7700,68.0000,1.799962
_4162_,VPWR,li1,114.7700,62.5600,1.799925
_4158_,VPWR,li1,120.7500,78.8800,1.799957
_4157_,VPWR,li1,113.8500,73.4400,1.799924
_4155_,VPWR,li1,109.9400,68.0000,1.799961
_4154_,VPWR,li1,114.7700,78.8800,1.799950
_4153_,VPWR,li1,107.8700,78.8800,1.799941
_4152_,VPWR,li1,104.4200,78.8800,1.799939
_4151_,VPWR,li1,105.3400,95.2000,1.799950
_4150_,VPWR,li1,106.7200,144.1600,1.799970
_4149_,VPWR,li1,104.8800,73.4400,1.799930
_4148_,VPWR,li1,115.2300,89.7600,1.799972
_4147_,VPWR,li1,100.0500,73.4400,1.799937
_4146_,VPWR,li1,100.0500,73.4400,1.799937
_4145_,VPWR,li1,91.7700,89.7600,1.799943
_4144_,VPWR,li1,90.1600,116.9600,1.799914
_4143_,VPWR,li1,93.1500,122.4000,1.799932
_4142_,VPWR,li1,88.0900,84.3200,1.799939
_4141_,VPWR,li1,93.1500,62.5600,1.799921
_4140_,VPWR,li1,99.1300,84.3200,1.799954
_4138_,VPWR,li1,101.8900,155.0400,1.799914
_4137_,VPWR,li1,100.9700,149.6000,1.799979
_4136_,VPWR,li1,86.0200,160.4800,1.799960
_4135_,VPWR,li1,241.7300,171.3600,1.799948
_4134_,VPWR,li1,86.2500,176.8000,1.799910
_4133_,VPWR,li1,85.5600,171.3600,1.799934
_4132_,VPWR,li1,80.7300,176.8000,1.799914
_4131_,VPWR,li1,82.8000,160.4800,1.799959
_4125_,VPWR,li1,129.4900,214.8800,1.799923
_4123_,VPWR,li1,101.8900,187.6800,1.799853
_4122_,VPWR,li1,101.4300,182.2400,1.799861
_4121_,VPWR,li1,90.8500,187.6800,1.799819
_4120_,VPWR,li1,93.6100,187.6800,1.799819
_4119_,VPWR,li1,98.2100,198.5600,1.799831
_4118_,VPWR,li1,95.4500,193.1200,1.799849
_4117_,VPWR,li1,91.7700,176.8000,1.799910
_4114_,VPWR,li1,80.2700,225.7600,1.799804
_4113_,VPWR,li1,84.8700,187.6800,1.799832
_4112_,VPWR,li1,87.1700,187.6800,1.799824
_4111_,VPWR,li1,80.7300,187.6800,1.799853
_4110_,VPWR,li1,84.4100,182.2400,1.799892
_4109_,VPWR,li1,81.6500,187.6800,1.799853
_4108_,VPWR,li1,78.8900,182.2400,1.799905
_4105_,VPWR,li1,111.0900,204.0000,1.799789
_4104_,VPWR,li1,101.6600,193.1200,1.799881
_4103_,VPWR,li1,77.7400,155.0400,1.799928
_4102_,VPWR,li1,80.0400,144.1600,1.799953
_4101_,VPWR,li1,83.9500,144.1600,1.799952
_4100_,VPWR,li1,85.5600,144.1600,1.799954
_4099_,VPWR,li1,83.4900,155.0400,1.799914
_4098_,VPWR,li1,91.0800,160.4800,1.799961
_4097_,VPWR,li1,90.6200,182.2400,1.799872
_4096_,VPWR,li1,76.3600,133.2800,1.799919
_4095_,VPWR,li1,74.7500,111.5200,1.799923
_4094_,VPWR,li1,69.6900,133.2800,1.799943
_4093_,VPWR,li1,71.9900,133.2800,1.799934
_4091_,VPWR,li1,204.0100,19.0400,1.799947
_4089_,VPWR,li1,216.2000,19.0400,1.799959
_4088_,VPWR,li1,215.5100,19.0400,1.799959
_4087_,VPWR,li1,218.7300,19.0400,1.799965
_4086_,VPWR,li1,215.9700,13.6000,1.799961
_4085_,VPWR,li1,218.9600,13.6000,1.799965
_4084_,VPWR,li1,217.8100,13.6000,1.799965
_4083_,VPWR,li1,227.9300,13.6000,1.799957
_4082_,VPWR,li1,222.1800,13.6000,1.799964
_4081_,VPWR,li1,227.0100,13.6000,1.799957
_4080_,VPWR,li1,224.7100,24.4800,1.799958
_4079_,VPWR,li1,283.1300,24.4800,1.799983
_4077_,VPWR,li1,282.4400,19.0400,1.799983
_4076_,VPWR,li1,284.9700,24.4800,1.799983
_4075_,VPWR,li1,279.9100,24.4800,1.799981
_4074_,VPWR,li1,282.4400,24.4800,1.799983
_4073_,VPWR,li1,282.2100,19.0400,1.799983
_4071_,VPWR,li1,276.4600,24.4800,1.799978
_4070_,VPWR,li1,278.9900,24.4800,1.799981
_4069_,VPWR,li1,273.0100,24.4800,1.799976
_4068_,VPWR,li1,272.0900,19.0400,1.799970
_4067_,VPWR,li1,273.2400,24.4800,1.799976
_4066_,VPWR,li1,269.7900,19.0400,1.799966
_4065_,VPWR,li1,269.7900,24.4800,1.799973
_4064_,VPWR,li1,268.1800,24.4800,1.799973
_4063_,VPWR,li1,267.0300,24.4800,1.799971
_4062_,VPWR,li1,258.2900,24.4800,1.799968
_4061_,VPWR,li1,256.4500,19.0400,1.799965
_4059_,VPWR,li1,252.0800,24.4800,1.799975
_4058_,VPWR,li1,252.7700,24.4800,1.799973
_4057_,VPWR,li1,255.0700,29.9200,1.799973
_4056_,VPWR,li1,247.2500,35.3600,1.799964
_4055_,VPWR,li1,245.1800,29.9200,1.799975
_4054_,VPWR,li1,244.9500,35.3600,1.799960
_4053_,VPWR,li1,221.4900,35.3600,1.799955
_4052_,VPWR,li1,189.2900,35.3600,1.799958
_4051_,VPWR,li1,188.8300,35.3600,1.799958
_4050_,VPWR,li1,185.8400,35.3600,1.799956
_4049_,VPWR,li1,182.3900,35.3600,1.799951
_4048_,VPWR,li1,181.9300,35.3600,1.799951
_4047_,VPWR,li1,184.4600,29.9200,1.799933
_4046_,VPWR,li1,184.2300,19.0400,1.799957
_4045_,VPWR,li1,163.9900,13.6000,1.799938
_4044_,VPWR,li1,161.6900,13.6000,1.799948
_4043_,VPWR,li1,152.2600,13.6000,1.799943
_4042_,VPWR,li1,153.4100,24.4800,1.799946
_4041_,VPWR,li1,150.1900,13.6000,1.799940
_4040_,VPWR,li1,149.9600,19.0400,1.799961
_4039_,VPWR,li1,137.7700,13.6000,1.799943
_4038_,VPWR,li1,116.1500,13.6000,1.799951
_4037_,VPWR,li1,113.1600,13.6000,1.799952
_4036_,VPWR,li1,113.1600,13.6000,1.799952
_4035_,VPWR,li1,79.8100,13.6000,1.799943
_4033_,VPWR,li1,80.5000,24.4800,1.799942
_4032_,VPWR,li1,76.1300,19.0400,1.799951
_4031_,VPWR,li1,79.3500,13.6000,1.799943
_4030_,VPWR,li1,72.4500,13.6000,1.799954
_4029_,VPWR,li1,71.5300,13.6000,1.799960
_4028_,VPWR,li1,74.5200,13.6000,1.799949
_4027_,VPWR,li1,68.3100,19.0400,1.799952
_4026_,VPWR,li1,77.2800,19.0400,1.799949
_4025_,VPWR,li1,27.8300,29.9200,1.799923
_4023_,VPWR,li1,15.8700,73.4400,1.799945
_4022_,VPWR,li1,22.7700,29.9200,1.799919
_4020_,VPWR,li1,122.5900,193.1200,1.799844
_4019_,VPWR,li1,125.1200,182.2400,1.799775
_4018_,VPWR,li1,132.7100,68.0000,1.799977
_4017_,VPWR,li1,93.1500,149.6000,1.799963
_4016_,VPWR,li1,90.6200,171.3600,1.799938
_4015_,VPWR,li1,85.7900,171.3600,1.799934
_4014_,VPWR,li1,73.8300,68.0000,1.799957
_4012_,VPWR,li1,67.1600,160.4800,1.799967
_4011_,VPWR,li1,60.2600,160.4800,1.799966
_4010_,VPWR,li1,62.5600,165.9200,1.799966
_4009_,VPWR,li1,59.8000,144.1600,1.799967
_4008_,VPWR,li1,51.0600,165.9200,1.799960
_4007_,VPWR,li1,80.5000,127.8400,1.799956
_4006_,VPWR,li1,66.4700,160.4800,1.799967
_4005_,VPWR,li1,61.4100,127.8400,1.799971
_4004_,VPWR,li1,31.9700,149.6000,1.799963
_4003_,VPWR,li1,33.8100,160.4800,1.799979
_4002_,VPWR,li1,83.9500,176.8000,1.799912
_4001_,VPWR,li1,79.5800,171.3600,1.799939
_4000_,VPWR,li1,80.7300,176.8000,1.799914
_3999_,VPWR,li1,80.2700,165.9200,1.799964
_3998_,VPWR,li1,61.8700,160.4800,1.799966
_3997_,VPWR,li1,59.1100,155.0400,1.799956
_3996_,VPWR,li1,51.0600,160.4800,1.799968
_3995_,VPWR,li1,112.4700,160.4800,1.799969
_3994_,VPWR,li1,77.9700,176.8000,1.799922
_3993_,VPWR,li1,65.7800,144.1600,1.799967
_3992_,VPWR,li1,42.3200,19.0400,1.799936
_3991_,VPWR,li1,76.5900,171.3600,1.799941
_3990_,VPWR,li1,82.1100,138.7200,1.799963
_3989_,VPWR,li1,72.4500,144.1600,1.799961
_3988_,VPWR,li1,71.5300,138.7200,1.799973
_3987_,VPWR,li1,69.9200,122.4000,1.799958
_3986_,VPWR,li1,80.9600,127.8400,1.799956
_3985_,VPWR,li1,65.0900,127.8400,1.799972
_3984_,VPWR,li1,61.8700,100.6400,1.799960
_3983_,VPWR,li1,66.9300,127.8400,1.799975
_3982_,VPWR,li1,72.9100,144.1600,1.799961
_3981_,VPWR,li1,67.8500,155.0400,1.799949
_3980_,VPWR,li1,51.5200,155.0400,1.799963
_3979_,VPWR,li1,41.4000,155.0400,1.799978
_3978_,VPWR,li1,52.2100,149.6000,1.799964
_3977_,VPWR,li1,47.3800,155.0400,1.799969
_3976_,VPWR,li1,86.7100,127.8400,1.799949
_3975_,VPWR,li1,87.4000,122.4000,1.799924
_3974_,VPWR,li1,94.3000,155.0400,1.799914
_3973_,VPWR,li1,78.8900,160.4800,1.799960
_3972_,VPWR,li1,74.2900,160.4800,1.799964
_3971_,VPWR,li1,71.3000,160.4800,1.799972
_3970_,VPWR,li1,74.0600,160.4800,1.799964
_3969_,VPWR,li1,67.6200,182.2400,1.799940
_3968_,VPWR,li1,67.8500,171.3600,1.799957
_3967_,VPWR,li1,66.4700,144.1600,1.799967
_3966_,VPWR,li1,50.3700,144.1600,1.799969
_3965_,VPWR,li1,57.0400,116.9600,1.799955
_3964_,VPWR,li1,58.1900,160.4800,1.799966
_3963_,VPWR,li1,34.2700,149.6000,1.799966
_3962_,VPWR,li1,32.4300,160.4800,1.799978
_3961_,VPWR,li1,63.2500,35.3600,1.799946
_3959_,VPWR,li1,86.4800,155.0400,1.799910
_3958_,VPWR,li1,84.8700,149.6000,1.799954
_3957_,VPWR,li1,89.4700,149.6000,1.799956
_3956_,VPWR,li1,81.1900,149.6000,1.799956
_3955_,VPWR,li1,49.9100,149.6000,1.799964
_3954_,VPWR,li1,49.9100,149.6000,1.799964
_3953_,VPWR,li1,44.1600,149.6000,1.799967
_3952_,VPWR,li1,40.2500,160.4800,1.799982
_3951_,VPWR,li1,56.5800,133.2800,1.799937
_3950_,VPWR,li1,58.4200,138.7200,1.799961
_3949_,VPWR,li1,52.2100,138.7200,1.799961
_3948_,VPWR,li1,52.9000,138.7200,1.799961
_3947_,VPWR,li1,56.1200,127.8400,1.799970
_3946_,VPWR,li1,101.2000,95.2000,1.799946
_3945_,VPWR,li1,98.9000,122.4000,1.799943
_3944_,VPWR,li1,91.7700,73.4400,1.799909
_3943_,VPWR,li1,92.0000,73.4400,1.799909
_3942_,VPWR,li1,92.6900,68.0000,1.799952
_3941_,VPWR,li1,97.9800,95.2000,1.799934
_3940_,VPWR,li1,85.3300,84.3200,1.799937
_3939_,VPWR,li1,82.5700,35.3600,1.799927
_3938_,VPWR,li1,97.5200,160.4800,1.799974
_3937_,VPWR,li1,51.5200,155.0400,1.799963
_3936_,VPWR,li1,106.4900,160.4800,1.799973
_3935_,VPWR,li1,97.2900,144.1600,1.799968
_3934_,VPWR,li1,98.4400,149.6000,1.799973
_3933_,VPWR,li1,92.9200,144.1600,1.799962
_3932_,VPWR,li1,62.1000,138.7200,1.799964
_3931_,VPWR,li1,88.7800,73.4400,1.799909
_3930_,VPWR,li1,97.7500,100.6400,1.799974
_3929_,VPWR,li1,102.3500,89.7600,1.799969
_3928_,VPWR,li1,99.5900,106.0800,1.799974
_3927_,VPWR,li1,98.9000,111.5200,1.799933
_3926_,VPWR,li1,106.4900,111.5200,1.799944
_3925_,VPWR,li1,99.8200,127.8400,1.799967
_3924_,VPWR,li1,111.7800,144.1600,1.799970
_3923_,VPWR,li1,112.2400,144.1600,1.799970
_3922_,VPWR,li1,112.0100,165.9200,1.799947
_3921_,VPWR,li1,118.9100,100.6400,1.799967
_3920_,VPWR,li1,121.2100,68.0000,1.799967
_3919_,VPWR,li1,95.4500,133.2800,1.799920
_3918_,VPWR,li1,128.1100,73.4400,1.799950
_3917_,VPWR,li1,124.2000,73.4400,1.799937
_3916_,VPWR,li1,129.4900,84.3200,1.799958
_3915_,VPWR,li1,126.7300,84.3200,1.799945
_3914_,VPWR,li1,137.0800,138.7200,1.799971
_3913_,VPWR,li1,152.7200,144.1600,1.799974
_3912_,VPWR,li1,132.2500,155.0400,1.799943
_3911_,VPWR,li1,130.4100,84.3200,1.799958
_3910_,VPWR,li1,131.7900,106.0800,1.799986
_3909_,VPWR,li1,132.4800,111.5200,1.799973
_3908_,VPWR,li1,126.2700,111.5200,1.799964
_3907_,VPWR,li1,161.4600,106.0800,1.799981
_3906_,VPWR,li1,120.7500,89.7600,1.799977
_3905_,VPWR,li1,117.7600,95.2000,1.799961
_3904_,VPWR,li1,122.8200,111.5200,1.799956
_3903_,VPWR,li1,149.7300,111.5200,1.799972
_3902_,VPWR,li1,118.6800,111.5200,1.799948
_3901_,VPWR,li1,120.0600,116.9600,1.799952
_3900_,VPWR,li1,145.5900,122.4000,1.799948
_3899_,VPWR,li1,145.1300,149.6000,1.799931
_3898_,VPWR,li1,146.0500,160.4800,1.799948
_3896_,VPWR,li1,110.6300,95.2000,1.799954
_3895_,VPWR,li1,113.1600,89.7600,1.799970
_3894_,VPWR,li1,111.3200,122.4000,1.799950
_3893_,VPWR,li1,143.9800,106.0800,1.799983
_3892_,VPWR,li1,115.4600,122.4000,1.799953
_3891_,VPWR,li1,106.7200,133.2800,1.799951
_3890_,VPWR,li1,111.0900,138.7200,1.799964
_3889_,VPWR,li1,110.1700,138.7200,1.799964
_3888_,VPWR,li1,112.4700,149.6000,1.799974
_3887_,VPWR,li1,152.7200,73.4400,1.799953
_3886_,VPWR,li1,142.8300,78.8800,1.799962
_3885_,VPWR,li1,141.4500,84.3200,1.799957
_3884_,VPWR,li1,143.2900,84.3200,1.799959
_3883_,VPWR,li1,140.5300,84.3200,1.799957
_3882_,VPWR,li1,142.6000,95.2000,1.799983
_3881_,VPWR,li1,165.3700,95.2000,1.799985
_3880_,VPWR,li1,157.7800,95.2000,1.799988
_3879_,VPWR,li1,139.1500,95.2000,1.799982
_3878_,VPWR,li1,126.2700,116.9600,1.799961
_3877_,VPWR,li1,139.1500,89.7600,1.799987
_3876_,VPWR,li1,137.7700,144.1600,1.799973
_3875_,VPWR,li1,137.7700,149.6000,1.799950
_3874_,VPWR,li1,133.1700,155.0400,1.799943
_3873_,VPWR,li1,132.0200,78.8800,1.799972
_3872_,VPWR,li1,132.2500,73.4400,1.799955
_3871_,VPWR,li1,130.8700,73.4400,1.799957
_3870_,VPWR,li1,129.4900,133.2800,1.799974
_3869_,VPWR,li1,130.8700,149.6000,1.799971
_3868_,VPWR,li1,126.7300,149.6000,1.799970
_3867_,VPWR,li1,130.4100,100.6400,1.799982
_3866_,VPWR,li1,124.6600,106.0800,1.799982
_3865_,VPWR,li1,134.0900,106.0800,1.799986
_3864_,VPWR,li1,129.9500,95.2000,1.799983
_3863_,VPWR,li1,131.1000,95.2000,1.799983
_3862_,VPWR,li1,165.3700,78.8800,1.799956
_3861_,VPWR,li1,164.9100,73.4400,1.799956
_3860_,VPWR,li1,162.1500,73.4400,1.799960
_3859_,VPWR,li1,162.6100,84.3200,1.799978
_3858_,VPWR,li1,166.9800,89.7600,1.799984
_3857_,VPWR,li1,166.0600,89.7600,1.799984
_3856_,VPWR,li1,153.4100,100.6400,1.799974
_3855_,VPWR,li1,167.6700,100.6400,1.799976
_3854_,VPWR,li1,158.0100,138.7200,1.799981
_3853_,VPWR,li1,152.7200,127.8400,1.799959
_3850_,VPWR,li1,153.4100,78.8800,1.799962
_3849_,VPWR,li1,149.2700,95.2000,1.799984
_3848_,VPWR,li1,141.4500,100.6400,1.799973
_3847_,VPWR,li1,83.9500,95.2000,1.799925
_3846_,VPWR,li1,63.2500,40.8000,1.799947
_3845_,VPWR,li1,63.0200,29.9200,1.799943
_3844_,VPWR,li1,60.4900,35.3600,1.799943
_3843_,VPWR,li1,68.5400,29.9200,1.799953
_3842_,VPWR,li1,136.1600,149.6000,1.799957
_3839_,VPWR,li1,156.4000,84.3200,1.799971
_3838_,VPWR,li1,156.1700,89.7600,1.799989
_3837_,VPWR,li1,152.4900,95.2000,1.799986
_3836_,VPWR,li1,172.7300,89.7600,1.799981
_3835_,VPWR,li1,215.9700,62.5600,1.799935
_3834_,VPWR,li1,214.8200,68.0000,1.799974
_3833_,VPWR,li1,188.3700,73.4400,1.799969
_3832_,VPWR,li1,184.0000,78.8800,1.799962
_3831_,VPWR,li1,183.5400,84.3200,1.799975
_3830_,VPWR,li1,188.3700,84.3200,1.799977
_3829_,VPWR,li1,179.6300,84.3200,1.799974
_3828_,VPWR,li1,183.5400,89.7600,1.799982
_3827_,VPWR,li1,181.4700,89.7600,1.799981
_3826_,VPWR,li1,79.8100,78.8800,1.799919
_3825_,VPWR,li1,175.4900,89.7600,1.799981
_3824_,VPWR,li1,179.1700,127.8400,1.799954
_3823_,VPWR,li1,163.5300,133.2800,1.799971
_3822_,VPWR,li1,158.0100,133.2800,1.799974
_3821_,VPWR,li1,213.2100,68.0000,1.799974
_3820_,VPWR,li1,208.1500,68.0000,1.799972
_3819_,VPWR,li1,210.4500,73.4400,1.799980
_3818_,VPWR,li1,206.7700,68.0000,1.799972
_3817_,VPWR,li1,204.4700,127.8400,1.799932
_3816_,VPWR,li1,195.2700,144.1600,1.799974
_3815_,VPWR,li1,192.9700,155.0400,1.799982
_3813_,VPWR,li1,208.3800,95.2000,1.799987
_3812_,VPWR,li1,231.8400,95.2000,1.799982
_3811_,VPWR,li1,209.3000,106.0800,1.799894
_3810_,VPWR,li1,212.5200,95.2000,1.799988
_3809_,VPWR,li1,200.3300,84.3200,1.799962
_3808_,VPWR,li1,195.7300,84.3200,1.799971
_3807_,VPWR,li1,198.4900,84.3200,1.799965
_3806_,VPWR,li1,194.8100,84.3200,1.799971
_3805_,VPWR,li1,196.8800,89.7600,1.799982
_3804_,VPWR,li1,192.7400,95.2000,1.799987
_3803_,VPWR,li1,196.1900,95.2000,1.799987
_3802_,VPWR,li1,189.7500,46.2400,1.799953
_3801_,VPWR,li1,201.4800,95.2000,1.799987
_3800_,VPWR,li1,200.7900,127.8400,1.799937
_3799_,VPWR,li1,196.6500,149.6000,1.799977
_3798_,VPWR,li1,185.1500,160.4800,1.799935
_3797_,VPWR,li1,212.2900,84.3200,1.799967
_3796_,VPWR,li1,209.5300,84.3200,1.799965
_3795_,VPWR,li1,208.6100,89.7600,1.799975
_3794_,VPWR,li1,213.2100,133.2800,1.799926
_3793_,VPWR,li1,209.9900,160.4800,1.799925
_3792_,VPWR,li1,209.5300,155.0400,1.799980
_3790_,VPWR,li1,209.5300,100.6400,1.799973
_3789_,VPWR,li1,227.7000,100.6400,1.799977
_3788_,VPWR,li1,216.6600,106.0800,1.799913
_3787_,VPWR,li1,205.1600,95.2000,1.799987
_3786_,VPWR,li1,246.5600,73.4400,1.799982
_3785_,VPWR,li1,238.9700,78.8800,1.799967
_3784_,VPWR,li1,231.8400,78.8800,1.799972
_3783_,VPWR,li1,226.7800,78.8800,1.799976
_3782_,VPWR,li1,213.6700,127.8400,1.799932
_3781_,VPWR,li1,211.8300,155.0400,1.799982
_3780_,VPWR,li1,192.5100,155.0400,1.799982
_3779_,VPWR,li1,227.0100,78.8800,1.799976
_3778_,VPWR,li1,224.4800,89.7600,1.799961
_3777_,VPWR,li1,220.1100,95.2000,1.799990
_3776_,VPWR,li1,195.2700,100.6400,1.799967
_3775_,VPWR,li1,235.9800,89.7600,1.799954
_3774_,VPWR,li1,235.2900,84.3200,1.799965
_3773_,VPWR,li1,239.4300,89.7600,1.799954
_3772_,VPWR,li1,236.6700,78.8800,1.799969
_3771_,VPWR,li1,234.6000,100.6400,1.799974
_3770_,VPWR,li1,237.3600,100.6400,1.799973
_3769_,VPWR,li1,209.3000,133.2800,1.799916
_3768_,VPWR,li1,233.2200,106.0800,1.799944
_3767_,VPWR,li1,206.7700,127.8400,1.799926
_3766_,VPWR,li1,207.6900,149.6000,1.799971
_3765_,VPWR,li1,203.5500,155.0400,1.799980
_3763_,VPWR,li1,247.4800,84.3200,1.799970
_3762_,VPWR,li1,256.2200,84.3200,1.799963
_3761_,VPWR,li1,254.8400,78.8800,1.799981
_3760_,VPWR,li1,246.3300,89.7600,1.799954
_3759_,VPWR,li1,247.4800,100.6400,1.799972
_3758_,VPWR,li1,244.2600,95.2000,1.799975
_3757_,VPWR,li1,222.1800,106.0800,1.799943
_3756_,VPWR,li1,222.4100,160.4800,1.799956
_3755_,VPWR,li1,218.7300,160.4800,1.799953
_3754_,VPWR,li1,218.7300,160.4800,1.799953
_3753_,VPWR,li1,198.0300,73.4400,1.799973
_3752_,VPWR,li1,196.6500,73.4400,1.799973
_3751_,VPWR,li1,179.6300,95.2000,1.799985
_3750_,VPWR,li1,196.8800,78.8800,1.799972
_3749_,VPWR,li1,193.4300,127.8400,1.799959
_3748_,VPWR,li1,179.1700,149.6000,1.799975
_3747_,VPWR,li1,180.0900,165.9200,1.799919
_3746_,VPWR,li1,188.3700,89.7600,1.799985
_3745_,VPWR,li1,68.3100,95.2000,1.799950
_3744_,VPWR,li1,176.8700,89.7600,1.799981
_3743_,VPWR,li1,188.6000,89.7600,1.799985
_3742_,VPWR,li1,282.2100,116.9600,1.799970
_3741_,VPWR,li1,272.0900,149.6000,1.799950
_3740_,VPWR,li1,269.3300,171.3600,1.799947
_3739_,VPWR,li1,268.4100,171.3600,1.799947
_3738_,VPWR,li1,265.6500,165.9200,1.799875
_3737_,VPWR,li1,269.5600,116.9600,1.799962
_3736_,VPWR,li1,202.6300,111.5200,1.799954
_3735_,VPWR,li1,198.0300,111.5200,1.799957
_3734_,VPWR,li1,194.8100,106.0800,1.799939
_3733_,VPWR,li1,187.9100,149.6000,1.799982
_3732_,VPWR,li1,188.8300,149.6000,1.799982
_3731_,VPWR,li1,188.3700,155.0400,1.799978
_3730_,VPWR,li1,265.8800,155.0400,1.799960
_3729_,VPWR,li1,265.8800,160.4800,1.799857
_3728_,VPWR,li1,261.7400,89.7600,1.799893
_3727_,VPWR,li1,253.0000,160.4800,1.799915
_3726_,VPWR,li1,249.0900,160.4800,1.799943
_3725_,VPWR,li1,253.0000,149.6000,1.799968
_3724_,VPWR,li1,239.4300,127.8400,1.799955
_3723_,VPWR,li1,218.2700,133.2800,1.799937
_3719_,VPWR,li1,243.5700,155.0400,1.799977
_3718_,VPWR,li1,244.4900,160.4800,1.799944
_3717_,VPWR,li1,232.5300,160.4800,1.799950
_3715_,VPWR,li1,270.2500,149.6000,1.799950
_3714_,VPWR,li1,266.8000,122.4000,1.799975
_3713_,VPWR,li1,268.8700,122.4000,1.799977
_3712_,VPWR,li1,267.0300,127.8400,1.799966
_3711_,VPWR,li1,229.3100,122.4000,1.799959
_3710_,VPWR,li1,227.0100,155.0400,1.799984
_3709_,VPWR,li1,192.0500,149.6000,1.799982
_3707_,VPWR,li1,252.7700,127.8400,1.799965
_3706_,VPWR,li1,222.1800,122.4000,1.799972
_3705_,VPWR,li1,253.4600,144.1600,1.799966
_3704_,VPWR,li1,242.8800,95.2000,1.799976
_3701_,VPWR,li1,202.6300,106.0800,1.799911
_3700_,VPWR,li1,204.4700,100.6400,1.799968
_3699_,VPWR,li1,200.3300,100.6400,1.799967
_3698_,VPWR,li1,203.5500,68.0000,1.799972
_3696_,VPWR,li1,184.2300,106.0800,1.799954
_3695_,VPWR,li1,183.7700,100.6400,1.799966
_3694_,VPWR,li1,174.8000,100.6400,1.799971
_3692_,VPWR,li1,181.2400,100.6400,1.799967
_3691_,VPWR,li1,187.4500,106.0800,1.799955
_3688_,VPWR,li1,184.6900,144.1600,1.799976
_3687_,VPWR,li1,183.3100,149.6000,1.799977
_3686_,VPWR,li1,185.1500,155.0400,1.799972
_3685_,VPWR,li1,283.8200,122.4000,1.799981
_3684_,VPWR,li1,273.7000,127.8400,1.799971
_3683_,VPWR,li1,269.7900,127.8400,1.799968
_3682_,VPWR,li1,272.5500,116.9600,1.799964
_3680_,VPWR,li1,254.6100,122.4000,1.799976
_3679_,VPWR,li1,227.2400,127.8400,1.799954
_3678_,VPWR,li1,255.3000,116.9600,1.799969
_3676_,VPWR,li1,254.8400,106.0800,1.799963
_3675_,VPWR,li1,242.1900,138.7200,1.799970
_3674_,VPWR,li1,238.5100,155.0400,1.799979
_3673_,VPWR,li1,230.6900,155.0400,1.799982
_3670_,VPWR,li1,270.2500,111.5200,1.799972
_3669_,VPWR,li1,268.8700,133.2800,1.799934
_3668_,VPWR,li1,272.0900,138.7200,1.799950
_3667_,VPWR,li1,258.7500,133.2800,1.799941
_3665_,VPWR,li1,235.7500,149.6000,1.799959
_3664_,VPWR,li1,231.1500,149.6000,1.799963
_3663_,VPWR,li1,227.0100,160.4800,1.799954
_3660_,VPWR,li1,253.2300,133.2800,1.799950
_3659_,VPWR,li1,222.8700,122.4000,1.799968
_3658_,VPWR,li1,218.7300,127.8400,1.799948
_3655_,VPWR,li1,254.3800,138.7200,1.799971
_3653_,VPWR,li1,85.5600,73.4400,1.799909
_3652_,VPWR,li1,77.2800,73.4400,1.799922
_3651_,VPWR,li1,281.2900,100.6400,1.799958
_3650_,VPWR,li1,281.7500,100.6400,1.799958
_3649_,VPWR,li1,278.7600,106.0800,1.799968
_3648_,VPWR,li1,276.6900,100.6400,1.799949
_3647_,VPWR,li1,258.5200,106.0800,1.799959
_3646_,VPWR,li1,253.0000,100.6400,1.799960
_3643_,VPWR,li1,258.5200,111.5200,1.799971
_3641_,VPWR,li1,257.6000,149.6000,1.799961
_3638_,VPWR,li1,240.3500,155.0400,1.799978
_3637_,VPWR,li1,240.3500,160.4800,1.799946
_3636_,VPWR,li1,232.9900,160.4800,1.799950
_3632_,VPWR,li1,278.7600,116.9600,1.799968
_3631_,VPWR,li1,251.1600,106.0800,1.799969
_3630_,VPWR,li1,253.0000,100.6400,1.799960
_3628_,VPWR,li1,58.1900,84.3200,1.799949
_3625_,VPWR,li1,230.0000,106.0800,1.799943
_3621_,VPWR,li1,247.9400,111.5200,1.799973
_3617_,VPWR,li1,48.9900,84.3200,1.799952
_3614_,VPWR,li1,62.1000,89.7600,1.799941
_3613_,VPWR,li1,274.6200,111.5200,1.799976
_3608_,VPWR,li1,246.3300,122.4000,1.799971
_3607_,VPWR,li1,239.8900,160.4800,1.799946
_3606_,VPWR,li1,228.8500,160.4800,1.799953
_3598_,VPWR,li1,35.1900,95.2000,1.799952
_3592_,VPWR,li1,88.7800,106.0800,1.799954
_3587_,VPWR,li1,87.4000,100.6400,1.799963
_3585_,VPWR,li1,94.9900,193.1200,1.799842
_3584_,VPWR,li1,91.3100,133.2800,1.799901
_3583_,VPWR,li1,75.2100,122.4000,1.799948
_3582_,VPWR,li1,106.0300,133.2800,1.799951
_3581_,VPWR,li1,64.1700,62.5600,1.799931
_3580_,VPWR,li1,76.1300,106.0800,1.799951
_3579_,VPWR,li1,54.7400,100.6400,1.799954
_3578_,VPWR,li1,56.1200,100.6400,1.799954
_3577_,VPWR,li1,66.2400,73.4400,1.799933
_3576_,VPWR,li1,61.1800,100.6400,1.799960
_3575_,VPWR,li1,52.2100,89.7600,1.799939
_3574_,VPWR,li1,33.5800,89.7600,1.799956
_3573_,VPWR,li1,29.6700,84.3200,1.799954
_3572_,VPWR,li1,48.0700,95.2000,1.799947
_3571_,VPWR,li1,43.2400,68.0000,1.799950
_3568_,VPWR,li1,71.9900,100.6400,1.799970
_3567_,VPWR,li1,75.9000,100.6400,1.799965
_3566_,VPWR,li1,75.4400,84.3200,1.799947
_3565_,VPWR,li1,86.9400,62.5600,1.799930
_3564_,VPWR,li1,77.0500,111.5200,1.799913
_3563_,VPWR,li1,66.0100,111.5200,1.799936
_3562_,VPWR,li1,70.3800,106.0800,1.799965
_3561_,VPWR,li1,47.6100,100.6400,1.799951
_3560_,VPWR,li1,32.8900,106.0800,1.799959
_3559_,VPWR,li1,75.2100,89.7600,1.799945
_3558_,VPWR,li1,54.0500,106.0800,1.799956
_3557_,VPWR,li1,49.2200,106.0800,1.799963
_3556_,VPWR,li1,40.7100,100.6400,1.799951
_3555_,VPWR,li1,51.2900,100.6400,1.799952
_3554_,VPWR,li1,22.5400,84.3200,1.799956
_3553_,VPWR,li1,63.0200,106.0800,1.799952
_3552_,VPWR,li1,81.1900,116.9600,1.799925
_3549_,VPWR,li1,75.9000,100.6400,1.799965
_3548_,VPWR,li1,75.6700,127.8400,1.799964
_3547_,VPWR,li1,39.5600,95.2000,1.799961
_3545_,VPWR,li1,35.8800,106.0800,1.799963
_3544_,VPWR,li1,80.0400,100.6400,1.799964
_3543_,VPWR,li1,75.2100,57.1200,1.799932
_3542_,VPWR,li1,48.0700,29.9200,1.799936
_3541_,VPWR,li1,82.8000,111.5200,1.799897
_3539_,VPWR,li1,69.4600,116.9600,1.799958
_3538_,VPWR,li1,59.8000,116.9600,1.799955
_3537_,VPWR,li1,61.6400,111.5200,1.799937
_3536_,VPWR,li1,65.0900,84.3200,1.799954
_3535_,VPWR,li1,61.1800,78.8800,1.799940
_3534_,VPWR,li1,62.1000,116.9600,1.799956
_3533_,VPWR,li1,57.2700,78.8800,1.799942
_3532_,VPWR,li1,57.9600,122.4000,1.799942
_3531_,VPWR,li1,52.2100,116.9600,1.799957
_3530_,VPWR,li1,54.0500,111.5200,1.799942
_3529_,VPWR,li1,42.7800,84.3200,1.799962
_3528_,VPWR,li1,25.5300,122.4000,1.799956
_3527_,VPWR,li1,67.3900,84.3200,1.799958
_3526_,VPWR,li1,48.9900,84.3200,1.799952
_3525_,VPWR,li1,37.9500,84.3200,1.799963
_3524_,VPWR,li1,37.4900,78.8800,1.799964
_3523_,VPWR,li1,21.8500,35.3600,1.799931
_3522_,VPWR,li1,11.7300,40.8000,1.799967
_3521_,VPWR,li1,22.7700,35.3600,1.799931
_3520_,VPWR,li1,12.6500,40.8000,1.799960
_3519_,VPWR,li1,53.1300,73.4400,1.799924
_3518_,VPWR,li1,48.9900,68.0000,1.799937
_3517_,VPWR,li1,58.4200,57.1200,1.799919
_3516_,VPWR,li1,53.8200,78.8800,1.799947
_3515_,VPWR,li1,62.7900,89.7600,1.799941
_3514_,VPWR,li1,42.0900,84.3200,1.799962
_3513_,VPWR,li1,41.8600,78.8800,1.799963
_3512_,VPWR,li1,33.3500,84.3200,1.799956
_3511_,VPWR,li1,34.0400,78.8800,1.799955
_3510_,VPWR,li1,30.1300,78.8800,1.799952
_3509_,VPWR,li1,59.1100,68.0000,1.799936
_3508_,VPWR,li1,57.9600,73.4400,1.799922
_3507_,VPWR,li1,59.8000,57.1200,1.799922
_3505_,VPWR,li1,75.9000,68.0000,1.799954
_3504_,VPWR,li1,70.1500,149.6000,1.799972
_3503_,VPWR,li1,62.3300,149.6000,1.799965
_3502_,VPWR,li1,30.1300,149.6000,1.799961
_3501_,VPWR,li1,34.7300,155.0400,1.799972
_3500_,VPWR,li1,32.2000,57.1200,1.799935
_3499_,VPWR,li1,34.7300,51.6800,1.799941
_3498_,VPWR,li1,75.6700,57.1200,1.799932
_3497_,VPWR,li1,23.6900,62.5600,1.799926
_3496_,VPWR,li1,34.5000,100.6400,1.799932
_3495_,VPWR,li1,37.0300,89.7600,1.799956
_3494_,VPWR,li1,59.3400,51.6800,1.799931
_3493_,VPWR,li1,60.4900,46.2400,1.799955
_3491_,VPWR,li1,58.6500,40.8000,1.799937
_3490_,VPWR,li1,42.0900,95.2000,1.799955
_3489_,VPWR,li1,11.0400,51.6800,1.799958
_3488_,VPWR,li1,11.7300,35.3600,1.799957
_3487_,VPWR,li1,12.1900,46.2400,1.799947
_3486_,VPWR,li1,14.9500,51.6800,1.799942
_3485_,VPWR,li1,53.8200,40.8000,1.799933
_3484_,VPWR,li1,41.6300,73.4400,1.799944
_3483_,VPWR,li1,41.6300,40.8000,1.799947
_3482_,VPWR,li1,45.3100,35.3600,1.799944
_3481_,VPWR,li1,12.1900,73.4400,1.799960
_3480_,VPWR,li1,27.8300,73.4400,1.799926
_3478_,VPWR,li1,66.4700,51.6800,1.799941
_3477_,VPWR,li1,47.8400,35.3600,1.799943
_3476_,VPWR,li1,34.5000,29.9200,1.799934
_3475_,VPWR,li1,28.7500,35.3600,1.799932
_3474_,VPWR,li1,26.9100,24.4800,1.799934
_3473_,VPWR,li1,21.3900,29.9200,1.799920
_3472_,VPWR,li1,16.7900,35.3600,1.799941
_3471_,VPWR,li1,65.7800,57.1200,1.799930
_3470_,VPWR,li1,24.8400,57.1200,1.799925
_3469_,VPWR,li1,40.2500,57.1200,1.799949
_3468_,VPWR,li1,38.1800,29.9200,1.799941
_3467_,VPWR,li1,30.1300,73.4400,1.799927
_3466_,VPWR,li1,89.0100,116.9600,1.799914
_3465_,VPWR,li1,82.8000,62.5600,1.799934
_3463_,VPWR,li1,25.3000,51.6800,1.799928
_3462_,VPWR,li1,11.2700,46.2400,1.799947
_3461_,VPWR,li1,20.9300,57.1200,1.799923
_3460_,VPWR,li1,66.0100,62.5600,1.799940
_3459_,VPWR,li1,64.8600,46.2400,1.799961
_3458_,VPWR,li1,69.4600,40.8000,1.799961
_3457_,VPWR,li1,73.6000,73.4400,1.799930
_3455_,VPWR,li1,77.5100,84.3200,1.799944
_3454_,VPWR,li1,75.6700,62.5600,1.799944
_3453_,VPWR,li1,54.5100,46.2400,1.799952
_3452_,VPWR,li1,74.5200,78.8800,1.799931
_3450_,VPWR,li1,48.0700,57.1200,1.799932
_3448_,VPWR,li1,22.5400,73.4400,1.799928
_3446_,VPWR,li1,52.4400,68.0000,1.799935
_3445_,VPWR,li1,36.3400,68.0000,1.799949
_3444_,VPWR,li1,31.2800,68.0000,1.799947
_3443_,VPWR,li1,28.9800,62.5600,1.799927
_3442_,VPWR,li1,47.1500,51.6800,1.799941
_3441_,VPWR,li1,36.3400,100.6400,1.799942
_3440_,VPWR,li1,51.5200,57.1200,1.799923
_3438_,VPWR,li1,47.8400,62.5600,1.799916
_3437_,VPWR,li1,34.0400,57.1200,1.799938
_3436_,VPWR,li1,38.6400,29.9200,1.799941
_3435_,VPWR,li1,21.3900,57.1200,1.799923
_3434_,VPWR,li1,15.8700,51.6800,1.799942
_3433_,VPWR,li1,20.0100,40.8000,1.799949
_3431_,VPWR,li1,34.7300,62.5600,1.799929
_3430_,VPWR,li1,49.4500,40.8000,1.799933
_3429_,VPWR,li1,37.9500,40.8000,1.799951
_3428_,VPWR,li1,37.0300,35.3600,1.799938
_3425_,VPWR,li1,31.5100,40.8000,1.799948
_3424_,VPWR,li1,35.8800,46.2400,1.799944
_3423_,VPWR,li1,53.1300,29.9200,1.799937
_3422_,VPWR,li1,40.7100,46.2400,1.799960
_3421_,VPWR,li1,17.0200,40.8000,1.799952
_3418_,VPWR,li1,18.1700,46.2400,1.799927
_3417_,VPWR,li1,21.8500,40.8000,1.799947
_3416_,VPWR,li1,15.8700,35.3600,1.799948
_3415_,VPWR,li1,34.0400,35.3600,1.799935
_3414_,VPWR,li1,22.7700,40.8000,1.799947
_3413_,VPWR,li1,42.5500,40.8000,1.799947
_3412_,VPWR,li1,25.0700,73.4400,1.799926
_3411_,VPWR,li1,19.0900,73.4400,1.799940
_3410_,VPWR,li1,9.4300,57.1200,1.799952
_3409_,VPWR,li1,21.8500,68.0000,1.799952
_3406_,VPWR,li1,71.0700,40.8000,1.799966
