Instance,Terminal,Layer,X location,Y location,Voltage
FILLER_103_611,VGND,li1,286.8100,293.7600,0.000016
FILLER_103_608,VGND,li1,285.8900,293.7600,0.000016
FILLER_103_598,VGND,li1,280.8300,293.7600,0.000020
FILLER_103_586,VGND,li1,275.5400,293.7600,0.000030
FILLER_103_577,VGND,li1,271.1700,293.7600,0.000037
FILLER_103_557,VGND,li1,262.4300,293.7600,0.000043
FILLER_103_539,VGND,li1,253.6900,293.7600,0.000034
FILLER_103_536,VGND,li1,252.7700,293.7600,0.000034
FILLER_103_533,VGND,li1,251.3900,293.7600,0.000041
FILLER_103_513,VGND,li1,241.9600,293.7600,0.000044
FILLER_103_503,VGND,li1,237.1300,293.7600,0.000040
FILLER_103_500,VGND,li1,236.2100,293.7600,0.000040
FILLER_103_481,VGND,li1,227.2400,293.7600,0.000032
FILLER_103_447,VGND,li1,211.3700,293.7600,0.000032
FILLER_103_444,VGND,li1,210.4500,293.7600,0.000031
FILLER_103_441,VGND,li1,209.0700,293.7600,0.000031
FILLER_103_431,VGND,li1,204.0100,293.7600,0.000029
FILLER_103_421,VGND,li1,199.4100,293.7600,0.000027
FILLER_103_409,VGND,li1,194.3500,293.7600,0.000019
FILLER_103_399,VGND,li1,189.2900,293.7600,0.000018
FILLER_103_396,VGND,li1,188.3700,293.7600,0.000017
FILLER_103_393,VGND,li1,186.9900,293.7600,0.000017
FILLER_103_389,VGND,li1,185.1500,293.7600,0.000017
FILLER_103_362,VGND,li1,172.5000,293.7600,0.000010
FILLER_103_359,VGND,li1,171.3500,293.7600,0.000010
FILLER_103_340,VGND,li1,162.3800,293.7600,0.000006
FILLER_103_337,VGND,li1,161.2300,293.7600,0.000006
FILLER_103_335,VGND,li1,159.8500,293.7600,0.000006
FILLER_103_332,VGND,li1,158.9300,293.7600,0.000006
FILLER_103_329,VGND,li1,157.5500,293.7600,0.000006
FILLER_103_309,VGND,li1,148.1200,293.7600,0.000006
FILLER_103_290,VGND,li1,139.3800,293.7600,0.000005
FILLER_103_253,VGND,li1,122.3600,293.7600,0.000007
FILLER_103_250,VGND,li1,120.9800,293.7600,0.000007
FILLER_103_231,VGND,li1,112.0100,293.7600,0.000008
FILLER_103_228,VGND,li1,111.0900,293.7600,0.000008
FILLER_103_225,VGND,li1,109.7100,293.7600,0.000008
FILLER_103_197,VGND,li1,96.6000,293.7600,0.000015
FILLER_103_185,VGND,li1,91.3100,293.7600,0.000018
FILLER_103_182,VGND,li1,89.9300,293.7600,0.000018
FILLER_103_172,VGND,li1,84.8700,293.7600,0.000020
FILLER_103_169,VGND,li1,83.9500,293.7600,0.000020
FILLER_103_158,VGND,li1,78.6600,293.7600,0.000021
FILLER_103_113,VGND,li1,58.1900,293.7600,0.000039
FILLER_103_85,VGND,li1,45.0800,293.7600,0.000024
FILLER_103_57,VGND,li1,31.9700,293.7600,0.000039
FILLER_103_46,VGND,li1,26.9100,293.7600,0.000036
FILLER_102_611,VGND,li1,286.8100,288.3200,0.000036
FILLER_102_608,VGND,li1,285.8900,288.3200,0.000036
FILLER_102_533,VGND,li1,251.3900,288.3200,0.000056
FILLER_102_505,VGND,li1,238.2800,288.3200,0.000080
FILLER_102_477,VGND,li1,225.4000,288.3200,0.000079
FILLER_102_473,VGND,li1,223.7900,288.3200,0.000094
FILLER_102_438,VGND,li1,207.6900,288.3200,0.000085
FILLER_102_394,VGND,li1,186.9900,288.3200,0.000069
FILLER_102_391,VGND,li1,186.0700,288.3200,0.000069
FILLER_102_388,VGND,li1,184.6900,288.3200,0.000068
FILLER_102_368,VGND,li1,175.4900,288.3200,0.000062
FILLER_102_365,VGND,li1,174.1100,288.3200,0.000060
FILLER_102_353,VGND,li1,168.3600,288.3200,0.000051
FILLER_102_334,VGND,li1,159.6200,288.3200,0.000055
FILLER_102_256,VGND,li1,123.5100,288.3200,0.000069
FILLER_102_253,VGND,li1,122.5900,288.3200,0.000071
FILLER_102_233,VGND,li1,113.1600,288.3200,0.000072
FILLER_102_200,VGND,li1,98.2100,288.3200,0.000054
FILLER_102_197,VGND,li1,96.8300,288.3200,0.000056
FILLER_102_186,VGND,li1,91.3100,288.3200,0.000058
FILLER_102_150,VGND,li1,74.9800,288.3200,0.000047
FILLER_102_133,VGND,li1,67.3900,288.3200,0.000076
FILLER_102_89,VGND,li1,46.6900,288.3200,0.000078
FILLER_102_82,VGND,li1,43.7000,288.3200,0.000066
FILLER_102_79,VGND,li1,42.5500,288.3200,0.000066
FILLER_102_44,VGND,li1,25.9900,288.3200,0.000086
FILLER_102_41,VGND,li1,25.0700,288.3200,0.000086
FILLER_102_29,VGND,li1,19.5500,288.3200,0.000068
FILLER_102_27,VGND,li1,18.1700,288.3200,0.000060
FILLER_102_24,VGND,li1,17.2500,288.3200,0.000060
FILLER_102_21,VGND,li1,15.8700,288.3200,0.000048
FILLER_102_3,VGND,li1,7.1300,288.3200,0.000054
FILLER_101_592,VGND,li1,278.5300,288.3200,0.000049
FILLER_101_589,VGND,li1,277.1500,288.3200,0.000054
FILLER_101_541,VGND,li1,254.8400,288.3200,0.000055
FILLER_101_505,VGND,li1,238.2800,288.3200,0.000080
FILLER_101_501,VGND,li1,236.6700,288.3200,0.000082
FILLER_101_482,VGND,li1,227.7000,288.3200,0.000083
FILLER_101_445,VGND,li1,210.9100,288.3200,0.000091
FILLER_101_418,VGND,li1,198.0300,288.3200,0.000065
FILLER_101_415,VGND,li1,197.1100,288.3200,0.000065
FILLER_101_397,VGND,li1,188.3700,288.3200,0.000065
FILLER_101_354,VGND,li1,169.0500,288.3200,0.000051
FILLER_101_333,VGND,li1,159.3900,288.3200,0.000055
FILLER_101_330,VGND,li1,158.0100,288.3200,0.000055
FILLER_101_290,VGND,li1,139.3800,288.3200,0.000054
FILLER_101_277,VGND,li1,133.6300,288.3200,0.000046
FILLER_101_247,VGND,li1,119.3700,288.3200,0.000074
FILLER_101_229,VGND,li1,111.0900,288.3200,0.000070
FILLER_101_204,VGND,li1,100.0500,288.3200,0.000052
FILLER_101_169,VGND,li1,83.4900,288.3200,0.000055
FILLER_101_167,VGND,li1,82.5700,288.3200,0.000055
FILLER_101_149,VGND,li1,74.2900,288.3200,0.000047
FILLER_101_129,VGND,li1,65.5500,288.3200,0.000080
FILLER_101_113,VGND,li1,58.1900,288.3200,0.000097
FILLER_101_57,VGND,li1,31.9700,288.3200,0.000087
FILLER_101_38,VGND,li1,23.2300,288.3200,0.000078
FILLER_101_20,VGND,li1,14.9500,288.3200,0.000048
FILLER_100_611,VGND,li1,286.8100,282.8800,0.000033
FILLER_100_608,VGND,li1,285.8900,282.8800,0.000033
FILLER_100_578,VGND,li1,271.6300,282.8800,0.000060
FILLER_100_565,VGND,li1,265.8800,282.8800,0.000062
FILLER_100_562,VGND,li1,264.7300,282.8800,0.000062
FILLER_100_522,VGND,li1,245.8700,282.8800,0.000099
FILLER_100_436,VGND,li1,206.7700,282.8800,0.000109
FILLER_100_424,VGND,li1,201.2500,282.8800,0.000091
FILLER_100_421,VGND,li1,199.8700,282.8800,0.000084
FILLER_100_411,VGND,li1,194.8100,282.8800,0.000062
FILLER_100_399,VGND,li1,189.7500,282.8800,0.000069
FILLER_100_380,VGND,li1,180.7800,282.8800,0.000073
FILLER_100_371,VGND,li1,176.4100,282.8800,0.000065
FILLER_100_368,VGND,li1,175.4900,282.8800,0.000065
FILLER_100_365,VGND,li1,174.1100,282.8800,0.000061
FILLER_100_354,VGND,li1,168.5900,282.8800,0.000052
FILLER_100_351,VGND,li1,167.6700,282.8800,0.000047
FILLER_100_348,VGND,li1,166.2900,282.8800,0.000047
FILLER_100_337,VGND,li1,161.0000,282.8800,0.000057
FILLER_100_334,VGND,li1,159.8500,282.8800,0.000057
FILLER_100_289,VGND,li1,138.9200,282.8800,0.000072
FILLER_100_266,VGND,li1,128.3400,282.8800,0.000069
FILLER_100_241,VGND,li1,117.0700,282.8800,0.000080
FILLER_100_238,VGND,li1,115.6900,282.8800,0.000080
FILLER_100_200,VGND,li1,98.2100,282.8800,0.000064
FILLER_100_197,VGND,li1,96.8300,282.8800,0.000068
FILLER_100_187,VGND,li1,91.7700,282.8800,0.000072
FILLER_100_169,VGND,li1,83.4900,282.8800,0.000071
FILLER_100_150,VGND,li1,74.9800,282.8800,0.000066
FILLER_100_85,VGND,li1,45.3100,282.8800,0.000094
FILLER_100_73,VGND,li1,39.5600,282.8800,0.000102
FILLER_100_62,VGND,li1,34.5000,282.8800,0.000106
FILLER_100_19,VGND,li1,14.4900,282.8800,0.000049
FILLER_100_9,VGND,li1,9.8900,282.8800,0.000050
FILLER_100_6,VGND,li1,8.9700,282.8800,0.000050
FILLER_100_3,VGND,li1,7.5900,282.8800,0.000050
FILLER_99_611,VGND,li1,286.8100,282.8800,0.000033
FILLER_99_608,VGND,li1,285.8900,282.8800,0.000033
FILLER_99_587,VGND,li1,275.7700,282.8800,0.000055
FILLER_99_584,VGND,li1,274.8500,282.8800,0.000058
FILLER_99_581,VGND,li1,273.4700,282.8800,0.000058
FILLER_99_561,VGND,li1,264.2700,282.8800,0.000062
FILLER_99_542,VGND,li1,255.0700,282.8800,0.000059
FILLER_99_539,VGND,li1,254.1500,282.8800,0.000057
FILLER_99_494,VGND,li1,232.9900,282.8800,0.000098
FILLER_99_466,VGND,li1,220.5700,282.8800,0.000071
FILLER_99_445,VGND,li1,210.9100,282.8800,0.000103
FILLER_99_442,VGND,li1,209.5300,282.8800,0.000103
FILLER_99_393,VGND,li1,186.7600,282.8800,0.000074
FILLER_99_389,VGND,li1,185.1500,282.8800,0.000074
FILLER_99_354,VGND,li1,168.5900,282.8800,0.000052
FILLER_99_333,VGND,li1,159.3900,282.8800,0.000057
FILLER_99_330,VGND,li1,158.0100,282.8800,0.000062
FILLER_99_306,VGND,li1,146.9700,282.8800,0.000089
FILLER_99_279,VGND,li1,134.0900,282.8800,0.000056
FILLER_99_259,VGND,li1,125.3500,282.8800,0.000073
FILLER_99_213,VGND,li1,104.1900,282.8800,0.000051
FILLER_99_185,VGND,li1,91.3100,282.8800,0.000072
FILLER_99_169,VGND,li1,83.9500,282.8800,0.000071
FILLER_99_166,VGND,li1,82.3400,282.8800,0.000071
FILLER_99_130,VGND,li1,66.0100,282.8800,0.000110
FILLER_99_57,VGND,li1,32.2000,282.8800,0.000103
FILLER_99_45,VGND,li1,26.9100,282.8800,0.000096
FILLER_99_35,VGND,li1,21.8500,282.8800,0.000081
FILLER_99_19,VGND,li1,14.4900,282.8800,0.000049
FILLER_99_16,VGND,li1,13.5700,282.8800,0.000049
FILLER_99_6,VGND,li1,8.5100,282.8800,0.000050
FILLER_99_3,VGND,li1,7.5900,282.8800,0.000050
FILLER_98_609,VGND,li1,286.3500,277.4400,0.000074
FILLER_98_606,VGND,li1,284.9700,277.4400,0.000074
FILLER_98_530,VGND,li1,249.7800,277.4400,0.000168
FILLER_98_504,VGND,li1,237.5900,277.4400,0.000182
FILLER_98_501,VGND,li1,236.6700,277.4400,0.000169
FILLER_98_466,VGND,li1,220.1100,277.4400,0.000108
FILLER_98_417,VGND,li1,198.0300,277.4400,0.000110
FILLER_98_393,VGND,li1,186.9900,277.4400,0.000122
FILLER_98_365,VGND,li1,174.1100,277.4400,0.000126
FILLER_98_362,VGND,li1,172.5000,277.4400,0.000126
FILLER_98_334,VGND,li1,159.6200,277.4400,0.000120
FILLER_98_293,VGND,li1,140.9900,277.4400,0.000150
FILLER_98_275,VGND,li1,132.2500,277.4400,0.000106
FILLER_98_253,VGND,li1,122.1300,277.4400,0.000117
FILLER_98_250,VGND,li1,120.9800,277.4400,0.000117
FILLER_98_210,VGND,li1,102.8100,277.4400,0.000076
FILLER_98_168,VGND,li1,83.4900,277.4400,0.000075
FILLER_98_141,VGND,li1,70.8400,277.4400,0.000058
FILLER_98_125,VGND,li1,63.4800,277.4400,0.000072
FILLER_98_98,VGND,li1,51.0600,277.4400,0.000087
FILLER_98_49,VGND,li1,28.5200,277.4400,0.000089
FILLER_98_29,VGND,li1,19.5500,277.4400,0.000062
FILLER_97_594,VGND,li1,278.9900,277.4400,0.000115
FILLER_97_591,VGND,li1,278.0700,277.4400,0.000115
FILLER_97_588,VGND,li1,276.6900,277.4400,0.000130
FILLER_97_558,VGND,li1,262.6600,277.4400,0.000184
FILLER_97_517,VGND,li1,243.5700,277.4400,0.000194
FILLER_97_514,VGND,li1,242.6500,277.4400,0.000194
FILLER_97_501,VGND,li1,236.6700,277.4400,0.000169
FILLER_97_498,VGND,li1,235.2900,277.4400,0.000169
FILLER_97_488,VGND,li1,230.2300,277.4400,0.000133
FILLER_97_461,VGND,li1,218.0400,277.4400,0.000114
FILLER_97_449,VGND,li1,212.7500,277.4400,0.000131
FILLER_97_446,VGND,li1,211.1400,277.4400,0.000131
FILLER_97_427,VGND,li1,202.4000,277.4400,0.000126
FILLER_97_401,VGND,li1,190.2100,277.4400,0.000107
FILLER_97_391,VGND,li1,185.6100,277.4400,0.000133
FILLER_97_340,VGND,li1,162.1500,277.4400,0.000097
FILLER_97_337,VGND,li1,161.2300,277.4400,0.000107
FILLER_97_333,VGND,li1,159.3900,277.4400,0.000120
FILLER_97_330,VGND,li1,158.0100,277.4400,0.000120
FILLER_97_301,VGND,li1,144.6700,277.4400,0.000169
FILLER_97_195,VGND,li1,95.4500,277.4400,0.000094
FILLER_97_169,VGND,li1,83.4900,277.4400,0.000075
FILLER_97_148,VGND,li1,74.2900,277.4400,0.000048
FILLER_97_113,VGND,li1,57.7300,277.4400,0.000083
FILLER_97_92,VGND,li1,48.5300,277.4400,0.000085
FILLER_97_57,VGND,li1,31.9700,277.4400,0.000095
FILLER_97_29,VGND,li1,19.3200,277.4400,0.000062
FILLER_96_594,VGND,li1,278.9900,272.0000,0.000056
FILLER_96_591,VGND,li1,278.0700,272.0000,0.000056
FILLER_96_536,VGND,li1,252.3100,272.0000,0.000064
FILLER_96_533,VGND,li1,251.3900,272.0000,0.000074
FILLER_96_531,VGND,li1,250.0100,272.0000,0.000074
FILLER_96_519,VGND,li1,244.9500,272.0000,0.000097
FILLER_96_474,VGND,li1,224.0200,272.0000,0.000074
FILLER_96_424,VGND,li1,200.7900,272.0000,0.000080
FILLER_96_421,VGND,li1,199.8700,272.0000,0.000076
FILLER_96_418,VGND,li1,198.2600,272.0000,0.000076
FILLER_96_409,VGND,li1,194.3500,272.0000,0.000066
FILLER_96_406,VGND,li1,192.9700,272.0000,0.000066
FILLER_96_371,VGND,li1,176.4100,272.0000,0.000127
FILLER_96_368,VGND,li1,175.4900,272.0000,0.000126
FILLER_96_365,VGND,li1,174.1100,272.0000,0.000124
FILLER_96_363,VGND,li1,172.7300,272.0000,0.000124
FILLER_96_349,VGND,li1,166.2900,272.0000,0.000103
FILLER_96_337,VGND,li1,161.2300,272.0000,0.000097
FILLER_96_334,VGND,li1,159.8500,272.0000,0.000097
FILLER_96_290,VGND,li1,139.1500,272.0000,0.000122
FILLER_96_253,VGND,li1,122.3600,272.0000,0.000226
FILLER_96_221,VGND,li1,107.4100,272.0000,0.000177
FILLER_96_182,VGND,li1,89.4700,272.0000,0.000192
FILLER_96_177,VGND,li1,87.1700,272.0000,0.000183
FILLER_96_167,VGND,li1,82.8000,272.0000,0.000154
FILLER_96_141,VGND,li1,70.6100,272.0000,0.000094
FILLER_96_134,VGND,li1,67.6200,272.0000,0.000100
FILLER_96_101,VGND,li1,52.6700,272.0000,0.000094
FILLER_96_85,VGND,li1,45.3100,272.0000,0.000074
FILLER_96_72,VGND,li1,39.3300,272.0000,0.000104
FILLER_96_62,VGND,li1,34.2700,272.0000,0.000122
FILLER_96_27,VGND,li1,18.1700,272.0000,0.000080
FILLER_96_9,VGND,li1,9.8900,272.0000,0.000060
FILLER_96_6,VGND,li1,8.9700,272.0000,0.000060
FILLER_96_3,VGND,li1,7.5900,272.0000,0.000060
FILLER_95_611,VGND,li1,286.8100,272.0000,0.000034
FILLER_95_608,VGND,li1,285.8900,272.0000,0.000034
FILLER_95_605,VGND,li1,284.5100,272.0000,0.000034
FILLER_95_584,VGND,li1,274.3900,272.0000,0.000064
FILLER_95_581,VGND,li1,273.4700,272.0000,0.000065
FILLER_95_578,VGND,li1,272.0900,272.0000,0.000065
FILLER_95_538,VGND,li1,253.4600,272.0000,0.000064
FILLER_95_501,VGND,li1,236.6700,272.0000,0.000117
FILLER_95_466,VGND,li1,220.1100,272.0000,0.000083
FILLER_95_428,VGND,li1,203.0900,272.0000,0.000084
FILLER_95_425,VGND,li1,201.7100,272.0000,0.000080
FILLER_95_413,VGND,li1,196.1900,272.0000,0.000071
FILLER_95_393,VGND,li1,186.9900,272.0000,0.000102
FILLER_95_358,VGND,li1,170.4300,272.0000,0.000122
FILLER_95_333,VGND,li1,159.3900,272.0000,0.000102
FILLER_95_330,VGND,li1,158.0100,272.0000,0.000102
FILLER_95_298,VGND,li1,143.0600,272.0000,0.000125
FILLER_95_225,VGND,li1,109.2500,272.0000,0.000188
FILLER_95_211,VGND,li1,102.8100,272.0000,0.000147
FILLER_95_197,VGND,li1,96.6000,272.0000,0.000196
FILLER_95_169,VGND,li1,83.9500,272.0000,0.000166
FILLER_95_165,VGND,li1,82.1100,272.0000,0.000154
FILLER_95_149,VGND,li1,74.7500,272.0000,0.000102
FILLER_95_122,VGND,li1,62.1000,272.0000,0.000105
FILLER_95_66,VGND,li1,36.1100,272.0000,0.000117
FILLER_95_55,VGND,li1,31.0500,272.0000,0.000120
FILLER_95_44,VGND,li1,26.2200,272.0000,0.000115
FILLER_95_24,VGND,li1,17.2500,272.0000,0.000080
FILLER_95_3,VGND,li1,7.5900,272.0000,0.000060
FILLER_94_611,VGND,li1,286.8100,266.5600,0.000021
FILLER_94_592,VGND,li1,278.3000,266.5600,0.000029
FILLER_94_589,VGND,li1,277.1500,266.5600,0.000033
FILLER_94_585,VGND,li1,275.3100,266.5600,0.000037
FILLER_94_582,VGND,li1,273.9300,266.5600,0.000037
FILLER_94_564,VGND,li1,265.1900,266.5600,0.000044
FILLER_94_561,VGND,li1,264.2700,266.5600,0.000044
FILLER_94_558,VGND,li1,262.8900,266.5600,0.000044
FILLER_94_547,VGND,li1,257.6000,266.5600,0.000046
FILLER_94_531,VGND,li1,250.0100,266.5600,0.000059
FILLER_94_521,VGND,li1,245.4100,266.5600,0.000073
FILLER_94_518,VGND,li1,244.4900,266.5600,0.000073
FILLER_94_500,VGND,li1,235.7500,266.5600,0.000093
FILLER_94_486,VGND,li1,229.3100,266.5600,0.000083
FILLER_94_432,VGND,li1,204.7000,266.5600,0.000091
FILLER_94_421,VGND,li1,199.6400,266.5600,0.000084
FILLER_94_417,VGND,li1,198.0300,266.5600,0.000084
FILLER_94_398,VGND,li1,189.0600,266.5600,0.000111
FILLER_94_393,VGND,li1,186.5300,266.5600,0.000128
FILLER_94_374,VGND,li1,178.0200,266.5600,0.000138
FILLER_94_363,VGND,li1,172.7300,266.5600,0.000137
FILLER_94_298,VGND,li1,143.0600,266.5600,0.000120
FILLER_94_279,VGND,li1,134.5500,266.5600,0.000087
FILLER_94_257,VGND,li1,124.2000,266.5600,0.000088
FILLER_94_250,VGND,li1,120.9800,266.5600,0.000086
FILLER_94_197,VGND,li1,96.3700,266.5600,0.000086
FILLER_94_151,VGND,li1,75.6700,266.5600,0.000100
FILLER_94_141,VGND,li1,70.6100,266.5600,0.000111
FILLER_94_103,VGND,li1,53.5900,266.5600,0.000136
FILLER_94_85,VGND,li1,44.8500,266.5600,0.000117
FILLER_94_66,VGND,li1,36.5700,266.5600,0.000115
FILLER_94_29,VGND,li1,19.5500,266.5600,0.000091
FILLER_93_567,VGND,li1,266.5700,266.5600,0.000044
FILLER_93_564,VGND,li1,265.6500,266.5600,0.000044
FILLER_93_561,VGND,li1,264.2700,266.5600,0.000044
FILLER_93_517,VGND,li1,243.5700,266.5600,0.000077
FILLER_93_514,VGND,li1,242.6500,266.5600,0.000077
FILLER_93_446,VGND,li1,211.1400,266.5600,0.000086
FILLER_93_410,VGND,li1,194.8100,266.5600,0.000078
FILLER_93_390,VGND,li1,185.3800,266.5600,0.000131
FILLER_93_356,VGND,li1,169.9700,266.5600,0.000133
FILLER_93_346,VGND,li1,164.9100,266.5600,0.000110
FILLER_93_281,VGND,li1,135.0100,266.5600,0.000098
FILLER_93_273,VGND,li1,131.3300,266.5600,0.000096
FILLER_93_251,VGND,li1,121.2100,266.5600,0.000086
FILLER_93_205,VGND,li1,100.2800,266.5600,0.000069
FILLER_93_186,VGND,li1,91.5400,266.5600,0.000098
FILLER_93_113,VGND,li1,58.1900,266.5600,0.000136
FILLER_93_60,VGND,li1,33.3500,266.5600,0.000117
FILLER_93_57,VGND,li1,32.4300,266.5600,0.000117
FILLER_93_20,VGND,li1,15.1800,266.5600,0.000062
FILLER_92_592,VGND,li1,278.5300,261.1200,0.000050
FILLER_92_589,VGND,li1,277.1500,261.1200,0.000055
FILLER_92_587,VGND,li1,275.7700,261.1200,0.000055
FILLER_92_542,VGND,li1,255.5300,261.1200,0.000056
FILLER_92_531,VGND,li1,250.0100,261.1200,0.000065
FILLER_92_501,VGND,li1,236.2100,261.1200,0.000091
FILLER_92_419,VGND,li1,198.4900,261.1200,0.000116
FILLER_92_363,VGND,li1,172.7300,261.1200,0.000077
FILLER_92_339,VGND,li1,162.1500,261.1200,0.000058
FILLER_92_305,VGND,li1,146.5100,261.1200,0.000067
FILLER_92_269,VGND,li1,129.9500,261.1200,0.000059
FILLER_92_253,VGND,li1,122.5900,261.1200,0.000077
FILLER_92_245,VGND,li1,118.9100,261.1200,0.000078
FILLER_92_214,VGND,li1,104.1900,261.1200,0.000059
FILLER_92_195,VGND,li1,95.4500,261.1200,0.000090
FILLER_92_184,VGND,li1,90.8500,261.1200,0.000107
FILLER_92_166,VGND,li1,82.3400,261.1200,0.000118
FILLER_92_118,VGND,li1,60.0300,261.1200,0.000170
FILLER_92_75,VGND,li1,40.2500,261.1200,0.000147
FILLER_92_3,VGND,li1,7.1300,261.1200,0.000082
FILLER_91_602,VGND,li1,282.6700,261.1200,0.000044
FILLER_91_599,VGND,li1,281.7500,261.1200,0.000044
FILLER_91_581,VGND,li1,273.0100,261.1200,0.000058
FILLER_91_561,VGND,li1,263.8100,261.1200,0.000061
FILLER_91_557,VGND,li1,262.4300,261.1200,0.000061
FILLER_91_541,VGND,li1,254.8400,261.1200,0.000056
FILLER_91_517,VGND,li1,243.8000,261.1200,0.000080
FILLER_91_514,VGND,li1,242.6500,261.1200,0.000080
FILLER_91_487,VGND,li1,230.0000,261.1200,0.000082
FILLER_91_391,VGND,li1,185.6100,261.1200,0.000095
FILLER_91_371,VGND,li1,176.8700,261.1200,0.000083
FILLER_91_345,VGND,li1,164.4500,261.1200,0.000054
FILLER_91_333,VGND,li1,159.3900,261.1200,0.000066
FILLER_91_330,VGND,li1,158.0100,261.1200,0.000066
FILLER_91_320,VGND,li1,152.9500,261.1200,0.000071
FILLER_91_317,VGND,li1,152.0300,261.1200,0.000071
FILLER_91_290,VGND,li1,139.3800,261.1200,0.000058
FILLER_91_211,VGND,li1,102.8100,261.1200,0.000059
FILLER_91_177,VGND,li1,87.1700,261.1200,0.000111
FILLER_91_144,VGND,li1,72.4500,261.1200,0.000118
FILLER_91_94,VGND,li1,49.2200,261.1200,0.000159
FILLER_91_85,VGND,li1,44.8500,261.1200,0.000120
FILLER_91_71,VGND,li1,38.6400,261.1200,0.000153
FILLER_91_60,VGND,li1,33.5800,261.1200,0.000168
FILLER_91_57,VGND,li1,32.4300,261.1200,0.000168
FILLER_91_54,VGND,li1,30.8200,261.1200,0.000169
FILLER_91_26,VGND,li1,17.9400,261.1200,0.000112
FILLER_91_6,VGND,li1,8.9700,261.1200,0.000082
FILLER_91_3,VGND,li1,7.5900,261.1200,0.000082
FILLER_90_592,VGND,li1,278.5300,255.6800,0.000054
FILLER_90_589,VGND,li1,277.1500,255.6800,0.000054
FILLER_90_568,VGND,li1,267.4900,255.6800,0.000080
FILLER_90_565,VGND,li1,266.1100,255.6800,0.000080
FILLER_90_512,VGND,li1,241.7300,255.6800,0.000191
FILLER_90_499,VGND,li1,235.2900,255.6800,0.000211
FILLER_90_442,VGND,li1,209.0700,255.6800,0.000207
FILLER_90_421,VGND,li1,199.4100,255.6800,0.000156
FILLER_90_410,VGND,li1,194.5800,255.6800,0.000115
FILLER_90_390,VGND,li1,185.6100,255.6800,0.000147
FILLER_90_309,VGND,li1,148.1200,255.6800,0.000122
FILLER_90_306,VGND,li1,146.7400,255.6800,0.000120
FILLER_90_261,VGND,li1,126.0400,255.6800,0.000086
FILLER_90_197,VGND,li1,96.3700,255.6800,0.000079
FILLER_90_95,VGND,li1,49.6800,255.6800,0.000050
FILLER_90_85,VGND,li1,45.0800,255.6800,0.000041
FILLER_90_73,VGND,li1,39.5600,255.6800,0.000058
FILLER_90_54,VGND,li1,30.8200,255.6800,0.000078
FILLER_89_611,VGND,li1,286.8100,255.6800,0.000041
FILLER_89_578,VGND,li1,271.8600,255.6800,0.000068
FILLER_89_557,VGND,li1,262.4300,255.6800,0.000086
FILLER_89_554,VGND,li1,261.0500,255.6800,0.000086
FILLER_89_508,VGND,li1,239.6600,255.6800,0.000202
FILLER_89_505,VGND,li1,238.5100,255.6800,0.000217
FILLER_89_503,VGND,li1,237.1300,255.6800,0.000217
FILLER_89_457,VGND,li1,216.4300,255.6800,0.000203
FILLER_89_447,VGND,li1,211.3700,255.6800,0.000207
FILLER_89_415,VGND,li1,197.1100,255.6800,0.000138
FILLER_89_397,VGND,li1,188.3700,255.6800,0.000137
FILLER_89_365,VGND,li1,173.6500,255.6800,0.000155
FILLER_89_334,VGND,li1,159.6200,255.6800,0.000111
FILLER_89_281,VGND,li1,135.4700,255.6800,0.000074
FILLER_89_260,VGND,li1,125.3500,255.6800,0.000088
FILLER_89_234,VGND,li1,113.3900,255.6800,0.000089
FILLER_89_222,VGND,li1,108.1000,255.6800,0.000075
FILLER_89_179,VGND,li1,88.3200,255.6800,0.000081
FILLER_89_169,VGND,li1,83.4900,255.6800,0.000074
FILLER_89_166,VGND,li1,82.3400,255.6800,0.000074
FILLER_89_152,VGND,li1,75.6700,255.6800,0.000054
FILLER_89_137,VGND,li1,69.0000,255.6800,0.000050
FILLER_89_93,VGND,li1,48.7600,255.6800,0.000047
FILLER_89_57,VGND,li1,32.2000,255.6800,0.000078
FILLER_89_55,VGND,li1,31.0500,255.6800,0.000078
FILLER_89_28,VGND,li1,19.0900,255.6800,0.000068
FILLER_88_597,VGND,li1,280.3700,250.2400,0.000104
FILLER_88_561,VGND,li1,263.8100,250.2400,0.000123
FILLER_88_558,VGND,li1,262.8900,250.2400,0.000123
FILLER_88_531,VGND,li1,250.0100,250.2400,0.000088
FILLER_88_528,VGND,li1,249.0900,250.2400,0.000088
FILLER_88_473,VGND,li1,223.7900,250.2400,0.000084
FILLER_88_421,VGND,li1,199.4100,250.2400,0.000127
FILLER_88_418,VGND,li1,198.2600,250.2400,0.000120
FILLER_88_363,VGND,li1,172.7300,250.2400,0.000136
FILLER_88_334,VGND,li1,159.8500,250.2400,0.000140
FILLER_88_307,VGND,li1,146.9700,250.2400,0.000190
FILLER_88_292,VGND,li1,140.0700,250.2400,0.000154
FILLER_88_273,VGND,li1,131.5600,250.2400,0.000110
FILLER_88_253,VGND,li1,122.5900,250.2400,0.000129
FILLER_88_234,VGND,li1,113.6200,250.2400,0.000128
FILLER_88_195,VGND,li1,95.4500,250.2400,0.000118
FILLER_88_138,VGND,li1,69.4600,250.2400,0.000096
FILLER_88_119,VGND,li1,60.7200,250.2400,0.000127
FILLER_88_110,VGND,li1,56.3500,250.2400,0.000139
FILLER_88_83,VGND,li1,43.9300,250.2400,0.000109
FILLER_88_65,VGND,li1,35.6500,250.2400,0.000175
FILLER_88_62,VGND,li1,34.7300,250.2400,0.000192
FILLER_88_38,VGND,li1,23.6900,250.2400,0.000162
FILLER_87_611,VGND,li1,286.8100,250.2400,0.000081
FILLER_87_608,VGND,li1,285.8900,250.2400,0.000081
FILLER_87_561,VGND,li1,264.2700,250.2400,0.000129
FILLER_87_557,VGND,li1,262.4300,250.2400,0.000123
FILLER_87_513,VGND,li1,241.7300,250.2400,0.000091
FILLER_87_502,VGND,li1,236.9000,250.2400,0.000090
FILLER_87_483,VGND,li1,228.1600,250.2400,0.000079
FILLER_87_457,VGND,li1,215.9700,250.2400,0.000114
FILLER_87_447,VGND,li1,211.3700,250.2400,0.000135
FILLER_87_433,VGND,li1,205.1600,250.2400,0.000137
FILLER_87_401,VGND,li1,190.6700,250.2400,0.000119
FILLER_87_366,VGND,li1,174.1100,250.2400,0.000136
FILLER_87_331,VGND,li1,158.0100,250.2400,0.000154
FILLER_87_290,VGND,li1,139.1500,250.2400,0.000154
FILLER_87_277,VGND,li1,133.6300,250.2400,0.000102
FILLER_87_258,VGND,li1,124.6600,250.2400,0.000124
FILLER_87_205,VGND,li1,100.2800,250.2400,0.000107
FILLER_87_196,VGND,li1,95.9100,250.2400,0.000118
FILLER_87_186,VGND,li1,91.3100,250.2400,0.000125
FILLER_87_148,VGND,li1,74.0600,250.2400,0.000077
FILLER_87_121,VGND,li1,61.6400,250.2400,0.000121
FILLER_87_107,VGND,li1,54.9700,250.2400,0.000139
FILLER_87_96,VGND,li1,50.3700,250.2400,0.000138
FILLER_87_57,VGND,li1,31.9700,250.2400,0.000204
FILLER_87_37,VGND,li1,23.2300,250.2400,0.000162
FILLER_86_593,VGND,li1,278.7600,244.8000,0.000083
FILLER_86_568,VGND,li1,267.4900,244.8000,0.000133
FILLER_86_541,VGND,li1,254.8400,244.8000,0.000155
FILLER_86_531,VGND,li1,250.0100,244.8000,0.000205
FILLER_86_517,VGND,li1,243.5700,244.8000,0.000225
FILLER_86_508,VGND,li1,239.4300,244.8000,0.000237
FILLER_86_481,VGND,li1,227.0100,244.8000,0.000190
FILLER_86_475,VGND,li1,224.2500,244.8000,0.000146
FILLER_86_429,VGND,li1,203.0900,244.8000,0.000123
FILLER_86_417,VGND,li1,198.0300,244.8000,0.000101
FILLER_86_371,VGND,li1,176.4100,244.8000,0.000087
FILLER_86_368,VGND,li1,175.4900,244.8000,0.000087
FILLER_86_365,VGND,li1,174.1100,244.8000,0.000086
FILLER_86_334,VGND,li1,159.8500,244.8000,0.000095
FILLER_86_232,VGND,li1,112.9300,244.8000,0.000121
FILLER_86_197,VGND,li1,96.3700,244.8000,0.000176
FILLER_86_177,VGND,li1,87.4000,244.8000,0.000185
FILLER_86_149,VGND,li1,74.7500,244.8000,0.000084
FILLER_86_122,VGND,li1,61.8700,244.8000,0.000105
FILLER_86_94,VGND,li1,49.4500,244.8000,0.000083
FILLER_86_85,VGND,li1,44.8500,244.8000,0.000066
FILLER_86_73,VGND,li1,39.5600,244.8000,0.000083
FILLER_86_70,VGND,li1,38.4100,244.8000,0.000083
FILLER_86_3,VGND,li1,7.1300,244.8000,0.000046
FILLER_85_611,VGND,li1,286.8100,244.8000,0.000054
FILLER_85_608,VGND,li1,285.8900,244.8000,0.000054
FILLER_85_597,VGND,li1,280.6000,244.8000,0.000069
FILLER_85_578,VGND,li1,271.6300,244.8000,0.000116
FILLER_85_557,VGND,li1,262.4300,244.8000,0.000149
FILLER_85_522,VGND,li1,246.1000,244.8000,0.000216
FILLER_85_503,VGND,li1,237.1300,244.8000,0.000241
FILLER_85_459,VGND,li1,217.3500,244.8000,0.000159
FILLER_85_449,VGND,li1,212.2900,244.8000,0.000154
FILLER_85_347,VGND,li1,165.8300,244.8000,0.000082
FILLER_85_337,VGND,li1,161.0000,244.8000,0.000095
FILLER_85_324,VGND,li1,154.7900,244.8000,0.000106
FILLER_85_300,VGND,li1,143.7500,244.8000,0.000098
FILLER_85_290,VGND,li1,139.1500,244.8000,0.000092
FILLER_85_281,VGND,li1,135.0100,244.8000,0.000083
FILLER_85_260,VGND,li1,125.8100,244.8000,0.000131
FILLER_85_233,VGND,li1,113.1600,244.8000,0.000121
FILLER_85_201,VGND,li1,98.4400,244.8000,0.000155
FILLER_85_166,VGND,li1,82.3400,244.8000,0.000150
FILLER_85_147,VGND,li1,73.6000,244.8000,0.000088
FILLER_85_129,VGND,li1,65.0900,244.8000,0.000101
FILLER_85_110,VGND,li1,56.5800,244.8000,0.000097
FILLER_85_75,VGND,li1,40.2500,244.8000,0.000081
FILLER_85_55,VGND,li1,31.0500,244.8000,0.000086
FILLER_85_45,VGND,li1,26.6800,244.8000,0.000082
FILLER_84_592,VGND,li1,278.5300,239.3600,0.000088
FILLER_84_589,VGND,li1,277.1500,239.3600,0.000096
FILLER_84_587,VGND,li1,275.7700,239.3600,0.000096
FILLER_84_531,VGND,li1,250.0100,239.3600,0.000094
FILLER_84_528,VGND,li1,249.0900,239.3600,0.000094
FILLER_84_517,VGND,li1,244.0300,239.3600,0.000097
FILLER_84_475,VGND,li1,224.2500,239.3600,0.000074
FILLER_84_463,VGND,li1,219.1900,239.3600,0.000094
FILLER_84_421,VGND,li1,199.4100,239.3600,0.000097
FILLER_84_415,VGND,li1,196.6500,239.3600,0.000090
FILLER_84_377,VGND,li1,179.1700,239.3600,0.000117
FILLER_84_374,VGND,li1,178.2500,239.3600,0.000117
FILLER_84_346,VGND,li1,164.9100,239.3600,0.000089
FILLER_84_230,VGND,li1,111.5500,239.3600,0.000116
FILLER_84_177,VGND,li1,87.4000,239.3600,0.000085
FILLER_84_141,VGND,li1,70.8400,239.3600,0.000054
FILLER_84_138,VGND,li1,69.4600,239.3600,0.000054
FILLER_84_110,VGND,li1,56.8100,239.3600,0.000061
FILLER_84_66,VGND,li1,36.3400,239.3600,0.000080
FILLER_83_611,VGND,li1,286.8100,239.3600,0.000059
FILLER_83_608,VGND,li1,285.8900,239.3600,0.000059
FILLER_83_581,VGND,li1,273.2400,239.3600,0.000114
FILLER_83_578,VGND,li1,272.0900,239.3600,0.000114
FILLER_83_557,VGND,li1,262.4300,239.3600,0.000121
FILLER_83_532,VGND,li1,250.4700,239.3600,0.000094
FILLER_83_503,VGND,li1,237.1300,239.3600,0.000094
FILLER_83_463,VGND,li1,218.7300,239.3600,0.000094
FILLER_83_460,VGND,li1,217.8100,239.3600,0.000094
FILLER_83_449,VGND,li1,212.5200,239.3600,0.000109
FILLER_83_447,VGND,li1,211.3700,239.3600,0.000115
FILLER_83_378,VGND,li1,180.0900,239.3600,0.000119
FILLER_83_317,VGND,li1,151.8000,239.3600,0.000141
FILLER_83_298,VGND,li1,142.8300,239.3600,0.000138
FILLER_83_281,VGND,li1,135.0100,239.3600,0.000099
FILLER_83_278,VGND,li1,133.8600,239.3600,0.000099
FILLER_83_225,VGND,li1,109.7100,239.3600,0.000102
FILLER_83_202,VGND,li1,98.6700,239.3600,0.000090
FILLER_83_166,VGND,li1,82.3400,239.3600,0.000079
FILLER_83_140,VGND,li1,70.1500,239.3600,0.000054
FILLER_83_113,VGND,li1,57.9600,239.3600,0.000061
FILLER_83_110,VGND,li1,56.5800,239.3600,0.000061
FILLER_83_88,VGND,li1,46.2300,239.3600,0.000057
FILLER_83_68,VGND,li1,37.4900,239.3600,0.000072
FILLER_83_57,VGND,li1,32.2000,239.3600,0.000089
FILLER_83_42,VGND,li1,25.3000,239.3600,0.000102
FILLER_83_32,VGND,li1,20.4700,239.3600,0.000093
FILLER_83_20,VGND,li1,15.4100,239.3600,0.000071
FILLER_82_589,VGND,li1,276.9200,233.9200,0.000071
FILLER_82_572,VGND,li1,269.3300,233.9200,0.000087
FILLER_82_545,VGND,li1,256.4500,233.9200,0.000080
FILLER_82_542,VGND,li1,255.5300,233.9200,0.000080
FILLER_82_523,VGND,li1,246.3300,233.9200,0.000103
FILLER_82_419,VGND,li1,198.4900,233.9200,0.000081
FILLER_82_371,VGND,li1,176.4100,233.9200,0.000157
FILLER_82_368,VGND,li1,175.4900,233.9200,0.000164
FILLER_82_365,VGND,li1,174.1100,233.9200,0.000156
FILLER_82_362,VGND,li1,172.5000,233.9200,0.000156
FILLER_82_359,VGND,li1,171.3500,233.9200,0.000144
FILLER_82_324,VGND,li1,154.7900,233.9200,0.000165
FILLER_82_321,VGND,li1,153.8700,233.9200,0.000172
FILLER_82_309,VGND,li1,148.1200,233.9200,0.000165
FILLER_82_298,VGND,li1,142.8300,233.9200,0.000157
FILLER_82_293,VGND,li1,140.5300,233.9200,0.000152
FILLER_82_242,VGND,li1,117.0700,233.9200,0.000203
FILLER_82_191,VGND,li1,93.6100,233.9200,0.000222
FILLER_82_173,VGND,li1,85.3300,233.9200,0.000192
FILLER_82_137,VGND,li1,69.2300,233.9200,0.000103
FILLER_82_99,VGND,li1,51.2900,233.9200,0.000085
FILLER_82_88,VGND,li1,46.4600,233.9200,0.000061
FILLER_82_85,VGND,li1,45.3100,233.9200,0.000050
FILLER_82_50,VGND,li1,28.7500,233.9200,0.000049
FILLER_82_32,VGND,li1,20.4700,233.9200,0.000039
FILLER_82_29,VGND,li1,19.5500,233.9200,0.000037
FILLER_82_26,VGND,li1,17.9400,233.9200,0.000034
FILLER_82_23,VGND,li1,16.7900,233.9200,0.000034
FILLER_82_3,VGND,li1,7.5900,233.9200,0.000036
FILLER_81_569,VGND,li1,267.4900,233.9200,0.000089
FILLER_81_542,VGND,li1,255.0700,233.9200,0.000080
FILLER_81_517,VGND,li1,243.5700,233.9200,0.000104
FILLER_81_505,VGND,li1,238.5100,233.9200,0.000105
FILLER_81_503,VGND,li1,237.1300,233.9200,0.000104
FILLER_81_436,VGND,li1,206.7700,233.9200,0.000083
FILLER_81_390,VGND,li1,185.3800,233.9200,0.000127
FILLER_81_343,VGND,li1,163.5300,233.9200,0.000115
FILLER_81_281,VGND,li1,135.0100,233.9200,0.000122
FILLER_81_262,VGND,li1,126.2700,233.9200,0.000173
FILLER_81_225,VGND,li1,109.7100,233.9200,0.000195
FILLER_81_177,VGND,li1,87.4000,233.9200,0.000206
FILLER_81_132,VGND,li1,66.7000,233.9200,0.000105
FILLER_81_121,VGND,li1,61.6400,233.9200,0.000107
FILLER_81_55,VGND,li1,31.0500,233.9200,0.000051
FILLER_81_36,VGND,li1,22.5400,233.9200,0.000042
FILLER_80_592,VGND,li1,278.5300,228.4800,0.000063
FILLER_80_589,VGND,li1,277.1500,228.4800,0.000073
FILLER_80_578,VGND,li1,271.6300,228.4800,0.000086
FILLER_80_568,VGND,li1,267.2600,228.4800,0.000089
FILLER_80_533,VGND,li1,251.1600,228.4800,0.000058
FILLER_80_531,VGND,li1,250.0100,228.4800,0.000061
FILLER_80_457,VGND,li1,216.2000,228.4800,0.000082
FILLER_80_430,VGND,li1,203.7800,228.4800,0.000086
FILLER_80_419,VGND,li1,198.4900,228.4800,0.000073
FILLER_80_386,VGND,li1,183.3100,228.4800,0.000102
FILLER_80_309,VGND,li1,148.3500,228.4800,0.000093
FILLER_80_290,VGND,li1,139.1500,228.4800,0.000086
FILLER_80_284,VGND,li1,136.6200,228.4800,0.000082
FILLER_80_253,VGND,li1,122.3600,228.4800,0.000136
FILLER_80_251,VGND,li1,121.2100,228.4800,0.000136
FILLER_80_232,VGND,li1,112.7000,228.4800,0.000146
FILLER_80_222,VGND,li1,108.1000,228.4800,0.000142
FILLER_80_194,VGND,li1,95.2200,228.4800,0.000189
FILLER_80_152,VGND,li1,76.1300,228.4800,0.000171
FILLER_80_141,VGND,li1,70.8400,228.4800,0.000159
FILLER_80_137,VGND,li1,69.2300,228.4800,0.000159
FILLER_80_93,VGND,li1,48.7600,228.4800,0.000116
FILLER_80_72,VGND,li1,39.3300,228.4800,0.000092
FILLER_80_44,VGND,li1,26.4500,228.4800,0.000081
FILLER_80_29,VGND,li1,19.3200,228.4800,0.000054
FILLER_79_593,VGND,li1,278.7600,228.4800,0.000063
FILLER_79_505,VGND,li1,238.5100,228.4800,0.000070
FILLER_79_482,VGND,li1,227.4700,228.4800,0.000058
FILLER_79_479,VGND,li1,226.5500,228.4800,0.000058
FILLER_79_445,VGND,li1,210.9100,228.4800,0.000087
FILLER_79_396,VGND,li1,188.3700,228.4800,0.000096
FILLER_79_393,VGND,li1,186.9900,228.4800,0.000098
FILLER_79_363,VGND,li1,173.1900,228.4800,0.000102
FILLER_79_340,VGND,li1,162.3800,228.4800,0.000080
FILLER_79_337,VGND,li1,161.2300,228.4800,0.000087
FILLER_79_335,VGND,li1,159.8500,228.4800,0.000087
FILLER_79_294,VGND,li1,141.4500,228.4800,0.000090
FILLER_79_281,VGND,li1,135.0100,228.4800,0.000082
FILLER_79_279,VGND,li1,134.0900,228.4800,0.000079
FILLER_79_247,VGND,li1,119.6000,228.4800,0.000139
FILLER_79_229,VGND,li1,111.0900,228.4800,0.000149
FILLER_79_223,VGND,li1,108.3300,228.4800,0.000142
FILLER_79_206,VGND,li1,100.5100,228.4800,0.000143
FILLER_79_190,VGND,li1,93.1500,228.4800,0.000209
FILLER_79_144,VGND,li1,71.9900,228.4800,0.000152
FILLER_79_113,VGND,li1,57.9600,228.4800,0.000143
FILLER_79_65,VGND,li1,35.6500,228.4800,0.000092
FILLER_79_47,VGND,li1,27.3700,228.4800,0.000081
FILLER_79_28,VGND,li1,18.8600,228.4800,0.000054
FILLER_79_16,VGND,li1,13.5700,228.4800,0.000035
FILLER_79_6,VGND,li1,8.5100,228.4800,0.000036
FILLER_79_3,VGND,li1,7.5900,228.4800,0.000036
FILLER_78_609,VGND,li1,286.3500,223.0400,0.000055
FILLER_78_606,VGND,li1,284.9700,223.0400,0.000055
FILLER_78_577,VGND,li1,271.6300,223.0400,0.000109
FILLER_78_541,VGND,li1,254.8400,223.0400,0.000092
FILLER_78_521,VGND,li1,245.6400,223.0400,0.000120
FILLER_78_509,VGND,li1,240.3500,223.0400,0.000133
FILLER_78_475,VGND,li1,224.2500,223.0400,0.000081
FILLER_78_457,VGND,li1,215.9700,223.0400,0.000112
FILLER_78_447,VGND,li1,211.6000,223.0400,0.000129
FILLER_78_418,VGND,li1,198.2600,223.0400,0.000138
FILLER_78_388,VGND,li1,184.4600,223.0400,0.000169
FILLER_78_365,VGND,li1,173.8800,223.0400,0.000134
FILLER_78_355,VGND,li1,169.0500,223.0400,0.000112
FILLER_78_344,VGND,li1,164.2200,223.0400,0.000080
FILLER_78_341,VGND,li1,163.0700,223.0400,0.000080
FILLER_78_330,VGND,li1,158.0100,223.0400,0.000101
FILLER_78_309,VGND,li1,147.8900,223.0400,0.000113
FILLER_78_297,VGND,li1,142.8300,223.0400,0.000095
FILLER_78_294,VGND,li1,141.4500,223.0400,0.000085
FILLER_78_291,VGND,li1,140.0700,223.0400,0.000085
FILLER_78_283,VGND,li1,136.1600,223.0400,0.000069
FILLER_78_251,VGND,li1,121.2100,223.0400,0.000063
FILLER_78_248,VGND,li1,120.2900,223.0400,0.000063
FILLER_78_245,VGND,li1,118.9100,223.0400,0.000063
FILLER_78_234,VGND,li1,113.6200,223.0400,0.000064
FILLER_78_37,VGND,li1,22.7700,223.0400,0.000086
FILLER_77_577,VGND,li1,271.6300,223.0400,0.000109
FILLER_77_558,VGND,li1,262.6600,223.0400,0.000105
FILLER_77_555,VGND,li1,261.5100,223.0400,0.000105
FILLER_77_528,VGND,li1,248.6300,223.0400,0.000111
FILLER_77_503,VGND,li1,237.1300,223.0400,0.000127
FILLER_77_493,VGND,li1,232.5300,223.0400,0.000117
FILLER_77_457,VGND,li1,216.2000,223.0400,0.000112
FILLER_77_445,VGND,li1,210.9100,223.0400,0.000129
FILLER_77_393,VGND,li1,186.7600,223.0400,0.000154
FILLER_77_354,VGND,li1,168.5900,223.0400,0.000112
FILLER_77_333,VGND,li1,159.3900,223.0400,0.000092
FILLER_77_330,VGND,li1,158.0100,223.0400,0.000101
FILLER_77_292,VGND,li1,140.0700,223.0400,0.000085
FILLER_77_281,VGND,li1,135.0100,223.0400,0.000059
FILLER_77_277,VGND,li1,133.6300,223.0400,0.000059
FILLER_77_264,VGND,li1,127.1900,223.0400,0.000062
FILLER_77_254,VGND,li1,122.8200,223.0400,0.000063
FILLER_77_244,VGND,li1,117.9900,223.0400,0.000063
FILLER_77_241,VGND,li1,117.0700,223.0400,0.000064
FILLER_77_163,VGND,li1,80.7300,223.0400,0.000090
FILLER_77_142,VGND,li1,71.5300,223.0400,0.000067
FILLER_77_132,VGND,li1,66.7000,223.0400,0.000073
FILLER_77_113,VGND,li1,57.9600,223.0400,0.000076
FILLER_77_102,VGND,li1,52.9000,223.0400,0.000075
FILLER_77_90,VGND,li1,47.6100,223.0400,0.000073
FILLER_77_51,VGND,li1,29.2100,223.0400,0.000105
FILLER_77_32,VGND,li1,20.7000,223.0400,0.000076
FILLER_77_29,VGND,li1,19.5500,223.0400,0.000076
FILLER_77_20,VGND,li1,14.9500,223.0400,0.000049
FILLER_76_592,VGND,li1,278.5300,217.6000,0.000064
FILLER_76_589,VGND,li1,277.1500,217.6000,0.000074
FILLER_76_566,VGND,li1,266.3400,217.6000,0.000093
FILLER_76_514,VGND,li1,242.1900,217.6000,0.000085
FILLER_76_490,VGND,li1,231.6100,217.6000,0.000066
FILLER_76_480,VGND,li1,226.5500,217.6000,0.000049
FILLER_76_477,VGND,li1,225.6300,217.6000,0.000049
FILLER_76_473,VGND,li1,223.7900,217.6000,0.000042
FILLER_76_454,VGND,li1,214.8200,217.6000,0.000054
FILLER_76_434,VGND,li1,205.8500,217.6000,0.000058
FILLER_76_421,VGND,li1,199.8700,217.6000,0.000052
FILLER_76_400,VGND,li1,189.9800,217.6000,0.000052
FILLER_76_382,VGND,li1,181.4700,217.6000,0.000066
FILLER_76_347,VGND,li1,165.3700,217.6000,0.000068
FILLER_76_336,VGND,li1,160.5400,217.6000,0.000083
FILLER_76_325,VGND,li1,155.7100,217.6000,0.000097
FILLER_76_309,VGND,li1,148.3500,217.6000,0.000106
FILLER_76_279,VGND,li1,134.0900,217.6000,0.000081
FILLER_76_276,VGND,li1,133.1700,217.6000,0.000090
FILLER_76_273,VGND,li1,131.7900,217.6000,0.000099
FILLER_76_270,VGND,li1,130.4100,217.6000,0.000099
FILLER_76_249,VGND,li1,120.7500,217.6000,0.000113
FILLER_76_246,VGND,li1,119.3700,217.6000,0.000113
FILLER_76_224,VGND,li1,109.0200,217.6000,0.000090
FILLER_76_205,VGND,li1,100.2800,217.6000,0.000097
FILLER_76_178,VGND,li1,87.8600,217.6000,0.000105
FILLER_76_158,VGND,li1,78.8900,217.6000,0.000073
FILLER_76_138,VGND,li1,69.4600,217.6000,0.000054
FILLER_76_135,VGND,li1,68.3100,217.6000,0.000054
FILLER_76_83,VGND,li1,43.9300,217.6000,0.000059
FILLER_76_80,VGND,li1,43.0100,217.6000,0.000059
FILLER_76_45,VGND,li1,26.4500,217.6000,0.000044
FILLER_76_42,VGND,li1,25.5300,217.6000,0.000044
FILLER_76_32,VGND,li1,20.4700,217.6000,0.000035
FILLER_76_29,VGND,li1,19.5500,217.6000,0.000032
FILLER_76_16,VGND,li1,13.5700,217.6000,0.000021
FILLER_76_6,VGND,li1,8.5100,217.6000,0.000021
FILLER_76_3,VGND,li1,7.5900,217.6000,0.000021
FILLER_75_595,VGND,li1,279.4500,217.6000,0.000064
FILLER_75_592,VGND,li1,278.5300,217.6000,0.000064
FILLER_75_582,VGND,li1,273.4700,217.6000,0.000082
FILLER_75_572,VGND,li1,268.8700,217.6000,0.000091
FILLER_75_569,VGND,li1,267.9500,217.6000,0.000091
FILLER_75_549,VGND,li1,258.5200,217.6000,0.000075
FILLER_75_546,VGND,li1,257.3700,217.6000,0.000075
FILLER_75_469,VGND,li1,221.7200,217.6000,0.000045
FILLER_75_457,VGND,li1,216.4300,217.6000,0.000052
FILLER_75_380,VGND,li1,181.0100,217.6000,0.000066
FILLER_75_352,VGND,li1,168.1300,217.6000,0.000071
FILLER_75_349,VGND,li1,166.7500,217.6000,0.000071
FILLER_75_340,VGND,li1,162.1500,217.6000,0.000076
FILLER_75_337,VGND,li1,161.2300,217.6000,0.000083
FILLER_75_319,VGND,li1,152.4900,217.6000,0.000101
FILLER_75_316,VGND,li1,151.5700,217.6000,0.000101
FILLER_75_313,VGND,li1,150.1900,217.6000,0.000104
FILLER_75_310,VGND,li1,148.8100,217.6000,0.000104
FILLER_75_298,VGND,li1,143.2900,217.6000,0.000103
FILLER_75_275,VGND,li1,132.2500,217.6000,0.000090
FILLER_75_261,VGND,li1,126.0400,217.6000,0.000107
FILLER_75_225,VGND,li1,109.4800,217.6000,0.000099
FILLER_75_223,VGND,li1,108.3300,217.6000,0.000090
FILLER_75_220,VGND,li1,107.4100,217.6000,0.000090
FILLER_75_200,VGND,li1,98.2100,217.6000,0.000108
FILLER_75_169,VGND,li1,83.7200,217.6000,0.000091
FILLER_75_142,VGND,li1,71.0700,217.6000,0.000052
FILLER_75_139,VGND,li1,70.1500,217.6000,0.000052
FILLER_75_113,VGND,li1,57.7300,217.6000,0.000063
FILLER_75_100,VGND,li1,52.2100,217.6000,0.000064
FILLER_75_57,VGND,li1,32.4300,217.6000,0.000051
FILLER_75_3,VGND,li1,7.3600,217.6000,0.000021
FILLER_74_592,VGND,li1,278.5300,212.1600,0.000054
FILLER_74_589,VGND,li1,277.1500,212.1600,0.000054
FILLER_74_585,VGND,li1,275.3100,212.1600,0.000059
FILLER_74_548,VGND,li1,258.2900,212.1600,0.000069
FILLER_74_536,VGND,li1,252.7700,212.1600,0.000054
FILLER_74_533,VGND,li1,251.3900,212.1600,0.000059
FILLER_74_531,VGND,li1,250.0100,212.1600,0.000059
FILLER_74_504,VGND,li1,237.8200,212.1600,0.000074
FILLER_74_477,VGND,li1,225.4000,212.1600,0.000073
FILLER_74_424,VGND,li1,201.0200,212.1600,0.000096
FILLER_74_421,VGND,li1,199.8700,212.1600,0.000090
FILLER_74_377,VGND,li1,179.1700,212.1600,0.000148
FILLER_74_374,VGND,li1,178.2500,212.1600,0.000141
FILLER_74_363,VGND,li1,172.7300,212.1600,0.000124
FILLER_74_360,VGND,li1,171.8100,212.1600,0.000115
FILLER_74_357,VGND,li1,170.4300,212.1600,0.000115
FILLER_74_338,VGND,li1,161.6900,212.1600,0.000091
FILLER_74_335,VGND,li1,160.3100,212.1600,0.000091
FILLER_74_309,VGND,li1,147.8900,212.1600,0.000078
FILLER_74_305,VGND,li1,146.5100,212.1600,0.000078
FILLER_74_297,VGND,li1,142.3700,212.1600,0.000071
FILLER_74_271,VGND,li1,130.4100,212.1600,0.000078
FILLER_74_226,VGND,li1,109.7100,212.1600,0.000140
FILLER_74_201,VGND,li1,98.2100,212.1600,0.000260
FILLER_74_189,VGND,li1,93.1500,212.1600,0.000285
FILLER_74_169,VGND,li1,83.9500,212.1600,0.000235
FILLER_74_159,VGND,li1,78.8900,212.1600,0.000198
FILLER_74_147,VGND,li1,73.3700,212.1600,0.000135
FILLER_74_144,VGND,li1,72.4500,212.1600,0.000142
FILLER_74_141,VGND,li1,71.0700,212.1600,0.000142
FILLER_74_137,VGND,li1,69.2300,212.1600,0.000146
FILLER_74_127,VGND,li1,64.4000,212.1600,0.000158
FILLER_74_85,VGND,li1,45.0800,212.1600,0.000114
FILLER_74_46,VGND,li1,26.9100,212.1600,0.000108
FILLER_73_610,VGND,li1,286.5800,212.1600,0.000035
FILLER_73_577,VGND,li1,271.6300,212.1600,0.000067
FILLER_73_559,VGND,li1,262.8900,212.1600,0.000072
FILLER_73_508,VGND,li1,239.4300,212.1600,0.000073
FILLER_73_505,VGND,li1,238.5100,212.1600,0.000074
FILLER_73_486,VGND,li1,229.5400,212.1600,0.000075
FILLER_73_483,VGND,li1,228.3900,212.1600,0.000075
FILLER_73_472,VGND,li1,223.1000,212.1600,0.000071
FILLER_73_406,VGND,li1,192.5100,212.1600,0.000087
FILLER_73_391,VGND,li1,185.6100,212.1600,0.000128
FILLER_73_388,VGND,li1,184.6900,212.1600,0.000142
FILLER_73_385,VGND,li1,183.3100,212.1600,0.000142
FILLER_73_372,VGND,li1,177.3300,212.1600,0.000141
FILLER_73_354,VGND,li1,168.5900,212.1600,0.000104
FILLER_73_327,VGND,li1,156.1700,212.1600,0.000091
FILLER_73_324,VGND,li1,155.2500,212.1600,0.000091
FILLER_73_314,VGND,li1,150.1900,212.1600,0.000082
FILLER_73_311,VGND,li1,149.2700,212.1600,0.000082
FILLER_73_301,VGND,li1,144.4400,212.1600,0.000074
FILLER_73_298,VGND,li1,143.2900,212.1600,0.000071
FILLER_73_277,VGND,li1,133.6300,212.1600,0.000065
FILLER_73_274,VGND,li1,132.2500,212.1600,0.000065
FILLER_73_252,VGND,li1,121.9000,212.1600,0.000104
FILLER_73_249,VGND,li1,120.7500,212.1600,0.000110
FILLER_73_231,VGND,li1,112.0100,212.1600,0.000133
FILLER_73_228,VGND,li1,111.0900,212.1600,0.000133
FILLER_73_225,VGND,li1,109.7100,212.1600,0.000140
FILLER_73_222,VGND,li1,108.1000,212.1600,0.000140
FILLER_73_197,VGND,li1,96.6000,212.1600,0.000276
FILLER_73_192,VGND,li1,94.0700,212.1600,0.000290
FILLER_73_181,VGND,li1,89.2400,212.1600,0.000272
FILLER_73_133,VGND,li1,66.9300,212.1600,0.000152
FILLER_73_130,VGND,li1,66.0100,212.1600,0.000158
FILLER_73_107,VGND,li1,54.9700,212.1600,0.000171
FILLER_73_85,VGND,li1,44.8500,212.1600,0.000114
FILLER_73_74,VGND,li1,40.0200,212.1600,0.000117
FILLER_73_37,VGND,li1,23.2300,212.1600,0.000104
FILLER_73_28,VGND,li1,18.6300,212.1600,0.000092
FILLER_73_19,VGND,li1,14.4900,212.1600,0.000063
FILLER_73_16,VGND,li1,13.5700,212.1600,0.000063
FILLER_73_6,VGND,li1,8.5100,212.1600,0.000065
FILLER_73_3,VGND,li1,7.5900,212.1600,0.000065
FILLER_72_611,VGND,li1,286.8100,206.7200,0.000036
FILLER_72_592,VGND,li1,278.3000,206.7200,0.000061
FILLER_72_589,VGND,li1,277.1500,206.7200,0.000069
FILLER_72_533,VGND,li1,251.1600,206.7200,0.000098
FILLER_72_520,VGND,li1,245.4100,206.7200,0.000112
FILLER_72_501,VGND,li1,236.4400,206.7200,0.000112
FILLER_72_474,VGND,li1,224.0200,206.7200,0.000068
FILLER_72_464,VGND,li1,219.1900,206.7200,0.000082
FILLER_72_461,VGND,li1,218.2700,206.7200,0.000083
FILLER_72_434,VGND,li1,205.3900,206.7200,0.000078
FILLER_72_421,VGND,li1,199.8700,206.7200,0.000067
FILLER_72_414,VGND,li1,196.4200,206.7200,0.000061
FILLER_72_379,VGND,li1,180.0900,206.7200,0.000079
FILLER_72_376,VGND,li1,179.1700,206.7200,0.000080
FILLER_72_373,VGND,li1,177.7900,206.7200,0.000080
FILLER_72_352,VGND,li1,168.1300,206.7200,0.000064
FILLER_72_349,VGND,li1,166.7500,206.7200,0.000059
FILLER_72_339,VGND,li1,161.6900,206.7200,0.000067
FILLER_72_320,VGND,li1,153.4100,206.7200,0.000081
FILLER_72_317,VGND,li1,152.0300,206.7200,0.000081
FILLER_72_305,VGND,li1,146.5100,206.7200,0.000080
FILLER_72_302,VGND,li1,145.1300,206.7200,0.000080
FILLER_72_291,VGND,li1,139.8400,206.7200,0.000079
FILLER_72_271,VGND,li1,130.8700,206.7200,0.000109
FILLER_72_268,VGND,li1,129.4900,206.7200,0.000118
FILLER_72_265,VGND,li1,128.1100,206.7200,0.000118
FILLER_72_256,VGND,li1,123.7400,206.7200,0.000138
FILLER_72_253,VGND,li1,122.5900,206.7200,0.000147
FILLER_72_249,VGND,li1,120.7500,206.7200,0.000157
FILLER_72_246,VGND,li1,119.3700,206.7200,0.000157
FILLER_72_236,VGND,li1,114.3100,206.7200,0.000180
FILLER_72_233,VGND,li1,113.3900,206.7200,0.000189
FILLER_72_230,VGND,li1,112.0100,206.7200,0.000190
FILLER_72_210,VGND,li1,102.8100,206.7200,0.000148
FILLER_72_187,VGND,li1,92.0000,206.7200,0.000197
FILLER_72_150,VGND,li1,74.7500,206.7200,0.000111
FILLER_72_134,VGND,li1,67.6200,206.7200,0.000133
FILLER_72_93,VGND,li1,48.9900,206.7200,0.000099
FILLER_72_25,VGND,li1,17.7100,206.7200,0.000065
FILLER_72_22,VGND,li1,16.3300,206.7200,0.000065
FILLER_72_3,VGND,li1,7.1300,206.7200,0.000050
FILLER_71_573,VGND,li1,269.3300,206.7200,0.000095
FILLER_71_570,VGND,li1,268.4100,206.7200,0.000095
FILLER_71_554,VGND,li1,260.8200,206.7200,0.000116
FILLER_71_535,VGND,li1,252.0800,206.7200,0.000098
FILLER_71_503,VGND,li1,237.1300,206.7200,0.000112
FILLER_71_500,VGND,li1,236.2100,206.7200,0.000112
FILLER_71_481,VGND,li1,227.2400,206.7200,0.000078
FILLER_71_478,VGND,li1,226.0900,206.7200,0.000078
FILLER_71_458,VGND,li1,216.6600,206.7200,0.000083
FILLER_71_446,VGND,li1,211.1400,206.7200,0.000082
FILLER_71_412,VGND,li1,195.2700,206.7200,0.000054
FILLER_71_393,VGND,li1,186.5300,206.7200,0.000074
FILLER_71_365,VGND,li1,173.8800,206.7200,0.000076
FILLER_71_337,VGND,li1,161.2300,206.7200,0.000067
FILLER_71_284,VGND,li1,136.6200,206.7200,0.000077
FILLER_71_281,VGND,li1,135.4700,206.7200,0.000076
FILLER_71_277,VGND,li1,133.6300,206.7200,0.000092
FILLER_71_274,VGND,li1,132.2500,206.7200,0.000092
FILLER_71_265,VGND,li1,128.1100,206.7200,0.000118
FILLER_71_262,VGND,li1,126.7300,206.7200,0.000129
FILLER_71_259,VGND,li1,125.3500,206.7200,0.000138
FILLER_71_249,VGND,li1,120.5200,206.7200,0.000157
FILLER_71_246,VGND,li1,119.3700,206.7200,0.000157
FILLER_71_243,VGND,li1,117.9900,206.7200,0.000170
FILLER_71_240,VGND,li1,116.6100,206.7200,0.000170
FILLER_71_237,VGND,li1,115.2300,206.7200,0.000180
FILLER_71_231,VGND,li1,112.2400,206.7200,0.000189
FILLER_71_223,VGND,li1,108.3300,206.7200,0.000186
FILLER_71_198,VGND,li1,97.0600,206.7200,0.000192
FILLER_71_195,VGND,li1,95.9100,206.7200,0.000192
FILLER_71_188,VGND,li1,92.6900,206.7200,0.000197
FILLER_71_149,VGND,li1,74.7500,206.7200,0.000111
FILLER_71_130,VGND,li1,65.7800,206.7200,0.000132
FILLER_71_55,VGND,li1,31.0500,206.7200,0.000101
FILLER_71_6,VGND,li1,8.9700,206.7200,0.000050
FILLER_71_3,VGND,li1,7.5900,206.7200,0.000050
FILLER_70_609,VGND,li1,286.3500,201.2800,0.000037
FILLER_70_589,VGND,li1,277.1500,201.2800,0.000065
FILLER_70_586,VGND,li1,275.5400,201.2800,0.000065
FILLER_70_574,VGND,li1,270.2500,201.2800,0.000078
FILLER_70_508,VGND,li1,239.4300,201.2800,0.000133
FILLER_70_505,VGND,li1,238.5100,201.2800,0.000130
FILLER_70_477,VGND,li1,225.4000,201.2800,0.000096
FILLER_70_439,VGND,li1,207.9200,201.2800,0.000166
FILLER_70_418,VGND,li1,198.2600,201.2800,0.000138
FILLER_70_352,VGND,li1,168.1300,201.2800,0.000083
FILLER_70_327,VGND,li1,156.1700,201.2800,0.000096
FILLER_70_324,VGND,li1,155.2500,201.2800,0.000096
FILLER_70_309,VGND,li1,148.1200,201.2800,0.000112
FILLER_70_288,VGND,li1,138.6900,201.2800,0.000101
FILLER_70_285,VGND,li1,137.3100,201.2800,0.000101
FILLER_70_282,VGND,li1,135.9300,201.2800,0.000099
FILLER_70_279,VGND,li1,134.5500,201.2800,0.000096
FILLER_70_276,VGND,li1,133.1700,201.2800,0.000096
FILLER_70_261,VGND,li1,125.8100,201.2800,0.000146
FILLER_70_234,VGND,li1,113.3900,201.2800,0.000156
FILLER_70_231,VGND,li1,112.4700,201.2800,0.000156
FILLER_70_197,VGND,li1,96.3700,201.2800,0.000171
FILLER_70_190,VGND,li1,93.3800,201.2800,0.000180
FILLER_70_187,VGND,li1,92.2300,201.2800,0.000180
FILLER_70_184,VGND,li1,90.8500,201.2800,0.000180
FILLER_70_181,VGND,li1,89.4700,201.2800,0.000179
FILLER_70_178,VGND,li1,88.0900,201.2800,0.000179
FILLER_70_131,VGND,li1,66.0100,201.2800,0.000119
FILLER_70_109,VGND,li1,56.1200,201.2800,0.000113
FILLER_70_91,VGND,li1,47.6100,201.2800,0.000081
FILLER_70_88,VGND,li1,46.6900,201.2800,0.000081
FILLER_70_85,VGND,li1,45.3100,201.2800,0.000066
FILLER_70_29,VGND,li1,19.0900,201.2800,0.000052
FILLER_69_561,VGND,li1,264.2700,201.2800,0.000090
FILLER_69_557,VGND,li1,262.4300,201.2800,0.000094
FILLER_69_535,VGND,li1,251.8500,201.2800,0.000094
FILLER_69_517,VGND,li1,243.5700,201.2800,0.000124
FILLER_69_514,VGND,li1,242.6500,201.2800,0.000124
FILLER_69_486,VGND,li1,229.3100,201.2800,0.000112
FILLER_69_447,VGND,li1,211.3700,201.2800,0.000166
FILLER_69_391,VGND,li1,185.6100,201.2800,0.000125
FILLER_69_372,VGND,li1,177.1000,201.2800,0.000112
FILLER_69_346,VGND,li1,164.9100,201.2800,0.000075
FILLER_69_343,VGND,li1,163.9900,201.2800,0.000066
FILLER_69_340,VGND,li1,162.6100,201.2800,0.000066
FILLER_69_337,VGND,li1,161.2300,201.2800,0.000077
FILLER_69_319,VGND,li1,152.4900,201.2800,0.000104
FILLER_69_316,VGND,li1,151.5700,201.2800,0.000113
FILLER_69_310,VGND,li1,148.5800,201.2800,0.000112
FILLER_69_307,VGND,li1,147.4300,201.2800,0.000111
FILLER_69_304,VGND,li1,146.0500,201.2800,0.000111
FILLER_69_293,VGND,li1,140.7600,201.2800,0.000104
FILLER_69_290,VGND,li1,139.6100,201.2800,0.000104
FILLER_69_287,VGND,li1,138.2300,201.2800,0.000101
FILLER_69_284,VGND,li1,136.8500,201.2800,0.000099
FILLER_69_281,VGND,li1,135.4700,201.2800,0.000099
FILLER_69_279,VGND,li1,134.0900,201.2800,0.000096
FILLER_69_276,VGND,li1,133.1700,201.2800,0.000096
FILLER_69_263,VGND,li1,127.1900,201.2800,0.000146
FILLER_69_260,VGND,li1,125.8100,201.2800,0.000146
FILLER_69_257,VGND,li1,124.4300,201.2800,0.000149
FILLER_69_254,VGND,li1,123.0500,201.2800,0.000149
FILLER_69_244,VGND,li1,117.9900,201.2800,0.000154
FILLER_69_237,VGND,li1,115.2300,201.2800,0.000155
FILLER_69_234,VGND,li1,113.8500,201.2800,0.000156
FILLER_69_231,VGND,li1,112.4700,201.2800,0.000156
FILLER_69_228,VGND,li1,111.0900,201.2800,0.000156
FILLER_69_225,VGND,li1,109.7100,201.2800,0.000151
FILLER_69_223,VGND,li1,108.3300,201.2800,0.000151
FILLER_69_212,VGND,li1,103.2700,201.2800,0.000131
FILLER_69_209,VGND,li1,102.3500,201.2800,0.000149
FILLER_69_183,VGND,li1,89.9300,201.2800,0.000179
FILLER_69_180,VGND,li1,89.0100,201.2800,0.000179
FILLER_69_177,VGND,li1,87.6300,201.2800,0.000179
FILLER_69_167,VGND,li1,82.5700,201.2800,0.000171
FILLER_69_111,VGND,li1,56.8100,201.2800,0.000113
FILLER_69_84,VGND,li1,44.6200,201.2800,0.000066
FILLER_69_65,VGND,li1,35.8800,201.2800,0.000081
FILLER_69_55,VGND,li1,31.0500,201.2800,0.000083
FILLER_69_52,VGND,li1,30.1300,201.2800,0.000083
FILLER_69_32,VGND,li1,20.9300,201.2800,0.000060
FILLER_69_29,VGND,li1,19.5500,201.2800,0.000052
FILLER_69_18,VGND,li1,14.2600,201.2800,0.000034
FILLER_69_15,VGND,li1,13.1100,201.2800,0.000034
FILLER_69_3,VGND,li1,7.5900,201.2800,0.000036
FILLER_68_610,VGND,li1,286.5800,195.8400,0.000024
FILLER_68_569,VGND,li1,267.7200,195.8400,0.000053
FILLER_68_550,VGND,li1,258.9800,195.8400,0.000050
FILLER_68_531,VGND,li1,250.0100,195.8400,0.000055
FILLER_68_483,VGND,li1,227.9300,195.8400,0.000044
FILLER_68_466,VGND,li1,220.1100,195.8400,0.000050
FILLER_68_421,VGND,li1,199.4100,195.8400,0.000070
FILLER_68_376,VGND,li1,178.7100,195.8400,0.000077
FILLER_68_373,VGND,li1,177.7900,195.8400,0.000077
FILLER_68_362,VGND,li1,172.5000,195.8400,0.000076
FILLER_68_339,VGND,li1,161.9200,195.8400,0.000080
FILLER_68_315,VGND,li1,150.6500,195.8400,0.000140
FILLER_68_312,VGND,li1,149.7300,195.8400,0.000140
FILLER_68_309,VGND,li1,148.3500,195.8400,0.000153
FILLER_68_296,VGND,li1,142.3700,195.8400,0.000153
FILLER_68_293,VGND,li1,140.9900,195.8400,0.000153
FILLER_68_282,VGND,li1,135.9300,195.8400,0.000121
FILLER_68_277,VGND,li1,133.4000,195.8400,0.000119
FILLER_68_274,VGND,li1,132.2500,195.8400,0.000119
FILLER_68_271,VGND,li1,130.8700,195.8400,0.000131
FILLER_68_268,VGND,li1,129.4900,195.8400,0.000131
FILLER_68_265,VGND,li1,128.1100,195.8400,0.000142
FILLER_68_262,VGND,li1,126.7300,195.8400,0.000142
FILLER_68_259,VGND,li1,125.3500,195.8400,0.000149
FILLER_68_256,VGND,li1,123.9700,195.8400,0.000149
FILLER_68_253,VGND,li1,122.5900,195.8400,0.000154
FILLER_68_250,VGND,li1,120.9800,195.8400,0.000158
FILLER_68_247,VGND,li1,119.8300,195.8400,0.000160
FILLER_68_244,VGND,li1,118.4500,195.8400,0.000160
FILLER_68_241,VGND,li1,117.0700,195.8400,0.000163
FILLER_68_223,VGND,li1,108.3300,195.8400,0.000152
FILLER_68_220,VGND,li1,107.4100,195.8400,0.000139
FILLER_68_217,VGND,li1,106.0300,195.8400,0.000139
FILLER_68_214,VGND,li1,104.6500,195.8400,0.000121
FILLER_68_211,VGND,li1,103.2700,195.8400,0.000121
FILLER_68_208,VGND,li1,101.8900,195.8400,0.000146
FILLER_68_197,VGND,li1,96.6000,195.8400,0.000178
FILLER_68_195,VGND,li1,95.4500,195.8400,0.000178
FILLER_68_157,VGND,li1,78.4300,195.8400,0.000149
FILLER_68_100,VGND,li1,52.2100,195.8400,0.000141
FILLER_68_90,VGND,li1,47.1500,195.8400,0.000131
FILLER_68_85,VGND,li1,44.8500,195.8400,0.000117
FILLER_68_75,VGND,li1,40.2500,195.8400,0.000140
FILLER_68_33,VGND,li1,20.9300,195.8400,0.000130
FILLER_68_29,VGND,li1,19.0900,195.8400,0.000116
FILLER_67_561,VGND,li1,264.0400,195.8400,0.000054
FILLER_67_541,VGND,li1,254.8400,195.8400,0.000046
FILLER_67_519,VGND,li1,244.4900,195.8400,0.000067
FILLER_67_485,VGND,li1,229.0800,195.8400,0.000050
FILLER_67_482,VGND,li1,227.9300,195.8400,0.000044
FILLER_67_416,VGND,li1,197.3400,195.8400,0.000068
FILLER_67_393,VGND,li1,186.7600,195.8400,0.000072
FILLER_67_389,VGND,li1,185.1500,195.8400,0.000072
FILLER_67_386,VGND,li1,183.7700,195.8400,0.000074
FILLER_67_340,VGND,li1,162.6100,195.8400,0.000067
FILLER_67_337,VGND,li1,161.2300,195.8400,0.000080
FILLER_67_335,VGND,li1,159.8500,195.8400,0.000092
FILLER_67_332,VGND,li1,158.9300,195.8400,0.000092
FILLER_67_312,VGND,li1,149.7300,195.8400,0.000140
FILLER_67_284,VGND,li1,136.6200,195.8400,0.000121
FILLER_67_281,VGND,li1,135.4700,195.8400,0.000108
FILLER_67_274,VGND,li1,132.0200,195.8400,0.000119
FILLER_67_258,VGND,li1,124.8900,195.8400,0.000149
FILLER_67_253,VGND,li1,122.1300,195.8400,0.000154
FILLER_67_217,VGND,li1,106.0300,195.8400,0.000139
FILLER_67_214,VGND,li1,104.6500,195.8400,0.000121
FILLER_67_176,VGND,li1,86.7100,195.8400,0.000199
FILLER_67_166,VGND,li1,82.3400,195.8400,0.000183
FILLER_67_140,VGND,li1,70.1500,195.8400,0.000129
FILLER_67_113,VGND,li1,57.7300,195.8400,0.000146
FILLER_67_86,VGND,li1,45.3100,195.8400,0.000117
FILLER_67_60,VGND,li1,33.3500,195.8400,0.000168
FILLER_67_57,VGND,li1,32.4300,195.8400,0.000167
FILLER_67_53,VGND,li1,30.5900,195.8400,0.000165
FILLER_67_50,VGND,li1,29.2100,195.8400,0.000165
FILLER_67_20,VGND,li1,14.9500,195.8400,0.000079
FILLER_66_593,VGND,li1,278.7600,190.4000,0.000102
FILLER_66_587,VGND,li1,275.7700,190.4000,0.000111
FILLER_66_541,VGND,li1,254.6100,190.4000,0.000057
FILLER_66_530,VGND,li1,249.7800,190.4000,0.000048
FILLER_66_527,VGND,li1,248.6300,190.4000,0.000050
FILLER_66_467,VGND,li1,220.5700,190.4000,0.000072
FILLER_66_418,VGND,li1,198.2600,190.4000,0.000113
FILLER_66_415,VGND,li1,197.1100,190.4000,0.000108
FILLER_66_402,VGND,li1,190.9000,190.4000,0.000096
FILLER_66_399,VGND,li1,189.7500,190.4000,0.000103
FILLER_66_381,VGND,li1,181.0100,190.4000,0.000125
FILLER_66_378,VGND,li1,180.0900,190.4000,0.000125
FILLER_66_368,VGND,li1,175.0300,190.4000,0.000133
FILLER_66_365,VGND,li1,174.1100,190.4000,0.000134
FILLER_66_348,VGND,li1,166.2900,190.4000,0.000135
FILLER_66_345,VGND,li1,164.9100,190.4000,0.000135
FILLER_66_342,VGND,li1,163.5300,190.4000,0.000170
FILLER_66_339,VGND,li1,162.1500,190.4000,0.000170
FILLER_66_319,VGND,li1,152.4900,190.4000,0.000277
FILLER_66_316,VGND,li1,151.5700,190.4000,0.000277
FILLER_66_299,VGND,li1,143.2900,190.4000,0.000262
FILLER_66_296,VGND,li1,142.3700,190.4000,0.000238
FILLER_66_293,VGND,li1,140.9900,190.4000,0.000238
FILLER_66_278,VGND,li1,134.0900,190.4000,0.000156
FILLER_66_275,VGND,li1,132.7100,190.4000,0.000165
FILLER_66_272,VGND,li1,131.3300,190.4000,0.000177
FILLER_66_269,VGND,li1,129.9500,190.4000,0.000177
FILLER_66_251,VGND,li1,121.2100,190.4000,0.000202
FILLER_66_244,VGND,li1,118.2200,190.4000,0.000198
FILLER_66_223,VGND,li1,108.3300,190.4000,0.000155
FILLER_66_220,VGND,li1,107.4100,190.4000,0.000145
FILLER_66_217,VGND,li1,106.0300,190.4000,0.000145
FILLER_66_214,VGND,li1,104.6500,190.4000,0.000129
FILLER_66_211,VGND,li1,103.2700,190.4000,0.000129
FILLER_66_203,VGND,li1,99.1300,190.4000,0.000171
FILLER_66_197,VGND,li1,96.6000,190.4000,0.000182
FILLER_66_190,VGND,li1,93.6100,190.4000,0.000193
FILLER_66_185,VGND,li1,90.8500,190.4000,0.000191
FILLER_66_182,VGND,li1,89.9300,190.4000,0.000191
FILLER_66_179,VGND,li1,88.5500,190.4000,0.000182
FILLER_66_174,VGND,li1,85.7900,190.4000,0.000166
FILLER_66_161,VGND,li1,80.0400,190.4000,0.000116
FILLER_66_158,VGND,li1,78.8900,190.4000,0.000116
FILLER_66_155,VGND,li1,77.5100,190.4000,0.000092
FILLER_66_144,VGND,li1,72.2200,190.4000,0.000074
FILLER_66_141,VGND,li1,71.0700,190.4000,0.000074
FILLER_66_137,VGND,li1,69.2300,190.4000,0.000074
FILLER_66_134,VGND,li1,67.8500,190.4000,0.000074
FILLER_66_114,VGND,li1,58.6500,190.4000,0.000067
FILLER_66_102,VGND,li1,53.1300,190.4000,0.000059
FILLER_66_81,VGND,li1,43.4700,190.4000,0.000038
FILLER_66_78,VGND,li1,42.0900,190.4000,0.000038
FILLER_66_58,VGND,li1,32.8900,190.4000,0.000045
FILLER_66_55,VGND,li1,31.5100,190.4000,0.000045
FILLER_66_25,VGND,li1,17.7100,190.4000,0.000031
FILLER_66_6,VGND,li1,8.5100,190.4000,0.000025
FILLER_66_3,VGND,li1,7.5900,190.4000,0.000025
FILLER_65_578,VGND,li1,271.8600,190.4000,0.000117
FILLER_65_543,VGND,li1,255.5300,190.4000,0.000057
FILLER_65_534,VGND,li1,251.3900,190.4000,0.000048
FILLER_65_531,VGND,li1,250.4700,190.4000,0.000048
FILLER_65_521,VGND,li1,245.6400,190.4000,0.000051
FILLER_65_489,VGND,li1,230.6900,190.4000,0.000051
FILLER_65_445,VGND,li1,210.9100,190.4000,0.000113
FILLER_65_410,VGND,li1,194.8100,190.4000,0.000088
FILLER_65_393,VGND,li1,186.5300,190.4000,0.000110
FILLER_65_381,VGND,li1,181.2400,190.4000,0.000125
FILLER_65_367,VGND,li1,174.5700,190.4000,0.000134
FILLER_65_364,VGND,li1,173.6500,190.4000,0.000134
FILLER_65_361,VGND,li1,172.2700,190.4000,0.000134
FILLER_65_358,VGND,li1,170.8900,190.4000,0.000134
FILLER_65_355,VGND,li1,169.5100,190.4000,0.000135
FILLER_65_352,VGND,li1,168.1300,190.4000,0.000135
FILLER_65_346,VGND,li1,165.1400,190.4000,0.000135
FILLER_65_334,VGND,li1,159.6200,190.4000,0.000237
FILLER_65_317,VGND,li1,151.5700,190.4000,0.000277
FILLER_65_307,VGND,li1,147.2000,190.4000,0.000274
FILLER_65_296,VGND,li1,142.1400,190.4000,0.000238
FILLER_65_281,VGND,li1,135.2400,190.4000,0.000156
FILLER_65_275,VGND,li1,132.2500,190.4000,0.000165
FILLER_65_264,VGND,li1,127.4200,190.4000,0.000191
FILLER_65_261,VGND,li1,126.2700,190.4000,0.000191
FILLER_65_240,VGND,li1,116.3800,190.4000,0.000193
FILLER_65_237,VGND,li1,115.2300,190.4000,0.000193
FILLER_65_232,VGND,li1,112.4700,190.4000,0.000180
FILLER_65_229,VGND,li1,111.5500,190.4000,0.000167
FILLER_65_221,VGND,li1,107.8700,190.4000,0.000155
FILLER_65_218,VGND,li1,106.4900,190.4000,0.000145
FILLER_65_213,VGND,li1,103.7300,190.4000,0.000129
FILLER_65_172,VGND,li1,85.1000,190.4000,0.000166
FILLER_65_169,VGND,li1,83.9500,190.4000,0.000150
FILLER_65_167,VGND,li1,82.5700,190.4000,0.000150
FILLER_65_158,VGND,li1,78.6600,190.4000,0.000116
FILLER_65_155,VGND,li1,77.5100,190.4000,0.000092
FILLER_65_152,VGND,li1,76.1300,190.4000,0.000092
FILLER_65_149,VGND,li1,74.7500,190.4000,0.000075
FILLER_65_146,VGND,li1,73.3700,190.4000,0.000074
FILLER_65_143,VGND,li1,71.9900,190.4000,0.000074
FILLER_65_140,VGND,li1,70.6100,190.4000,0.000074
FILLER_65_137,VGND,li1,69.2300,190.4000,0.000074
FILLER_65_107,VGND,li1,54.9700,190.4000,0.000064
FILLER_65_87,VGND,li1,46.2300,190.4000,0.000042
FILLER_65_84,VGND,li1,44.8500,190.4000,0.000036
FILLER_65_74,VGND,li1,40.0200,190.4000,0.000041
FILLER_65_54,VGND,li1,30.8200,190.4000,0.000045
FILLER_64_589,VGND,li1,276.9200,184.9600,0.000055
FILLER_64_579,VGND,li1,272.0900,184.9600,0.000064
FILLER_64_560,VGND,li1,263.5800,184.9600,0.000067
FILLER_64_536,VGND,li1,252.5400,184.9600,0.000043
FILLER_64_533,VGND,li1,251.3900,184.9600,0.000045
FILLER_64_529,VGND,li1,249.5500,184.9600,0.000047
FILLER_64_519,VGND,li1,244.4900,184.9600,0.000050
FILLER_64_483,VGND,li1,227.9300,184.9600,0.000058
FILLER_64_384,VGND,li1,182.6200,184.9600,0.000140
FILLER_64_374,VGND,li1,177.7900,184.9600,0.000152
FILLER_64_347,VGND,li1,165.3700,184.9600,0.000178
FILLER_64_318,VGND,li1,152.2600,184.9600,0.000410
FILLER_64_306,VGND,li1,146.7400,184.9600,0.000488
FILLER_64_281,VGND,li1,135.2400,184.9600,0.000282
FILLER_64_278,VGND,li1,134.0900,184.9600,0.000282
FILLER_64_275,VGND,li1,132.7100,184.9600,0.000295
FILLER_64_272,VGND,li1,131.3300,184.9600,0.000295
FILLER_64_256,VGND,li1,123.5100,184.9600,0.000307
FILLER_64_253,VGND,li1,122.5900,184.9600,0.000304
FILLER_64_249,VGND,li1,120.7500,184.9600,0.000301
FILLER_64_239,VGND,li1,115.6900,184.9600,0.000273
FILLER_64_236,VGND,li1,114.7700,184.9600,0.000273
FILLER_64_230,VGND,li1,111.7800,184.9600,0.000246
FILLER_64_210,VGND,li1,102.3500,184.9600,0.000168
FILLER_64_207,VGND,li1,101.4300,184.9600,0.000168
FILLER_64_197,VGND,li1,96.3700,184.9600,0.000176
FILLER_64_194,VGND,li1,95.2200,184.9600,0.000177
FILLER_64_188,VGND,li1,92.2300,184.9600,0.000176
FILLER_64_182,VGND,li1,89.4700,184.9600,0.000165
FILLER_64_179,VGND,li1,88.5500,184.9600,0.000165
FILLER_64_176,VGND,li1,87.1700,184.9600,0.000155
FILLER_64_156,VGND,li1,77.7400,184.9600,0.000090
FILLER_64_141,VGND,li1,70.8400,184.9600,0.000078
FILLER_64_137,VGND,li1,69.2300,184.9600,0.000079
FILLER_64_114,VGND,li1,58.4200,184.9600,0.000075
FILLER_64_29,VGND,li1,19.0900,184.9600,0.000044
FILLER_63_610,VGND,li1,286.5800,184.9600,0.000030
FILLER_63_579,VGND,li1,272.0900,184.9600,0.000064
FILLER_63_569,VGND,li1,267.7200,184.9600,0.000069
FILLER_63_559,VGND,li1,262.8900,184.9600,0.000067
FILLER_63_528,VGND,li1,248.6300,184.9600,0.000047
FILLER_63_525,VGND,li1,247.7100,184.9600,0.000048
FILLER_63_499,VGND,li1,235.2900,184.9600,0.000057
FILLER_63_453,VGND,li1,214.1300,184.9600,0.000115
FILLER_63_447,VGND,li1,211.3700,184.9600,0.000132
FILLER_63_419,VGND,li1,198.7200,184.9600,0.000126
FILLER_63_393,VGND,li1,186.7600,184.9600,0.000128
FILLER_63_383,VGND,li1,182.1600,184.9600,0.000140
FILLER_63_373,VGND,li1,177.7900,184.9600,0.000152
FILLER_63_365,VGND,li1,173.6500,184.9600,0.000163
FILLER_63_361,VGND,li1,171.8100,184.9600,0.000167
FILLER_63_358,VGND,li1,170.8900,184.9600,0.000170
FILLER_63_355,VGND,li1,169.5100,184.9600,0.000170
FILLER_63_352,VGND,li1,168.1300,184.9600,0.000174
FILLER_63_349,VGND,li1,166.7500,184.9600,0.000178
FILLER_63_346,VGND,li1,165.3700,184.9600,0.000178
FILLER_63_343,VGND,li1,163.9900,184.9600,0.000183
FILLER_63_340,VGND,li1,162.6100,184.9600,0.000183
FILLER_63_337,VGND,li1,161.2300,184.9600,0.000239
FILLER_63_325,VGND,li1,155.2500,184.9600,0.000351
FILLER_63_281,VGND,li1,135.2400,184.9600,0.000282
FILLER_63_278,VGND,li1,133.8600,184.9600,0.000282
FILLER_63_266,VGND,li1,128.5700,184.9600,0.000304
FILLER_63_263,VGND,li1,127.1900,184.9600,0.000304
FILLER_63_254,VGND,li1,122.8200,184.9600,0.000304
FILLER_63_251,VGND,li1,121.6700,184.9600,0.000304
FILLER_63_241,VGND,li1,116.8400,184.9600,0.000286
FILLER_63_225,VGND,li1,109.4800,184.9600,0.000218
FILLER_63_222,VGND,li1,108.1000,184.9600,0.000198
FILLER_63_219,VGND,li1,106.9500,184.9600,0.000198
FILLER_63_212,VGND,li1,103.7300,184.9600,0.000163
FILLER_63_202,VGND,li1,99.1300,184.9600,0.000175
FILLER_63_199,VGND,li1,97.7500,184.9600,0.000175
FILLER_63_196,VGND,li1,96.3700,184.9600,0.000176
FILLER_63_177,VGND,li1,87.4000,184.9600,0.000155
FILLER_63_174,VGND,li1,86.2500,184.9600,0.000155
FILLER_63_165,VGND,li1,82.1100,184.9600,0.000128
FILLER_63_162,VGND,li1,80.7300,184.9600,0.000111
FILLER_63_159,VGND,li1,79.3500,184.9600,0.000111
FILLER_63_156,VGND,li1,77.9700,184.9600,0.000090
FILLER_63_151,VGND,li1,75.2100,184.9600,0.000074
FILLER_63_148,VGND,li1,74.2900,184.9600,0.000074
FILLER_63_139,VGND,li1,69.6900,184.9600,0.000078
FILLER_63_130,VGND,li1,65.5500,184.9600,0.000080
FILLER_63_55,VGND,li1,31.0500,184.9600,0.000048
FILLER_62_610,VGND,li1,286.5800,179.5200,0.000040
FILLER_62_559,VGND,li1,262.8900,179.5200,0.000095
FILLER_62_549,VGND,li1,258.5200,179.5200,0.000091
FILLER_62_520,VGND,li1,245.4100,179.5200,0.000089
FILLER_62_498,VGND,li1,234.8300,179.5200,0.000082
FILLER_62_421,VGND,li1,199.8700,179.5200,0.000072
FILLER_62_409,VGND,li1,193.8900,179.5200,0.000052
FILLER_62_384,VGND,li1,182.6200,179.5200,0.000063
FILLER_62_368,VGND,li1,175.0300,179.5200,0.000067
FILLER_62_365,VGND,li1,174.1100,179.5200,0.000067
FILLER_62_337,VGND,li1,161.2300,179.5200,0.000097
FILLER_62_334,VGND,li1,159.8500,179.5200,0.000097
FILLER_62_309,VGND,li1,148.1200,179.5200,0.000165
FILLER_62_305,VGND,li1,146.5100,179.5200,0.000171
FILLER_62_267,VGND,li1,129.0300,179.5200,0.000153
FILLER_62_251,VGND,li1,121.2100,179.5200,0.000150
FILLER_62_248,VGND,li1,120.2900,179.5200,0.000148
FILLER_62_245,VGND,li1,118.9100,179.5200,0.000148
FILLER_62_231,VGND,li1,112.4700,179.5200,0.000130
FILLER_62_219,VGND,li1,106.9500,179.5200,0.000108
FILLER_62_216,VGND,li1,105.5700,179.5200,0.000087
FILLER_62_213,VGND,li1,104.1900,179.5200,0.000087
FILLER_62_210,VGND,li1,102.8100,179.5200,0.000097
FILLER_62_204,VGND,li1,99.8200,179.5200,0.000104
FILLER_62_201,VGND,li1,98.6700,179.5200,0.000104
FILLER_62_176,VGND,li1,86.9400,179.5200,0.000092
FILLER_62_173,VGND,li1,85.7900,179.5200,0.000092
FILLER_62_170,VGND,li1,84.4100,179.5200,0.000087
FILLER_62_167,VGND,li1,83.0300,179.5200,0.000087
FILLER_62_164,VGND,li1,81.6500,179.5200,0.000080
FILLER_62_161,VGND,li1,80.2700,179.5200,0.000080
FILLER_62_155,VGND,li1,77.5100,179.5200,0.000062
FILLER_62_148,VGND,li1,74.2900,179.5200,0.000050
FILLER_62_145,VGND,li1,72.9100,179.5200,0.000052
FILLER_62_128,VGND,li1,64.8600,179.5200,0.000059
FILLER_62_125,VGND,li1,63.7100,179.5200,0.000059
FILLER_62_122,VGND,li1,61.8700,179.5200,0.000060
FILLER_62_6,VGND,li1,8.5100,179.5200,0.000028
FILLER_62_3,VGND,li1,7.5900,179.5200,0.000028
FILLER_61_578,VGND,li1,271.8600,179.5200,0.000077
FILLER_61_561,VGND,li1,263.8100,179.5200,0.000095
FILLER_61_525,VGND,li1,247.4800,179.5200,0.000083
FILLER_61_457,VGND,li1,215.9700,179.5200,0.000073
FILLER_61_447,VGND,li1,211.3700,179.5200,0.000084
FILLER_61_410,VGND,li1,194.5800,179.5200,0.000050
FILLER_61_393,VGND,li1,186.5300,179.5200,0.000060
FILLER_61_391,VGND,li1,185.6100,179.5200,0.000060
FILLER_61_361,VGND,li1,172.2700,179.5200,0.000067
FILLER_61_358,VGND,li1,170.8900,179.5200,0.000067
FILLER_61_334,VGND,li1,159.6200,179.5200,0.000097
FILLER_61_331,VGND,li1,158.4700,179.5200,0.000117
FILLER_61_328,VGND,li1,157.0900,179.5200,0.000117
FILLER_61_325,VGND,li1,155.7100,179.5200,0.000136
FILLER_61_318,VGND,li1,152.4900,179.5200,0.000156
FILLER_61_315,VGND,li1,151.1100,179.5200,0.000156
FILLER_61_312,VGND,li1,149.7300,179.5200,0.000165
FILLER_61_309,VGND,li1,148.3500,179.5200,0.000165
FILLER_61_299,VGND,li1,143.7500,179.5200,0.000172
FILLER_61_294,VGND,li1,140.9900,179.5200,0.000163
FILLER_61_291,VGND,li1,140.0700,179.5200,0.000152
FILLER_61_288,VGND,li1,138.6900,179.5200,0.000152
FILLER_61_285,VGND,li1,137.3100,179.5200,0.000144
FILLER_61_249,VGND,li1,120.2900,179.5200,0.000148
FILLER_61_246,VGND,li1,119.3700,179.5200,0.000148
FILLER_61_243,VGND,li1,117.9900,179.5200,0.000145
FILLER_61_240,VGND,li1,116.6100,179.5200,0.000145
FILLER_61_237,VGND,li1,115.2300,179.5200,0.000139
FILLER_61_234,VGND,li1,113.8500,179.5200,0.000139
FILLER_61_231,VGND,li1,112.4700,179.5200,0.000130
FILLER_61_228,VGND,li1,111.0900,179.5200,0.000130
FILLER_61_225,VGND,li1,109.7100,179.5200,0.000122
FILLER_61_222,VGND,li1,108.1000,179.5200,0.000108
FILLER_61_210,VGND,li1,102.8100,179.5200,0.000097
FILLER_61_195,VGND,li1,95.4500,179.5200,0.000107
FILLER_61_192,VGND,li1,94.5300,179.5200,0.000107
FILLER_61_181,VGND,li1,89.2400,179.5200,0.000099
FILLER_61_178,VGND,li1,88.0900,179.5200,0.000099
FILLER_61_175,VGND,li1,86.7100,179.5200,0.000092
FILLER_61_172,VGND,li1,85.3300,179.5200,0.000092
FILLER_61_169,VGND,li1,83.9500,179.5200,0.000087
FILLER_61_158,VGND,li1,78.4300,179.5200,0.000073
FILLER_61_155,VGND,li1,77.5100,179.5200,0.000062
FILLER_61_152,VGND,li1,76.1300,179.5200,0.000062
FILLER_61_149,VGND,li1,74.7500,179.5200,0.000050
FILLER_61_146,VGND,li1,73.3700,179.5200,0.000050
FILLER_61_143,VGND,li1,71.9900,179.5200,0.000052
FILLER_61_140,VGND,li1,70.6100,179.5200,0.000055
FILLER_61_131,VGND,li1,66.0100,179.5200,0.000058
FILLER_61_128,VGND,li1,65.0900,179.5200,0.000059
FILLER_61_125,VGND,li1,63.7100,179.5200,0.000059
FILLER_61_116,VGND,li1,59.1100,179.5200,0.000060
FILLER_61_113,VGND,li1,58.1900,179.5200,0.000060
FILLER_61_102,VGND,li1,52.6700,179.5200,0.000057
FILLER_61_99,VGND,li1,51.7500,179.5200,0.000057
FILLER_61_66,VGND,li1,36.5700,179.5200,0.000060
FILLER_61_34,VGND,li1,21.3900,179.5200,0.000044
FILLER_61_31,VGND,li1,20.4700,179.5200,0.000044
FILLER_60_593,VGND,li1,278.5300,174.0800,0.000035
FILLER_60_579,VGND,li1,272.0900,174.0800,0.000048
FILLER_60_566,VGND,li1,266.1100,174.0800,0.000051
FILLER_60_544,VGND,li1,255.9900,174.0800,0.000040
FILLER_60_541,VGND,li1,255.0700,174.0800,0.000040
FILLER_60_522,VGND,li1,245.8700,174.0800,0.000048
FILLER_60_519,VGND,li1,244.9500,174.0800,0.000050
FILLER_60_457,VGND,li1,216.4300,174.0800,0.000051
FILLER_60_427,VGND,li1,202.6300,174.0800,0.000070
FILLER_60_378,VGND,li1,179.8600,174.0800,0.000064
FILLER_60_375,VGND,li1,178.7100,174.0800,0.000064
FILLER_60_372,VGND,li1,177.3300,174.0800,0.000064
FILLER_60_365,VGND,li1,173.6500,174.0800,0.000063
FILLER_60_362,VGND,li1,172.5000,174.0800,0.000062
FILLER_60_359,VGND,li1,171.3500,174.0800,0.000062
FILLER_60_348,VGND,li1,166.0600,174.0800,0.000059
FILLER_60_345,VGND,li1,164.9100,174.0800,0.000057
FILLER_60_342,VGND,li1,163.5300,174.0800,0.000068
FILLER_60_326,VGND,li1,156.1700,174.0800,0.000102
FILLER_60_323,VGND,li1,154.7900,174.0800,0.000113
FILLER_60_320,VGND,li1,153.4100,174.0800,0.000113
FILLER_60_312,VGND,li1,149.5000,174.0800,0.000121
FILLER_60_309,VGND,li1,148.3500,174.0800,0.000121
FILLER_60_297,VGND,li1,142.6000,174.0800,0.000102
FILLER_60_281,VGND,li1,135.2400,174.0800,0.000070
FILLER_60_278,VGND,li1,134.0900,174.0800,0.000070
FILLER_60_268,VGND,li1,129.4900,174.0800,0.000087
FILLER_60_265,VGND,li1,128.1100,174.0800,0.000087
FILLER_60_259,VGND,li1,125.1200,174.0800,0.000089
FILLER_60_256,VGND,li1,123.9700,174.0800,0.000089
FILLER_60_253,VGND,li1,122.5900,174.0800,0.000088
FILLER_60_249,VGND,li1,120.7500,174.0800,0.000085
FILLER_60_246,VGND,li1,119.3700,174.0800,0.000085
FILLER_60_243,VGND,li1,117.9900,174.0800,0.000081
FILLER_60_240,VGND,li1,116.6100,174.0800,0.000081
FILLER_60_237,VGND,li1,115.2300,174.0800,0.000077
FILLER_60_218,VGND,li1,106.0300,174.0800,0.000054
FILLER_60_215,VGND,li1,105.1100,174.0800,0.000046
FILLER_60_212,VGND,li1,103.7300,174.0800,0.000046
FILLER_60_197,VGND,li1,96.6000,174.0800,0.000060
FILLER_60_166,VGND,li1,82.3400,174.0800,0.000055
FILLER_60_160,VGND,li1,79.3500,174.0800,0.000051
FILLER_60_150,VGND,li1,74.7500,174.0800,0.000039
FILLER_60_147,VGND,li1,73.8300,174.0800,0.000042
FILLER_60_144,VGND,li1,72.4500,174.0800,0.000042
FILLER_60_141,VGND,li1,71.0700,174.0800,0.000046
FILLER_60_109,VGND,li1,56.1200,174.0800,0.000059
FILLER_60_81,VGND,li1,43.4700,174.0800,0.000043
FILLER_60_26,VGND,li1,17.9400,174.0800,0.000034
FILLER_60_3,VGND,li1,7.3600,174.0800,0.000026
FILLER_59_595,VGND,li1,279.4500,174.0800,0.000035
FILLER_59_582,VGND,li1,273.4700,174.0800,0.000048
FILLER_59_557,VGND,li1,262.4300,174.0800,0.000050
FILLER_59_518,VGND,li1,244.0300,174.0800,0.000050
FILLER_59_508,VGND,li1,239.4300,174.0800,0.000052
FILLER_59_505,VGND,li1,238.5100,174.0800,0.000050
FILLER_59_497,VGND,li1,234.3700,174.0800,0.000048
FILLER_59_488,VGND,li1,230.2300,174.0800,0.000044
FILLER_59_478,VGND,li1,225.8600,174.0800,0.000037
FILLER_59_453,VGND,li1,214.1300,174.0800,0.000056
FILLER_59_418,VGND,li1,198.0300,174.0800,0.000061
FILLER_59_393,VGND,li1,186.5300,174.0800,0.000065
FILLER_59_390,VGND,li1,185.3800,174.0800,0.000065
FILLER_59_384,VGND,li1,182.6200,174.0800,0.000065
FILLER_59_381,VGND,li1,181.4700,174.0800,0.000064
FILLER_59_378,VGND,li1,180.0900,174.0800,0.000064
FILLER_59_375,VGND,li1,178.7100,174.0800,0.000064
FILLER_59_372,VGND,li1,177.3300,174.0800,0.000064
FILLER_59_369,VGND,li1,175.9500,174.0800,0.000063
FILLER_59_366,VGND,li1,174.5700,174.0800,0.000063
FILLER_59_355,VGND,li1,169.2800,174.0800,0.000060
FILLER_59_352,VGND,li1,168.1300,174.0800,0.000060
FILLER_59_349,VGND,li1,166.7500,174.0800,0.000059
FILLER_59_346,VGND,li1,165.3700,174.0800,0.000057
FILLER_59_343,VGND,li1,163.9900,174.0800,0.000068
FILLER_59_337,VGND,li1,161.0000,174.0800,0.000080
FILLER_59_335,VGND,li1,159.8500,174.0800,0.000091
FILLER_59_332,VGND,li1,158.9300,174.0800,0.000091
FILLER_59_306,VGND,li1,146.5100,174.0800,0.000117
FILLER_59_295,VGND,li1,141.6800,174.0800,0.000102
FILLER_59_292,VGND,li1,140.5300,174.0800,0.000094
FILLER_59_278,VGND,li1,133.8600,174.0800,0.000070
FILLER_59_275,VGND,li1,132.7100,174.0800,0.000078
FILLER_59_257,VGND,li1,124.2000,174.0800,0.000089
FILLER_59_254,VGND,li1,123.0500,174.0800,0.000088
FILLER_59_249,VGND,li1,120.2900,174.0800,0.000085
FILLER_59_225,VGND,li1,109.2500,174.0800,0.000061
FILLER_59_212,VGND,li1,103.7300,174.0800,0.000046
FILLER_59_209,VGND,li1,102.3500,174.0800,0.000053
FILLER_59_206,VGND,li1,100.9700,174.0800,0.000053
FILLER_59_203,VGND,li1,99.5900,174.0800,0.000058
FILLER_59_200,VGND,li1,98.2100,174.0800,0.000058
FILLER_59_197,VGND,li1,96.8300,174.0800,0.000060
FILLER_59_194,VGND,li1,95.4500,174.0800,0.000060
FILLER_59_191,VGND,li1,94.0700,174.0800,0.000062
FILLER_59_188,VGND,li1,92.6900,174.0800,0.000062
FILLER_59_185,VGND,li1,91.3100,174.0800,0.000063
FILLER_59_169,VGND,li1,83.7200,174.0800,0.000058
FILLER_59_167,VGND,li1,82.5700,174.0800,0.000055
FILLER_59_164,VGND,li1,81.6500,174.0800,0.000055
FILLER_59_150,VGND,li1,74.7500,174.0800,0.000039
FILLER_59_147,VGND,li1,73.8300,174.0800,0.000042
FILLER_59_141,VGND,li1,70.8400,174.0800,0.000046
FILLER_59_138,VGND,li1,69.6900,174.0800,0.000046
FILLER_59_131,VGND,li1,66.2400,174.0800,0.000051
FILLER_59_128,VGND,li1,65.0900,174.0800,0.000055
FILLER_59_125,VGND,li1,63.7100,174.0800,0.000055
FILLER_59_113,VGND,li1,58.1900,174.0800,0.000058
FILLER_59_57,VGND,li1,32.4300,174.0800,0.000054
FILLER_59_55,VGND,li1,31.0500,174.0800,0.000054
FILLER_59_3,VGND,li1,7.3600,174.0800,0.000026
FILLER_58_611,VGND,li1,286.8100,168.6400,0.000049
FILLER_58_589,VGND,li1,276.6900,168.6400,0.000057
FILLER_58_586,VGND,li1,275.5400,168.6400,0.000057
FILLER_58_541,VGND,li1,255.0700,168.6400,0.000036
FILLER_58_529,VGND,li1,249.5500,168.6400,0.000035
FILLER_58_498,VGND,li1,234.8300,168.6400,0.000040
FILLER_58_473,VGND,li1,223.7900,168.6400,0.000032
FILLER_58_446,VGND,li1,211.1400,168.6400,0.000053
FILLER_58_435,VGND,li1,206.0800,168.6400,0.000055
FILLER_58_432,VGND,li1,204.9300,168.6400,0.000055
FILLER_58_424,VGND,li1,200.7900,168.6400,0.000053
FILLER_58_421,VGND,li1,199.8700,168.6400,0.000051
FILLER_58_411,VGND,li1,195.0400,168.6400,0.000045
FILLER_58_397,VGND,li1,188.8300,168.6400,0.000067
FILLER_58_394,VGND,li1,187.4500,168.6400,0.000067
FILLER_58_376,VGND,li1,178.9400,168.6400,0.000077
FILLER_58_368,VGND,li1,175.0300,168.6400,0.000077
FILLER_58_365,VGND,li1,174.1100,168.6400,0.000074
FILLER_58_363,VGND,li1,172.7300,168.6400,0.000074
FILLER_58_355,VGND,li1,169.0500,168.6400,0.000065
FILLER_58_352,VGND,li1,168.1300,168.6400,0.000065
FILLER_58_349,VGND,li1,166.7500,168.6400,0.000058
FILLER_58_346,VGND,li1,165.3700,168.6400,0.000058
FILLER_58_336,VGND,li1,160.7700,168.6400,0.000056
FILLER_58_333,VGND,li1,159.3900,168.6400,0.000059
FILLER_58_330,VGND,li1,158.0100,168.6400,0.000059
FILLER_58_321,VGND,li1,153.6400,168.6400,0.000064
FILLER_58_318,VGND,li1,152.4900,168.6400,0.000064
FILLER_58_315,VGND,li1,151.1100,168.6400,0.000064
FILLER_58_309,VGND,li1,148.3500,168.6400,0.000063
FILLER_58_305,VGND,li1,146.5100,168.6400,0.000062
FILLER_58_302,VGND,li1,145.1300,168.6400,0.000062
FILLER_58_299,VGND,li1,143.7500,168.6400,0.000060
FILLER_58_296,VGND,li1,142.3700,168.6400,0.000060
FILLER_58_282,VGND,li1,135.7000,168.6400,0.000054
FILLER_58_279,VGND,li1,134.5500,168.6400,0.000052
FILLER_58_276,VGND,li1,133.1700,168.6400,0.000061
FILLER_58_273,VGND,li1,131.7900,168.6400,0.000061
FILLER_58_262,VGND,li1,126.5000,168.6400,0.000078
FILLER_58_259,VGND,li1,125.3500,168.6400,0.000079
FILLER_58_256,VGND,li1,123.9700,168.6400,0.000079
FILLER_58_253,VGND,li1,122.5900,168.6400,0.000080
FILLER_58_250,VGND,li1,120.9800,168.6400,0.000080
FILLER_58_224,VGND,li1,109.0200,168.6400,0.000076
FILLER_58_221,VGND,li1,107.8700,168.6400,0.000076
FILLER_58_218,VGND,li1,106.4900,168.6400,0.000073
FILLER_58_215,VGND,li1,105.1100,168.6400,0.000073
FILLER_58_212,VGND,li1,103.7300,168.6400,0.000066
FILLER_58_197,VGND,li1,96.6000,168.6400,0.000087
FILLER_58_189,VGND,li1,93.1500,168.6400,0.000085
FILLER_58_178,VGND,li1,88.0900,168.6400,0.000080
FILLER_58_160,VGND,li1,79.8100,168.6400,0.000067
FILLER_58_157,VGND,li1,78.4300,168.6400,0.000061
FILLER_58_150,VGND,li1,75.2100,168.6400,0.000046
FILLER_58_147,VGND,li1,73.8300,168.6400,0.000046
FILLER_58_144,VGND,li1,72.4500,168.6400,0.000049
FILLER_58_141,VGND,li1,71.0700,168.6400,0.000051
FILLER_58_96,VGND,li1,50.1400,168.6400,0.000053
FILLER_58_85,VGND,li1,45.0800,168.6400,0.000040
FILLER_58_83,VGND,li1,43.9300,168.6400,0.000045
FILLER_58_80,VGND,li1,43.0100,168.6400,0.000045
FILLER_58_77,VGND,li1,41.6300,168.6400,0.000049
FILLER_58_74,VGND,li1,40.2500,168.6400,0.000049
FILLER_58_6,VGND,li1,8.5100,168.6400,0.000034
FILLER_58_3,VGND,li1,7.5900,168.6400,0.000034
FILLER_57_580,VGND,li1,272.7800,168.6400,0.000056
FILLER_57_557,VGND,li1,262.4300,168.6400,0.000049
FILLER_57_546,VGND,li1,257.1400,168.6400,0.000041
FILLER_57_537,VGND,li1,252.7700,168.6400,0.000031
FILLER_57_514,VGND,li1,242.4200,168.6400,0.000040
FILLER_57_493,VGND,li1,232.7600,168.6400,0.000039
FILLER_57_490,VGND,li1,231.6100,168.6400,0.000039
FILLER_57_458,VGND,li1,216.8900,168.6400,0.000046
FILLER_57_449,VGND,li1,212.7500,168.6400,0.000053
FILLER_57_447,VGND,li1,211.3700,168.6400,0.000053
FILLER_57_438,VGND,li1,207.2300,168.6400,0.000056
FILLER_57_435,VGND,li1,206.3100,168.6400,0.000055
FILLER_57_432,VGND,li1,204.9300,168.6400,0.000055
FILLER_57_427,VGND,li1,202.1700,168.6400,0.000053
FILLER_57_424,VGND,li1,201.2500,168.6400,0.000053
FILLER_57_421,VGND,li1,199.8700,168.6400,0.000051
FILLER_57_418,VGND,li1,198.4900,168.6400,0.000049
FILLER_57_415,VGND,li1,197.1100,168.6400,0.000049
FILLER_57_412,VGND,li1,195.7300,168.6400,0.000045
FILLER_57_403,VGND,li1,191.3600,168.6400,0.000059
FILLER_57_400,VGND,li1,190.2100,168.6400,0.000059
FILLER_57_397,VGND,li1,188.8300,168.6400,0.000067
FILLER_57_391,VGND,li1,185.6100,168.6400,0.000072
FILLER_57_374,VGND,li1,177.7900,168.6400,0.000078
FILLER_57_365,VGND,li1,173.6500,168.6400,0.000074
FILLER_57_362,VGND,li1,172.7300,168.6400,0.000074
FILLER_57_356,VGND,li1,169.7400,168.6400,0.000065
FILLER_57_353,VGND,li1,168.5900,168.6400,0.000065
FILLER_57_337,VGND,li1,161.2300,168.6400,0.000056
FILLER_57_333,VGND,li1,159.3900,168.6400,0.000059
FILLER_57_281,VGND,li1,135.2400,168.6400,0.000052
FILLER_57_277,VGND,li1,133.6300,168.6400,0.000052
FILLER_57_274,VGND,li1,132.2500,168.6400,0.000061
FILLER_57_231,VGND,li1,112.0100,168.6400,0.000081
FILLER_57_228,VGND,li1,111.0900,168.6400,0.000079
FILLER_57_225,VGND,li1,109.7100,168.6400,0.000079
FILLER_57_212,VGND,li1,103.2700,168.6400,0.000066
FILLER_57_203,VGND,li1,99.1300,168.6400,0.000082
FILLER_57_193,VGND,li1,94.9900,168.6400,0.000087
FILLER_57_190,VGND,li1,93.6100,168.6400,0.000085
FILLER_57_187,VGND,li1,92.2300,168.6400,0.000083
FILLER_57_184,VGND,li1,90.8500,168.6400,0.000083
FILLER_57_181,VGND,li1,89.4700,168.6400,0.000080
FILLER_57_178,VGND,li1,88.0900,168.6400,0.000080
FILLER_57_175,VGND,li1,86.7100,168.6400,0.000077
FILLER_57_172,VGND,li1,85.3300,168.6400,0.000077
FILLER_57_169,VGND,li1,83.9500,168.6400,0.000074
FILLER_57_167,VGND,li1,82.5700,168.6400,0.000074
FILLER_57_157,VGND,li1,77.9700,168.6400,0.000061
FILLER_57_152,VGND,li1,75.6700,168.6400,0.000055
FILLER_57_149,VGND,li1,74.7500,168.6400,0.000046
FILLER_57_144,VGND,li1,71.9900,168.6400,0.000049
FILLER_57_141,VGND,li1,71.0700,168.6400,0.000051
FILLER_57_138,VGND,li1,69.6900,168.6400,0.000051
FILLER_57_135,VGND,li1,68.3100,168.6400,0.000053
FILLER_57_132,VGND,li1,66.9300,168.6400,0.000053
FILLER_57_129,VGND,li1,65.5500,168.6400,0.000055
FILLER_57_119,VGND,li1,60.4900,168.6400,0.000057
FILLER_57_116,VGND,li1,59.5700,168.6400,0.000057
FILLER_57_113,VGND,li1,58.1900,168.6400,0.000057
FILLER_57_110,VGND,li1,56.5800,168.6400,0.000057
FILLER_57_79,VGND,li1,42.3200,168.6400,0.000045
FILLER_57_76,VGND,li1,41.1700,168.6400,0.000049
FILLER_57_65,VGND,li1,35.8800,168.6400,0.000058
FILLER_57_3,VGND,li1,7.5900,168.6400,0.000034
FILLER_56_610,VGND,li1,286.5800,163.2000,0.000072
FILLER_56_586,VGND,li1,275.5400,163.2000,0.000139
FILLER_56_569,VGND,li1,267.9500,163.2000,0.000167
FILLER_56_566,VGND,li1,266.5700,163.2000,0.000160
FILLER_56_539,VGND,li1,253.6900,163.2000,0.000081
FILLER_56_536,VGND,li1,252.7700,163.2000,0.000081
FILLER_56_533,VGND,li1,251.3900,163.2000,0.000078
FILLER_56_522,VGND,li1,245.8700,163.2000,0.000071
FILLER_56_519,VGND,li1,244.9500,163.2000,0.000071
FILLER_56_501,VGND,li1,236.4400,163.2000,0.000056
FILLER_56_498,VGND,li1,235.2900,163.2000,0.000056
FILLER_56_495,VGND,li1,233.9100,163.2000,0.000052
FILLER_56_492,VGND,li1,232.5300,163.2000,0.000049
FILLER_56_489,VGND,li1,231.1500,163.2000,0.000049
FILLER_56_486,VGND,li1,229.7700,163.2000,0.000045
FILLER_56_483,VGND,li1,228.3900,163.2000,0.000045
FILLER_56_443,VGND,li1,209.9900,163.2000,0.000065
FILLER_56_440,VGND,li1,208.6100,163.2000,0.000065
FILLER_56_437,VGND,li1,207.2300,163.2000,0.000066
FILLER_56_434,VGND,li1,205.8500,163.2000,0.000066
FILLER_56_431,VGND,li1,204.4700,163.2000,0.000065
FILLER_56_427,VGND,li1,202.4000,163.2000,0.000065
FILLER_56_424,VGND,li1,201.2500,163.2000,0.000065
FILLER_56_421,VGND,li1,199.8700,163.2000,0.000063
FILLER_56_418,VGND,li1,198.2600,163.2000,0.000063
FILLER_56_415,VGND,li1,197.1100,163.2000,0.000057
FILLER_56_412,VGND,li1,195.7300,163.2000,0.000057
FILLER_56_400,VGND,li1,190.2100,163.2000,0.000060
FILLER_56_397,VGND,li1,188.8300,163.2000,0.000066
FILLER_56_394,VGND,li1,187.4500,163.2000,0.000074
FILLER_56_365,VGND,li1,173.6500,163.2000,0.000063
FILLER_56_361,VGND,li1,172.2700,163.2000,0.000063
FILLER_56_329,VGND,li1,157.0900,163.2000,0.000031
FILLER_56_326,VGND,li1,156.1700,163.2000,0.000031
FILLER_56_323,VGND,li1,154.7900,163.2000,0.000031
FILLER_56_278,VGND,li1,134.0900,163.2000,0.000016
FILLER_56_275,VGND,li1,132.7100,163.2000,0.000016
FILLER_56_264,VGND,li1,127.6500,163.2000,0.000019
FILLER_56_253,VGND,li1,122.1300,163.2000,0.000021
FILLER_56_236,VGND,li1,114.5400,163.2000,0.000021
FILLER_56_225,VGND,li1,109.4800,163.2000,0.000019
FILLER_56_222,VGND,li1,108.3300,163.2000,0.000019
FILLER_56_200,VGND,li1,97.7500,163.2000,0.000025
FILLER_56_197,VGND,li1,96.8300,163.2000,0.000027
FILLER_56_195,VGND,li1,95.4500,163.2000,0.000027
FILLER_56_192,VGND,li1,94.5300,163.2000,0.000030
FILLER_56_189,VGND,li1,93.1500,163.2000,0.000030
FILLER_56_186,VGND,li1,91.7700,163.2000,0.000032
FILLER_56_183,VGND,li1,90.3900,163.2000,0.000032
FILLER_56_180,VGND,li1,89.0100,163.2000,0.000031
FILLER_56_174,VGND,li1,86.0200,163.2000,0.000031
FILLER_56_162,VGND,li1,80.7300,163.2000,0.000027
FILLER_56_159,VGND,li1,79.3500,163.2000,0.000025
FILLER_56_156,VGND,li1,77.9700,163.2000,0.000023
FILLER_56_153,VGND,li1,76.5900,163.2000,0.000023
FILLER_56_150,VGND,li1,75.2100,163.2000,0.000020
FILLER_56_147,VGND,li1,73.8300,163.2000,0.000023
FILLER_56_144,VGND,li1,72.4500,163.2000,0.000023
FILLER_56_141,VGND,li1,71.0700,163.2000,0.000026
FILLER_56_138,VGND,li1,69.4600,163.2000,0.000028
FILLER_56_135,VGND,li1,68.3100,163.2000,0.000028
FILLER_56_132,VGND,li1,66.9300,163.2000,0.000031
FILLER_56_129,VGND,li1,65.5500,163.2000,0.000031
FILLER_56_117,VGND,li1,59.8000,163.2000,0.000031
FILLER_56_114,VGND,li1,58.6500,163.2000,0.000030
FILLER_56_111,VGND,li1,57.2700,163.2000,0.000029
FILLER_56_108,VGND,li1,55.8900,163.2000,0.000029
FILLER_56_104,VGND,li1,53.8200,163.2000,0.000027
FILLER_56_91,VGND,li1,48.0700,163.2000,0.000023
FILLER_56_88,VGND,li1,46.6900,163.2000,0.000021
FILLER_56_85,VGND,li1,45.3100,163.2000,0.000021
FILLER_56_81,VGND,li1,43.4700,163.2000,0.000018
FILLER_56_78,VGND,li1,42.0900,163.2000,0.000019
FILLER_56_67,VGND,li1,36.8000,163.2000,0.000022
FILLER_56_61,VGND,li1,34.0400,163.2000,0.000023
FILLER_56_38,VGND,li1,23.4600,163.2000,0.000023
FILLER_56_18,VGND,li1,14.0300,163.2000,0.000014
FILLER_56_3,VGND,li1,7.5900,163.2000,0.000014
FILLER_55_611,VGND,li1,286.8100,163.2000,0.000072
FILLER_55_547,VGND,li1,257.3700,163.2000,0.000108
FILLER_55_524,VGND,li1,247.0200,163.2000,0.000074
FILLER_55_514,VGND,li1,242.4200,163.2000,0.000068
FILLER_55_502,VGND,li1,236.9000,163.2000,0.000056
FILLER_55_499,VGND,li1,235.7500,163.2000,0.000056
FILLER_55_478,VGND,li1,226.0900,163.2000,0.000041
FILLER_55_475,VGND,li1,224.7100,163.2000,0.000036
FILLER_55_458,VGND,li1,216.4300,163.2000,0.000053
FILLER_55_455,VGND,li1,215.5100,163.2000,0.000059
FILLER_55_452,VGND,li1,214.1300,163.2000,0.000059
FILLER_55_449,VGND,li1,212.7500,163.2000,0.000062
FILLER_55_402,VGND,li1,190.6700,163.2000,0.000060
FILLER_55_399,VGND,li1,189.7500,163.2000,0.000066
FILLER_55_396,VGND,li1,188.3700,163.2000,0.000066
FILLER_55_393,VGND,li1,186.9900,163.2000,0.000074
FILLER_55_386,VGND,li1,183.5400,163.2000,0.000083
FILLER_55_351,VGND,li1,167.6700,163.2000,0.000041
FILLER_55_348,VGND,li1,166.2900,163.2000,0.000041
FILLER_55_345,VGND,li1,164.9100,163.2000,0.000033
FILLER_55_325,VGND,li1,155.2500,163.2000,0.000031
FILLER_55_322,VGND,li1,154.3300,163.2000,0.000031
FILLER_55_319,VGND,li1,152.9500,163.2000,0.000030
FILLER_55_313,VGND,li1,149.9600,163.2000,0.000028
FILLER_55_310,VGND,li1,148.8100,163.2000,0.000028
FILLER_55_298,VGND,li1,143.2900,163.2000,0.000025
FILLER_55_290,VGND,li1,139.3800,163.2000,0.000023
FILLER_55_287,VGND,li1,138.2300,163.2000,0.000020
FILLER_55_284,VGND,li1,136.8500,163.2000,0.000020
FILLER_55_281,VGND,li1,135.4700,163.2000,0.000018
FILLER_55_256,VGND,li1,123.9700,163.2000,0.000020
FILLER_55_213,VGND,li1,103.9600,163.2000,0.000018
FILLER_55_210,VGND,li1,102.8100,163.2000,0.000018
FILLER_55_207,VGND,li1,101.4300,163.2000,0.000021
FILLER_55_204,VGND,li1,100.0500,163.2000,0.000021
FILLER_55_191,VGND,li1,93.6100,163.2000,0.000030
FILLER_55_180,VGND,li1,88.5500,163.2000,0.000031
FILLER_55_169,VGND,li1,83.4900,163.2000,0.000028
FILLER_55_167,VGND,li1,82.5700,163.2000,0.000028
FILLER_55_164,VGND,li1,81.6500,163.2000,0.000027
FILLER_55_161,VGND,li1,80.2700,163.2000,0.000025
FILLER_55_152,VGND,li1,75.6700,163.2000,0.000020
FILLER_55_136,VGND,li1,68.7700,163.2000,0.000028
FILLER_55_126,VGND,li1,64.1700,163.2000,0.000032
FILLER_55_123,VGND,li1,62.7900,163.2000,0.000032
FILLER_55_113,VGND,li1,57.9600,163.2000,0.000030
FILLER_55_111,VGND,li1,56.8100,163.2000,0.000029
FILLER_55_108,VGND,li1,55.8900,163.2000,0.000029
FILLER_55_76,VGND,li1,41.1700,163.2000,0.000019
FILLER_55_73,VGND,li1,39.7900,163.2000,0.000020
FILLER_55_70,VGND,li1,38.4100,163.2000,0.000022
FILLER_55_54,VGND,li1,30.8200,163.2000,0.000024
FILLER_55_51,VGND,li1,29.6700,163.2000,0.000025
FILLER_55_48,VGND,li1,28.2900,163.2000,0.000025
FILLER_55_45,VGND,li1,26.9100,163.2000,0.000024
FILLER_55_39,VGND,li1,23.9200,163.2000,0.000023
FILLER_55_3,VGND,li1,7.1300,163.2000,0.000014
FILLER_54_611,VGND,li1,286.8100,157.7600,0.000035
FILLER_54_597,VGND,li1,280.6000,157.7600,0.000045
FILLER_54_566,VGND,li1,266.1100,157.7600,0.000082
FILLER_54_542,VGND,li1,255.5300,157.7600,0.000044
FILLER_54_533,VGND,li1,250.9300,157.7600,0.000035
FILLER_54_524,VGND,li1,247.2500,157.7600,0.000035
FILLER_54_504,VGND,li1,237.8200,157.7600,0.000031
FILLER_54_501,VGND,li1,236.6700,157.7600,0.000031
FILLER_54_498,VGND,li1,235.2900,157.7600,0.000030
FILLER_54_486,VGND,li1,229.7700,157.7600,0.000026
FILLER_54_454,VGND,li1,214.5900,157.7600,0.000038
FILLER_54_449,VGND,li1,212.2900,157.7600,0.000040
FILLER_54_438,VGND,li1,207.4600,157.7600,0.000043
FILLER_54_435,VGND,li1,206.3100,157.7600,0.000045
FILLER_54_432,VGND,li1,204.9300,157.7600,0.000045
FILLER_54_429,VGND,li1,203.5500,157.7600,0.000046
FILLER_54_424,VGND,li1,200.7900,157.7600,0.000047
FILLER_54_421,VGND,li1,199.8700,157.7600,0.000047
FILLER_54_402,VGND,li1,191.1300,157.7600,0.000044
FILLER_54_399,VGND,li1,189.7500,157.7600,0.000045
FILLER_54_328,VGND,li1,156.6300,157.7600,0.000056
FILLER_54_325,VGND,li1,155.7100,157.7600,0.000056
FILLER_54_322,VGND,li1,154.3300,157.7600,0.000061
FILLER_54_309,VGND,li1,147.8900,157.7600,0.000063
FILLER_54_297,VGND,li1,142.8300,157.7600,0.000057
FILLER_54_270,VGND,li1,129.9500,157.7600,0.000051
FILLER_54_246,VGND,li1,119.1400,157.7600,0.000063
FILLER_54_243,VGND,li1,117.9900,157.7600,0.000064
FILLER_54_240,VGND,li1,116.6100,157.7600,0.000064
FILLER_54_237,VGND,li1,115.2300,157.7600,0.000064
FILLER_54_227,VGND,li1,110.1700,157.7600,0.000062
FILLER_54_224,VGND,li1,109.2500,157.7600,0.000061
FILLER_54_221,VGND,li1,107.8700,157.7600,0.000061
FILLER_54_218,VGND,li1,106.4900,157.7600,0.000060
FILLER_54_215,VGND,li1,105.1100,157.7600,0.000055
FILLER_54_212,VGND,li1,103.7300,157.7600,0.000055
FILLER_54_209,VGND,li1,102.3500,157.7600,0.000059
FILLER_54_206,VGND,li1,100.9700,157.7600,0.000059
FILLER_54_203,VGND,li1,99.5900,157.7600,0.000062
FILLER_54_200,VGND,li1,98.2100,157.7600,0.000065
FILLER_54_197,VGND,li1,96.8300,157.7600,0.000065
FILLER_54_195,VGND,li1,95.4500,157.7600,0.000069
FILLER_54_192,VGND,li1,94.5300,157.7600,0.000069
FILLER_54_189,VGND,li1,93.1500,157.7600,0.000070
FILLER_54_186,VGND,li1,91.7700,157.7600,0.000070
FILLER_54_183,VGND,li1,90.3900,157.7600,0.000070
FILLER_54_180,VGND,li1,89.0100,157.7600,0.000070
FILLER_54_177,VGND,li1,87.6300,157.7600,0.000071
FILLER_54_162,VGND,li1,80.2700,157.7600,0.000059
FILLER_54_139,VGND,li1,69.6900,157.7600,0.000049
FILLER_54_127,VGND,li1,64.4000,157.7600,0.000046
FILLER_54_104,VGND,li1,54.0500,157.7600,0.000036
FILLER_54_83,VGND,li1,43.9300,157.7600,0.000021
FILLER_54_80,VGND,li1,43.0100,157.7600,0.000022
FILLER_54_69,VGND,li1,37.7200,157.7600,0.000025
FILLER_54_66,VGND,li1,36.5700,157.7600,0.000025
FILLER_54_63,VGND,li1,35.1900,157.7600,0.000025
FILLER_54_53,VGND,li1,30.1300,157.7600,0.000026
FILLER_54_50,VGND,li1,29.2100,157.7600,0.000026
FILLER_54_35,VGND,li1,22.0800,157.7600,0.000025
FILLER_54_32,VGND,li1,20.9300,157.7600,0.000024
FILLER_54_29,VGND,li1,19.5500,157.7600,0.000024
FILLER_53_603,VGND,li1,283.1300,157.7600,0.000035
FILLER_53_571,VGND,li1,268.4100,157.7600,0.000087
FILLER_53_558,VGND,li1,262.6600,157.7600,0.000072
FILLER_53_547,VGND,li1,257.6000,157.7600,0.000054
FILLER_53_544,VGND,li1,256.4500,157.7600,0.000044
FILLER_53_541,VGND,li1,255.0700,157.7600,0.000044
FILLER_53_532,VGND,li1,250.9300,157.7600,0.000035
FILLER_53_529,VGND,li1,249.5500,157.7600,0.000035
FILLER_53_526,VGND,li1,248.1700,157.7600,0.000035
FILLER_53_521,VGND,li1,245.4100,157.7600,0.000034
FILLER_53_505,VGND,li1,238.2800,157.7600,0.000031
FILLER_53_503,VGND,li1,237.1300,157.7600,0.000031
FILLER_53_500,VGND,li1,236.2100,157.7600,0.000030
FILLER_53_497,VGND,li1,234.8300,157.7600,0.000030
FILLER_53_494,VGND,li1,233.4500,157.7600,0.000028
FILLER_53_484,VGND,li1,228.3900,157.7600,0.000026
FILLER_53_481,VGND,li1,227.4700,157.7600,0.000025
FILLER_53_478,VGND,li1,226.0900,157.7600,0.000025
FILLER_53_475,VGND,li1,224.7100,157.7600,0.000024
FILLER_53_472,VGND,li1,223.3300,157.7600,0.000024
FILLER_53_461,VGND,li1,218.2700,157.7600,0.000034
FILLER_53_458,VGND,li1,216.8900,157.7600,0.000034
FILLER_53_455,VGND,li1,215.5100,157.7600,0.000038
FILLER_53_452,VGND,li1,214.1300,157.7600,0.000038
FILLER_53_449,VGND,li1,212.7500,157.7600,0.000040
FILLER_53_438,VGND,li1,207.2300,157.7600,0.000043
FILLER_53_435,VGND,li1,206.3100,157.7600,0.000045
FILLER_53_420,VGND,li1,199.1800,157.7600,0.000048
FILLER_53_417,VGND,li1,198.0300,157.7600,0.000048
FILLER_53_414,VGND,li1,196.6500,157.7600,0.000049
FILLER_53_411,VGND,li1,195.2700,157.7600,0.000041
FILLER_53_355,VGND,li1,169.2800,157.7600,0.000045
FILLER_53_307,VGND,li1,147.2000,157.7600,0.000063
FILLER_53_284,VGND,li1,136.6200,157.7600,0.000046
FILLER_53_281,VGND,li1,135.4700,157.7600,0.000041
FILLER_53_268,VGND,li1,129.4900,157.7600,0.000054
FILLER_53_245,VGND,li1,118.6800,157.7600,0.000064
FILLER_53_240,VGND,li1,116.1500,157.7600,0.000064
FILLER_53_225,VGND,li1,109.7100,157.7600,0.000062
FILLER_53_223,VGND,li1,108.3300,157.7600,0.000061
FILLER_53_220,VGND,li1,107.4100,157.7600,0.000060
FILLER_53_208,VGND,li1,101.6600,157.7600,0.000059
FILLER_53_205,VGND,li1,100.5100,157.7600,0.000062
FILLER_53_202,VGND,li1,99.1300,157.7600,0.000062
FILLER_53_199,VGND,li1,97.7500,157.7600,0.000065
FILLER_53_165,VGND,li1,82.1100,157.7600,0.000063
FILLER_53_144,VGND,li1,71.9900,157.7600,0.000046
FILLER_53_141,VGND,li1,71.0700,157.7600,0.000049
FILLER_53_135,VGND,li1,68.0800,157.7600,0.000048
FILLER_53_128,VGND,li1,65.0900,157.7600,0.000046
FILLER_53_125,VGND,li1,63.7100,157.7600,0.000046
FILLER_53_122,VGND,li1,62.3300,157.7600,0.000043
FILLER_53_119,VGND,li1,60.9500,157.7600,0.000043
FILLER_53_113,VGND,li1,57.7300,157.7600,0.000039
FILLER_53_110,VGND,li1,56.5800,157.7600,0.000039
FILLER_53_107,VGND,li1,55.4300,157.7600,0.000036
FILLER_53_104,VGND,li1,54.0500,157.7600,0.000036
FILLER_53_95,VGND,li1,49.4500,157.7600,0.000028
FILLER_53_92,VGND,li1,48.5300,157.7600,0.000028
FILLER_53_89,VGND,li1,47.1500,157.7600,0.000024
FILLER_53_86,VGND,li1,45.7700,157.7600,0.000024
FILLER_53_83,VGND,li1,44.3900,157.7600,0.000021
FILLER_53_80,VGND,li1,43.0100,157.7600,0.000022
FILLER_53_77,VGND,li1,41.6300,157.7600,0.000022
FILLER_53_74,VGND,li1,40.2500,157.7600,0.000025
FILLER_53_54,VGND,li1,30.8200,157.7600,0.000026
FILLER_53_51,VGND,li1,29.6700,157.7600,0.000026
FILLER_53_48,VGND,li1,28.2900,157.7600,0.000026
FILLER_53_45,VGND,li1,26.9100,157.7600,0.000027
FILLER_53_42,VGND,li1,25.5300,157.7600,0.000027
FILLER_53_3,VGND,li1,7.3600,157.7600,0.000017
FILLER_52_610,VGND,li1,286.5800,152.3200,0.000028
FILLER_52_599,VGND,li1,281.5200,152.3200,0.000033
FILLER_52_589,VGND,li1,276.9200,152.3200,0.000044
FILLER_52_581,VGND,li1,273.2400,152.3200,0.000051
FILLER_52_573,VGND,li1,269.3300,152.3200,0.000054
FILLER_52_559,VGND,li1,263.3500,152.3200,0.000048
FILLER_52_549,VGND,li1,258.2900,152.3200,0.000038
FILLER_52_546,VGND,li1,257.3700,152.3200,0.000038
FILLER_52_536,VGND,li1,252.5400,152.3200,0.000028
FILLER_52_533,VGND,li1,251.3900,152.3200,0.000031
FILLER_52_500,VGND,li1,235.9800,152.3200,0.000032
FILLER_52_495,VGND,li1,233.4500,152.3200,0.000030
FILLER_52_492,VGND,li1,232.5300,152.3200,0.000030
FILLER_52_489,VGND,li1,231.1500,152.3200,0.000028
FILLER_52_486,VGND,li1,229.7700,152.3200,0.000028
FILLER_52_474,VGND,li1,224.0200,152.3200,0.000021
FILLER_52_443,VGND,li1,209.5300,152.3200,0.000028
FILLER_52_419,VGND,li1,198.4900,152.3200,0.000022
FILLER_52_412,VGND,li1,195.2700,152.3200,0.000020
FILLER_52_402,VGND,li1,190.6700,152.3200,0.000026
FILLER_52_399,VGND,li1,189.7500,152.3200,0.000026
FILLER_52_363,VGND,li1,172.7300,152.3200,0.000034
FILLER_52_360,VGND,li1,171.8100,152.3200,0.000034
FILLER_52_338,VGND,li1,161.2300,152.3200,0.000047
FILLER_52_333,VGND,li1,158.9300,152.3200,0.000053
FILLER_52_325,VGND,li1,155.4800,152.3200,0.000062
FILLER_52_322,VGND,li1,154.3300,152.3200,0.000062
FILLER_52_319,VGND,li1,152.9500,152.3200,0.000067
FILLER_52_309,VGND,li1,148.1200,152.3200,0.000080
FILLER_52_285,VGND,li1,137.0800,152.3200,0.000062
FILLER_52_282,VGND,li1,135.9300,152.3200,0.000062
FILLER_52_251,VGND,li1,121.2100,152.3200,0.000074
FILLER_52_244,VGND,li1,118.4500,152.3200,0.000069
FILLER_52_241,VGND,li1,117.0700,152.3200,0.000069
FILLER_52_214,VGND,li1,104.4200,152.3200,0.000040
FILLER_52_204,VGND,li1,99.5900,152.3200,0.000048
FILLER_52_201,VGND,li1,98.6700,152.3200,0.000052
FILLER_52_194,VGND,li1,95.2200,152.3200,0.000053
FILLER_52_191,VGND,li1,94.0700,152.3200,0.000054
FILLER_52_188,VGND,li1,92.6900,152.3200,0.000054
FILLER_52_185,VGND,li1,91.3100,152.3200,0.000056
FILLER_52_182,VGND,li1,89.9300,152.3200,0.000056
FILLER_52_179,VGND,li1,88.5500,152.3200,0.000057
FILLER_52_176,VGND,li1,87.1700,152.3200,0.000057
FILLER_52_164,VGND,li1,81.6500,152.3200,0.000051
FILLER_52_161,VGND,li1,80.2700,152.3200,0.000046
FILLER_52_158,VGND,li1,78.8900,152.3200,0.000046
FILLER_52_145,VGND,li1,72.9100,152.3200,0.000037
FILLER_52_128,VGND,li1,65.0900,152.3200,0.000040
FILLER_52_125,VGND,li1,63.7100,152.3200,0.000040
FILLER_52_122,VGND,li1,62.3300,152.3200,0.000039
FILLER_52_119,VGND,li1,60.9500,152.3200,0.000039
FILLER_52_107,VGND,li1,55.4300,152.3200,0.000035
FILLER_52_104,VGND,li1,54.0500,152.3200,0.000035
FILLER_52_85,VGND,li1,44.8500,152.3200,0.000024
FILLER_52_83,VGND,li1,43.9300,152.3200,0.000024
FILLER_52_72,VGND,li1,38.8700,152.3200,0.000028
FILLER_52_67,VGND,li1,36.5700,152.3200,0.000030
FILLER_52_62,VGND,li1,34.2700,152.3200,0.000031
FILLER_52_38,VGND,li1,23.6900,152.3200,0.000030
FILLER_52_35,VGND,li1,22.3100,152.3200,0.000030
FILLER_52_32,VGND,li1,20.9300,152.3200,0.000026
FILLER_52_29,VGND,li1,19.5500,152.3200,0.000026
FILLER_52_25,VGND,li1,17.7100,152.3200,0.000024
FILLER_52_3,VGND,li1,7.1300,152.3200,0.000021
FILLER_51_588,VGND,li1,276.6900,152.3200,0.000044
FILLER_51_569,VGND,li1,267.7200,152.3200,0.000054
FILLER_51_559,VGND,li1,262.8900,152.3200,0.000048
FILLER_51_556,VGND,li1,261.9700,152.3200,0.000044
FILLER_51_553,VGND,li1,260.5900,152.3200,0.000044
FILLER_51_509,VGND,li1,240.3500,152.3200,0.000035
FILLER_51_495,VGND,li1,233.6800,152.3200,0.000030
FILLER_51_483,VGND,li1,228.3900,152.3200,0.000025
FILLER_51_461,VGND,li1,217.8100,152.3200,0.000025
FILLER_51_458,VGND,li1,216.8900,152.3200,0.000025
FILLER_51_449,VGND,li1,212.7500,152.3200,0.000027
FILLER_51_447,VGND,li1,211.3700,152.3200,0.000027
FILLER_51_444,VGND,li1,210.4500,152.3200,0.000027
FILLER_51_413,VGND,li1,195.7300,152.3200,0.000020
FILLER_51_410,VGND,li1,194.8100,152.3200,0.000020
FILLER_51_400,VGND,li1,189.7500,152.3200,0.000026
FILLER_51_390,VGND,li1,185.3800,152.3200,0.000031
FILLER_51_382,VGND,li1,181.7000,152.3200,0.000033
FILLER_51_367,VGND,li1,175.0300,152.3200,0.000035
FILLER_51_360,VGND,li1,171.3500,152.3200,0.000034
FILLER_51_351,VGND,li1,167.2100,152.3200,0.000034
FILLER_51_348,VGND,li1,166.2900,152.3200,0.000034
FILLER_51_337,VGND,li1,160.7700,152.3200,0.000047
FILLER_51_334,VGND,li1,159.6200,152.3200,0.000047
FILLER_51_324,VGND,li1,155.0200,152.3200,0.000062
FILLER_51_321,VGND,li1,153.8700,152.3200,0.000062
FILLER_51_308,VGND,li1,147.4300,152.3200,0.000080
FILLER_51_293,VGND,li1,140.7600,152.3200,0.000076
FILLER_51_290,VGND,li1,139.6100,152.3200,0.000069
FILLER_51_287,VGND,li1,138.2300,152.3200,0.000069
FILLER_51_277,VGND,li1,133.6300,152.3200,0.000054
FILLER_51_240,VGND,li1,116.1500,152.3200,0.000066
FILLER_51_237,VGND,li1,115.2300,152.3200,0.000066
FILLER_51_225,VGND,li1,109.7100,152.3200,0.000055
FILLER_51_215,VGND,li1,105.1100,152.3200,0.000040
FILLER_51_212,VGND,li1,103.7300,152.3200,0.000040
FILLER_51_202,VGND,li1,98.6700,152.3200,0.000052
FILLER_51_199,VGND,li1,97.7500,152.3200,0.000052
FILLER_51_180,VGND,li1,88.7800,152.3200,0.000057
FILLER_51_159,VGND,li1,79.1200,152.3200,0.000046
FILLER_51_156,VGND,li1,77.9700,152.3200,0.000041
FILLER_51_153,VGND,li1,76.5900,152.3200,0.000041
FILLER_51_150,VGND,li1,75.2100,152.3200,0.000035
FILLER_51_147,VGND,li1,73.8300,152.3200,0.000037
FILLER_51_137,VGND,li1,68.7700,152.3200,0.000042
FILLER_51_134,VGND,li1,67.8500,152.3200,0.000042
FILLER_51_111,VGND,li1,56.8100,152.3200,0.000036
FILLER_51_102,VGND,li1,52.6700,152.3200,0.000034
FILLER_51_99,VGND,li1,51.7500,152.3200,0.000034
FILLER_51_67,VGND,li1,36.8000,152.3200,0.000030
FILLER_51_57,VGND,li1,31.9700,152.3200,0.000032
FILLER_51_48,VGND,li1,28.2900,152.3200,0.000033
FILLER_51_3,VGND,li1,7.5900,152.3200,0.000021
FILLER_50_593,VGND,li1,278.5300,146.8800,0.000049
FILLER_50_585,VGND,li1,275.3100,146.8800,0.000053
FILLER_50_578,VGND,li1,271.6300,146.8800,0.000058
FILLER_50_545,VGND,li1,256.9100,146.8800,0.000035
FILLER_50_542,VGND,li1,255.5300,146.8800,0.000035
FILLER_50_539,VGND,li1,254.1500,146.8800,0.000029
FILLER_50_536,VGND,li1,252.7700,146.8800,0.000029
FILLER_50_533,VGND,li1,251.3900,146.8800,0.000032
FILLER_50_522,VGND,li1,246.1000,146.8800,0.000036
FILLER_50_491,VGND,li1,231.6100,146.8800,0.000033
FILLER_50_488,VGND,li1,230.6900,146.8800,0.000030
FILLER_50_485,VGND,li1,229.3100,146.8800,0.000030
FILLER_50_474,VGND,li1,224.0200,146.8800,0.000022
FILLER_50_462,VGND,li1,218.7300,146.8800,0.000027
FILLER_50_459,VGND,li1,217.3500,146.8800,0.000028
FILLER_50_436,VGND,li1,206.5400,146.8800,0.000030
FILLER_50_433,VGND,li1,205.3900,146.8800,0.000028
FILLER_50_430,VGND,li1,204.0100,146.8800,0.000028
FILLER_50_427,VGND,li1,202.6300,146.8800,0.000026
FILLER_50_424,VGND,li1,201.2500,146.8800,0.000026
FILLER_50_421,VGND,li1,199.8700,146.8800,0.000024
FILLER_50_409,VGND,li1,194.1200,146.8800,0.000017
FILLER_50_406,VGND,li1,192.9700,146.8800,0.000017
FILLER_50_403,VGND,li1,191.5900,146.8800,0.000018
FILLER_50_391,VGND,li1,186.0700,146.8800,0.000021
FILLER_50_371,VGND,li1,176.6400,146.8800,0.000024
FILLER_50_368,VGND,li1,175.4900,146.8800,0.000023
FILLER_50_365,VGND,li1,174.1100,146.8800,0.000023
FILLER_50_355,VGND,li1,169.5100,146.8800,0.000021
FILLER_50_352,VGND,li1,168.1300,146.8800,0.000021
FILLER_50_349,VGND,li1,166.7500,146.8800,0.000021
FILLER_50_346,VGND,li1,165.3700,146.8800,0.000019
FILLER_50_312,VGND,li1,149.2700,146.8800,0.000030
FILLER_50_309,VGND,li1,148.3500,146.8800,0.000030
FILLER_50_298,VGND,li1,142.8300,146.8800,0.000031
FILLER_50_295,VGND,li1,141.9100,146.8800,0.000028
FILLER_50_292,VGND,li1,140.5300,146.8800,0.000028
FILLER_50_282,VGND,li1,135.4700,146.8800,0.000022
FILLER_50_250,VGND,li1,120.9800,146.8800,0.000029
FILLER_50_242,VGND,li1,117.3000,146.8800,0.000028
FILLER_50_239,VGND,li1,116.1500,146.8800,0.000028
FILLER_50_236,VGND,li1,114.7700,146.8800,0.000028
FILLER_50_233,VGND,li1,113.3900,146.8800,0.000027
FILLER_50_230,VGND,li1,112.0100,146.8800,0.000027
FILLER_50_225,VGND,li1,109.2500,146.8800,0.000026
FILLER_50_222,VGND,li1,108.3300,146.8800,0.000025
FILLER_50_219,VGND,li1,106.9500,146.8800,0.000025
FILLER_50_216,VGND,li1,105.5700,146.8800,0.000024
FILLER_50_213,VGND,li1,104.1900,146.8800,0.000023
FILLER_50_210,VGND,li1,102.8100,146.8800,0.000023
FILLER_50_207,VGND,li1,101.4300,146.8800,0.000027
FILLER_50_193,VGND,li1,94.9900,146.8800,0.000037
FILLER_50_190,VGND,li1,93.6100,146.8800,0.000037
FILLER_50_187,VGND,li1,92.2300,146.8800,0.000039
FILLER_50_176,VGND,li1,86.9400,146.8800,0.000044
FILLER_50_173,VGND,li1,85.7900,146.8800,0.000044
FILLER_50_163,VGND,li1,80.9600,146.8800,0.000043
FILLER_50_160,VGND,li1,79.8100,146.8800,0.000041
FILLER_50_157,VGND,li1,78.4300,146.8800,0.000041
FILLER_50_154,VGND,li1,77.0500,146.8800,0.000038
FILLER_50_151,VGND,li1,75.6700,146.8800,0.000035
FILLER_50_148,VGND,li1,74.2900,146.8800,0.000035
FILLER_50_145,VGND,li1,72.9100,146.8800,0.000040
FILLER_50_138,VGND,li1,69.4600,146.8800,0.000043
FILLER_50_135,VGND,li1,68.3100,146.8800,0.000043
FILLER_50_132,VGND,li1,66.9300,146.8800,0.000043
FILLER_50_129,VGND,li1,65.5500,146.8800,0.000043
FILLER_50_116,VGND,li1,59.5700,146.8800,0.000040
FILLER_50_113,VGND,li1,58.1900,146.8800,0.000040
FILLER_50_110,VGND,li1,56.8100,146.8800,0.000038
FILLER_50_107,VGND,li1,55.4300,146.8800,0.000036
FILLER_50_104,VGND,li1,54.0500,146.8800,0.000036
FILLER_50_93,VGND,li1,48.5300,146.8800,0.000031
FILLER_50_90,VGND,li1,47.6100,146.8800,0.000031
FILLER_50_85,VGND,li1,44.8500,146.8800,0.000026
FILLER_50_81,VGND,li1,43.4700,146.8800,0.000026
FILLER_50_78,VGND,li1,42.0900,146.8800,0.000032
FILLER_50_75,VGND,li1,40.7100,146.8800,0.000032
FILLER_50_72,VGND,li1,39.3300,146.8800,0.000038
FILLER_50_65,VGND,li1,36.1100,146.8800,0.000042
FILLER_50_62,VGND,li1,34.7300,146.8800,0.000042
FILLER_50_6,VGND,li1,8.5100,146.8800,0.000033
FILLER_50_3,VGND,li1,7.5900,146.8800,0.000033
FILLER_49_607,VGND,li1,284.9700,146.8800,0.000033
FILLER_49_579,VGND,li1,272.5500,146.8800,0.000058
FILLER_49_572,VGND,li1,269.3300,146.8800,0.000056
FILLER_49_569,VGND,li1,267.9500,146.8800,0.000056
FILLER_49_557,VGND,li1,262.4300,146.8800,0.000050
FILLER_49_545,VGND,li1,256.9100,146.8800,0.000035
FILLER_49_542,VGND,li1,255.5300,146.8800,0.000035
FILLER_49_539,VGND,li1,254.1500,146.8800,0.000029
FILLER_49_536,VGND,li1,252.7700,146.8800,0.000029
FILLER_49_525,VGND,li1,247.7100,146.8800,0.000034
FILLER_49_515,VGND,li1,242.6500,146.8800,0.000037
FILLER_49_505,VGND,li1,238.2800,146.8800,0.000038
FILLER_49_476,VGND,li1,225.1700,146.8800,0.000022
FILLER_49_473,VGND,li1,223.7900,146.8800,0.000022
FILLER_49_470,VGND,li1,222.4100,146.8800,0.000024
FILLER_49_445,VGND,li1,210.9100,146.8800,0.000030
FILLER_49_442,VGND,li1,209.5300,146.8800,0.000031
FILLER_49_403,VGND,li1,191.1300,146.8800,0.000018
FILLER_49_400,VGND,li1,190.2100,146.8800,0.000020
FILLER_49_397,VGND,li1,188.8300,146.8800,0.000020
FILLER_49_340,VGND,li1,162.3800,146.8800,0.000021
FILLER_49_337,VGND,li1,161.2300,146.8800,0.000024
FILLER_49_335,VGND,li1,159.8500,146.8800,0.000024
FILLER_49_332,VGND,li1,158.9300,146.8800,0.000026
FILLER_49_309,VGND,li1,148.1200,146.8800,0.000030
FILLER_49_287,VGND,li1,137.7700,146.8800,0.000025
FILLER_49_284,VGND,li1,136.8500,146.8800,0.000022
FILLER_49_281,VGND,li1,135.4700,146.8800,0.000022
FILLER_49_277,VGND,li1,133.6300,146.8800,0.000020
FILLER_49_274,VGND,li1,132.2500,146.8800,0.000023
FILLER_49_264,VGND,li1,127.4200,146.8800,0.000027
FILLER_49_242,VGND,li1,117.0700,146.8800,0.000028
FILLER_49_239,VGND,li1,116.1500,146.8800,0.000028
FILLER_49_236,VGND,li1,114.7700,146.8800,0.000028
FILLER_49_225,VGND,li1,109.2500,146.8800,0.000026
FILLER_49_215,VGND,li1,104.6500,146.8800,0.000024
FILLER_49_206,VGND,li1,100.5100,146.8800,0.000027
FILLER_49_203,VGND,li1,99.5900,146.8800,0.000030
FILLER_49_200,VGND,li1,98.2100,146.8800,0.000030
FILLER_49_194,VGND,li1,95.2200,146.8800,0.000037
FILLER_49_191,VGND,li1,94.0700,146.8800,0.000037
FILLER_49_188,VGND,li1,92.6900,146.8800,0.000039
FILLER_49_185,VGND,li1,91.3100,146.8800,0.000039
FILLER_49_182,VGND,li1,89.9300,146.8800,0.000043
FILLER_49_179,VGND,li1,88.5500,146.8800,0.000043
FILLER_49_153,VGND,li1,76.5900,146.8800,0.000038
FILLER_49_137,VGND,li1,68.7700,146.8800,0.000043
FILLER_49_123,VGND,li1,62.5600,146.8800,0.000042
FILLER_49_109,VGND,li1,56.3500,146.8800,0.000038
FILLER_49_106,VGND,li1,54.9700,146.8800,0.000036
FILLER_49_103,VGND,li1,53.5900,146.8800,0.000035
FILLER_49_100,VGND,li1,52.2100,146.8800,0.000035
FILLER_49_97,VGND,li1,50.8300,146.8800,0.000032
FILLER_49_94,VGND,li1,49.4500,146.8800,0.000032
FILLER_49_91,VGND,li1,48.0700,146.8800,0.000031
FILLER_49_88,VGND,li1,46.6900,146.8800,0.000029
FILLER_49_85,VGND,li1,45.3100,146.8800,0.000029
FILLER_49_57,VGND,li1,32.4300,146.8800,0.000044
FILLER_49_53,VGND,li1,30.5900,146.8800,0.000046
FILLER_49_10,VGND,li1,10.3500,146.8800,0.000033
FILLER_49_3,VGND,li1,7.1300,146.8800,0.000033
FILLER_48_595,VGND,li1,279.6800,141.4400,0.000036
FILLER_48_589,VGND,li1,276.9200,141.4400,0.000043
FILLER_48_586,VGND,li1,275.5400,141.4400,0.000043
FILLER_48_568,VGND,li1,267.2600,141.4400,0.000052
FILLER_48_544,VGND,li1,256.4500,141.4400,0.000037
FILLER_48_533,VGND,li1,250.9300,141.4400,0.000035
FILLER_48_462,VGND,li1,218.5000,141.4400,0.000030
FILLER_48_459,VGND,li1,217.3500,141.4400,0.000031
FILLER_48_456,VGND,li1,215.9700,141.4400,0.000031
FILLER_48_453,VGND,li1,214.5900,141.4400,0.000031
FILLER_48_430,VGND,li1,203.7800,141.4400,0.000027
FILLER_48_427,VGND,li1,202.6300,141.4400,0.000025
FILLER_48_424,VGND,li1,201.2500,141.4400,0.000025
FILLER_48_421,VGND,li1,199.8700,141.4400,0.000024
FILLER_48_418,VGND,li1,198.2600,141.4400,0.000022
FILLER_48_415,VGND,li1,197.1100,141.4400,0.000022
FILLER_48_393,VGND,li1,186.5300,141.4400,0.000028
FILLER_48_362,VGND,li1,172.5000,141.4400,0.000021
FILLER_48_355,VGND,li1,169.0500,141.4400,0.000019
FILLER_48_352,VGND,li1,168.1300,141.4400,0.000017
FILLER_48_336,VGND,li1,160.5400,141.4400,0.000018
FILLER_48_333,VGND,li1,159.3900,141.4400,0.000019
FILLER_48_330,VGND,li1,158.0100,141.4400,0.000019
FILLER_48_327,VGND,li1,156.6300,141.4400,0.000022
FILLER_48_324,VGND,li1,155.2500,141.4400,0.000022
FILLER_48_309,VGND,li1,147.8900,141.4400,0.000027
FILLER_48_297,VGND,li1,142.8300,141.4400,0.000025
FILLER_48_294,VGND,li1,141.4500,141.4400,0.000023
FILLER_48_291,VGND,li1,140.0700,141.4400,0.000023
FILLER_48_262,VGND,li1,126.2700,141.4400,0.000022
FILLER_48_259,VGND,li1,125.3500,141.4400,0.000023
FILLER_48_256,VGND,li1,123.9700,141.4400,0.000023
FILLER_48_253,VGND,li1,122.5900,141.4400,0.000024
FILLER_48_251,VGND,li1,121.2100,141.4400,0.000024
FILLER_48_248,VGND,li1,120.2900,141.4400,0.000025
FILLER_48_245,VGND,li1,118.9100,141.4400,0.000025
FILLER_48_236,VGND,li1,114.7700,141.4400,0.000024
FILLER_48_225,VGND,li1,109.7100,141.4400,0.000022
FILLER_48_211,VGND,li1,103.0400,141.4400,0.000022
FILLER_48_208,VGND,li1,101.8900,141.4400,0.000022
FILLER_48_205,VGND,li1,100.5100,141.4400,0.000026
FILLER_48_202,VGND,li1,99.1300,141.4400,0.000026
FILLER_48_181,VGND,li1,89.4700,141.4400,0.000032
FILLER_48_178,VGND,li1,88.0900,141.4400,0.000032
FILLER_48_141,VGND,li1,71.0700,141.4400,0.000028
FILLER_48_139,VGND,li1,69.6900,141.4400,0.000029
FILLER_48_136,VGND,li1,68.7700,141.4400,0.000029
FILLER_48_127,VGND,li1,64.4000,141.4400,0.000030
FILLER_48_124,VGND,li1,63.2500,141.4400,0.000031
FILLER_48_121,VGND,li1,61.8700,141.4400,0.000031
FILLER_48_118,VGND,li1,60.4900,141.4400,0.000032
FILLER_48_115,VGND,li1,59.1100,141.4400,0.000032
FILLER_48_112,VGND,li1,57.7300,141.4400,0.000032
FILLER_48_109,VGND,li1,56.3500,141.4400,0.000031
FILLER_48_106,VGND,li1,54.9700,141.4400,0.000031
FILLER_48_81,VGND,li1,43.4700,141.4400,0.000030
FILLER_48_78,VGND,li1,42.0900,141.4400,0.000030
FILLER_48_67,VGND,li1,36.8000,141.4400,0.000040
FILLER_48_36,VGND,li1,22.3100,141.4400,0.000051
FILLER_47_593,VGND,li1,278.5300,141.4400,0.000040
FILLER_47_587,VGND,li1,276.0000,141.4400,0.000043
FILLER_47_571,VGND,li1,268.4100,141.4400,0.000051
FILLER_47_558,VGND,li1,262.6600,141.4400,0.000047
FILLER_47_555,VGND,li1,261.5100,141.4400,0.000047
FILLER_47_552,VGND,li1,260.1300,141.4400,0.000042
FILLER_47_549,VGND,li1,258.7500,141.4400,0.000042
FILLER_47_546,VGND,li1,257.3700,141.4400,0.000037
FILLER_47_533,VGND,li1,251.3900,141.4400,0.000035
FILLER_47_505,VGND,li1,238.5100,141.4400,0.000042
FILLER_47_501,VGND,li1,236.6700,141.4400,0.000041
FILLER_47_498,VGND,li1,235.2900,141.4400,0.000041
FILLER_47_492,VGND,li1,232.3000,141.4400,0.000038
FILLER_47_489,VGND,li1,231.1500,141.4400,0.000036
FILLER_47_486,VGND,li1,229.7700,141.4400,0.000036
FILLER_47_462,VGND,li1,218.7300,141.4400,0.000030
FILLER_47_446,VGND,li1,211.1400,141.4400,0.000030
FILLER_47_443,VGND,li1,209.9900,141.4400,0.000030
FILLER_47_440,VGND,li1,208.6100,141.4400,0.000030
FILLER_47_437,VGND,li1,207.2300,141.4400,0.000028
FILLER_47_434,VGND,li1,205.8500,141.4400,0.000028
FILLER_47_431,VGND,li1,204.4700,141.4400,0.000027
FILLER_47_428,VGND,li1,203.0900,141.4400,0.000027
FILLER_47_417,VGND,li1,198.0300,141.4400,0.000022
FILLER_47_414,VGND,li1,196.6500,141.4400,0.000022
FILLER_47_379,VGND,li1,180.0900,141.4400,0.000029
FILLER_47_364,VGND,li1,173.6500,141.4400,0.000023
FILLER_47_361,VGND,li1,172.2700,141.4400,0.000021
FILLER_47_358,VGND,li1,170.8900,141.4400,0.000021
FILLER_47_355,VGND,li1,169.5100,141.4400,0.000019
FILLER_47_352,VGND,li1,168.1300,141.4400,0.000017
FILLER_47_349,VGND,li1,166.7500,141.4400,0.000017
FILLER_47_346,VGND,li1,165.3700,141.4400,0.000015
FILLER_47_343,VGND,li1,163.9900,141.4400,0.000016
FILLER_47_340,VGND,li1,162.6100,141.4400,0.000016
FILLER_47_337,VGND,li1,161.2300,141.4400,0.000018
FILLER_47_324,VGND,li1,155.2500,141.4400,0.000022
FILLER_47_321,VGND,li1,153.8700,141.4400,0.000024
FILLER_47_297,VGND,li1,142.8300,141.4400,0.000025
FILLER_47_294,VGND,li1,141.4500,141.4400,0.000023
FILLER_47_291,VGND,li1,140.0700,141.4400,0.000023
FILLER_47_277,VGND,li1,133.6300,141.4400,0.000017
FILLER_47_268,VGND,li1,129.0300,141.4400,0.000021
FILLER_47_238,VGND,li1,115.2300,141.4400,0.000024
FILLER_47_202,VGND,li1,98.6700,141.4400,0.000028
FILLER_47_199,VGND,li1,97.7500,141.4400,0.000028
FILLER_47_196,VGND,li1,96.3700,141.4400,0.000029
FILLER_47_193,VGND,li1,94.9900,141.4400,0.000029
FILLER_47_190,VGND,li1,93.6100,141.4400,0.000031
FILLER_47_187,VGND,li1,92.2300,141.4400,0.000031
FILLER_47_184,VGND,li1,90.8500,141.4400,0.000031
FILLER_47_181,VGND,li1,89.4700,141.4400,0.000032
FILLER_47_178,VGND,li1,88.0900,141.4400,0.000032
FILLER_47_175,VGND,li1,86.7100,141.4400,0.000033
FILLER_47_172,VGND,li1,85.3300,141.4400,0.000033
FILLER_47_169,VGND,li1,83.9500,141.4400,0.000034
FILLER_47_166,VGND,li1,82.3400,141.4400,0.000034
FILLER_47_163,VGND,li1,81.1900,141.4400,0.000033
FILLER_47_160,VGND,li1,79.8100,141.4400,0.000031
FILLER_47_157,VGND,li1,78.4300,141.4400,0.000031
FILLER_47_154,VGND,li1,77.0500,141.4400,0.000029
FILLER_47_151,VGND,li1,75.6700,141.4400,0.000029
FILLER_47_146,VGND,li1,72.9100,141.4400,0.000026
FILLER_47_139,VGND,li1,69.9200,141.4400,0.000029
FILLER_47_136,VGND,li1,68.7700,141.4400,0.000029
FILLER_47_133,VGND,li1,67.3900,141.4400,0.000030
FILLER_47_130,VGND,li1,66.0100,141.4400,0.000030
FILLER_47_127,VGND,li1,64.6300,141.4400,0.000030
FILLER_47_117,VGND,li1,59.8000,141.4400,0.000032
FILLER_47_109,VGND,li1,56.3500,141.4400,0.000031
FILLER_47_106,VGND,li1,54.9700,141.4400,0.000031
FILLER_47_99,VGND,li1,51.2900,141.4400,0.000030
FILLER_47_75,VGND,li1,40.7100,141.4400,0.000035
FILLER_47_57,VGND,li1,32.2000,141.4400,0.000048
FILLER_47_55,VGND,li1,31.0500,141.4400,0.000048
FILLER_47_24,VGND,li1,17.0200,141.4400,0.000042
FILLER_46_601,VGND,li1,282.4400,136.0000,0.000030
FILLER_46_589,VGND,li1,277.1500,136.0000,0.000042
FILLER_46_566,VGND,li1,266.1100,136.0000,0.000048
FILLER_46_545,VGND,li1,256.9100,136.0000,0.000037
FILLER_46_542,VGND,li1,255.5300,136.0000,0.000033
FILLER_46_539,VGND,li1,254.1500,136.0000,0.000028
FILLER_46_536,VGND,li1,252.7700,136.0000,0.000028
FILLER_46_533,VGND,li1,251.3900,136.0000,0.000032
FILLER_46_531,VGND,li1,250.0100,136.0000,0.000034
FILLER_46_528,VGND,li1,249.0900,136.0000,0.000034
FILLER_46_518,VGND,li1,244.0300,136.0000,0.000037
FILLER_46_509,VGND,li1,240.1200,136.0000,0.000041
FILLER_46_485,VGND,li1,229.3100,136.0000,0.000040
FILLER_46_465,VGND,li1,219.8800,136.0000,0.000047
FILLER_46_459,VGND,li1,217.1200,136.0000,0.000056
FILLER_46_456,VGND,li1,215.9700,136.0000,0.000056
FILLER_46_453,VGND,li1,214.5900,136.0000,0.000061
FILLER_46_450,VGND,li1,213.2100,136.0000,0.000061
FILLER_46_447,VGND,li1,211.8300,136.0000,0.000064
FILLER_46_444,VGND,li1,210.4500,136.0000,0.000064
FILLER_46_433,VGND,li1,205.1600,136.0000,0.000069
FILLER_46_430,VGND,li1,204.0100,136.0000,0.000069
FILLER_46_398,VGND,li1,188.8300,136.0000,0.000053
FILLER_46_361,VGND,li1,172.2700,136.0000,0.000042
FILLER_46_358,VGND,li1,170.8900,136.0000,0.000037
FILLER_46_355,VGND,li1,169.5100,136.0000,0.000037
FILLER_46_352,VGND,li1,168.1300,136.0000,0.000033
FILLER_46_349,VGND,li1,166.7500,136.0000,0.000028
FILLER_46_346,VGND,li1,165.3700,136.0000,0.000028
FILLER_46_343,VGND,li1,163.9900,136.0000,0.000022
FILLER_46_340,VGND,li1,162.6100,136.0000,0.000022
FILLER_46_337,VGND,li1,161.2300,136.0000,0.000024
FILLER_46_334,VGND,li1,159.8500,136.0000,0.000024
FILLER_46_331,VGND,li1,158.4700,136.0000,0.000025
FILLER_46_328,VGND,li1,157.0900,136.0000,0.000027
FILLER_46_325,VGND,li1,155.7100,136.0000,0.000027
FILLER_46_322,VGND,li1,154.3300,136.0000,0.000028
FILLER_46_312,VGND,li1,149.5000,136.0000,0.000030
FILLER_46_309,VGND,li1,148.3500,136.0000,0.000030
FILLER_46_305,VGND,li1,146.5100,136.0000,0.000030
FILLER_46_302,VGND,li1,145.1300,136.0000,0.000030
FILLER_46_299,VGND,li1,143.7500,136.0000,0.000030
FILLER_46_296,VGND,li1,142.3700,136.0000,0.000030
FILLER_46_293,VGND,li1,140.9900,136.0000,0.000030
FILLER_46_262,VGND,li1,126.5000,136.0000,0.000038
FILLER_46_259,VGND,li1,125.3500,136.0000,0.000040
FILLER_46_246,VGND,li1,119.1400,136.0000,0.000046
FILLER_46_238,VGND,li1,115.4600,136.0000,0.000047
FILLER_46_235,VGND,li1,114.3100,136.0000,0.000047
FILLER_46_232,VGND,li1,112.9300,136.0000,0.000046
FILLER_46_220,VGND,li1,107.4100,136.0000,0.000044
FILLER_46_217,VGND,li1,106.0300,136.0000,0.000044
FILLER_46_214,VGND,li1,104.6500,136.0000,0.000043
FILLER_46_207,VGND,li1,100.9700,136.0000,0.000056
FILLER_46_197,VGND,li1,96.8300,136.0000,0.000073
FILLER_46_195,VGND,li1,95.4500,136.0000,0.000073
FILLER_46_192,VGND,li1,94.5300,136.0000,0.000074
FILLER_46_189,VGND,li1,93.1500,136.0000,0.000074
FILLER_46_186,VGND,li1,91.7700,136.0000,0.000074
FILLER_46_183,VGND,li1,90.3900,136.0000,0.000071
FILLER_46_180,VGND,li1,89.0100,136.0000,0.000071
FILLER_46_177,VGND,li1,87.6300,136.0000,0.000068
FILLER_46_174,VGND,li1,86.2500,136.0000,0.000064
FILLER_46_171,VGND,li1,84.8700,136.0000,0.000064
FILLER_46_161,VGND,li1,79.8100,136.0000,0.000054
FILLER_46_150,VGND,li1,74.9800,136.0000,0.000039
FILLER_46_147,VGND,li1,73.8300,136.0000,0.000043
FILLER_46_144,VGND,li1,72.4500,136.0000,0.000043
FILLER_46_141,VGND,li1,71.0700,136.0000,0.000048
FILLER_46_135,VGND,li1,67.8500,136.0000,0.000050
FILLER_46_132,VGND,li1,66.9300,136.0000,0.000051
FILLER_46_129,VGND,li1,65.5500,136.0000,0.000051
FILLER_46_126,VGND,li1,64.1700,136.0000,0.000052
FILLER_46_123,VGND,li1,62.7900,136.0000,0.000051
FILLER_46_120,VGND,li1,61.4100,136.0000,0.000051
FILLER_46_74,VGND,li1,39.7900,136.0000,0.000053
FILLER_46_71,VGND,li1,38.8700,136.0000,0.000053
FILLER_46_61,VGND,li1,33.8100,136.0000,0.000065
FILLER_46_58,VGND,li1,32.8900,136.0000,0.000069
FILLER_46_26,VGND,li1,17.9400,136.0000,0.000063
FILLER_46_6,VGND,li1,8.7400,136.0000,0.000051
FILLER_46_3,VGND,li1,7.5900,136.0000,0.000051
FILLER_45_609,VGND,li1,286.3500,136.0000,0.000025
FILLER_45_561,VGND,li1,264.2700,136.0000,0.000046
FILLER_45_558,VGND,li1,262.6600,136.0000,0.000044
FILLER_45_544,VGND,li1,256.4500,136.0000,0.000033
FILLER_45_541,VGND,li1,255.0700,136.0000,0.000033
FILLER_45_534,VGND,li1,251.6200,136.0000,0.000032
FILLER_45_524,VGND,li1,247.0200,136.0000,0.000036
FILLER_45_521,VGND,li1,245.8700,136.0000,0.000036
FILLER_45_518,VGND,li1,244.4900,136.0000,0.000037
FILLER_45_515,VGND,li1,243.1100,136.0000,0.000039
FILLER_45_508,VGND,li1,239.4300,136.0000,0.000041
FILLER_45_505,VGND,li1,238.5100,136.0000,0.000042
FILLER_45_503,VGND,li1,237.1300,136.0000,0.000042
FILLER_45_500,VGND,li1,236.2100,136.0000,0.000043
FILLER_45_497,VGND,li1,234.8300,136.0000,0.000043
FILLER_45_484,VGND,li1,228.6200,136.0000,0.000040
FILLER_45_481,VGND,li1,227.4700,136.0000,0.000038
FILLER_45_478,VGND,li1,226.0900,136.0000,0.000038
FILLER_45_472,VGND,li1,223.1000,136.0000,0.000042
FILLER_45_469,VGND,li1,221.9500,136.0000,0.000042
FILLER_45_466,VGND,li1,220.5700,136.0000,0.000047
FILLER_45_463,VGND,li1,219.1900,136.0000,0.000053
FILLER_45_460,VGND,li1,217.8100,136.0000,0.000053
FILLER_45_453,VGND,li1,214.5900,136.0000,0.000061
FILLER_45_445,VGND,li1,210.9100,136.0000,0.000064
FILLER_45_434,VGND,li1,205.6200,136.0000,0.000069
FILLER_45_380,VGND,li1,181.0100,136.0000,0.000054
FILLER_45_357,VGND,li1,170.4300,136.0000,0.000037
FILLER_45_354,VGND,li1,169.0500,136.0000,0.000033
FILLER_45_351,VGND,li1,167.6700,136.0000,0.000033
FILLER_45_348,VGND,li1,166.2900,136.0000,0.000028
FILLER_45_337,VGND,li1,161.0000,136.0000,0.000024
FILLER_45_324,VGND,li1,155.2500,136.0000,0.000028
FILLER_45_321,VGND,li1,153.8700,136.0000,0.000028
FILLER_45_318,VGND,li1,152.4900,136.0000,0.000029
FILLER_45_306,VGND,li1,146.9700,136.0000,0.000030
FILLER_45_303,VGND,li1,145.5900,136.0000,0.000030
FILLER_45_300,VGND,li1,144.2100,136.0000,0.000030
FILLER_45_290,VGND,li1,139.1500,136.0000,0.000030
FILLER_45_287,VGND,li1,138.2300,136.0000,0.000029
FILLER_45_284,VGND,li1,136.8500,136.0000,0.000029
FILLER_45_281,VGND,li1,135.4700,136.0000,0.000027
FILLER_45_278,VGND,li1,133.8600,136.0000,0.000026
FILLER_45_275,VGND,li1,132.7100,136.0000,0.000026
FILLER_45_266,VGND,li1,128.1100,136.0000,0.000038
FILLER_45_260,VGND,li1,125.5800,136.0000,0.000040
FILLER_45_257,VGND,li1,124.4300,136.0000,0.000040
FILLER_45_254,VGND,li1,123.0500,136.0000,0.000043
FILLER_45_251,VGND,li1,121.6700,136.0000,0.000043
FILLER_45_240,VGND,li1,116.6100,136.0000,0.000047
FILLER_45_237,VGND,li1,115.2300,136.0000,0.000047
FILLER_45_234,VGND,li1,113.8500,136.0000,0.000046
FILLER_45_231,VGND,li1,112.4700,136.0000,0.000046
FILLER_45_228,VGND,li1,111.0900,136.0000,0.000045
FILLER_45_225,VGND,li1,109.7100,136.0000,0.000045
FILLER_45_221,VGND,li1,107.8700,136.0000,0.000045
FILLER_45_215,VGND,li1,104.6500,136.0000,0.000043
FILLER_45_212,VGND,li1,103.7300,136.0000,0.000043
FILLER_45_209,VGND,li1,102.3500,136.0000,0.000056
FILLER_45_206,VGND,li1,100.9700,136.0000,0.000056
FILLER_45_203,VGND,li1,99.5900,136.0000,0.000069
FILLER_45_200,VGND,li1,98.2100,136.0000,0.000069
FILLER_45_179,VGND,li1,88.5500,136.0000,0.000068
FILLER_45_176,VGND,li1,87.1700,136.0000,0.000068
FILLER_45_166,VGND,li1,82.3400,136.0000,0.000059
FILLER_45_131,VGND,li1,66.2400,136.0000,0.000051
FILLER_45_128,VGND,li1,65.0900,136.0000,0.000052
FILLER_45_122,VGND,li1,62.1000,136.0000,0.000051
FILLER_45_119,VGND,li1,60.9500,136.0000,0.000050
FILLER_45_116,VGND,li1,59.5700,136.0000,0.000050
FILLER_45_113,VGND,li1,58.1900,136.0000,0.000050
FILLER_45_109,VGND,li1,56.3500,136.0000,0.000048
FILLER_45_106,VGND,li1,54.9700,136.0000,0.000048
FILLER_45_103,VGND,li1,53.5900,136.0000,0.000046
FILLER_45_100,VGND,li1,52.2100,136.0000,0.000046
FILLER_45_97,VGND,li1,50.8300,136.0000,0.000044
FILLER_45_94,VGND,li1,49.4500,136.0000,0.000044
FILLER_45_82,VGND,li1,43.9300,136.0000,0.000038
FILLER_45_79,VGND,li1,42.5500,136.0000,0.000044
FILLER_45_57,VGND,li1,31.9700,136.0000,0.000069
FILLER_45_47,VGND,li1,27.3700,136.0000,0.000075
FILLER_45_3,VGND,li1,7.3600,136.0000,0.000051
FILLER_44_611,VGND,li1,286.8100,130.5600,0.000023
FILLER_44_592,VGND,li1,278.3000,130.5600,0.000036
FILLER_44_589,VGND,li1,277.1500,130.5600,0.000036
FILLER_44_574,VGND,li1,270.2500,130.5600,0.000048
FILLER_44_571,VGND,li1,268.8700,130.5600,0.000051
FILLER_44_554,VGND,li1,261.0500,130.5600,0.000051
FILLER_44_551,VGND,li1,259.6700,130.5600,0.000048
FILLER_44_548,VGND,li1,258.2900,130.5600,0.000048
FILLER_44_545,VGND,li1,256.9100,130.5600,0.000045
FILLER_44_542,VGND,li1,255.5300,130.5600,0.000045
FILLER_44_539,VGND,li1,254.1500,130.5600,0.000041
FILLER_44_536,VGND,li1,252.7700,130.5600,0.000041
FILLER_44_533,VGND,li1,251.3900,130.5600,0.000049
FILLER_44_531,VGND,li1,250.0100,130.5600,0.000049
FILLER_44_480,VGND,li1,226.7800,130.5600,0.000059
FILLER_44_477,VGND,li1,225.6300,130.5600,0.000049
FILLER_44_473,VGND,li1,223.7900,130.5600,0.000040
FILLER_44_470,VGND,li1,222.4100,130.5600,0.000040
FILLER_44_467,VGND,li1,221.0300,130.5600,0.000040
FILLER_44_455,VGND,li1,215.5100,130.5600,0.000040
FILLER_44_432,VGND,li1,204.7000,130.5600,0.000037
FILLER_44_421,VGND,li1,199.6400,130.5600,0.000031
FILLER_44_398,VGND,li1,188.8300,130.5600,0.000034
FILLER_44_395,VGND,li1,187.9100,130.5600,0.000034
FILLER_44_392,VGND,li1,186.5300,130.5600,0.000036
FILLER_44_369,VGND,li1,175.7200,130.5600,0.000039
FILLER_44_361,VGND,li1,172.2700,130.5600,0.000037
FILLER_44_349,VGND,li1,166.7500,130.5600,0.000031
FILLER_44_346,VGND,li1,165.3700,130.5600,0.000031
FILLER_44_343,VGND,li1,163.9900,130.5600,0.000027
FILLER_44_340,VGND,li1,162.6100,130.5600,0.000027
FILLER_44_333,VGND,li1,159.3900,130.5600,0.000031
FILLER_44_330,VGND,li1,158.0100,130.5600,0.000032
FILLER_44_327,VGND,li1,156.6300,130.5600,0.000032
FILLER_44_324,VGND,li1,155.2500,130.5600,0.000033
FILLER_44_321,VGND,li1,153.8700,130.5600,0.000034
FILLER_44_318,VGND,li1,152.4900,130.5600,0.000034
FILLER_44_315,VGND,li1,151.1100,130.5600,0.000035
FILLER_44_312,VGND,li1,149.7300,130.5600,0.000035
FILLER_44_309,VGND,li1,148.3500,130.5600,0.000036
FILLER_44_299,VGND,li1,143.2900,130.5600,0.000033
FILLER_44_296,VGND,li1,142.3700,130.5600,0.000033
FILLER_44_293,VGND,li1,140.9900,130.5600,0.000032
FILLER_44_290,VGND,li1,139.6100,130.5600,0.000032
FILLER_44_284,VGND,li1,136.6200,130.5600,0.000029
FILLER_44_273,VGND,li1,131.7900,130.5600,0.000029
FILLER_44_265,VGND,li1,127.6500,130.5600,0.000037
FILLER_44_262,VGND,li1,126.7300,130.5600,0.000037
FILLER_44_249,VGND,li1,120.7500,130.5600,0.000043
FILLER_44_246,VGND,li1,119.3700,130.5600,0.000045
FILLER_44_212,VGND,li1,103.7300,130.5600,0.000043
FILLER_44_209,VGND,li1,102.3500,130.5600,0.000043
FILLER_44_206,VGND,li1,100.9700,130.5600,0.000052
FILLER_44_183,VGND,li1,90.1600,130.5600,0.000083
FILLER_44_162,VGND,li1,80.2700,130.5600,0.000069
FILLER_44_159,VGND,li1,79.3500,130.5600,0.000069
FILLER_44_154,VGND,li1,76.5900,130.5600,0.000055
FILLER_44_151,VGND,li1,75.6700,130.5600,0.000055
FILLER_44_148,VGND,li1,74.2900,130.5600,0.000046
FILLER_44_118,VGND,li1,60.4900,130.5600,0.000055
FILLER_44_103,VGND,li1,53.1300,130.5600,0.000045
FILLER_44_100,VGND,li1,52.2100,130.5600,0.000045
FILLER_44_97,VGND,li1,50.8300,130.5600,0.000042
FILLER_44_94,VGND,li1,49.4500,130.5600,0.000039
FILLER_44_91,VGND,li1,48.0700,130.5600,0.000039
FILLER_44_88,VGND,li1,46.6900,130.5600,0.000036
FILLER_44_85,VGND,li1,45.3100,130.5600,0.000033
FILLER_44_82,VGND,li1,43.7000,130.5600,0.000033
FILLER_44_73,VGND,li1,39.7900,130.5600,0.000040
FILLER_44_70,VGND,li1,38.4100,130.5600,0.000043
FILLER_44_67,VGND,li1,37.0300,130.5600,0.000043
FILLER_44_64,VGND,li1,35.6500,130.5600,0.000046
FILLER_44_40,VGND,li1,24.6100,130.5600,0.000046
FILLER_44_29,VGND,li1,19.3200,130.5600,0.000038
FILLER_44_27,VGND,li1,18.1700,130.5600,0.000036
FILLER_44_24,VGND,li1,17.2500,130.5600,0.000036
FILLER_43_609,VGND,li1,286.3500,130.5600,0.000023
FILLER_43_600,VGND,li1,281.7500,130.5600,0.000028
FILLER_43_579,VGND,li1,272.5500,130.5600,0.000044
FILLER_43_576,VGND,li1,271.1700,130.5600,0.000048
FILLER_43_571,VGND,li1,268.4100,130.5600,0.000051
FILLER_43_568,VGND,li1,267.4900,130.5600,0.000055
FILLER_43_565,VGND,li1,266.1100,130.5600,0.000055
FILLER_43_559,VGND,li1,262.8900,130.5600,0.000053
FILLER_43_546,VGND,li1,256.9100,130.5600,0.000045
FILLER_43_532,VGND,li1,250.4700,130.5600,0.000049
FILLER_43_529,VGND,li1,249.5500,130.5600,0.000055
FILLER_43_526,VGND,li1,248.1700,130.5600,0.000055
FILLER_43_512,VGND,li1,241.2700,130.5600,0.000073
FILLER_43_480,VGND,li1,227.0100,130.5600,0.000059
FILLER_43_477,VGND,li1,225.6300,130.5600,0.000049
FILLER_43_474,VGND,li1,224.2500,130.5600,0.000040
FILLER_43_471,VGND,li1,222.8700,130.5600,0.000040
FILLER_43_468,VGND,li1,221.4900,130.5600,0.000040
FILLER_43_456,VGND,li1,215.9700,130.5600,0.000040
FILLER_43_447,VGND,li1,211.3700,130.5600,0.000039
FILLER_43_444,VGND,li1,210.4500,130.5600,0.000039
FILLER_43_428,VGND,li1,203.0900,130.5600,0.000034
FILLER_43_410,VGND,li1,194.8100,130.5600,0.000025
FILLER_43_390,VGND,li1,185.3800,130.5600,0.000038
FILLER_43_337,VGND,li1,161.2300,130.5600,0.000030
FILLER_43_334,VGND,li1,159.6200,130.5600,0.000031
FILLER_43_331,VGND,li1,158.4700,130.5600,0.000031
FILLER_43_328,VGND,li1,157.0900,130.5600,0.000032
FILLER_43_325,VGND,li1,155.7100,130.5600,0.000033
FILLER_43_322,VGND,li1,154.3300,130.5600,0.000033
FILLER_43_299,VGND,li1,143.5200,130.5600,0.000033
FILLER_43_296,VGND,li1,142.3700,130.5600,0.000033
FILLER_43_285,VGND,li1,137.0800,130.5600,0.000029
FILLER_43_279,VGND,li1,134.0900,130.5600,0.000026
FILLER_43_276,VGND,li1,133.1700,130.5600,0.000029
FILLER_43_255,VGND,li1,123.5100,130.5600,0.000040
FILLER_43_252,VGND,li1,122.1300,130.5600,0.000043
FILLER_43_245,VGND,li1,118.9100,130.5600,0.000045
FILLER_43_234,VGND,li1,113.6200,130.5600,0.000046
FILLER_43_231,VGND,li1,112.4700,130.5600,0.000044
FILLER_43_228,VGND,li1,111.0900,130.5600,0.000044
FILLER_43_225,VGND,li1,109.7100,130.5600,0.000041
FILLER_43_222,VGND,li1,108.1000,130.5600,0.000039
FILLER_43_219,VGND,li1,106.9500,130.5600,0.000039
FILLER_43_216,VGND,li1,105.5700,130.5600,0.000037
FILLER_43_213,VGND,li1,104.1900,130.5600,0.000037
FILLER_43_210,VGND,li1,102.8100,130.5600,0.000043
FILLER_43_199,VGND,li1,97.2900,130.5600,0.000061
FILLER_43_196,VGND,li1,96.3700,130.5600,0.000069
FILLER_43_193,VGND,li1,94.9900,130.5600,0.000069
FILLER_43_190,VGND,li1,93.6100,130.5600,0.000078
FILLER_43_185,VGND,li1,90.8500,130.5600,0.000083
FILLER_43_175,VGND,li1,86.4800,130.5600,0.000090
FILLER_43_172,VGND,li1,85.3300,130.5600,0.000090
FILLER_43_169,VGND,li1,83.9500,130.5600,0.000083
FILLER_43_155,VGND,li1,77.5100,130.5600,0.000062
FILLER_43_152,VGND,li1,76.1300,130.5600,0.000055
FILLER_43_149,VGND,li1,74.7500,130.5600,0.000046
FILLER_43_146,VGND,li1,73.3700,130.5600,0.000046
FILLER_43_138,VGND,li1,69.4600,130.5600,0.000052
FILLER_43_128,VGND,li1,64.6300,130.5600,0.000055
FILLER_43_125,VGND,li1,63.7100,130.5600,0.000055
FILLER_43_117,VGND,li1,59.5700,130.5600,0.000053
FILLER_43_110,VGND,li1,56.5800,130.5600,0.000052
FILLER_43_107,VGND,li1,55.4300,130.5600,0.000048
FILLER_43_104,VGND,li1,54.0500,130.5600,0.000048
FILLER_43_101,VGND,li1,52.6700,130.5600,0.000045
FILLER_43_98,VGND,li1,51.2900,130.5600,0.000042
FILLER_43_95,VGND,li1,49.9100,130.5600,0.000042
FILLER_43_92,VGND,li1,48.5300,130.5600,0.000039
FILLER_43_89,VGND,li1,47.1500,130.5600,0.000036
FILLER_43_86,VGND,li1,45.7700,130.5600,0.000036
FILLER_43_83,VGND,li1,44.3900,130.5600,0.000033
FILLER_43_76,VGND,li1,40.9400,130.5600,0.000040
FILLER_43_73,VGND,li1,39.7900,130.5600,0.000040
FILLER_43_57,VGND,li1,32.2000,130.5600,0.000047
FILLER_43_3,VGND,li1,7.5900,130.5600,0.000034
FILLER_42_611,VGND,li1,286.8100,125.1200,0.000011
FILLER_42_608,VGND,li1,285.8900,125.1200,0.000011
FILLER_42_563,VGND,li1,265.1900,125.1200,0.000024
FILLER_42_531,VGND,li1,250.0100,125.1200,0.000029
FILLER_42_528,VGND,li1,249.0900,125.1200,0.000032
FILLER_42_525,VGND,li1,247.7100,125.1200,0.000032
FILLER_42_522,VGND,li1,246.3300,125.1200,0.000036
FILLER_42_519,VGND,li1,244.9500,125.1200,0.000036
FILLER_42_516,VGND,li1,243.5700,125.1200,0.000039
FILLER_42_513,VGND,li1,242.1900,125.1200,0.000039
FILLER_42_510,VGND,li1,240.8100,125.1200,0.000041
FILLER_42_507,VGND,li1,239.4300,125.1200,0.000041
FILLER_42_487,VGND,li1,230.2300,125.1200,0.000042
FILLER_42_475,VGND,li1,224.2500,125.1200,0.000040
FILLER_42_472,VGND,li1,223.3300,125.1200,0.000050
FILLER_42_469,VGND,li1,221.9500,125.1200,0.000050
FILLER_42_466,VGND,li1,220.5700,125.1200,0.000061
FILLER_42_463,VGND,li1,219.1900,125.1200,0.000061
FILLER_42_460,VGND,li1,217.8100,125.1200,0.000072
FILLER_42_455,VGND,li1,215.0500,125.1200,0.000081
FILLER_42_436,VGND,li1,206.5400,125.1200,0.000087
FILLER_42_402,VGND,li1,191.1300,125.1200,0.000049
FILLER_42_371,VGND,li1,176.8700,125.1200,0.000058
FILLER_42_368,VGND,li1,175.4900,125.1200,0.000058
FILLER_42_365,VGND,li1,174.1100,125.1200,0.000059
FILLER_42_362,VGND,li1,172.5000,125.1200,0.000059
FILLER_42_359,VGND,li1,171.3500,125.1200,0.000059
FILLER_42_356,VGND,li1,169.9700,125.1200,0.000060
FILLER_42_353,VGND,li1,168.5900,125.1200,0.000060
FILLER_42_329,VGND,li1,157.5500,125.1200,0.000055
FILLER_42_326,VGND,li1,156.1700,125.1200,0.000057
FILLER_42_323,VGND,li1,154.7900,125.1200,0.000057
FILLER_42_296,VGND,li1,142.3700,125.1200,0.000049
FILLER_42_293,VGND,li1,140.9900,125.1200,0.000046
FILLER_42_290,VGND,li1,139.6100,125.1200,0.000046
FILLER_42_287,VGND,li1,138.2300,125.1200,0.000043
FILLER_42_284,VGND,li1,136.8500,125.1200,0.000043
FILLER_42_281,VGND,li1,135.4700,125.1200,0.000040
FILLER_42_278,VGND,li1,134.0900,125.1200,0.000040
FILLER_42_275,VGND,li1,132.7100,125.1200,0.000048
FILLER_42_264,VGND,li1,127.4200,125.1200,0.000065
FILLER_42_242,VGND,li1,117.3000,125.1200,0.000066
FILLER_42_239,VGND,li1,116.1500,125.1200,0.000061
FILLER_42_236,VGND,li1,114.7700,125.1200,0.000061
FILLER_42_233,VGND,li1,113.3900,125.1200,0.000056
FILLER_42_230,VGND,li1,112.0100,125.1200,0.000052
FILLER_42_227,VGND,li1,110.6300,125.1200,0.000052
FILLER_42_218,VGND,li1,106.0300,125.1200,0.000042
FILLER_42_215,VGND,li1,105.1100,125.1200,0.000036
FILLER_42_212,VGND,li1,103.7300,125.1200,0.000036
FILLER_42_209,VGND,li1,102.3500,125.1200,0.000039
FILLER_42_206,VGND,li1,100.9700,125.1200,0.000039
FILLER_42_197,VGND,li1,96.8300,125.1200,0.000044
FILLER_42_195,VGND,li1,95.4500,125.1200,0.000045
FILLER_42_192,VGND,li1,94.5300,125.1200,0.000045
FILLER_42_189,VGND,li1,93.1500,125.1200,0.000047
FILLER_42_186,VGND,li1,91.7700,125.1200,0.000047
FILLER_42_183,VGND,li1,90.3900,125.1200,0.000048
FILLER_42_169,VGND,li1,83.4900,125.1200,0.000042
FILLER_42_144,VGND,li1,72.2200,125.1200,0.000032
FILLER_42_141,VGND,li1,71.0700,125.1200,0.000036
FILLER_42_138,VGND,li1,69.4600,125.1200,0.000036
FILLER_42_97,VGND,li1,50.6000,125.1200,0.000045
FILLER_42_94,VGND,li1,49.4500,125.1200,0.000045
FILLER_42_91,VGND,li1,48.0700,125.1200,0.000040
FILLER_42_88,VGND,li1,46.6900,125.1200,0.000040
FILLER_42_85,VGND,li1,45.3100,125.1200,0.000036
FILLER_42_78,VGND,li1,41.8600,125.1200,0.000042
FILLER_42_55,VGND,li1,31.2800,125.1200,0.000049
FILLER_42_52,VGND,li1,30.1300,125.1200,0.000049
FILLER_42_38,VGND,li1,23.2300,125.1200,0.000044
FILLER_42_3,VGND,li1,7.3600,125.1200,0.000025
FILLER_41_609,VGND,li1,286.3500,125.1200,0.000011
FILLER_41_606,VGND,li1,284.9700,125.1200,0.000011
FILLER_41_603,VGND,li1,283.5900,125.1200,0.000011
FILLER_41_597,VGND,li1,280.6000,125.1200,0.000015
FILLER_41_594,VGND,li1,279.4500,125.1200,0.000017
FILLER_41_591,VGND,li1,278.0700,125.1200,0.000017
FILLER_41_588,VGND,li1,276.6900,125.1200,0.000018
FILLER_41_585,VGND,li1,275.3100,125.1200,0.000020
FILLER_41_582,VGND,li1,273.9300,125.1200,0.000020
FILLER_41_579,VGND,li1,272.5500,125.1200,0.000022
FILLER_41_576,VGND,li1,271.1700,125.1200,0.000022
FILLER_41_567,VGND,li1,266.8000,125.1200,0.000024
FILLER_41_564,VGND,li1,265.6500,125.1200,0.000024
FILLER_41_561,VGND,li1,264.2700,125.1200,0.000025
FILLER_41_558,VGND,li1,262.6600,125.1200,0.000026
FILLER_41_555,VGND,li1,261.5100,125.1200,0.000026
FILLER_41_544,VGND,li1,256.2200,125.1200,0.000024
FILLER_41_541,VGND,li1,255.0700,125.1200,0.000022
FILLER_41_538,VGND,li1,253.6900,125.1200,0.000026
FILLER_41_533,VGND,li1,250.9300,125.1200,0.000029
FILLER_41_522,VGND,li1,246.3300,125.1200,0.000036
FILLER_41_501,VGND,li1,236.6700,125.1200,0.000043
FILLER_41_498,VGND,li1,235.2900,125.1200,0.000043
FILLER_41_459,VGND,li1,217.3500,125.1200,0.000072
FILLER_41_449,VGND,li1,212.5200,125.1200,0.000087
FILLER_41_447,VGND,li1,211.3700,125.1200,0.000087
FILLER_41_444,VGND,li1,210.4500,125.1200,0.000093
FILLER_41_441,VGND,li1,209.0700,125.1200,0.000093
FILLER_41_393,VGND,li1,186.7600,125.1200,0.000054
FILLER_41_378,VGND,li1,179.6300,125.1200,0.000058
FILLER_41_375,VGND,li1,178.7100,125.1200,0.000058
FILLER_41_372,VGND,li1,177.3300,125.1200,0.000058
FILLER_41_369,VGND,li1,175.9500,125.1200,0.000058
FILLER_41_366,VGND,li1,174.5700,125.1200,0.000058
FILLER_41_363,VGND,li1,173.1900,125.1200,0.000059
FILLER_41_360,VGND,li1,171.8100,125.1200,0.000059
FILLER_41_357,VGND,li1,170.4300,125.1200,0.000059
FILLER_41_312,VGND,li1,149.7300,125.1200,0.000054
FILLER_41_309,VGND,li1,148.3500,125.1200,0.000053
FILLER_41_306,VGND,li1,146.9700,125.1200,0.000053
FILLER_41_303,VGND,li1,145.5900,125.1200,0.000052
FILLER_41_293,VGND,li1,140.7600,125.1200,0.000046
FILLER_41_290,VGND,li1,139.6100,125.1200,0.000046
FILLER_41_287,VGND,li1,138.2300,125.1200,0.000043
FILLER_41_284,VGND,li1,136.8500,125.1200,0.000043
FILLER_41_281,VGND,li1,135.4700,125.1200,0.000040
FILLER_41_279,VGND,li1,134.0900,125.1200,0.000040
FILLER_41_276,VGND,li1,133.1700,125.1200,0.000048
FILLER_41_273,VGND,li1,131.7900,125.1200,0.000048
FILLER_41_264,VGND,li1,127.6500,125.1200,0.000065
FILLER_41_231,VGND,li1,112.4700,125.1200,0.000056
FILLER_41_228,VGND,li1,111.0900,125.1200,0.000052
FILLER_41_225,VGND,li1,109.7100,125.1200,0.000047
FILLER_41_197,VGND,li1,96.6000,125.1200,0.000044
FILLER_41_194,VGND,li1,95.4500,125.1200,0.000045
FILLER_41_191,VGND,li1,94.0700,125.1200,0.000045
FILLER_41_188,VGND,li1,92.6900,125.1200,0.000047
FILLER_41_185,VGND,li1,91.3100,125.1200,0.000048
FILLER_41_179,VGND,li1,88.3200,125.1200,0.000049
FILLER_41_176,VGND,li1,87.1700,125.1200,0.000049
FILLER_41_169,VGND,li1,83.9500,125.1200,0.000045
FILLER_41_165,VGND,li1,82.1100,125.1200,0.000042
FILLER_41_162,VGND,li1,80.7300,125.1200,0.000038
FILLER_41_159,VGND,li1,79.3500,125.1200,0.000038
FILLER_41_156,VGND,li1,77.9700,125.1200,0.000033
FILLER_41_153,VGND,li1,76.5900,125.1200,0.000033
FILLER_41_150,VGND,li1,75.2100,125.1200,0.000028
FILLER_41_147,VGND,li1,73.8300,125.1200,0.000032
FILLER_41_122,VGND,li1,62.3300,125.1200,0.000044
FILLER_41_119,VGND,li1,60.9500,125.1200,0.000046
FILLER_41_113,VGND,li1,57.9600,125.1200,0.000046
FILLER_41_106,VGND,li1,54.7400,125.1200,0.000046
FILLER_41_57,VGND,li1,32.4300,125.1200,0.000050
FILLER_41_53,VGND,li1,30.5900,125.1200,0.000049
FILLER_41_3,VGND,li1,7.5900,125.1200,0.000025
FILLER_40_597,VGND,li1,280.3700,119.6800,0.000039
FILLER_40_589,VGND,li1,276.6900,119.6800,0.000040
FILLER_40_586,VGND,li1,275.5400,119.6800,0.000040
FILLER_40_583,VGND,li1,274.3900,119.6800,0.000040
FILLER_40_580,VGND,li1,273.0100,119.6800,0.000041
FILLER_40_577,VGND,li1,271.6300,119.6800,0.000041
FILLER_40_574,VGND,li1,270.2500,119.6800,0.000041
FILLER_40_555,VGND,li1,261.5100,119.6800,0.000034
FILLER_40_552,VGND,li1,260.1300,119.6800,0.000034
FILLER_40_549,VGND,li1,258.7500,119.6800,0.000031
FILLER_40_546,VGND,li1,257.3700,119.6800,0.000031
FILLER_40_536,VGND,li1,252.3100,119.6800,0.000031
FILLER_40_533,VGND,li1,251.3900,119.6800,0.000034
FILLER_40_530,VGND,li1,249.7800,119.6800,0.000038
FILLER_40_527,VGND,li1,248.6300,119.6800,0.000038
FILLER_40_519,VGND,li1,244.4900,119.6800,0.000045
FILLER_40_456,VGND,li1,215.5100,119.6800,0.000046
FILLER_40_453,VGND,li1,214.5900,119.6800,0.000046
FILLER_40_430,VGND,li1,203.7800,119.6800,0.000047
FILLER_40_399,VGND,li1,189.7500,119.6800,0.000042
FILLER_40_377,VGND,li1,179.1700,119.6800,0.000051
FILLER_40_374,VGND,li1,178.2500,119.6800,0.000051
FILLER_40_371,VGND,li1,176.8700,119.6800,0.000052
FILLER_40_368,VGND,li1,175.4900,119.6800,0.000052
FILLER_40_365,VGND,li1,174.1100,119.6800,0.000052
FILLER_40_353,VGND,li1,168.3600,119.6800,0.000047
FILLER_40_326,VGND,li1,156.1700,119.6800,0.000048
FILLER_40_309,VGND,li1,147.8900,119.6800,0.000045
FILLER_40_298,VGND,li1,143.2900,119.6800,0.000039
FILLER_40_295,VGND,li1,141.9100,119.6800,0.000039
FILLER_40_283,VGND,li1,136.3900,119.6800,0.000028
FILLER_40_280,VGND,li1,135.0100,119.6800,0.000025
FILLER_40_277,VGND,li1,133.6300,119.6800,0.000025
FILLER_40_274,VGND,li1,132.2500,119.6800,0.000028
FILLER_40_264,VGND,li1,127.1900,119.6800,0.000034
FILLER_40_259,VGND,li1,124.8900,119.6800,0.000036
FILLER_40_256,VGND,li1,123.9700,119.6800,0.000038
FILLER_40_253,VGND,li1,122.5900,119.6800,0.000038
FILLER_40_247,VGND,li1,119.3700,119.6800,0.000040
FILLER_40_244,VGND,li1,118.4500,119.6800,0.000040
FILLER_40_223,VGND,li1,108.7900,119.6800,0.000043
FILLER_40_220,VGND,li1,107.4100,119.6800,0.000043
FILLER_40_209,VGND,li1,102.1200,119.6800,0.000057
FILLER_40_188,VGND,li1,92.2300,119.6800,0.000084
FILLER_40_181,VGND,li1,89.0100,119.6800,0.000089
FILLER_40_168,VGND,li1,83.4900,119.6800,0.000079
FILLER_40_165,VGND,li1,82.1100,119.6800,0.000079
FILLER_40_162,VGND,li1,80.7300,119.6800,0.000073
FILLER_40_119,VGND,li1,60.9500,119.6800,0.000047
FILLER_40_95,VGND,li1,49.4500,119.6800,0.000039
FILLER_40_88,VGND,li1,46.6900,119.6800,0.000032
FILLER_40_85,VGND,li1,45.3100,119.6800,0.000032
FILLER_40_68,VGND,li1,37.4900,119.6800,0.000037
FILLER_40_38,VGND,li1,23.2300,119.6800,0.000037
FILLER_40_27,VGND,li1,18.1700,119.6800,0.000030
FILLER_40_24,VGND,li1,17.2500,119.6800,0.000030
FILLER_39_610,VGND,li1,286.5800,119.6800,0.000030
FILLER_39_590,VGND,li1,277.6100,119.6800,0.000040
FILLER_39_587,VGND,li1,276.2300,119.6800,0.000040
FILLER_39_584,VGND,li1,274.8500,119.6800,0.000040
FILLER_39_570,VGND,li1,267.9500,119.6800,0.000041
FILLER_39_561,VGND,li1,263.8100,119.6800,0.000038
FILLER_39_548,VGND,li1,258.2900,119.6800,0.000031
FILLER_39_537,VGND,li1,252.7700,119.6800,0.000031
FILLER_39_534,VGND,li1,251.8500,119.6800,0.000034
FILLER_39_531,VGND,li1,250.4700,119.6800,0.000034
FILLER_39_508,VGND,li1,239.6600,119.6800,0.000048
FILLER_39_505,VGND,li1,238.5100,119.6800,0.000048
FILLER_39_490,VGND,li1,231.3800,119.6800,0.000043
FILLER_39_487,VGND,li1,230.2300,119.6800,0.000043
FILLER_39_484,VGND,li1,228.8500,119.6800,0.000038
FILLER_39_481,VGND,li1,227.4700,119.6800,0.000038
FILLER_39_449,VGND,li1,212.5200,119.6800,0.000048
FILLER_39_424,VGND,li1,201.2500,119.6800,0.000044
FILLER_39_421,VGND,li1,199.8700,119.6800,0.000041
FILLER_39_397,VGND,li1,188.8300,119.6800,0.000042
FILLER_39_377,VGND,li1,179.6300,119.6800,0.000051
FILLER_39_355,VGND,li1,169.0500,119.6800,0.000047
FILLER_39_349,VGND,li1,166.5200,119.6800,0.000045
FILLER_39_346,VGND,li1,165.3700,119.6800,0.000042
FILLER_39_334,VGND,li1,159.6200,119.6800,0.000048
FILLER_39_331,VGND,li1,158.4700,119.6800,0.000048
FILLER_39_328,VGND,li1,157.0900,119.6800,0.000048
FILLER_39_325,VGND,li1,155.7100,119.6800,0.000048
FILLER_39_314,VGND,li1,150.4200,119.6800,0.000047
FILLER_39_287,VGND,li1,138.0000,119.6800,0.000033
FILLER_39_284,VGND,li1,136.8500,119.6800,0.000028
FILLER_39_281,VGND,li1,135.4700,119.6800,0.000028
FILLER_39_279,VGND,li1,134.0900,119.6800,0.000025
FILLER_39_276,VGND,li1,133.1700,119.6800,0.000028
FILLER_39_273,VGND,li1,131.7900,119.6800,0.000028
FILLER_39_270,VGND,li1,130.4100,119.6800,0.000031
FILLER_39_267,VGND,li1,129.0300,119.6800,0.000031
FILLER_39_255,VGND,li1,123.5100,119.6800,0.000038
FILLER_39_252,VGND,li1,122.1300,119.6800,0.000039
FILLER_39_249,VGND,li1,120.7500,119.6800,0.000039
FILLER_39_246,VGND,li1,119.3700,119.6800,0.000040
FILLER_39_243,VGND,li1,117.9900,119.6800,0.000041
FILLER_39_240,VGND,li1,116.6100,119.6800,0.000041
FILLER_39_237,VGND,li1,115.2300,119.6800,0.000042
FILLER_39_234,VGND,li1,113.8500,119.6800,0.000042
FILLER_39_231,VGND,li1,112.4700,119.6800,0.000043
FILLER_39_228,VGND,li1,111.0900,119.6800,0.000043
FILLER_39_225,VGND,li1,109.7100,119.6800,0.000043
FILLER_39_222,VGND,li1,108.1000,119.6800,0.000043
FILLER_39_219,VGND,li1,106.9500,119.6800,0.000043
FILLER_39_216,VGND,li1,105.5700,119.6800,0.000043
FILLER_39_213,VGND,li1,104.1900,119.6800,0.000043
FILLER_39_208,VGND,li1,101.4300,119.6800,0.000057
FILLER_39_205,VGND,li1,100.5100,119.6800,0.000069
FILLER_39_187,VGND,li1,91.7700,119.6800,0.000084
FILLER_39_178,VGND,li1,88.0900,119.6800,0.000087
FILLER_39_175,VGND,li1,86.7100,119.6800,0.000087
FILLER_39_172,VGND,li1,85.3300,119.6800,0.000082
FILLER_39_169,VGND,li1,83.9500,119.6800,0.000082
FILLER_39_166,VGND,li1,82.3400,119.6800,0.000079
FILLER_39_147,VGND,li1,73.3700,119.6800,0.000047
FILLER_39_113,VGND,li1,57.7300,119.6800,0.000045
FILLER_39_110,VGND,li1,56.5800,119.6800,0.000045
FILLER_39_92,VGND,li1,48.0700,119.6800,0.000035
FILLER_39_89,VGND,li1,47.1500,119.6800,0.000035
FILLER_39_86,VGND,li1,45.7700,119.6800,0.000032
FILLER_39_83,VGND,li1,44.3900,119.6800,0.000028
FILLER_39_80,VGND,li1,43.0100,119.6800,0.000028
FILLER_39_71,VGND,li1,38.4100,119.6800,0.000034
FILLER_39_68,VGND,li1,37.4900,119.6800,0.000037
FILLER_39_65,VGND,li1,36.1100,119.6800,0.000037
FILLER_39_54,VGND,li1,30.8200,119.6800,0.000040
FILLER_39_51,VGND,li1,29.6700,119.6800,0.000040
FILLER_39_6,VGND,li1,8.7400,119.6800,0.000027
FILLER_39_3,VGND,li1,7.5900,119.6800,0.000027
FILLER_38_611,VGND,li1,286.8100,114.2400,0.000018
FILLER_38_603,VGND,li1,283.3600,114.2400,0.000018
FILLER_38_598,VGND,li1,280.8300,114.2400,0.000021
FILLER_38_589,VGND,li1,276.6900,114.2400,0.000025
FILLER_38_585,VGND,li1,275.3100,114.2400,0.000027
FILLER_38_582,VGND,li1,273.9300,114.2400,0.000028
FILLER_38_579,VGND,li1,272.5500,114.2400,0.000028
FILLER_38_576,VGND,li1,271.1700,114.2400,0.000030
FILLER_38_573,VGND,li1,269.7900,114.2400,0.000030
FILLER_38_570,VGND,li1,267.9500,114.2400,0.000032
FILLER_38_548,VGND,li1,257.8300,114.2400,0.000029
FILLER_38_545,VGND,li1,256.9100,114.2400,0.000029
FILLER_38_542,VGND,li1,255.5300,114.2400,0.000026
FILLER_38_530,VGND,li1,249.7800,114.2400,0.000036
FILLER_38_527,VGND,li1,248.6300,114.2400,0.000036
FILLER_38_524,VGND,li1,247.2500,114.2400,0.000040
FILLER_38_521,VGND,li1,245.8700,114.2400,0.000040
FILLER_38_510,VGND,li1,240.8100,114.2400,0.000045
FILLER_38_507,VGND,li1,239.4300,114.2400,0.000045
FILLER_38_504,VGND,li1,238.0500,114.2400,0.000044
FILLER_38_480,VGND,li1,227.0100,114.2400,0.000037
FILLER_38_477,VGND,li1,225.6300,114.2400,0.000034
FILLER_38_467,VGND,li1,220.5700,114.2400,0.000037
FILLER_38_445,VGND,li1,210.4500,114.2400,0.000048
FILLER_38_425,VGND,li1,201.4800,114.2400,0.000044
FILLER_38_419,VGND,li1,198.4900,114.2400,0.000041
FILLER_38_377,VGND,li1,179.6300,114.2400,0.000043
FILLER_38_372,VGND,li1,176.8700,114.2400,0.000041
FILLER_38_369,VGND,li1,175.9500,114.2400,0.000040
FILLER_38_361,VGND,li1,172.2700,114.2400,0.000036
FILLER_38_358,VGND,li1,170.8900,114.2400,0.000036
FILLER_38_327,VGND,li1,156.4000,114.2400,0.000032
FILLER_38_324,VGND,li1,155.2500,114.2400,0.000033
FILLER_38_321,VGND,li1,153.8700,114.2400,0.000033
FILLER_38_318,VGND,li1,152.4900,114.2400,0.000034
FILLER_38_307,VGND,li1,146.9700,114.2400,0.000036
FILLER_38_304,VGND,li1,146.0500,114.2400,0.000037
FILLER_38_301,VGND,li1,144.6700,114.2400,0.000037
FILLER_38_279,VGND,li1,134.0900,114.2400,0.000032
FILLER_38_274,VGND,li1,131.7900,114.2400,0.000038
FILLER_38_271,VGND,li1,130.8700,114.2400,0.000043
FILLER_38_268,VGND,li1,129.4900,114.2400,0.000048
FILLER_38_265,VGND,li1,128.1100,114.2400,0.000048
FILLER_38_262,VGND,li1,126.7300,114.2400,0.000056
FILLER_38_256,VGND,li1,123.7400,114.2400,0.000061
FILLER_38_253,VGND,li1,122.5900,114.2400,0.000061
FILLER_38_243,VGND,li1,117.9900,114.2400,0.000072
FILLER_38_240,VGND,li1,116.6100,114.2400,0.000072
FILLER_38_237,VGND,li1,115.2300,114.2400,0.000074
FILLER_38_234,VGND,li1,113.8500,114.2400,0.000074
FILLER_38_223,VGND,li1,108.7900,114.2400,0.000077
FILLER_38_220,VGND,li1,107.4100,114.2400,0.000078
FILLER_38_203,VGND,li1,99.5900,114.2400,0.000106
FILLER_38_200,VGND,li1,98.2100,114.2400,0.000109
FILLER_38_197,VGND,li1,96.8300,114.2400,0.000112
FILLER_38_190,VGND,li1,93.3800,114.2400,0.000116
FILLER_38_171,VGND,li1,84.6400,114.2400,0.000104
FILLER_38_168,VGND,li1,83.4900,114.2400,0.000104
FILLER_38_159,VGND,li1,79.1200,114.2400,0.000085
FILLER_38_156,VGND,li1,77.9700,114.2400,0.000072
FILLER_38_145,VGND,li1,72.9100,114.2400,0.000061
FILLER_38_139,VGND,li1,69.6900,114.2400,0.000063
FILLER_38_136,VGND,li1,68.7700,114.2400,0.000063
FILLER_38_133,VGND,li1,67.3900,114.2400,0.000066
FILLER_38_85,VGND,li1,44.8500,114.2400,0.000033
FILLER_38_81,VGND,li1,43.4700,114.2400,0.000033
FILLER_38_78,VGND,li1,42.0900,114.2400,0.000036
FILLER_38_54,VGND,li1,31.0500,114.2400,0.000045
FILLER_38_27,VGND,li1,18.1700,114.2400,0.000036
FILLER_38_24,VGND,li1,17.2500,114.2400,0.000036
FILLER_37_601,VGND,li1,282.2100,114.2400,0.000021
FILLER_37_588,VGND,li1,276.6900,114.2400,0.000025
FILLER_37_547,VGND,li1,257.3700,114.2400,0.000029
FILLER_37_501,VGND,li1,236.6700,114.2400,0.000044
FILLER_37_498,VGND,li1,235.2900,114.2400,0.000044
FILLER_37_486,VGND,li1,229.7700,114.2400,0.000041
FILLER_37_483,VGND,li1,228.3900,114.2400,0.000037
FILLER_37_480,VGND,li1,227.0100,114.2400,0.000037
FILLER_37_457,VGND,li1,216.4300,114.2400,0.000042
FILLER_37_447,VGND,li1,211.3700,114.2400,0.000048
FILLER_37_436,VGND,li1,206.7700,114.2400,0.000048
FILLER_37_433,VGND,li1,205.3900,114.2400,0.000048
FILLER_37_423,VGND,li1,200.3300,114.2400,0.000044
FILLER_37_411,VGND,li1,195.2700,114.2400,0.000036
FILLER_37_408,VGND,li1,193.8900,114.2400,0.000033
FILLER_37_393,VGND,li1,186.7600,114.2400,0.000040
FILLER_37_370,VGND,li1,175.9500,114.2400,0.000040
FILLER_37_367,VGND,li1,175.0300,114.2400,0.000040
FILLER_37_356,VGND,li1,169.7400,114.2400,0.000034
FILLER_37_353,VGND,li1,168.5900,114.2400,0.000034
FILLER_37_350,VGND,li1,167.2100,114.2400,0.000030
FILLER_37_347,VGND,li1,165.8300,114.2400,0.000030
FILLER_37_337,VGND,li1,160.7700,114.2400,0.000030
FILLER_37_335,VGND,li1,159.8500,114.2400,0.000031
FILLER_37_332,VGND,li1,158.9300,114.2400,0.000031
FILLER_37_329,VGND,li1,157.5500,114.2400,0.000032
FILLER_37_326,VGND,li1,156.1700,114.2400,0.000032
FILLER_37_323,VGND,li1,154.7900,114.2400,0.000033
FILLER_37_320,VGND,li1,153.4100,114.2400,0.000034
FILLER_37_317,VGND,li1,152.0300,114.2400,0.000034
FILLER_37_314,VGND,li1,150.6500,114.2400,0.000035
FILLER_37_311,VGND,li1,149.2700,114.2400,0.000035
FILLER_37_308,VGND,li1,147.8900,114.2400,0.000036
FILLER_37_305,VGND,li1,146.5100,114.2400,0.000036
FILLER_37_302,VGND,li1,145.1300,114.2400,0.000037
FILLER_37_278,VGND,li1,133.8600,114.2400,0.000032
FILLER_37_275,VGND,li1,132.7100,114.2400,0.000038
FILLER_37_272,VGND,li1,131.3300,114.2400,0.000043
FILLER_37_269,VGND,li1,129.9500,114.2400,0.000043
FILLER_37_266,VGND,li1,128.5700,114.2400,0.000048
FILLER_37_237,VGND,li1,115.2300,114.2400,0.000074
FILLER_37_225,VGND,li1,109.7100,114.2400,0.000077
FILLER_37_212,VGND,li1,103.7300,114.2400,0.000097
FILLER_37_209,VGND,li1,102.3500,114.2400,0.000097
FILLER_37_202,VGND,li1,99.1300,114.2400,0.000109
FILLER_37_199,VGND,li1,97.7500,114.2400,0.000109
FILLER_37_181,VGND,li1,89.2400,114.2400,0.000117
FILLER_37_175,VGND,li1,86.4800,114.2400,0.000113
FILLER_37_167,VGND,li1,82.5700,114.2400,0.000095
FILLER_37_164,VGND,li1,81.6500,114.2400,0.000095
FILLER_37_145,VGND,li1,72.6800,114.2400,0.000061
FILLER_37_142,VGND,li1,71.5300,114.2400,0.000061
FILLER_37_139,VGND,li1,70.1500,114.2400,0.000063
FILLER_37_102,VGND,li1,52.6700,114.2400,0.000052
FILLER_37_99,VGND,li1,51.7500,114.2400,0.000052
FILLER_37_96,VGND,li1,50.3700,114.2400,0.000046
FILLER_37_93,VGND,li1,48.9900,114.2400,0.000046
FILLER_37_90,VGND,li1,47.6100,114.2400,0.000041
FILLER_37_73,VGND,li1,39.5600,114.2400,0.000039
FILLER_37_63,VGND,li1,34.7300,114.2400,0.000045
FILLER_37_60,VGND,li1,33.8100,114.2400,0.000045
FILLER_37_57,VGND,li1,32.4300,114.2400,0.000045
FILLER_37_45,VGND,li1,26.6800,114.2400,0.000046
FILLER_37_42,VGND,li1,25.5300,114.2400,0.000046
FILLER_37_11,VGND,li1,10.8100,114.2400,0.000030
FILLER_36_610,VGND,li1,286.5800,108.8000,0.000020
FILLER_36_589,VGND,li1,276.6900,108.8000,0.000035
FILLER_36_582,VGND,li1,273.7000,108.8000,0.000034
FILLER_36_579,VGND,li1,272.5500,108.8000,0.000034
FILLER_36_567,VGND,li1,266.5700,108.8000,0.000032
FILLER_36_555,VGND,li1,261.5100,108.8000,0.000028
FILLER_36_543,VGND,li1,255.7600,108.8000,0.000021
FILLER_36_533,VGND,li1,250.9300,108.8000,0.000018
FILLER_36_520,VGND,li1,245.1800,108.8000,0.000020
FILLER_36_517,VGND,li1,244.0300,108.8000,0.000020
FILLER_36_514,VGND,li1,242.6500,108.8000,0.000020
FILLER_36_503,VGND,li1,237.3600,108.8000,0.000020
FILLER_36_500,VGND,li1,236.2100,108.8000,0.000020
FILLER_36_497,VGND,li1,234.8300,108.8000,0.000020
FILLER_36_494,VGND,li1,233.4500,108.8000,0.000019
FILLER_36_491,VGND,li1,232.0700,108.8000,0.000019
FILLER_36_488,VGND,li1,230.6900,108.8000,0.000018
FILLER_36_483,VGND,li1,227.9300,108.8000,0.000018
FILLER_36_480,VGND,li1,227.0100,108.8000,0.000018
FILLER_36_477,VGND,li1,225.6300,108.8000,0.000017
FILLER_36_453,VGND,li1,214.3600,108.8000,0.000029
FILLER_36_450,VGND,li1,213.2100,108.8000,0.000030
FILLER_36_447,VGND,li1,211.8300,108.8000,0.000030
FILLER_36_444,VGND,li1,210.4500,108.8000,0.000032
FILLER_36_429,VGND,li1,203.3200,108.8000,0.000034
FILLER_36_418,VGND,li1,198.2600,108.8000,0.000032
FILLER_36_395,VGND,li1,187.6800,108.8000,0.000042
FILLER_36_386,VGND,li1,183.3100,108.8000,0.000047
FILLER_36_361,VGND,li1,172.2700,108.8000,0.000037
FILLER_36_354,VGND,li1,169.0500,108.8000,0.000034
FILLER_36_351,VGND,li1,167.6700,108.8000,0.000029
FILLER_36_348,VGND,li1,166.2900,108.8000,0.000029
FILLER_36_345,VGND,li1,164.9100,108.8000,0.000025
FILLER_36_321,VGND,li1,153.8700,108.8000,0.000028
FILLER_36_318,VGND,li1,152.4900,108.8000,0.000028
FILLER_36_306,VGND,li1,146.7400,108.8000,0.000024
FILLER_36_303,VGND,li1,145.5900,108.8000,0.000024
FILLER_36_300,VGND,li1,144.2100,108.8000,0.000022
FILLER_36_297,VGND,li1,142.8300,108.8000,0.000022
FILLER_36_294,VGND,li1,141.4500,108.8000,0.000020
FILLER_36_291,VGND,li1,140.0700,108.8000,0.000020
FILLER_36_288,VGND,li1,138.6900,108.8000,0.000019
FILLER_36_285,VGND,li1,137.3100,108.8000,0.000017
FILLER_36_282,VGND,li1,135.9300,108.8000,0.000017
FILLER_36_267,VGND,li1,129.0300,108.8000,0.000022
FILLER_36_256,VGND,li1,123.7400,108.8000,0.000028
FILLER_36_253,VGND,li1,122.5900,108.8000,0.000030
FILLER_36_250,VGND,li1,120.9800,108.8000,0.000030
FILLER_36_240,VGND,li1,116.3800,108.8000,0.000034
FILLER_36_218,VGND,li1,106.0300,108.8000,0.000033
FILLER_36_215,VGND,li1,105.1100,108.8000,0.000032
FILLER_36_212,VGND,li1,103.7300,108.8000,0.000032
FILLER_36_209,VGND,li1,102.3500,108.8000,0.000039
FILLER_36_193,VGND,li1,94.9900,108.8000,0.000059
FILLER_36_190,VGND,li1,93.6100,108.8000,0.000059
FILLER_36_187,VGND,li1,92.2300,108.8000,0.000066
FILLER_36_184,VGND,li1,90.8500,108.8000,0.000066
FILLER_36_181,VGND,li1,89.4700,108.8000,0.000073
FILLER_36_172,VGND,li1,84.8700,108.8000,0.000070
FILLER_36_161,VGND,li1,80.2700,108.8000,0.000061
FILLER_36_158,VGND,li1,78.8900,108.8000,0.000061
FILLER_36_155,VGND,li1,77.5100,108.8000,0.000051
FILLER_36_141,VGND,li1,70.6100,108.8000,0.000050
FILLER_36_109,VGND,li1,55.8900,108.8000,0.000051
FILLER_36_106,VGND,li1,54.9700,108.8000,0.000049
FILLER_36_103,VGND,li1,53.5900,108.8000,0.000049
FILLER_36_100,VGND,li1,52.2100,108.8000,0.000045
FILLER_36_95,VGND,li1,49.4500,108.8000,0.000040
FILLER_36_92,VGND,li1,48.5300,108.8000,0.000040
FILLER_36_83,VGND,li1,43.9300,108.8000,0.000028
FILLER_36_80,VGND,li1,43.0100,108.8000,0.000028
FILLER_36_77,VGND,li1,41.6300,108.8000,0.000032
FILLER_36_74,VGND,li1,40.2500,108.8000,0.000032
FILLER_36_71,VGND,li1,38.8700,108.8000,0.000036
FILLER_36_49,VGND,li1,28.2900,108.8000,0.000043
FILLER_36_38,VGND,li1,23.4600,108.8000,0.000041
FILLER_36_27,VGND,li1,18.1700,108.8000,0.000036
FILLER_36_3,VGND,li1,7.5900,108.8000,0.000029
FILLER_35_609,VGND,li1,286.3500,108.8000,0.000020
FILLER_35_606,VGND,li1,284.9700,108.8000,0.000020
FILLER_35_603,VGND,li1,283.5900,108.8000,0.000020
FILLER_35_598,VGND,li1,280.8300,108.8000,0.000027
FILLER_35_595,VGND,li1,279.9100,108.8000,0.000027
FILLER_35_592,VGND,li1,278.5300,108.8000,0.000031
FILLER_35_583,VGND,li1,274.3900,108.8000,0.000034
FILLER_35_580,VGND,li1,273.0100,108.8000,0.000034
FILLER_35_577,VGND,li1,271.6300,108.8000,0.000033
FILLER_35_574,VGND,li1,270.2500,108.8000,0.000033
FILLER_35_561,VGND,li1,263.8100,108.8000,0.000030
FILLER_35_558,VGND,li1,262.6600,108.8000,0.000028
FILLER_35_528,VGND,li1,248.8600,108.8000,0.000019
FILLER_35_525,VGND,li1,247.7100,108.8000,0.000019
FILLER_35_522,VGND,li1,246.3300,108.8000,0.000019
FILLER_35_519,VGND,li1,244.9500,108.8000,0.000020
FILLER_35_508,VGND,li1,239.6600,108.8000,0.000020
FILLER_35_505,VGND,li1,238.5100,108.8000,0.000020
FILLER_35_502,VGND,li1,236.9000,108.8000,0.000020
FILLER_35_499,VGND,li1,235.7500,108.8000,0.000020
FILLER_35_496,VGND,li1,234.3700,108.8000,0.000020
FILLER_35_493,VGND,li1,232.9900,108.8000,0.000019
FILLER_35_482,VGND,li1,227.4700,108.8000,0.000018
FILLER_35_479,VGND,li1,226.5500,108.8000,0.000018
FILLER_35_476,VGND,li1,225.1700,108.8000,0.000017
FILLER_35_465,VGND,li1,219.6500,108.8000,0.000026
FILLER_35_462,VGND,li1,218.7300,108.8000,0.000026
FILLER_35_452,VGND,li1,213.6700,108.8000,0.000029
FILLER_35_449,VGND,li1,212.7500,108.8000,0.000030
FILLER_35_435,VGND,li1,206.3100,108.8000,0.000033
FILLER_35_432,VGND,li1,204.9300,108.8000,0.000034
FILLER_35_429,VGND,li1,203.5500,108.8000,0.000034
FILLER_35_426,VGND,li1,202.1700,108.8000,0.000033
FILLER_35_423,VGND,li1,200.7900,108.8000,0.000033
FILLER_35_420,VGND,li1,199.4100,108.8000,0.000032
FILLER_35_417,VGND,li1,198.0300,108.8000,0.000032
FILLER_35_399,VGND,li1,189.2900,108.8000,0.000042
FILLER_35_396,VGND,li1,188.3700,108.8000,0.000042
FILLER_35_393,VGND,li1,186.9900,108.8000,0.000045
FILLER_35_391,VGND,li1,185.6100,108.8000,0.000045
FILLER_35_388,VGND,li1,184.6900,108.8000,0.000047
FILLER_35_373,VGND,li1,177.7900,108.8000,0.000045
FILLER_35_370,VGND,li1,176.4100,108.8000,0.000045
FILLER_35_361,VGND,li1,172.2700,108.8000,0.000037
FILLER_35_358,VGND,li1,170.8900,108.8000,0.000037
FILLER_35_351,VGND,li1,167.6700,108.8000,0.000029
FILLER_35_348,VGND,li1,166.2900,108.8000,0.000029
FILLER_35_345,VGND,li1,164.9100,108.8000,0.000025
FILLER_35_335,VGND,li1,159.8500,108.8000,0.000030
FILLER_35_332,VGND,li1,158.9300,108.8000,0.000030
FILLER_35_321,VGND,li1,153.6400,108.8000,0.000028
FILLER_35_318,VGND,li1,152.4900,108.8000,0.000028
FILLER_35_315,VGND,li1,151.1100,108.8000,0.000026
FILLER_35_312,VGND,li1,149.7300,108.8000,0.000026
FILLER_35_309,VGND,li1,148.3500,108.8000,0.000025
FILLER_35_306,VGND,li1,146.9700,108.8000,0.000024
FILLER_35_293,VGND,li1,140.9900,108.8000,0.000020
FILLER_35_290,VGND,li1,139.6100,108.8000,0.000019
FILLER_35_287,VGND,li1,138.2300,108.8000,0.000019
FILLER_35_284,VGND,li1,136.8500,108.8000,0.000017
FILLER_35_281,VGND,li1,135.4700,108.8000,0.000016
FILLER_35_278,VGND,li1,133.8600,108.8000,0.000016
FILLER_35_275,VGND,li1,132.7100,108.8000,0.000019
FILLER_35_272,VGND,li1,131.3300,108.8000,0.000019
FILLER_35_269,VGND,li1,129.9500,108.8000,0.000022
FILLER_35_266,VGND,li1,128.5700,108.8000,0.000022
FILLER_35_263,VGND,li1,127.1900,108.8000,0.000025
FILLER_35_260,VGND,li1,125.8100,108.8000,0.000025
FILLER_35_257,VGND,li1,124.4300,108.8000,0.000028
FILLER_35_254,VGND,li1,123.0500,108.8000,0.000028
FILLER_35_251,VGND,li1,121.6700,108.8000,0.000030
FILLER_35_248,VGND,li1,120.2900,108.8000,0.000033
FILLER_35_228,VGND,li1,111.0900,108.8000,0.000036
FILLER_35_225,VGND,li1,109.7100,108.8000,0.000034
FILLER_35_222,VGND,li1,108.1000,108.8000,0.000034
FILLER_35_219,VGND,li1,106.9500,108.8000,0.000033
FILLER_35_216,VGND,li1,105.5700,108.8000,0.000033
FILLER_35_213,VGND,li1,104.1900,108.8000,0.000032
FILLER_35_210,VGND,li1,102.8100,108.8000,0.000039
FILLER_35_207,VGND,li1,101.4300,108.8000,0.000039
FILLER_35_199,VGND,li1,97.7500,108.8000,0.000050
FILLER_35_196,VGND,li1,96.3700,108.8000,0.000054
FILLER_35_193,VGND,li1,94.9900,108.8000,0.000059
FILLER_35_190,VGND,li1,93.6100,108.8000,0.000059
FILLER_35_187,VGND,li1,92.2300,108.8000,0.000066
FILLER_35_184,VGND,li1,90.8500,108.8000,0.000066
FILLER_35_181,VGND,li1,89.4700,108.8000,0.000073
FILLER_35_178,VGND,li1,88.0900,108.8000,0.000073
FILLER_35_175,VGND,li1,86.7100,108.8000,0.000072
FILLER_35_172,VGND,li1,85.3300,108.8000,0.000070
FILLER_35_169,VGND,li1,83.9500,108.8000,0.000070
FILLER_35_162,VGND,li1,80.5000,108.8000,0.000061
FILLER_35_155,VGND,li1,77.5100,108.8000,0.000051
FILLER_35_152,VGND,li1,76.1300,108.8000,0.000051
FILLER_35_113,VGND,li1,57.7300,108.8000,0.000054
FILLER_35_89,VGND,li1,46.9200,108.8000,0.000035
FILLER_35_86,VGND,li1,45.7700,108.8000,0.000035
FILLER_35_83,VGND,li1,44.3900,108.8000,0.000028
FILLER_35_80,VGND,li1,43.0100,108.8000,0.000028
FILLER_35_77,VGND,li1,41.6300,108.8000,0.000032
FILLER_35_74,VGND,li1,40.2500,108.8000,0.000032
FILLER_35_71,VGND,li1,38.8700,108.8000,0.000036
FILLER_35_68,VGND,li1,37.4900,108.8000,0.000036
FILLER_35_57,VGND,li1,32.4300,108.8000,0.000042
FILLER_35_54,VGND,li1,30.8200,108.8000,0.000042
FILLER_35_3,VGND,li1,7.1300,108.8000,0.000029
FILLER_34_609,VGND,li1,286.3500,103.3600,0.000030
FILLER_34_589,VGND,li1,276.9200,103.3600,0.000058
FILLER_34_586,VGND,li1,275.5400,103.3600,0.000058
FILLER_34_557,VGND,li1,261.9700,103.3600,0.000058
FILLER_34_554,VGND,li1,261.0500,103.3600,0.000058
FILLER_34_545,VGND,li1,256.4500,103.3600,0.000044
FILLER_34_542,VGND,li1,255.5300,103.3600,0.000039
FILLER_34_539,VGND,li1,254.1500,103.3600,0.000039
FILLER_34_536,VGND,li1,252.7700,103.3600,0.000044
FILLER_34_533,VGND,li1,251.3900,103.3600,0.000044
FILLER_34_530,VGND,li1,249.7800,103.3600,0.000047
FILLER_34_527,VGND,li1,248.6300,103.3600,0.000051
FILLER_34_524,VGND,li1,247.2500,103.3600,0.000051
FILLER_34_521,VGND,li1,245.8700,103.3600,0.000054
FILLER_34_513,VGND,li1,241.7300,103.3600,0.000060
FILLER_34_510,VGND,li1,240.8100,103.3600,0.000060
FILLER_34_500,VGND,li1,236.2100,103.3600,0.000062
FILLER_34_489,VGND,li1,230.6900,103.3600,0.000061
FILLER_34_486,VGND,li1,229.7700,103.3600,0.000060
FILLER_34_483,VGND,li1,228.3900,103.3600,0.000060
FILLER_34_473,VGND,li1,223.7900,103.3600,0.000057
FILLER_34_470,VGND,li1,222.4100,103.3600,0.000068
FILLER_34_467,VGND,li1,221.0300,103.3600,0.000079
FILLER_34_464,VGND,li1,219.6500,103.3600,0.000079
FILLER_34_440,VGND,li1,208.3800,103.3600,0.000105
FILLER_34_437,VGND,li1,207.2300,103.3600,0.000105
FILLER_34_434,VGND,li1,205.8500,103.3600,0.000095
FILLER_34_431,VGND,li1,204.4700,103.3600,0.000095
FILLER_34_424,VGND,li1,201.0200,103.3600,0.000072
FILLER_34_421,VGND,li1,199.8700,103.3600,0.000072
FILLER_34_419,VGND,li1,198.4900,103.3600,0.000060
FILLER_34_416,VGND,li1,197.5700,103.3600,0.000060
FILLER_34_406,VGND,li1,192.5100,103.3600,0.000041
FILLER_34_403,VGND,li1,191.5900,103.3600,0.000041
FILLER_34_400,VGND,li1,190.2100,103.3600,0.000040
FILLER_34_383,VGND,li1,182.3900,103.3600,0.000035
FILLER_34_380,VGND,li1,181.0100,103.3600,0.000035
FILLER_34_377,VGND,li1,179.6300,103.3600,0.000033
FILLER_34_374,VGND,li1,178.2500,103.3600,0.000031
FILLER_34_371,VGND,li1,176.8700,103.3600,0.000031
FILLER_34_368,VGND,li1,175.4900,103.3600,0.000029
FILLER_34_365,VGND,li1,174.1100,103.3600,0.000029
FILLER_34_361,VGND,li1,172.2700,103.3600,0.000027
FILLER_34_358,VGND,li1,170.8900,103.3600,0.000024
FILLER_34_355,VGND,li1,169.5100,103.3600,0.000024
FILLER_34_352,VGND,li1,168.1300,103.3600,0.000021
FILLER_34_333,VGND,li1,158.9300,103.3600,0.000020
FILLER_34_330,VGND,li1,158.0100,103.3600,0.000020
FILLER_34_327,VGND,li1,156.6300,103.3600,0.000022
FILLER_34_324,VGND,li1,155.2500,103.3600,0.000022
FILLER_34_321,VGND,li1,153.8700,103.3600,0.000022
FILLER_34_318,VGND,li1,152.4900,103.3600,0.000022
FILLER_34_315,VGND,li1,151.1100,103.3600,0.000023
FILLER_34_312,VGND,li1,149.7300,103.3600,0.000023
FILLER_34_309,VGND,li1,148.3500,103.3600,0.000023
FILLER_34_306,VGND,li1,146.7400,103.3600,0.000022
FILLER_34_303,VGND,li1,145.5900,103.3600,0.000022
FILLER_34_300,VGND,li1,144.2100,103.3600,0.000020
FILLER_34_297,VGND,li1,142.8300,103.3600,0.000020
FILLER_34_294,VGND,li1,141.4500,103.3600,0.000018
FILLER_34_291,VGND,li1,140.0700,103.3600,0.000018
FILLER_34_288,VGND,li1,138.6900,103.3600,0.000017
FILLER_34_285,VGND,li1,137.3100,103.3600,0.000015
FILLER_34_282,VGND,li1,135.9300,103.3600,0.000015
FILLER_34_270,VGND,li1,130.1800,103.3600,0.000016
FILLER_34_267,VGND,li1,129.0300,103.3600,0.000016
FILLER_34_264,VGND,li1,127.6500,103.3600,0.000017
FILLER_34_253,VGND,li1,122.1300,103.3600,0.000019
FILLER_34_251,VGND,li1,121.2100,103.3600,0.000019
FILLER_34_248,VGND,li1,120.2900,103.3600,0.000019
FILLER_34_245,VGND,li1,118.9100,103.3600,0.000019
FILLER_34_242,VGND,li1,117.5300,103.3600,0.000020
FILLER_34_219,VGND,li1,106.7200,103.3600,0.000017
FILLER_34_216,VGND,li1,105.5700,103.3600,0.000017
FILLER_34_213,VGND,li1,104.1900,103.3600,0.000015
FILLER_34_210,VGND,li1,102.8100,103.3600,0.000015
FILLER_34_207,VGND,li1,101.4300,103.3600,0.000018
FILLER_34_201,VGND,li1,98.2100,103.3600,0.000021
FILLER_34_193,VGND,li1,94.9900,103.3600,0.000026
FILLER_34_190,VGND,li1,93.6100,103.3600,0.000026
FILLER_34_187,VGND,li1,92.2300,103.3600,0.000028
FILLER_34_174,VGND,li1,85.7900,103.3600,0.000033
FILLER_34_167,VGND,li1,83.0300,103.3600,0.000032
FILLER_34_164,VGND,li1,81.6500,103.3600,0.000032
FILLER_34_141,VGND,li1,70.8400,103.3600,0.000037
FILLER_34_126,VGND,li1,63.7100,103.3600,0.000048
FILLER_34_111,VGND,li1,56.8100,103.3600,0.000050
FILLER_34_108,VGND,li1,55.8900,103.3600,0.000049
FILLER_34_105,VGND,li1,54.5100,103.3600,0.000048
FILLER_34_100,VGND,li1,51.7500,103.3600,0.000047
FILLER_34_97,VGND,li1,50.8300,103.3600,0.000047
FILLER_34_94,VGND,li1,49.4500,103.3600,0.000044
FILLER_34_91,VGND,li1,48.0700,103.3600,0.000044
FILLER_34_88,VGND,li1,46.6900,103.3600,0.000042
FILLER_34_85,VGND,li1,45.3100,103.3600,0.000039
FILLER_34_71,VGND,li1,38.4100,103.3600,0.000061
FILLER_34_25,VGND,li1,17.7100,103.3600,0.000075
FILLER_34_3,VGND,li1,7.1300,103.3600,0.000061
FILLER_33_610,VGND,li1,286.5800,103.3600,0.000030
FILLER_33_584,VGND,li1,274.6200,103.3600,0.000064
FILLER_33_581,VGND,li1,273.4700,103.3600,0.000064
FILLER_33_549,VGND,li1,258.5200,103.3600,0.000051
FILLER_33_546,VGND,li1,257.3700,103.3600,0.000044
FILLER_33_543,VGND,li1,255.9900,103.3600,0.000044
FILLER_33_532,VGND,li1,250.4700,103.3600,0.000047
FILLER_33_529,VGND,li1,249.5500,103.3600,0.000047
FILLER_33_526,VGND,li1,248.1700,103.3600,0.000051
FILLER_33_523,VGND,li1,246.7900,103.3600,0.000054
FILLER_33_520,VGND,li1,245.4100,103.3600,0.000054
FILLER_33_517,VGND,li1,244.0300,103.3600,0.000059
FILLER_33_514,VGND,li1,242.6500,103.3600,0.000059
FILLER_33_511,VGND,li1,241.2700,103.3600,0.000060
FILLER_33_508,VGND,li1,239.8900,103.3600,0.000062
FILLER_33_505,VGND,li1,238.5100,103.3600,0.000062
FILLER_33_501,VGND,li1,236.6700,103.3600,0.000062
FILLER_33_494,VGND,li1,232.9900,103.3600,0.000062
FILLER_33_491,VGND,li1,232.0700,103.3600,0.000061
FILLER_33_488,VGND,li1,230.6900,103.3600,0.000061
FILLER_33_464,VGND,li1,219.6500,103.3600,0.000079
FILLER_33_461,VGND,li1,218.2700,103.3600,0.000095
FILLER_33_458,VGND,li1,216.8900,103.3600,0.000095
FILLER_33_455,VGND,li1,215.5100,103.3600,0.000109
FILLER_33_452,VGND,li1,214.1300,103.3600,0.000109
FILLER_33_449,VGND,li1,212.7500,103.3600,0.000123
FILLER_33_437,VGND,li1,207.0000,103.3600,0.000105
FILLER_33_417,VGND,li1,197.8000,103.3600,0.000060
FILLER_33_403,VGND,li1,191.5900,103.3600,0.000041
FILLER_33_400,VGND,li1,190.2100,103.3600,0.000040
FILLER_33_393,VGND,li1,186.9900,103.3600,0.000039
FILLER_33_390,VGND,li1,185.3800,103.3600,0.000037
FILLER_33_382,VGND,li1,181.9300,103.3600,0.000035
FILLER_33_379,VGND,li1,180.5500,103.3600,0.000033
FILLER_33_376,VGND,li1,179.1700,103.3600,0.000033
FILLER_33_373,VGND,li1,177.7900,103.3600,0.000031
FILLER_33_340,VGND,li1,162.3800,103.3600,0.000019
FILLER_33_337,VGND,li1,161.2300,103.3600,0.000019
FILLER_33_333,VGND,li1,159.3900,103.3600,0.000020
FILLER_33_330,VGND,li1,158.0100,103.3600,0.000020
FILLER_33_316,VGND,li1,151.1100,103.3600,0.000023
FILLER_33_313,VGND,li1,150.1900,103.3600,0.000023
FILLER_33_306,VGND,li1,146.5100,103.3600,0.000022
FILLER_33_303,VGND,li1,145.5900,103.3600,0.000022
FILLER_33_300,VGND,li1,144.2100,103.3600,0.000020
FILLER_33_297,VGND,li1,142.8300,103.3600,0.000020
FILLER_33_290,VGND,li1,139.6100,103.3600,0.000017
FILLER_33_287,VGND,li1,138.2300,103.3600,0.000017
FILLER_33_284,VGND,li1,136.8500,103.3600,0.000015
FILLER_33_281,VGND,li1,135.4700,103.3600,0.000013
FILLER_33_279,VGND,li1,134.0900,103.3600,0.000013
FILLER_33_276,VGND,li1,133.1700,103.3600,0.000015
FILLER_33_264,VGND,li1,127.6500,103.3600,0.000017
FILLER_33_261,VGND,li1,126.2700,103.3600,0.000017
FILLER_33_258,VGND,li1,124.8900,103.3600,0.000018
FILLER_33_255,VGND,li1,123.5100,103.3600,0.000018
FILLER_33_252,VGND,li1,122.1300,103.3600,0.000019
FILLER_33_249,VGND,li1,120.7500,103.3600,0.000019
FILLER_33_246,VGND,li1,119.3700,103.3600,0.000019
FILLER_33_243,VGND,li1,117.9900,103.3600,0.000020
FILLER_33_240,VGND,li1,116.6100,103.3600,0.000020
FILLER_33_237,VGND,li1,115.2300,103.3600,0.000020
FILLER_33_234,VGND,li1,113.8500,103.3600,0.000020
FILLER_33_231,VGND,li1,112.4700,103.3600,0.000021
FILLER_33_228,VGND,li1,111.0900,103.3600,0.000020
FILLER_33_225,VGND,li1,109.7100,103.3600,0.000020
FILLER_33_221,VGND,li1,107.8700,103.3600,0.000018
FILLER_33_218,VGND,li1,106.4900,103.3600,0.000017
FILLER_33_215,VGND,li1,105.1100,103.3600,0.000017
FILLER_33_212,VGND,li1,103.7300,103.3600,0.000015
FILLER_33_209,VGND,li1,102.3500,103.3600,0.000018
FILLER_33_206,VGND,li1,100.9700,103.3600,0.000018
FILLER_33_203,VGND,li1,99.5900,103.3600,0.000021
FILLER_33_200,VGND,li1,98.2100,103.3600,0.000021
FILLER_33_197,VGND,li1,96.8300,103.3600,0.000024
FILLER_33_194,VGND,li1,95.4500,103.3600,0.000024
FILLER_33_191,VGND,li1,94.0700,103.3600,0.000026
FILLER_33_188,VGND,li1,92.6900,103.3600,0.000028
FILLER_33_185,VGND,li1,91.3100,103.3600,0.000028
FILLER_33_169,VGND,li1,83.7200,103.3600,0.000032
FILLER_33_166,VGND,li1,82.3400,103.3600,0.000032
FILLER_33_147,VGND,li1,73.3700,103.3600,0.000034
FILLER_33_139,VGND,li1,70.1500,103.3600,0.000037
FILLER_33_113,VGND,li1,57.7300,103.3600,0.000050
FILLER_33_101,VGND,li1,52.2100,103.3600,0.000047
FILLER_33_98,VGND,li1,51.2900,103.3600,0.000047
FILLER_33_88,VGND,li1,46.2300,103.3600,0.000042
FILLER_33_85,VGND,li1,45.3100,103.3600,0.000039
FILLER_33_82,VGND,li1,43.9300,103.3600,0.000039
FILLER_33_79,VGND,li1,42.5500,103.3600,0.000048
FILLER_33_76,VGND,li1,41.1700,103.3600,0.000055
FILLER_33_57,VGND,li1,31.9700,103.3600,0.000082
FILLER_33_35,VGND,li1,21.8500,103.3600,0.000084
FILLER_33_3,VGND,li1,7.5900,103.3600,0.000061
FILLER_32_609,VGND,li1,286.3500,97.9200,0.000031
FILLER_32_606,VGND,li1,284.9700,97.9200,0.000031
FILLER_32_603,VGND,li1,283.5900,97.9200,0.000031
FILLER_32_595,VGND,li1,279.4500,97.9200,0.000045
FILLER_32_589,VGND,li1,276.9200,97.9200,0.000052
FILLER_32_587,VGND,li1,275.7700,97.9200,0.000052
FILLER_32_584,VGND,li1,274.8500,97.9200,0.000052
FILLER_32_581,VGND,li1,273.4700,97.9200,0.000052
FILLER_32_578,VGND,li1,272.0900,97.9200,0.000053
FILLER_32_568,VGND,li1,267.0300,97.9200,0.000050
FILLER_32_565,VGND,li1,266.1100,97.9200,0.000050
FILLER_32_558,VGND,li1,262.8900,97.9200,0.000042
FILLER_32_555,VGND,li1,261.5100,97.9200,0.000042
FILLER_32_552,VGND,li1,260.1300,97.9200,0.000035
FILLER_32_549,VGND,li1,258.7500,97.9200,0.000035
FILLER_32_546,VGND,li1,257.3700,97.9200,0.000027
FILLER_32_543,VGND,li1,255.9900,97.9200,0.000027
FILLER_32_518,VGND,li1,244.2600,97.9200,0.000021
FILLER_32_515,VGND,li1,243.1100,97.9200,0.000020
FILLER_32_512,VGND,li1,241.7300,97.9200,0.000019
FILLER_32_509,VGND,li1,240.3500,97.9200,0.000019
FILLER_32_498,VGND,li1,234.8300,97.9200,0.000017
FILLER_32_495,VGND,li1,233.9100,97.9200,0.000016
FILLER_32_492,VGND,li1,232.5300,97.9200,0.000016
FILLER_32_489,VGND,li1,231.1500,97.9200,0.000015
FILLER_32_486,VGND,li1,229.7700,97.9200,0.000015
FILLER_32_483,VGND,li1,228.3900,97.9200,0.000014
FILLER_32_480,VGND,li1,227.0100,97.9200,0.000014
FILLER_32_477,VGND,li1,225.6300,97.9200,0.000013
FILLER_32_475,VGND,li1,224.2500,97.9200,0.000012
FILLER_32_472,VGND,li1,223.3300,97.9200,0.000012
FILLER_32_460,VGND,li1,217.8100,97.9200,0.000016
FILLER_32_457,VGND,li1,216.4300,97.9200,0.000018
FILLER_32_454,VGND,li1,215.0500,97.9200,0.000018
FILLER_32_451,VGND,li1,213.6700,97.9200,0.000020
FILLER_32_448,VGND,li1,212.2900,97.9200,0.000021
FILLER_32_445,VGND,li1,210.9100,97.9200,0.000021
FILLER_32_442,VGND,li1,209.5300,97.9200,0.000022
FILLER_32_439,VGND,li1,208.1500,97.9200,0.000023
FILLER_32_436,VGND,li1,206.7700,97.9200,0.000023
FILLER_32_433,VGND,li1,205.3900,97.9200,0.000025
FILLER_32_430,VGND,li1,204.0100,97.9200,0.000025
FILLER_32_421,VGND,li1,199.4100,97.9200,0.000027
FILLER_32_417,VGND,li1,198.0300,97.9200,0.000028
FILLER_32_411,VGND,li1,195.0400,97.9200,0.000028
FILLER_32_408,VGND,li1,193.8900,97.9200,0.000034
FILLER_32_405,VGND,li1,192.5100,97.9200,0.000034
FILLER_32_393,VGND,li1,186.7600,97.9200,0.000044
FILLER_32_390,VGND,li1,185.6100,97.9200,0.000044
FILLER_32_387,VGND,li1,184.2300,97.9200,0.000042
FILLER_32_374,VGND,li1,178.2500,97.9200,0.000036
FILLER_32_371,VGND,li1,176.8700,97.9200,0.000032
FILLER_32_368,VGND,li1,175.4900,97.9200,0.000032
FILLER_32_365,VGND,li1,174.1100,97.9200,0.000030
FILLER_32_363,VGND,li1,172.7300,97.9200,0.000027
FILLER_32_360,VGND,li1,171.8100,97.9200,0.000027
FILLER_32_357,VGND,li1,170.4300,97.9200,0.000025
FILLER_32_354,VGND,li1,169.0500,97.9200,0.000025
FILLER_32_351,VGND,li1,167.6700,97.9200,0.000021
FILLER_32_348,VGND,li1,166.2900,97.9200,0.000021
FILLER_32_341,VGND,li1,163.0700,97.9200,0.000020
FILLER_32_338,VGND,li1,161.6900,97.9200,0.000021
FILLER_32_335,VGND,li1,160.3100,97.9200,0.000021
FILLER_32_332,VGND,li1,158.9300,97.9200,0.000022
FILLER_32_329,VGND,li1,157.5500,97.9200,0.000022
FILLER_32_326,VGND,li1,156.1700,97.9200,0.000023
FILLER_32_323,VGND,li1,154.7900,97.9200,0.000024
FILLER_32_320,VGND,li1,153.4100,97.9200,0.000024
FILLER_32_317,VGND,li1,152.0300,97.9200,0.000025
FILLER_32_307,VGND,li1,146.9700,97.9200,0.000025
FILLER_32_300,VGND,li1,144.2100,97.9200,0.000025
FILLER_32_289,VGND,li1,138.9200,97.9200,0.000023
FILLER_32_286,VGND,li1,137.7700,97.9200,0.000022
FILLER_32_283,VGND,li1,136.3900,97.9200,0.000022
FILLER_32_280,VGND,li1,135.0100,97.9200,0.000021
FILLER_32_277,VGND,li1,133.6300,97.9200,0.000025
FILLER_32_274,VGND,li1,132.2500,97.9200,0.000025
FILLER_32_271,VGND,li1,130.8700,97.9200,0.000030
FILLER_32_268,VGND,li1,129.4900,97.9200,0.000030
FILLER_32_265,VGND,li1,128.1100,97.9200,0.000034
FILLER_32_262,VGND,li1,126.7300,97.9200,0.000038
FILLER_32_259,VGND,li1,125.3500,97.9200,0.000038
FILLER_32_256,VGND,li1,123.9700,97.9200,0.000042
FILLER_32_253,VGND,li1,122.5900,97.9200,0.000046
FILLER_32_251,VGND,li1,121.2100,97.9200,0.000046
FILLER_32_236,VGND,li1,114.5400,97.9200,0.000051
FILLER_32_233,VGND,li1,113.3900,97.9200,0.000051
FILLER_32_230,VGND,li1,112.0100,97.9200,0.000051
FILLER_32_227,VGND,li1,110.6300,97.9200,0.000051
FILLER_32_220,VGND,li1,106.9500,97.9200,0.000050
FILLER_32_217,VGND,li1,106.0300,97.9200,0.000050
FILLER_32_214,VGND,li1,104.6500,97.9200,0.000048
FILLER_32_211,VGND,li1,103.2700,97.9200,0.000058
FILLER_32_204,VGND,li1,100.0500,97.9200,0.000068
FILLER_32_195,VGND,li1,95.4500,97.9200,0.000077
FILLER_32_192,VGND,li1,94.5300,97.9200,0.000077
FILLER_32_168,VGND,li1,83.4900,97.9200,0.000065
FILLER_32_165,VGND,li1,82.1100,97.9200,0.000060
FILLER_32_162,VGND,li1,80.7300,97.9200,0.000060
FILLER_32_141,VGND,li1,71.0700,97.9200,0.000046
FILLER_32_137,VGND,li1,69.2300,97.9200,0.000049
FILLER_32_116,VGND,li1,59.1100,97.9200,0.000053
FILLER_32_102,VGND,li1,52.9000,97.9200,0.000050
FILLER_32_94,VGND,li1,49.4500,97.9200,0.000044
FILLER_32_91,VGND,li1,48.0700,97.9200,0.000044
FILLER_32_88,VGND,li1,46.6900,97.9200,0.000041
FILLER_32_85,VGND,li1,45.3100,97.9200,0.000041
FILLER_32_82,VGND,li1,43.7000,97.9200,0.000038
FILLER_32_74,VGND,li1,39.7900,97.9200,0.000050
FILLER_32_71,VGND,li1,38.8700,97.9200,0.000050
FILLER_32_57,VGND,li1,32.2000,97.9200,0.000059
FILLER_32_54,VGND,li1,31.0500,97.9200,0.000059
FILLER_32_51,VGND,li1,29.6700,97.9200,0.000059
FILLER_32_48,VGND,li1,28.2900,97.9200,0.000058
FILLER_32_6,VGND,li1,8.5100,97.9200,0.000033
FILLER_32_3,VGND,li1,7.5900,97.9200,0.000033
FILLER_31_578,VGND,li1,272.0900,97.9200,0.000053
FILLER_31_575,VGND,li1,270.7100,97.9200,0.000053
FILLER_31_572,VGND,li1,269.3300,97.9200,0.000054
FILLER_31_569,VGND,li1,267.9500,97.9200,0.000054
FILLER_31_558,VGND,li1,262.6600,97.9200,0.000042
FILLER_31_547,VGND,li1,257.6000,97.9200,0.000027
FILLER_31_544,VGND,li1,256.4500,97.9200,0.000027
FILLER_31_541,VGND,li1,255.0700,97.9200,0.000022
FILLER_31_538,VGND,li1,253.6900,97.9200,0.000022
FILLER_31_535,VGND,li1,252.3100,97.9200,0.000022
FILLER_31_532,VGND,li1,250.9300,97.9200,0.000022
FILLER_31_529,VGND,li1,249.5500,97.9200,0.000022
FILLER_31_526,VGND,li1,248.1700,97.9200,0.000021
FILLER_31_523,VGND,li1,246.7900,97.9200,0.000021
FILLER_31_514,VGND,li1,242.1900,97.9200,0.000020
FILLER_31_511,VGND,li1,241.2700,97.9200,0.000019
FILLER_31_508,VGND,li1,239.8900,97.9200,0.000019
FILLER_31_505,VGND,li1,238.5100,97.9200,0.000019
FILLER_31_501,VGND,li1,236.6700,97.9200,0.000018
FILLER_31_498,VGND,li1,235.2900,97.9200,0.000017
FILLER_31_495,VGND,li1,233.9100,97.9200,0.000016
FILLER_31_492,VGND,li1,232.5300,97.9200,0.000016
FILLER_31_489,VGND,li1,231.1500,97.9200,0.000015
FILLER_31_486,VGND,li1,229.7700,97.9200,0.000015
FILLER_31_483,VGND,li1,228.3900,97.9200,0.000014
FILLER_31_480,VGND,li1,227.0100,97.9200,0.000014
FILLER_31_477,VGND,li1,225.6300,97.9200,0.000013
FILLER_31_474,VGND,li1,224.2500,97.9200,0.000012
FILLER_31_471,VGND,li1,222.8700,97.9200,0.000012
FILLER_31_461,VGND,li1,217.8100,97.9200,0.000016
FILLER_31_455,VGND,li1,215.2800,97.9200,0.000018
FILLER_31_452,VGND,li1,214.1300,97.9200,0.000020
FILLER_31_449,VGND,li1,212.7500,97.9200,0.000020
FILLER_31_447,VGND,li1,211.3700,97.9200,0.000021
FILLER_31_444,VGND,li1,210.4500,97.9200,0.000022
FILLER_31_441,VGND,li1,209.0700,97.9200,0.000022
FILLER_31_438,VGND,li1,207.6900,97.9200,0.000023
FILLER_31_427,VGND,li1,202.6300,97.9200,0.000027
FILLER_31_424,VGND,li1,201.2500,97.9200,0.000027
FILLER_31_421,VGND,li1,199.8700,97.9200,0.000027
FILLER_31_418,VGND,li1,198.4900,97.9200,0.000027
FILLER_31_415,VGND,li1,197.1100,97.9200,0.000028
FILLER_31_409,VGND,li1,194.1200,97.9200,0.000034
FILLER_31_406,VGND,li1,192.9700,97.9200,0.000034
FILLER_31_403,VGND,li1,191.5900,97.9200,0.000042
FILLER_31_400,VGND,li1,190.2100,97.9200,0.000042
FILLER_31_397,VGND,li1,188.8300,97.9200,0.000045
FILLER_31_389,VGND,li1,185.1500,97.9200,0.000042
FILLER_31_386,VGND,li1,183.7700,97.9200,0.000042
FILLER_31_383,VGND,li1,182.3900,97.9200,0.000039
FILLER_31_380,VGND,li1,181.0100,97.9200,0.000039
FILLER_31_374,VGND,li1,178.2500,97.9200,0.000036
FILLER_31_371,VGND,li1,176.8700,97.9200,0.000032
FILLER_31_368,VGND,li1,175.4900,97.9200,0.000032
FILLER_31_365,VGND,li1,174.1100,97.9200,0.000030
FILLER_31_362,VGND,li1,172.7300,97.9200,0.000027
FILLER_31_359,VGND,li1,171.3500,97.9200,0.000027
FILLER_31_356,VGND,li1,169.9700,97.9200,0.000025
FILLER_31_340,VGND,li1,162.1500,97.9200,0.000020
FILLER_31_337,VGND,li1,161.2300,97.9200,0.000021
FILLER_31_325,VGND,li1,155.2500,97.9200,0.000023
FILLER_31_322,VGND,li1,154.3300,97.9200,0.000024
FILLER_31_319,VGND,li1,152.9500,97.9200,0.000025
FILLER_31_316,VGND,li1,151.5700,97.9200,0.000025
FILLER_31_306,VGND,li1,146.9700,97.9200,0.000025
FILLER_31_303,VGND,li1,145.5900,97.9200,0.000025
FILLER_31_300,VGND,li1,144.2100,97.9200,0.000025
FILLER_31_297,VGND,li1,142.8300,97.9200,0.000024
FILLER_31_294,VGND,li1,141.4500,97.9200,0.000024
FILLER_31_287,VGND,li1,138.2300,97.9200,0.000023
FILLER_31_284,VGND,li1,136.8500,97.9200,0.000022
FILLER_31_281,VGND,li1,135.4700,97.9200,0.000021
FILLER_31_277,VGND,li1,133.6300,97.9200,0.000025
FILLER_31_274,VGND,li1,132.2500,97.9200,0.000025
FILLER_31_264,VGND,li1,127.6500,97.9200,0.000034
FILLER_31_261,VGND,li1,126.2700,97.9200,0.000038
FILLER_31_258,VGND,li1,124.8900,97.9200,0.000042
FILLER_31_253,VGND,li1,122.1300,97.9200,0.000046
FILLER_31_246,VGND,li1,119.3700,97.9200,0.000050
FILLER_31_243,VGND,li1,117.9900,97.9200,0.000050
FILLER_31_240,VGND,li1,116.6100,97.9200,0.000051
FILLER_31_237,VGND,li1,115.2300,97.9200,0.000051
FILLER_31_234,VGND,li1,113.8500,97.9200,0.000051
FILLER_31_231,VGND,li1,112.4700,97.9200,0.000051
FILLER_31_228,VGND,li1,111.0900,97.9200,0.000051
FILLER_31_225,VGND,li1,109.7100,97.9200,0.000051
FILLER_31_223,VGND,li1,108.3300,97.9200,0.000051
FILLER_31_220,VGND,li1,107.4100,97.9200,0.000051
FILLER_31_212,VGND,li1,103.5000,97.9200,0.000048
FILLER_31_209,VGND,li1,102.3500,97.9200,0.000058
FILLER_31_206,VGND,li1,100.9700,97.9200,0.000068
FILLER_31_201,VGND,li1,98.2100,97.9200,0.000072
FILLER_31_198,VGND,li1,97.2900,97.9200,0.000072
FILLER_31_195,VGND,li1,95.9100,97.9200,0.000077
FILLER_31_172,VGND,li1,85.3300,97.9200,0.000070
FILLER_31_169,VGND,li1,83.9500,97.9200,0.000065
FILLER_31_166,VGND,li1,82.3400,97.9200,0.000060
FILLER_31_163,VGND,li1,81.1900,97.9200,0.000060
FILLER_31_160,VGND,li1,79.8100,97.9200,0.000055
FILLER_31_157,VGND,li1,78.4300,97.9200,0.000055
FILLER_31_154,VGND,li1,77.0500,97.9200,0.000048
FILLER_31_151,VGND,li1,75.6700,97.9200,0.000048
FILLER_31_148,VGND,li1,74.2900,97.9200,0.000040
FILLER_31_145,VGND,li1,72.9100,97.9200,0.000040
FILLER_31_125,VGND,li1,63.2500,97.9200,0.000055
FILLER_31_113,VGND,li1,58.1900,97.9200,0.000053
FILLER_31_111,VGND,li1,56.8100,97.9200,0.000052
FILLER_31_108,VGND,li1,55.8900,97.9200,0.000052
FILLER_31_105,VGND,li1,54.5100,97.9200,0.000050
FILLER_31_100,VGND,li1,51.7500,97.9200,0.000048
FILLER_31_97,VGND,li1,50.8300,97.9200,0.000048
FILLER_31_87,VGND,li1,45.7700,97.9200,0.000041
FILLER_31_84,VGND,li1,44.8500,97.9200,0.000038
FILLER_31_79,VGND,li1,42.0900,97.9200,0.000046
FILLER_31_57,VGND,li1,32.4300,97.9200,0.000059
FILLER_31_53,VGND,li1,30.5900,97.9200,0.000059
FILLER_31_50,VGND,li1,29.2100,97.9200,0.000058
FILLER_31_47,VGND,li1,27.8300,97.9200,0.000058
FILLER_31_38,VGND,li1,23.4600,97.9200,0.000055
FILLER_31_6,VGND,li1,8.7400,97.9200,0.000033
FILLER_31_3,VGND,li1,7.5900,97.9200,0.000033
FILLER_30_609,VGND,li1,286.3500,92.4800,0.000033
FILLER_30_586,VGND,li1,275.5400,92.4800,0.000060
FILLER_30_583,VGND,li1,274.3900,92.4800,0.000062
FILLER_30_580,VGND,li1,273.0100,92.4800,0.000062
FILLER_30_577,VGND,li1,271.6300,92.4800,0.000064
FILLER_30_574,VGND,li1,270.2500,92.4800,0.000064
FILLER_30_539,VGND,li1,253.6900,92.4800,0.000036
FILLER_30_536,VGND,li1,252.7700,92.4800,0.000036
FILLER_30_533,VGND,li1,251.3900,92.4800,0.000036
FILLER_30_529,VGND,li1,249.5500,92.4800,0.000035
FILLER_30_526,VGND,li1,248.1700,92.4800,0.000035
FILLER_30_523,VGND,li1,246.7900,92.4800,0.000034
FILLER_30_520,VGND,li1,245.4100,92.4800,0.000033
FILLER_30_509,VGND,li1,240.3500,92.4800,0.000029
FILLER_30_506,VGND,li1,238.9700,92.4800,0.000029
FILLER_30_503,VGND,li1,237.5900,92.4800,0.000028
FILLER_30_500,VGND,li1,236.2100,92.4800,0.000026
FILLER_30_497,VGND,li1,234.8300,92.4800,0.000026
FILLER_30_486,VGND,li1,229.3100,92.4800,0.000021
FILLER_30_483,VGND,li1,228.3900,92.4800,0.000019
FILLER_30_480,VGND,li1,227.0100,92.4800,0.000019
FILLER_30_477,VGND,li1,225.6300,92.4800,0.000016
FILLER_30_473,VGND,li1,223.7900,92.4800,0.000018
FILLER_30_470,VGND,li1,222.4100,92.4800,0.000018
FILLER_30_467,VGND,li1,221.0300,92.4800,0.000020
FILLER_30_464,VGND,li1,219.6500,92.4800,0.000020
FILLER_30_461,VGND,li1,218.2700,92.4800,0.000020
FILLER_30_458,VGND,li1,216.8900,92.4800,0.000020
FILLER_30_455,VGND,li1,215.5100,92.4800,0.000019
FILLER_30_434,VGND,li1,205.8500,92.4800,0.000017
FILLER_30_431,VGND,li1,204.4700,92.4800,0.000017
FILLER_30_417,VGND,li1,198.0300,92.4800,0.000014
FILLER_30_399,VGND,li1,189.7500,92.4800,0.000016
FILLER_30_396,VGND,li1,188.3700,92.4800,0.000018
FILLER_30_391,VGND,li1,185.6100,92.4800,0.000018
FILLER_30_386,VGND,li1,183.3100,92.4800,0.000018
FILLER_30_383,VGND,li1,182.3900,92.4800,0.000018
FILLER_30_380,VGND,li1,181.0100,92.4800,0.000018
FILLER_30_377,VGND,li1,179.6300,92.4800,0.000018
FILLER_30_374,VGND,li1,178.2500,92.4800,0.000017
FILLER_30_371,VGND,li1,176.8700,92.4800,0.000017
FILLER_30_368,VGND,li1,175.4900,92.4800,0.000016
FILLER_30_365,VGND,li1,174.1100,92.4800,0.000016
FILLER_30_363,VGND,li1,172.7300,92.4800,0.000015
FILLER_30_360,VGND,li1,171.8100,92.4800,0.000015
FILLER_30_357,VGND,li1,170.4300,92.4800,0.000014
FILLER_30_339,VGND,li1,162.1500,92.4800,0.000010
FILLER_30_336,VGND,li1,160.7700,92.4800,0.000011
FILLER_30_333,VGND,li1,159.3900,92.4800,0.000011
FILLER_30_330,VGND,li1,158.0100,92.4800,0.000011
FILLER_30_327,VGND,li1,156.6300,92.4800,0.000011
FILLER_30_324,VGND,li1,155.2500,92.4800,0.000011
FILLER_30_312,VGND,li1,149.7300,92.4800,0.000012
FILLER_30_309,VGND,li1,148.3500,92.4800,0.000012
FILLER_30_302,VGND,li1,144.9000,92.4800,0.000012
FILLER_30_286,VGND,li1,137.3100,92.4800,0.000012
FILLER_30_283,VGND,li1,136.3900,92.4800,0.000011
FILLER_30_280,VGND,li1,135.0100,92.4800,0.000011
FILLER_30_277,VGND,li1,133.6300,92.4800,0.000011
FILLER_30_259,VGND,li1,124.8900,92.4800,0.000022
FILLER_30_256,VGND,li1,123.9700,92.4800,0.000022
FILLER_30_253,VGND,li1,122.5900,92.4800,0.000024
FILLER_30_250,VGND,li1,120.9800,92.4800,0.000026
FILLER_30_237,VGND,li1,114.7700,92.4800,0.000032
FILLER_30_223,VGND,li1,108.3300,92.4800,0.000033
FILLER_30_220,VGND,li1,107.4100,92.4800,0.000034
FILLER_30_217,VGND,li1,106.0300,92.4800,0.000034
FILLER_30_214,VGND,li1,104.6500,92.4800,0.000035
FILLER_30_211,VGND,li1,103.2700,92.4800,0.000035
FILLER_30_187,VGND,li1,91.7700,92.4800,0.000070
FILLER_30_184,VGND,li1,90.8500,92.4800,0.000070
FILLER_30_181,VGND,li1,89.4700,92.4800,0.000070
FILLER_30_178,VGND,li1,88.0900,92.4800,0.000070
FILLER_30_175,VGND,li1,86.7100,92.4800,0.000070
FILLER_30_161,VGND,li1,79.8100,92.4800,0.000062
FILLER_30_151,VGND,li1,75.6700,92.4800,0.000044
FILLER_30_148,VGND,li1,74.2900,92.4800,0.000044
FILLER_30_145,VGND,li1,72.9100,92.4800,0.000048
FILLER_30_139,VGND,li1,69.6900,92.4800,0.000052
FILLER_30_121,VGND,li1,61.8700,92.4800,0.000062
FILLER_30_105,VGND,li1,54.5100,92.4800,0.000064
FILLER_30_102,VGND,li1,53.1300,92.4800,0.000063
FILLER_30_91,VGND,li1,47.8400,92.4800,0.000053
FILLER_30_88,VGND,li1,46.6900,92.4800,0.000053
FILLER_30_85,VGND,li1,45.3100,92.4800,0.000048
FILLER_30_69,VGND,li1,37.7200,92.4800,0.000064
FILLER_30_63,VGND,li1,34.9600,92.4800,0.000061
FILLER_30_60,VGND,li1,33.8100,92.4800,0.000061
FILLER_30_57,VGND,li1,32.4300,92.4800,0.000059
FILLER_30_40,VGND,li1,24.3800,92.4800,0.000049
FILLER_30_37,VGND,li1,23.2300,92.4800,0.000049
FILLER_30_27,VGND,li1,18.1700,92.4800,0.000038
FILLER_30_24,VGND,li1,17.2500,92.4800,0.000038
FILLER_29_611,VGND,li1,286.8100,92.4800,0.000033
FILLER_29_608,VGND,li1,285.8900,92.4800,0.000033
FILLER_29_577,VGND,li1,271.4000,92.4800,0.000064
FILLER_29_561,VGND,li1,264.0400,92.4800,0.000060
FILLER_29_553,VGND,li1,260.1300,92.4800,0.000051
FILLER_29_550,VGND,li1,259.2100,92.4800,0.000051
FILLER_29_547,VGND,li1,257.8300,92.4800,0.000043
FILLER_29_544,VGND,li1,256.4500,92.4800,0.000043
FILLER_29_541,VGND,li1,255.0700,92.4800,0.000037
FILLER_29_538,VGND,li1,253.6900,92.4800,0.000036
FILLER_29_535,VGND,li1,252.3100,92.4800,0.000036
FILLER_29_532,VGND,li1,250.9300,92.4800,0.000036
FILLER_29_520,VGND,li1,244.9500,92.4800,0.000033
FILLER_29_517,VGND,li1,244.0300,92.4800,0.000033
FILLER_29_514,VGND,li1,242.6500,92.4800,0.000031
FILLER_29_511,VGND,li1,241.2700,92.4800,0.000031
FILLER_29_508,VGND,li1,239.8900,92.4800,0.000029
FILLER_29_505,VGND,li1,238.5100,92.4800,0.000028
FILLER_29_503,VGND,li1,237.1300,92.4800,0.000028
FILLER_29_500,VGND,li1,236.2100,92.4800,0.000026
FILLER_29_497,VGND,li1,234.8300,92.4800,0.000026
FILLER_29_494,VGND,li1,233.4500,92.4800,0.000023
FILLER_29_491,VGND,li1,232.0700,92.4800,0.000023
FILLER_29_488,VGND,li1,230.6900,92.4800,0.000021
FILLER_29_485,VGND,li1,229.3100,92.4800,0.000021
FILLER_29_482,VGND,li1,227.9300,92.4800,0.000019
FILLER_29_464,VGND,li1,219.4200,92.4800,0.000020
FILLER_29_461,VGND,li1,218.2700,92.4800,0.000020
FILLER_29_458,VGND,li1,216.8900,92.4800,0.000020
FILLER_29_455,VGND,li1,215.5100,92.4800,0.000019
FILLER_29_452,VGND,li1,214.1300,92.4800,0.000019
FILLER_29_449,VGND,li1,212.7500,92.4800,0.000019
FILLER_29_445,VGND,li1,210.9100,92.4800,0.000018
FILLER_29_442,VGND,li1,209.5300,92.4800,0.000018
FILLER_29_439,VGND,li1,208.1500,92.4800,0.000017
FILLER_29_436,VGND,li1,206.7700,92.4800,0.000017
FILLER_29_433,VGND,li1,205.3900,92.4800,0.000017
FILLER_29_430,VGND,li1,204.0100,92.4800,0.000016
FILLER_29_427,VGND,li1,202.6300,92.4800,0.000016
FILLER_29_424,VGND,li1,201.2500,92.4800,0.000015
FILLER_29_421,VGND,li1,199.8700,92.4800,0.000015
FILLER_29_408,VGND,li1,193.8900,92.4800,0.000014
FILLER_29_405,VGND,li1,192.5100,92.4800,0.000014
FILLER_29_402,VGND,li1,191.1300,92.4800,0.000016
FILLER_29_381,VGND,li1,181.0100,92.4800,0.000018
FILLER_29_356,VGND,li1,169.9700,92.4800,0.000014
FILLER_29_343,VGND,li1,163.9900,92.4800,0.000010
FILLER_29_340,VGND,li1,162.6100,92.4800,0.000010
FILLER_29_337,VGND,li1,161.2300,92.4800,0.000010
FILLER_29_333,VGND,li1,159.3900,92.4800,0.000011
FILLER_29_330,VGND,li1,158.0100,92.4800,0.000011
FILLER_29_323,VGND,li1,154.7900,92.4800,0.000011
FILLER_29_320,VGND,li1,153.4100,92.4800,0.000012
FILLER_29_317,VGND,li1,152.0300,92.4800,0.000012
FILLER_29_314,VGND,li1,150.6500,92.4800,0.000012
FILLER_29_311,VGND,li1,149.2700,92.4800,0.000012
FILLER_29_308,VGND,li1,147.8900,92.4800,0.000012
FILLER_29_305,VGND,li1,146.5100,92.4800,0.000012
FILLER_29_302,VGND,li1,145.1300,92.4800,0.000012
FILLER_29_299,VGND,li1,143.7500,92.4800,0.000012
FILLER_29_296,VGND,li1,142.3700,92.4800,0.000012
FILLER_29_293,VGND,li1,140.9900,92.4800,0.000012
FILLER_29_290,VGND,li1,139.6100,92.4800,0.000012
FILLER_29_287,VGND,li1,138.2300,92.4800,0.000012
FILLER_29_284,VGND,li1,136.8500,92.4800,0.000012
FILLER_29_281,VGND,li1,135.4700,92.4800,0.000011
FILLER_29_279,VGND,li1,134.0900,92.4800,0.000011
FILLER_29_276,VGND,li1,133.1700,92.4800,0.000011
FILLER_29_273,VGND,li1,131.7900,92.4800,0.000014
FILLER_29_270,VGND,li1,130.4100,92.4800,0.000016
FILLER_29_267,VGND,li1,129.0300,92.4800,0.000016
FILLER_29_264,VGND,li1,127.6500,92.4800,0.000019
FILLER_29_261,VGND,li1,126.2700,92.4800,0.000019
FILLER_29_258,VGND,li1,124.8900,92.4800,0.000022
FILLER_29_255,VGND,li1,123.5100,92.4800,0.000022
FILLER_29_252,VGND,li1,122.1300,92.4800,0.000024
FILLER_29_246,VGND,li1,119.3700,92.4800,0.000026
FILLER_29_243,VGND,li1,117.9900,92.4800,0.000029
FILLER_29_240,VGND,li1,116.6100,92.4800,0.000029
FILLER_29_225,VGND,li1,109.7100,92.4800,0.000033
FILLER_29_223,VGND,li1,108.3300,92.4800,0.000033
FILLER_29_220,VGND,li1,107.4100,92.4800,0.000034
FILLER_29_217,VGND,li1,106.0300,92.4800,0.000034
FILLER_29_211,VGND,li1,103.0400,92.4800,0.000035
FILLER_29_208,VGND,li1,101.8900,92.4800,0.000045
FILLER_29_205,VGND,li1,100.5100,92.4800,0.000045
FILLER_29_202,VGND,li1,99.1300,92.4800,0.000056
FILLER_29_199,VGND,li1,97.7500,92.4800,0.000056
FILLER_29_196,VGND,li1,96.3700,92.4800,0.000064
FILLER_29_193,VGND,li1,94.9900,92.4800,0.000064
FILLER_29_190,VGND,li1,93.6100,92.4800,0.000069
FILLER_29_187,VGND,li1,92.2300,92.4800,0.000070
FILLER_29_180,VGND,li1,89.0100,92.4800,0.000070
FILLER_29_177,VGND,li1,87.6300,92.4800,0.000070
FILLER_29_172,VGND,li1,84.8700,92.4800,0.000070
FILLER_29_169,VGND,li1,83.9500,92.4800,0.000067
FILLER_29_159,VGND,li1,78.8900,92.4800,0.000057
FILLER_29_156,VGND,li1,77.9700,92.4800,0.000057
FILLER_29_146,VGND,li1,72.9100,92.4800,0.000048
FILLER_29_143,VGND,li1,71.9900,92.4800,0.000048
FILLER_29_140,VGND,li1,70.6100,92.4800,0.000052
FILLER_29_113,VGND,li1,57.9600,92.4800,0.000064
FILLER_29_92,VGND,li1,48.5300,92.4800,0.000057
FILLER_29_89,VGND,li1,47.1500,92.4800,0.000053
FILLER_29_86,VGND,li1,45.7700,92.4800,0.000048
FILLER_29_83,VGND,li1,44.3900,92.4800,0.000048
FILLER_29_80,VGND,li1,43.0100,92.4800,0.000058
FILLER_29_63,VGND,li1,34.9600,92.4800,0.000061
FILLER_29_60,VGND,li1,33.8100,92.4800,0.000061
FILLER_29_57,VGND,li1,32.4300,92.4800,0.000059
FILLER_29_54,VGND,li1,30.8200,92.4800,0.000057
FILLER_29_51,VGND,li1,29.6700,92.4800,0.000057
FILLER_29_48,VGND,li1,28.2900,92.4800,0.000054
FILLER_29_27,VGND,li1,18.4000,92.4800,0.000038
FILLER_29_24,VGND,li1,17.2500,92.4800,0.000038
FILLER_28_609,VGND,li1,286.3500,87.0400,0.000079
FILLER_28_606,VGND,li1,284.9700,87.0400,0.000079
FILLER_28_595,VGND,li1,279.6800,87.0400,0.000101
FILLER_28_589,VGND,li1,276.9200,87.0400,0.000107
FILLER_28_582,VGND,li1,273.9300,87.0400,0.000113
FILLER_28_574,VGND,li1,270.2500,87.0400,0.000111
FILLER_28_571,VGND,li1,268.8700,87.0400,0.000109
FILLER_28_566,VGND,li1,266.1100,87.0400,0.000106
FILLER_28_563,VGND,li1,265.1900,87.0400,0.000100
FILLER_28_560,VGND,li1,263.8100,87.0400,0.000094
FILLER_28_557,VGND,li1,262.4300,87.0400,0.000094
FILLER_28_551,VGND,li1,259.4400,87.0400,0.000084
FILLER_28_539,VGND,li1,253.6900,87.0400,0.000053
FILLER_28_536,VGND,li1,252.7700,87.0400,0.000056
FILLER_28_533,VGND,li1,251.3900,87.0400,0.000056
FILLER_28_529,VGND,li1,249.5500,87.0400,0.000058
FILLER_28_526,VGND,li1,248.1700,87.0400,0.000058
FILLER_28_523,VGND,li1,246.7900,87.0400,0.000058
FILLER_28_518,VGND,li1,244.0300,87.0400,0.000058
FILLER_28_515,VGND,li1,243.1100,87.0400,0.000057
FILLER_28_495,VGND,li1,233.4500,87.0400,0.000052
FILLER_28_492,VGND,li1,232.5300,87.0400,0.000049
FILLER_28_489,VGND,li1,231.1500,87.0400,0.000049
FILLER_28_486,VGND,li1,229.7700,87.0400,0.000044
FILLER_28_483,VGND,li1,228.3900,87.0400,0.000044
FILLER_28_480,VGND,li1,227.0100,87.0400,0.000040
FILLER_28_477,VGND,li1,225.6300,87.0400,0.000040
FILLER_28_475,VGND,li1,224.2500,87.0400,0.000038
FILLER_28_469,VGND,li1,221.7200,87.0400,0.000044
FILLER_28_466,VGND,li1,220.5700,87.0400,0.000044
FILLER_28_463,VGND,li1,219.1900,87.0400,0.000044
FILLER_28_460,VGND,li1,217.8100,87.0400,0.000044
FILLER_28_457,VGND,li1,216.4300,87.0400,0.000044
FILLER_28_454,VGND,li1,215.0500,87.0400,0.000044
FILLER_28_451,VGND,li1,213.6700,87.0400,0.000044
FILLER_28_445,VGND,li1,210.6800,87.0400,0.000044
FILLER_28_436,VGND,li1,206.5400,87.0400,0.000042
FILLER_28_433,VGND,li1,205.3900,87.0400,0.000042
FILLER_28_430,VGND,li1,204.0100,87.0400,0.000040
FILLER_28_427,VGND,li1,202.6300,87.0400,0.000039
FILLER_28_424,VGND,li1,201.2500,87.0400,0.000039
FILLER_28_421,VGND,li1,199.8700,87.0400,0.000034
FILLER_28_418,VGND,li1,198.2600,87.0400,0.000030
FILLER_28_415,VGND,li1,197.1100,87.0400,0.000030
FILLER_28_409,VGND,li1,194.1200,87.0400,0.000023
FILLER_28_377,VGND,li1,179.6300,87.0400,0.000025
FILLER_28_374,VGND,li1,178.2500,87.0400,0.000025
FILLER_28_361,VGND,li1,172.2700,87.0400,0.000024
FILLER_28_341,VGND,li1,162.8400,87.0400,0.000017
FILLER_28_338,VGND,li1,161.6900,87.0400,0.000019
FILLER_28_335,VGND,li1,160.3100,87.0400,0.000021
FILLER_28_332,VGND,li1,158.9300,87.0400,0.000021
FILLER_28_321,VGND,li1,153.6400,87.0400,0.000023
FILLER_28_318,VGND,li1,152.4900,87.0400,0.000023
FILLER_28_315,VGND,li1,151.1100,87.0400,0.000023
FILLER_28_312,VGND,li1,149.7300,87.0400,0.000023
FILLER_28_309,VGND,li1,148.3500,87.0400,0.000023
FILLER_28_298,VGND,li1,143.0600,87.0400,0.000023
FILLER_28_295,VGND,li1,141.9100,87.0400,0.000023
FILLER_28_283,VGND,li1,136.3900,87.0400,0.000019
FILLER_28_280,VGND,li1,135.0100,87.0400,0.000018
FILLER_28_277,VGND,li1,133.6300,87.0400,0.000020
FILLER_28_274,VGND,li1,132.2500,87.0400,0.000020
FILLER_28_271,VGND,li1,130.8700,87.0400,0.000023
FILLER_28_268,VGND,li1,129.4900,87.0400,0.000023
FILLER_28_265,VGND,li1,128.1100,87.0400,0.000026
FILLER_28_262,VGND,li1,126.7300,87.0400,0.000026
FILLER_28_259,VGND,li1,125.3500,87.0400,0.000028
FILLER_28_256,VGND,li1,123.9700,87.0400,0.000028
FILLER_28_253,VGND,li1,122.5900,87.0400,0.000031
FILLER_28_251,VGND,li1,121.2100,87.0400,0.000031
FILLER_28_248,VGND,li1,120.2900,87.0400,0.000031
FILLER_28_245,VGND,li1,118.9100,87.0400,0.000032
FILLER_28_229,VGND,li1,111.5500,87.0400,0.000030
FILLER_28_226,VGND,li1,110.1700,87.0400,0.000029
FILLER_28_223,VGND,li1,108.7900,87.0400,0.000028
FILLER_28_220,VGND,li1,107.4100,87.0400,0.000027
FILLER_28_217,VGND,li1,106.0300,87.0400,0.000027
FILLER_28_214,VGND,li1,104.6500,87.0400,0.000026
FILLER_28_206,VGND,li1,100.5100,87.0400,0.000036
FILLER_28_203,VGND,li1,99.5900,87.0400,0.000036
FILLER_28_200,VGND,li1,98.2100,87.0400,0.000039
FILLER_28_197,VGND,li1,96.8300,87.0400,0.000042
FILLER_28_194,VGND,li1,95.2200,87.0400,0.000046
FILLER_28_180,VGND,li1,88.5500,87.0400,0.000053
FILLER_28_177,VGND,li1,87.6300,87.0400,0.000054
FILLER_28_174,VGND,li1,86.2500,87.0400,0.000054
FILLER_28_167,VGND,li1,83.0300,87.0400,0.000051
FILLER_28_164,VGND,li1,81.6500,87.0400,0.000051
FILLER_28_161,VGND,li1,80.2700,87.0400,0.000047
FILLER_28_158,VGND,li1,78.8900,87.0400,0.000047
FILLER_28_155,VGND,li1,77.5100,87.0400,0.000042
FILLER_28_152,VGND,li1,76.1300,87.0400,0.000042
FILLER_28_149,VGND,li1,74.7500,87.0400,0.000039
FILLER_28_95,VGND,li1,49.4500,87.0400,0.000047
FILLER_28_92,VGND,li1,48.5300,87.0400,0.000043
FILLER_28_85,VGND,li1,45.3100,87.0400,0.000036
FILLER_28_82,VGND,li1,43.7000,87.0400,0.000032
FILLER_28_79,VGND,li1,42.5500,87.0400,0.000032
FILLER_28_76,VGND,li1,41.1700,87.0400,0.000035
FILLER_28_69,VGND,li1,37.9500,87.0400,0.000037
FILLER_28_66,VGND,li1,36.5700,87.0400,0.000039
FILLER_28_53,VGND,li1,30.5900,87.0400,0.000040
FILLER_28_50,VGND,li1,29.2100,87.0400,0.000038
FILLER_28_47,VGND,li1,27.8300,87.0400,0.000038
FILLER_28_44,VGND,li1,26.4500,87.0400,0.000037
FILLER_28_35,VGND,li1,22.0800,87.0400,0.000034
FILLER_28_32,VGND,li1,20.9300,87.0400,0.000032
FILLER_28_29,VGND,li1,19.5500,87.0400,0.000032
FILLER_28_26,VGND,li1,17.9400,87.0400,0.000030
FILLER_28_6,VGND,li1,8.9700,87.0400,0.000026
FILLER_28_3,VGND,li1,7.5900,87.0400,0.000026
FILLER_27_611,VGND,li1,286.8100,87.0400,0.000079
FILLER_27_594,VGND,li1,279.4500,87.0400,0.000101
FILLER_27_576,VGND,li1,270.9400,87.0400,0.000111
FILLER_27_573,VGND,li1,269.7900,87.0400,0.000109
FILLER_27_570,VGND,li1,268.4100,87.0400,0.000109
FILLER_27_567,VGND,li1,267.0300,87.0400,0.000106
FILLER_27_564,VGND,li1,265.6500,87.0400,0.000100
FILLER_27_561,VGND,li1,264.2700,87.0400,0.000100
FILLER_27_538,VGND,li1,253.4600,87.0400,0.000053
FILLER_27_527,VGND,li1,248.1700,87.0400,0.000058
FILLER_27_524,VGND,li1,247.2500,87.0400,0.000058
FILLER_27_515,VGND,li1,242.8800,87.0400,0.000057
FILLER_27_512,VGND,li1,241.7300,87.0400,0.000057
FILLER_27_509,VGND,li1,240.3500,87.0400,0.000057
FILLER_27_492,VGND,li1,232.5300,87.0400,0.000049
FILLER_27_489,VGND,li1,231.1500,87.0400,0.000049
FILLER_27_486,VGND,li1,229.7700,87.0400,0.000044
FILLER_27_473,VGND,li1,223.7900,87.0400,0.000038
FILLER_27_464,VGND,li1,219.6500,87.0400,0.000044
FILLER_27_459,VGND,li1,216.8900,87.0400,0.000044
FILLER_27_456,VGND,li1,215.9700,87.0400,0.000044
FILLER_27_453,VGND,li1,214.5900,87.0400,0.000044
FILLER_27_432,VGND,li1,204.9300,87.0400,0.000040
FILLER_27_405,VGND,li1,192.5100,87.0400,0.000024
FILLER_27_391,VGND,li1,185.6100,87.0400,0.000025
FILLER_27_388,VGND,li1,184.6900,87.0400,0.000025
FILLER_27_366,VGND,li1,174.5700,87.0400,0.000024
FILLER_27_363,VGND,li1,173.1900,87.0400,0.000024
FILLER_27_360,VGND,li1,171.8100,87.0400,0.000024
FILLER_27_357,VGND,li1,170.4300,87.0400,0.000023
FILLER_27_344,VGND,li1,163.9900,87.0400,0.000017
FILLER_27_337,VGND,li1,161.0000,87.0400,0.000019
FILLER_27_335,VGND,li1,159.8500,87.0400,0.000021
FILLER_27_320,VGND,li1,152.9500,87.0400,0.000023
FILLER_27_317,VGND,li1,152.0300,87.0400,0.000023
FILLER_27_314,VGND,li1,150.6500,87.0400,0.000023
FILLER_27_311,VGND,li1,149.2700,87.0400,0.000023
FILLER_27_308,VGND,li1,147.8900,87.0400,0.000023
FILLER_27_305,VGND,li1,146.5100,87.0400,0.000023
FILLER_27_302,VGND,li1,145.1300,87.0400,0.000023
FILLER_27_287,VGND,li1,138.0000,87.0400,0.000019
FILLER_27_284,VGND,li1,136.8500,87.0400,0.000019
FILLER_27_281,VGND,li1,135.4700,87.0400,0.000018
FILLER_27_279,VGND,li1,134.0900,87.0400,0.000018
FILLER_27_256,VGND,li1,123.9700,87.0400,0.000028
FILLER_27_249,VGND,li1,120.7500,87.0400,0.000031
FILLER_27_246,VGND,li1,119.3700,87.0400,0.000031
FILLER_27_228,VGND,li1,110.8600,87.0400,0.000029
FILLER_27_225,VGND,li1,109.7100,87.0400,0.000029
FILLER_27_221,VGND,li1,107.8700,87.0400,0.000028
FILLER_27_218,VGND,li1,106.4900,87.0400,0.000027
FILLER_27_215,VGND,li1,105.1100,87.0400,0.000026
FILLER_27_212,VGND,li1,103.7300,87.0400,0.000032
FILLER_27_207,VGND,li1,100.9700,87.0400,0.000036
FILLER_27_202,VGND,li1,98.6700,87.0400,0.000039
FILLER_27_199,VGND,li1,97.7500,87.0400,0.000039
FILLER_27_196,VGND,li1,96.3700,87.0400,0.000042
FILLER_27_193,VGND,li1,94.9900,87.0400,0.000046
FILLER_27_190,VGND,li1,93.6100,87.0400,0.000046
FILLER_27_187,VGND,li1,92.2300,87.0400,0.000051
FILLER_27_184,VGND,li1,90.8500,87.0400,0.000051
FILLER_27_172,VGND,li1,85.3300,87.0400,0.000055
FILLER_27_169,VGND,li1,83.9500,87.0400,0.000055
FILLER_27_167,VGND,li1,82.5700,87.0400,0.000051
FILLER_27_164,VGND,li1,81.6500,87.0400,0.000051
FILLER_27_161,VGND,li1,80.2700,87.0400,0.000047
FILLER_27_158,VGND,li1,78.8900,87.0400,0.000047
FILLER_27_144,VGND,li1,72.2200,87.0400,0.000043
FILLER_27_141,VGND,li1,71.0700,87.0400,0.000047
FILLER_27_113,VGND,li1,57.9600,87.0400,0.000056
FILLER_27_110,VGND,li1,56.5800,87.0400,0.000056
FILLER_27_85,VGND,li1,45.3100,87.0400,0.000036
FILLER_27_76,VGND,li1,40.7100,87.0400,0.000035
FILLER_27_73,VGND,li1,39.7900,87.0400,0.000035
FILLER_27_70,VGND,li1,38.4100,87.0400,0.000037
FILLER_27_67,VGND,li1,37.0300,87.0400,0.000039
FILLER_27_64,VGND,li1,35.6500,87.0400,0.000039
FILLER_27_46,VGND,li1,27.3700,87.0400,0.000037
FILLER_27_43,VGND,li1,25.9900,87.0400,0.000037
FILLER_27_40,VGND,li1,24.6100,87.0400,0.000036
FILLER_27_37,VGND,li1,23.2300,87.0400,0.000034
FILLER_27_6,VGND,li1,8.7400,87.0400,0.000026
FILLER_27_3,VGND,li1,7.5900,87.0400,0.000026
FILLER_26_610,VGND,li1,286.5800,81.6000,0.000015
FILLER_26_607,VGND,li1,285.4300,81.6000,0.000015
FILLER_26_555,VGND,li1,261.2800,81.6000,0.000019
FILLER_26_552,VGND,li1,260.1300,81.6000,0.000019
FILLER_26_545,VGND,li1,256.9100,81.6000,0.000017
FILLER_26_542,VGND,li1,255.5300,81.6000,0.000017
FILLER_26_539,VGND,li1,254.1500,81.6000,0.000016
FILLER_26_536,VGND,li1,252.7700,81.6000,0.000018
FILLER_26_533,VGND,li1,251.3900,81.6000,0.000018
FILLER_26_531,VGND,li1,250.0100,81.6000,0.000020
FILLER_26_519,VGND,li1,244.7200,81.6000,0.000027
FILLER_26_516,VGND,li1,243.5700,81.6000,0.000027
FILLER_26_513,VGND,li1,242.1900,81.6000,0.000029
FILLER_26_504,VGND,li1,237.5900,81.6000,0.000027
FILLER_26_501,VGND,li1,236.6700,81.6000,0.000027
FILLER_26_498,VGND,li1,235.2900,81.6000,0.000025
FILLER_26_495,VGND,li1,233.9100,81.6000,0.000025
FILLER_26_492,VGND,li1,232.5300,81.6000,0.000023
FILLER_26_489,VGND,li1,231.1500,81.6000,0.000023
FILLER_26_483,VGND,li1,228.1600,81.6000,0.000018
FILLER_26_477,VGND,li1,225.4000,81.6000,0.000015
FILLER_26_475,VGND,li1,224.2500,81.6000,0.000015
FILLER_26_472,VGND,li1,223.3300,81.6000,0.000017
FILLER_26_469,VGND,li1,221.9500,81.6000,0.000017
FILLER_26_462,VGND,li1,218.2700,81.6000,0.000020
FILLER_26_459,VGND,li1,217.3500,81.6000,0.000021
FILLER_26_456,VGND,li1,215.9700,81.6000,0.000021
FILLER_26_440,VGND,li1,208.6100,81.6000,0.000025
FILLER_26_437,VGND,li1,207.2300,81.6000,0.000025
FILLER_26_417,VGND,li1,198.0300,81.6000,0.000022
FILLER_26_407,VGND,li1,193.4300,81.6000,0.000018
FILLER_26_404,VGND,li1,192.0500,81.6000,0.000020
FILLER_26_380,VGND,li1,181.0100,81.6000,0.000029
FILLER_26_374,VGND,li1,178.0200,81.6000,0.000030
FILLER_26_371,VGND,li1,176.8700,81.6000,0.000031
FILLER_26_368,VGND,li1,175.4900,81.6000,0.000031
FILLER_26_365,VGND,li1,174.1100,81.6000,0.000032
FILLER_26_354,VGND,li1,168.8200,81.6000,0.000034
FILLER_26_351,VGND,li1,167.6700,81.6000,0.000030
FILLER_26_348,VGND,li1,166.2900,81.6000,0.000030
FILLER_26_345,VGND,li1,164.9100,81.6000,0.000028
FILLER_26_342,VGND,li1,163.5300,81.6000,0.000031
FILLER_26_339,VGND,li1,162.1500,81.6000,0.000031
FILLER_26_336,VGND,li1,160.7700,81.6000,0.000034
FILLER_26_331,VGND,li1,158.0100,81.6000,0.000036
FILLER_26_328,VGND,li1,157.0900,81.6000,0.000039
FILLER_26_325,VGND,li1,155.7100,81.6000,0.000039
FILLER_26_318,VGND,li1,152.4900,81.6000,0.000043
FILLER_26_315,VGND,li1,151.1100,81.6000,0.000044
FILLER_26_312,VGND,li1,149.7300,81.6000,0.000044
FILLER_26_309,VGND,li1,148.3500,81.6000,0.000045
FILLER_26_305,VGND,li1,146.5100,81.6000,0.000046
FILLER_26_302,VGND,li1,145.1300,81.6000,0.000046
FILLER_26_285,VGND,li1,136.8500,81.6000,0.000040
FILLER_26_282,VGND,li1,135.9300,81.6000,0.000040
FILLER_26_279,VGND,li1,134.5500,81.6000,0.000038
FILLER_26_276,VGND,li1,133.1700,81.6000,0.000046
FILLER_26_262,VGND,li1,126.2700,81.6000,0.000067
FILLER_26_249,VGND,li1,120.7500,81.6000,0.000085
FILLER_26_237,VGND,li1,114.7700,81.6000,0.000091
FILLER_26_228,VGND,li1,110.6300,81.6000,0.000078
FILLER_26_225,VGND,li1,109.7100,81.6000,0.000072
FILLER_26_222,VGND,li1,108.3300,81.6000,0.000072
FILLER_26_219,VGND,li1,106.9500,81.6000,0.000065
FILLER_26_216,VGND,li1,105.5700,81.6000,0.000059
FILLER_26_213,VGND,li1,104.1900,81.6000,0.000059
FILLER_26_210,VGND,li1,102.8100,81.6000,0.000070
FILLER_26_194,VGND,li1,95.2200,81.6000,0.000080
FILLER_26_191,VGND,li1,94.0700,81.6000,0.000080
FILLER_26_188,VGND,li1,92.6900,81.6000,0.000080
FILLER_26_185,VGND,li1,91.3100,81.6000,0.000080
FILLER_26_182,VGND,li1,89.9300,81.6000,0.000080
FILLER_26_168,VGND,li1,83.0300,81.6000,0.000072
FILLER_26_165,VGND,li1,82.1100,81.6000,0.000072
FILLER_26_147,VGND,li1,73.3700,81.6000,0.000050
FILLER_26_144,VGND,li1,72.4500,81.6000,0.000050
FILLER_26_141,VGND,li1,71.0700,81.6000,0.000053
FILLER_26_138,VGND,li1,69.4600,81.6000,0.000053
FILLER_26_123,VGND,li1,62.5600,81.6000,0.000056
FILLER_26_104,VGND,li1,53.8200,81.6000,0.000051
FILLER_26_101,VGND,li1,52.6700,81.6000,0.000046
FILLER_26_91,VGND,li1,47.6100,81.6000,0.000037
FILLER_26_88,VGND,li1,46.6900,81.6000,0.000037
FILLER_26_85,VGND,li1,45.3100,81.6000,0.000033
FILLER_26_61,VGND,li1,33.8100,81.6000,0.000047
FILLER_26_58,VGND,li1,32.8900,81.6000,0.000047
FILLER_26_55,VGND,li1,31.5100,81.6000,0.000047
FILLER_26_48,VGND,li1,28.2900,81.6000,0.000045
FILLER_26_45,VGND,li1,26.9100,81.6000,0.000045
FILLER_26_42,VGND,li1,25.5300,81.6000,0.000043
FILLER_26_29,VGND,li1,19.5500,81.6000,0.000035
FILLER_26_19,VGND,li1,14.4900,81.6000,0.000027
FILLER_26_12,VGND,li1,11.7300,81.6000,0.000030
FILLER_26_9,VGND,li1,10.3500,81.6000,0.000030
FILLER_26_6,VGND,li1,8.9700,81.6000,0.000030
FILLER_26_3,VGND,li1,7.5900,81.6000,0.000030
FILLER_25_601,VGND,li1,282.2100,81.6000,0.000017
FILLER_25_588,VGND,li1,276.4600,81.6000,0.000022
FILLER_25_582,VGND,li1,273.7000,81.6000,0.000022
FILLER_25_579,VGND,li1,272.5500,81.6000,0.000022
FILLER_25_576,VGND,li1,271.1700,81.6000,0.000022
FILLER_25_573,VGND,li1,269.7900,81.6000,0.000022
FILLER_25_570,VGND,li1,268.4100,81.6000,0.000022
FILLER_25_561,VGND,li1,263.8100,81.6000,0.000020
FILLER_25_557,VGND,li1,262.4300,81.6000,0.000020
FILLER_25_554,VGND,li1,261.0500,81.6000,0.000019
FILLER_25_551,VGND,li1,259.6700,81.6000,0.000019
FILLER_25_548,VGND,li1,258.2900,81.6000,0.000019
FILLER_25_545,VGND,li1,256.9100,81.6000,0.000017
FILLER_25_538,VGND,li1,253.2300,81.6000,0.000016
FILLER_25_535,VGND,li1,252.3100,81.6000,0.000018
FILLER_25_532,VGND,li1,250.9300,81.6000,0.000020
FILLER_25_529,VGND,li1,249.5500,81.6000,0.000020
FILLER_25_526,VGND,li1,248.1700,81.6000,0.000024
FILLER_25_508,VGND,li1,239.4300,81.6000,0.000028
FILLER_25_505,VGND,li1,238.5100,81.6000,0.000028
FILLER_25_503,VGND,li1,237.1300,81.6000,0.000027
FILLER_25_500,VGND,li1,236.2100,81.6000,0.000027
FILLER_25_497,VGND,li1,234.8300,81.6000,0.000025
FILLER_25_485,VGND,li1,229.0800,81.6000,0.000021
FILLER_25_475,VGND,li1,224.4800,81.6000,0.000015
FILLER_25_472,VGND,li1,223.3300,81.6000,0.000017
FILLER_25_469,VGND,li1,221.9500,81.6000,0.000017
FILLER_25_466,VGND,li1,220.5700,81.6000,0.000018
FILLER_25_463,VGND,li1,219.1900,81.6000,0.000020
FILLER_25_460,VGND,li1,217.8100,81.6000,0.000020
FILLER_25_457,VGND,li1,216.4300,81.6000,0.000021
FILLER_25_454,VGND,li1,215.0500,81.6000,0.000023
FILLER_25_449,VGND,li1,212.2900,81.6000,0.000025
FILLER_25_443,VGND,li1,209.5300,81.6000,0.000025
FILLER_25_440,VGND,li1,208.6100,81.6000,0.000025
FILLER_25_437,VGND,li1,207.2300,81.6000,0.000025
FILLER_25_434,VGND,li1,205.8500,81.6000,0.000025
FILLER_25_431,VGND,li1,204.4700,81.6000,0.000025
FILLER_25_428,VGND,li1,203.0900,81.6000,0.000025
FILLER_25_425,VGND,li1,201.7100,81.6000,0.000024
FILLER_25_419,VGND,li1,198.7200,81.6000,0.000022
FILLER_25_408,VGND,li1,193.4300,81.6000,0.000018
FILLER_25_405,VGND,li1,192.5100,81.6000,0.000020
FILLER_25_402,VGND,li1,191.1300,81.6000,0.000020
FILLER_25_396,VGND,li1,188.1400,81.6000,0.000023
FILLER_25_393,VGND,li1,186.9900,81.6000,0.000025
FILLER_25_382,VGND,li1,181.7000,81.6000,0.000027
FILLER_25_379,VGND,li1,180.5500,81.6000,0.000029
FILLER_25_376,VGND,li1,179.1700,81.6000,0.000030
FILLER_25_371,VGND,li1,176.4100,81.6000,0.000031
FILLER_25_368,VGND,li1,175.4900,81.6000,0.000031
FILLER_25_365,VGND,li1,174.1100,81.6000,0.000032
FILLER_25_360,VGND,li1,171.3500,81.6000,0.000033
FILLER_25_353,VGND,li1,168.5900,81.6000,0.000034
FILLER_25_334,VGND,li1,159.6200,81.6000,0.000036
FILLER_25_331,VGND,li1,158.4700,81.6000,0.000036
FILLER_25_328,VGND,li1,157.0900,81.6000,0.000039
FILLER_25_312,VGND,li1,149.7300,81.6000,0.000044
FILLER_25_309,VGND,li1,148.3500,81.6000,0.000045
FILLER_25_306,VGND,li1,146.9700,81.6000,0.000045
FILLER_25_287,VGND,li1,138.0000,81.6000,0.000042
FILLER_25_284,VGND,li1,136.8500,81.6000,0.000040
FILLER_25_281,VGND,li1,135.4700,81.6000,0.000038
FILLER_25_277,VGND,li1,133.6300,81.6000,0.000046
FILLER_25_274,VGND,li1,132.2500,81.6000,0.000046
FILLER_25_271,VGND,li1,130.8700,81.6000,0.000056
FILLER_25_268,VGND,li1,129.4900,81.6000,0.000056
FILLER_25_257,VGND,li1,124.4300,81.6000,0.000074
FILLER_25_234,VGND,li1,113.3900,81.6000,0.000084
FILLER_25_231,VGND,li1,112.4700,81.6000,0.000084
FILLER_25_228,VGND,li1,111.0900,81.6000,0.000078
FILLER_25_225,VGND,li1,109.7100,81.6000,0.000072
FILLER_25_217,VGND,li1,106.0300,81.6000,0.000065
FILLER_25_214,VGND,li1,104.6500,81.6000,0.000059
FILLER_25_211,VGND,li1,103.2700,81.6000,0.000070
FILLER_25_201,VGND,li1,98.4400,81.6000,0.000080
FILLER_25_198,VGND,li1,97.2900,81.6000,0.000080
FILLER_25_195,VGND,li1,95.9100,81.6000,0.000080
FILLER_25_192,VGND,li1,94.5300,81.6000,0.000080
FILLER_25_189,VGND,li1,93.1500,81.6000,0.000080
FILLER_25_186,VGND,li1,91.7700,81.6000,0.000080
FILLER_25_183,VGND,li1,90.3900,81.6000,0.000080
FILLER_25_180,VGND,li1,89.0100,81.6000,0.000080
FILLER_25_177,VGND,li1,87.6300,81.6000,0.000080
FILLER_25_172,VGND,li1,84.8700,81.6000,0.000077
FILLER_25_169,VGND,li1,83.9500,81.6000,0.000077
FILLER_25_165,VGND,li1,82.1100,81.6000,0.000072
FILLER_25_162,VGND,li1,80.7300,81.6000,0.000064
FILLER_25_159,VGND,li1,79.3500,81.6000,0.000064
FILLER_25_139,VGND,li1,69.9200,81.6000,0.000053
FILLER_25_136,VGND,li1,68.7700,81.6000,0.000056
FILLER_25_129,VGND,li1,65.5500,81.6000,0.000057
FILLER_25_96,VGND,li1,50.1400,81.6000,0.000043
FILLER_25_93,VGND,li1,48.9900,81.6000,0.000043
FILLER_25_90,VGND,li1,47.6100,81.6000,0.000037
FILLER_25_87,VGND,li1,46.2300,81.6000,0.000037
FILLER_25_84,VGND,li1,44.8500,81.6000,0.000033
FILLER_25_81,VGND,li1,43.4700,81.6000,0.000037
FILLER_25_78,VGND,li1,42.0900,81.6000,0.000037
FILLER_25_75,VGND,li1,40.7100,81.6000,0.000041
FILLER_25_72,VGND,li1,39.3300,81.6000,0.000041
FILLER_25_48,VGND,li1,28.2900,81.6000,0.000045
FILLER_25_45,VGND,li1,26.9100,81.6000,0.000045
FILLER_25_42,VGND,li1,25.5300,81.6000,0.000043
FILLER_25_36,VGND,li1,22.5400,81.6000,0.000040
FILLER_25_33,VGND,li1,21.3900,81.6000,0.000040
FILLER_25_30,VGND,li1,20.0100,81.6000,0.000035
FILLER_25_27,VGND,li1,18.6300,81.6000,0.000035
FILLER_25_24,VGND,li1,17.2500,81.6000,0.000032
FILLER_24_610,VGND,li1,286.5800,76.1600,0.000006
FILLER_24_607,VGND,li1,285.4300,76.1600,0.000006
FILLER_24_604,VGND,li1,284.0500,76.1600,0.000006
FILLER_24_601,VGND,li1,282.6700,76.1600,0.000006
FILLER_24_593,VGND,li1,278.7600,76.1600,0.000008
FILLER_24_583,VGND,li1,273.9300,76.1600,0.000009
FILLER_24_580,VGND,li1,273.0100,76.1600,0.000009
FILLER_24_577,VGND,li1,271.6300,76.1600,0.000010
FILLER_24_574,VGND,li1,270.2500,76.1600,0.000010
FILLER_24_571,VGND,li1,268.8700,76.1600,0.000010
FILLER_24_568,VGND,li1,267.4900,76.1600,0.000011
FILLER_24_565,VGND,li1,266.1100,76.1600,0.000011
FILLER_24_560,VGND,li1,263.3500,76.1600,0.000012
FILLER_24_557,VGND,li1,262.4300,76.1600,0.000012
FILLER_24_554,VGND,li1,261.0500,76.1600,0.000013
FILLER_24_551,VGND,li1,259.6700,76.1600,0.000013
FILLER_24_548,VGND,li1,258.2900,76.1600,0.000013
FILLER_24_545,VGND,li1,256.9100,76.1600,0.000013
FILLER_24_540,VGND,li1,254.1500,76.1600,0.000014
FILLER_24_537,VGND,li1,253.2300,76.1600,0.000019
FILLER_24_529,VGND,li1,249.5500,76.1600,0.000020
FILLER_24_526,VGND,li1,248.1700,76.1600,0.000022
FILLER_24_523,VGND,li1,246.7900,76.1600,0.000022
FILLER_24_520,VGND,li1,245.4100,76.1600,0.000023
FILLER_24_514,VGND,li1,242.4200,76.1600,0.000023
FILLER_24_498,VGND,li1,235.0600,76.1600,0.000021
FILLER_24_495,VGND,li1,233.9100,76.1600,0.000020
FILLER_24_492,VGND,li1,232.5300,76.1600,0.000018
FILLER_24_487,VGND,li1,229.7700,76.1600,0.000017
FILLER_24_484,VGND,li1,228.8500,76.1600,0.000017
FILLER_24_477,VGND,li1,225.4000,76.1600,0.000014
FILLER_24_473,VGND,li1,223.7900,76.1600,0.000016
FILLER_24_470,VGND,li1,222.4100,76.1600,0.000016
FILLER_24_433,VGND,li1,204.9300,76.1600,0.000027
FILLER_24_430,VGND,li1,204.0100,76.1600,0.000028
FILLER_24_427,VGND,li1,202.6300,76.1600,0.000028
FILLER_24_424,VGND,li1,201.2500,76.1600,0.000029
FILLER_24_421,VGND,li1,199.8700,76.1600,0.000029
FILLER_24_419,VGND,li1,198.4900,76.1600,0.000029
FILLER_24_416,VGND,li1,197.5700,76.1600,0.000028
FILLER_24_413,VGND,li1,196.1900,76.1600,0.000028
FILLER_24_410,VGND,li1,194.8100,76.1600,0.000027
FILLER_24_395,VGND,li1,187.9100,76.1600,0.000045
FILLER_24_392,VGND,li1,186.5300,76.1600,0.000047
FILLER_24_385,VGND,li1,183.3100,76.1600,0.000051
FILLER_24_382,VGND,li1,181.9300,76.1600,0.000051
FILLER_24_375,VGND,li1,178.2500,76.1600,0.000051
FILLER_24_336,VGND,li1,160.7700,76.1600,0.000036
FILLER_24_318,VGND,li1,152.0300,76.1600,0.000037
FILLER_24_315,VGND,li1,151.1100,76.1600,0.000036
FILLER_24_312,VGND,li1,149.7300,76.1600,0.000036
FILLER_24_309,VGND,li1,148.3500,76.1600,0.000035
FILLER_24_307,VGND,li1,146.9700,76.1600,0.000035
FILLER_24_304,VGND,li1,146.0500,76.1600,0.000034
FILLER_24_301,VGND,li1,144.6700,76.1600,0.000034
FILLER_24_295,VGND,li1,141.4500,76.1600,0.000031
FILLER_24_289,VGND,li1,138.9200,76.1600,0.000028
FILLER_24_286,VGND,li1,137.7700,76.1600,0.000025
FILLER_24_283,VGND,li1,136.3900,76.1600,0.000025
FILLER_24_280,VGND,li1,135.0100,76.1600,0.000022
FILLER_24_268,VGND,li1,129.2600,76.1600,0.000027
FILLER_24_265,VGND,li1,128.1100,76.1600,0.000029
FILLER_24_262,VGND,li1,126.7300,76.1600,0.000029
FILLER_24_259,VGND,li1,125.3500,76.1600,0.000030
FILLER_24_256,VGND,li1,123.9700,76.1600,0.000032
FILLER_24_253,VGND,li1,122.5900,76.1600,0.000032
FILLER_24_247,VGND,li1,119.3700,76.1600,0.000035
FILLER_24_244,VGND,li1,118.4500,76.1600,0.000035
FILLER_24_239,VGND,li1,115.6900,76.1600,0.000037
FILLER_24_236,VGND,li1,114.7700,76.1600,0.000038
FILLER_24_233,VGND,li1,113.3900,76.1600,0.000039
FILLER_24_230,VGND,li1,112.0100,76.1600,0.000039
FILLER_24_227,VGND,li1,110.6300,76.1600,0.000041
FILLER_24_211,VGND,li1,102.8100,76.1600,0.000043
FILLER_24_208,VGND,li1,101.8900,76.1600,0.000056
FILLER_24_197,VGND,li1,96.8300,76.1600,0.000068
FILLER_24_194,VGND,li1,95.2200,76.1600,0.000072
FILLER_24_191,VGND,li1,94.0700,76.1600,0.000072
FILLER_24_188,VGND,li1,92.6900,76.1600,0.000076
FILLER_24_183,VGND,li1,89.9300,76.1600,0.000078
FILLER_24_180,VGND,li1,89.0100,76.1600,0.000079
FILLER_24_177,VGND,li1,87.6300,76.1600,0.000079
FILLER_24_174,VGND,li1,86.2500,76.1600,0.000080
FILLER_24_171,VGND,li1,84.8700,76.1600,0.000080
FILLER_24_150,VGND,li1,74.9800,76.1600,0.000052
FILLER_24_147,VGND,li1,73.8300,76.1600,0.000056
FILLER_24_144,VGND,li1,72.4500,76.1600,0.000056
FILLER_24_141,VGND,li1,71.0700,76.1600,0.000060
FILLER_24_138,VGND,li1,69.4600,76.1600,0.000063
FILLER_24_135,VGND,li1,68.3100,76.1600,0.000063
FILLER_24_132,VGND,li1,66.9300,76.1600,0.000068
FILLER_24_125,VGND,li1,63.7100,76.1600,0.000069
FILLER_24_103,VGND,li1,53.1300,76.1600,0.000057
FILLER_24_100,VGND,li1,52.2100,76.1600,0.000053
FILLER_24_97,VGND,li1,50.8300,76.1600,0.000053
FILLER_24_94,VGND,li1,49.4500,76.1600,0.000048
FILLER_24_91,VGND,li1,48.0700,76.1600,0.000044
FILLER_24_88,VGND,li1,46.6900,76.1600,0.000044
FILLER_24_85,VGND,li1,45.3100,76.1600,0.000039
FILLER_24_83,VGND,li1,43.9300,76.1600,0.000039
FILLER_24_72,VGND,li1,39.3300,76.1600,0.000050
FILLER_24_69,VGND,li1,37.9500,76.1600,0.000055
FILLER_24_66,VGND,li1,36.5700,76.1600,0.000055
FILLER_24_63,VGND,li1,35.1900,76.1600,0.000058
FILLER_24_60,VGND,li1,33.8100,76.1600,0.000061
FILLER_24_57,VGND,li1,32.4300,76.1600,0.000061
FILLER_24_54,VGND,li1,31.0500,76.1600,0.000062
FILLER_24_51,VGND,li1,29.6700,76.1600,0.000062
FILLER_24_46,VGND,li1,26.9100,76.1600,0.000061
FILLER_24_29,VGND,li1,19.0900,76.1600,0.000048
FILLER_24_26,VGND,li1,17.9400,76.1600,0.000041
FILLER_24_23,VGND,li1,16.7900,76.1600,0.000041
FILLER_24_9,VGND,li1,10.1200,76.1600,0.000033
FILLER_24_6,VGND,li1,8.9700,76.1600,0.000033
FILLER_24_3,VGND,li1,7.5900,76.1600,0.000033
FILLER_23_610,VGND,li1,286.5800,76.1600,0.000006
FILLER_23_607,VGND,li1,285.4300,76.1600,0.000006
FILLER_23_604,VGND,li1,284.0500,76.1600,0.000006
FILLER_23_593,VGND,li1,278.7600,76.1600,0.000008
FILLER_23_564,VGND,li1,265.6500,76.1600,0.000011
FILLER_23_561,VGND,li1,264.2700,76.1600,0.000011
FILLER_23_559,VGND,li1,262.8900,76.1600,0.000012
FILLER_23_556,VGND,li1,261.9700,76.1600,0.000012
FILLER_23_542,VGND,li1,255.0700,76.1600,0.000014
FILLER_23_539,VGND,li1,254.1500,76.1600,0.000014
FILLER_23_536,VGND,li1,252.7700,76.1600,0.000019
FILLER_23_496,VGND,li1,233.9100,76.1600,0.000020
FILLER_23_493,VGND,li1,232.9900,76.1600,0.000020
FILLER_23_490,VGND,li1,231.6100,76.1600,0.000018
FILLER_23_480,VGND,li1,227.0100,76.1600,0.000016
FILLER_23_477,VGND,li1,225.6300,76.1600,0.000014
FILLER_23_474,VGND,li1,224.2500,76.1600,0.000014
FILLER_23_471,VGND,li1,222.8700,76.1600,0.000016
FILLER_23_461,VGND,li1,217.8100,76.1600,0.000020
FILLER_23_458,VGND,li1,216.8900,76.1600,0.000022
FILLER_23_446,VGND,li1,211.1400,76.1600,0.000025
FILLER_23_443,VGND,li1,209.9900,76.1600,0.000025
FILLER_23_440,VGND,li1,208.6100,76.1600,0.000026
FILLER_23_437,VGND,li1,207.2300,76.1600,0.000026
FILLER_23_434,VGND,li1,205.8500,76.1600,0.000027
FILLER_23_401,VGND,li1,190.4400,76.1600,0.000038
FILLER_23_393,VGND,li1,186.5300,76.1600,0.000047
FILLER_23_389,VGND,li1,185.1500,76.1600,0.000050
FILLER_23_386,VGND,li1,183.7700,76.1600,0.000050
FILLER_23_383,VGND,li1,182.3900,76.1600,0.000051
FILLER_23_372,VGND,li1,177.1000,76.1600,0.000051
FILLER_23_369,VGND,li1,175.9500,76.1600,0.000049
FILLER_23_366,VGND,li1,174.5700,76.1600,0.000049
FILLER_23_360,VGND,li1,171.3500,76.1600,0.000045
FILLER_23_351,VGND,li1,167.2100,76.1600,0.000042
FILLER_23_341,VGND,li1,162.6100,76.1600,0.000032
FILLER_23_327,VGND,li1,156.1700,76.1600,0.000038
FILLER_23_324,VGND,li1,155.2500,76.1600,0.000038
FILLER_23_321,VGND,li1,153.8700,76.1600,0.000038
FILLER_23_318,VGND,li1,152.4900,76.1600,0.000037
FILLER_23_315,VGND,li1,151.1100,76.1600,0.000036
FILLER_23_312,VGND,li1,149.7300,76.1600,0.000036
FILLER_23_309,VGND,li1,148.3500,76.1600,0.000035
FILLER_23_288,VGND,li1,138.4600,76.1600,0.000028
FILLER_23_285,VGND,li1,137.3100,76.1600,0.000025
FILLER_23_270,VGND,li1,129.9500,76.1600,0.000027
FILLER_23_267,VGND,li1,129.0300,76.1600,0.000027
FILLER_23_264,VGND,li1,127.6500,76.1600,0.000029
FILLER_23_261,VGND,li1,126.2700,76.1600,0.000030
FILLER_23_258,VGND,li1,124.8900,76.1600,0.000030
FILLER_23_255,VGND,li1,123.5100,76.1600,0.000032
FILLER_23_252,VGND,li1,122.1300,76.1600,0.000033
FILLER_23_249,VGND,li1,120.7500,76.1600,0.000033
FILLER_23_246,VGND,li1,119.3700,76.1600,0.000035
FILLER_23_243,VGND,li1,117.9900,76.1600,0.000035
FILLER_23_240,VGND,li1,116.6100,76.1600,0.000037
FILLER_23_237,VGND,li1,115.2300,76.1600,0.000038
FILLER_23_234,VGND,li1,113.8500,76.1600,0.000038
FILLER_23_231,VGND,li1,112.4700,76.1600,0.000039
FILLER_23_228,VGND,li1,111.0900,76.1600,0.000041
FILLER_23_225,VGND,li1,109.7100,76.1600,0.000041
FILLER_23_222,VGND,li1,108.1000,76.1600,0.000042
FILLER_23_219,VGND,li1,106.9500,76.1600,0.000042
FILLER_23_216,VGND,li1,105.5700,76.1600,0.000042
FILLER_23_213,VGND,li1,104.1900,76.1600,0.000043
FILLER_23_210,VGND,li1,102.8100,76.1600,0.000043
FILLER_23_199,VGND,li1,97.5200,76.1600,0.000068
FILLER_23_196,VGND,li1,96.3700,76.1600,0.000068
FILLER_23_193,VGND,li1,94.9900,76.1600,0.000072
FILLER_23_190,VGND,li1,93.6100,76.1600,0.000072
FILLER_23_182,VGND,li1,89.9300,76.1600,0.000078
FILLER_23_179,VGND,li1,88.5500,76.1600,0.000079
FILLER_23_165,VGND,li1,82.1100,76.1600,0.000077
FILLER_23_162,VGND,li1,80.7300,76.1600,0.000070
FILLER_23_159,VGND,li1,79.3500,76.1600,0.000070
FILLER_23_151,VGND,li1,75.4400,76.1600,0.000052
FILLER_23_148,VGND,li1,74.2900,76.1600,0.000052
FILLER_23_143,VGND,li1,71.5300,76.1600,0.000060
FILLER_23_120,VGND,li1,60.9500,76.1600,0.000067
FILLER_23_113,VGND,li1,57.7300,76.1600,0.000065
FILLER_23_92,VGND,li1,48.5300,76.1600,0.000048
FILLER_23_89,VGND,li1,47.1500,76.1600,0.000044
FILLER_23_65,VGND,li1,36.1100,76.1600,0.000058
FILLER_23_49,VGND,li1,28.5200,76.1600,0.000062
FILLER_23_21,VGND,li1,15.6400,76.1600,0.000032
FILLER_23_18,VGND,li1,14.4900,76.1600,0.000032
FILLER_23_15,VGND,li1,13.1100,76.1600,0.000033
FILLER_23_12,VGND,li1,11.7300,76.1600,0.000033
FILLER_23_9,VGND,li1,10.3500,76.1600,0.000033
FILLER_23_6,VGND,li1,8.9700,76.1600,0.000033
FILLER_23_3,VGND,li1,7.5900,76.1600,0.000033
FILLER_22_609,VGND,li1,286.3500,70.7200,0.000008
FILLER_22_606,VGND,li1,284.9700,70.7200,0.000008
FILLER_22_597,VGND,li1,280.3700,70.7200,0.000010
FILLER_22_589,VGND,li1,276.6900,70.7200,0.000011
FILLER_22_587,VGND,li1,275.7700,70.7200,0.000011
FILLER_22_584,VGND,li1,274.8500,70.7200,0.000012
FILLER_22_581,VGND,li1,273.4700,70.7200,0.000012
FILLER_22_578,VGND,li1,272.0900,70.7200,0.000013
FILLER_22_575,VGND,li1,270.7100,70.7200,0.000013
FILLER_22_572,VGND,li1,269.3300,70.7200,0.000014
FILLER_22_569,VGND,li1,267.9500,70.7200,0.000014
FILLER_22_551,VGND,li1,259.2100,70.7200,0.000014
FILLER_22_548,VGND,li1,258.2900,70.7200,0.000013
FILLER_22_545,VGND,li1,256.9100,70.7200,0.000013
FILLER_22_533,VGND,li1,251.1600,70.7200,0.000016
FILLER_22_529,VGND,li1,249.5500,70.7200,0.000018
FILLER_22_516,VGND,li1,243.5700,70.7200,0.000020
FILLER_22_513,VGND,li1,242.1900,70.7200,0.000019
FILLER_22_510,VGND,li1,240.8100,70.7200,0.000018
FILLER_22_507,VGND,li1,239.4300,70.7200,0.000018
FILLER_22_504,VGND,li1,238.0500,70.7200,0.000018
FILLER_22_501,VGND,li1,236.6700,70.7200,0.000017
FILLER_22_498,VGND,li1,235.2900,70.7200,0.000017
FILLER_22_495,VGND,li1,233.9100,70.7200,0.000016
FILLER_22_492,VGND,li1,232.5300,70.7200,0.000015
FILLER_22_489,VGND,li1,231.1500,70.7200,0.000015
FILLER_22_486,VGND,li1,229.7700,70.7200,0.000014
FILLER_22_483,VGND,li1,228.3900,70.7200,0.000012
FILLER_22_480,VGND,li1,227.0100,70.7200,0.000012
FILLER_22_477,VGND,li1,225.6300,70.7200,0.000011
FILLER_22_473,VGND,li1,223.7900,70.7200,0.000012
FILLER_22_470,VGND,li1,222.4100,70.7200,0.000012
FILLER_22_467,VGND,li1,221.0300,70.7200,0.000014
FILLER_22_464,VGND,li1,219.6500,70.7200,0.000014
FILLER_22_461,VGND,li1,218.2700,70.7200,0.000016
FILLER_22_458,VGND,li1,216.8900,70.7200,0.000018
FILLER_22_455,VGND,li1,215.5100,70.7200,0.000018
FILLER_22_442,VGND,li1,209.3000,70.7200,0.000020
FILLER_22_439,VGND,li1,208.1500,70.7200,0.000020
FILLER_22_436,VGND,li1,206.7700,70.7200,0.000021
FILLER_22_433,VGND,li1,205.3900,70.7200,0.000021
FILLER_22_430,VGND,li1,204.0100,70.7200,0.000021
FILLER_22_427,VGND,li1,202.6300,70.7200,0.000021
FILLER_22_424,VGND,li1,201.2500,70.7200,0.000021
FILLER_22_421,VGND,li1,199.8700,70.7200,0.000021
FILLER_22_410,VGND,li1,194.3500,70.7200,0.000018
FILLER_22_407,VGND,li1,193.4300,70.7200,0.000018
FILLER_22_385,VGND,li1,182.8500,70.7200,0.000029
FILLER_22_382,VGND,li1,181.9300,70.7200,0.000029
FILLER_22_368,VGND,li1,175.4900,70.7200,0.000030
FILLER_22_365,VGND,li1,174.1100,70.7200,0.000029
FILLER_22_350,VGND,li1,166.7500,70.7200,0.000025
FILLER_22_347,VGND,li1,165.8300,70.7200,0.000025
FILLER_22_344,VGND,li1,164.4500,70.7200,0.000023
FILLER_22_335,VGND,li1,160.0800,70.7200,0.000030
FILLER_22_332,VGND,li1,158.9300,70.7200,0.000034
FILLER_22_329,VGND,li1,157.5500,70.7200,0.000034
FILLER_22_326,VGND,li1,156.1700,70.7200,0.000038
FILLER_22_312,VGND,li1,149.5000,70.7200,0.000041
FILLER_22_309,VGND,li1,148.3500,70.7200,0.000040
FILLER_22_307,VGND,li1,146.9700,70.7200,0.000040
FILLER_22_304,VGND,li1,146.0500,70.7200,0.000039
FILLER_22_301,VGND,li1,144.6700,70.7200,0.000039
FILLER_22_289,VGND,li1,139.1500,70.7200,0.000037
FILLER_22_286,VGND,li1,137.7700,70.7200,0.000036
FILLER_22_283,VGND,li1,136.3900,70.7200,0.000036
FILLER_22_280,VGND,li1,135.0100,70.7200,0.000035
FILLER_22_263,VGND,li1,126.7300,70.7200,0.000056
FILLER_22_250,VGND,li1,120.9800,70.7200,0.000066
FILLER_22_231,VGND,li1,112.2400,70.7200,0.000068
FILLER_22_222,VGND,li1,108.3300,70.7200,0.000063
FILLER_22_219,VGND,li1,106.9500,70.7200,0.000058
FILLER_22_210,VGND,li1,102.8100,70.7200,0.000065
FILLER_22_195,VGND,li1,95.4500,70.7200,0.000087
FILLER_22_192,VGND,li1,94.5300,70.7200,0.000087
FILLER_22_176,VGND,li1,86.9400,70.7200,0.000087
FILLER_22_170,VGND,li1,84.1800,70.7200,0.000085
FILLER_22_167,VGND,li1,83.0300,70.7200,0.000080
FILLER_22_164,VGND,li1,81.6500,70.7200,0.000080
FILLER_22_161,VGND,li1,80.2700,70.7200,0.000074
FILLER_22_158,VGND,li1,78.8900,70.7200,0.000074
FILLER_22_155,VGND,li1,77.5100,70.7200,0.000068
FILLER_22_137,VGND,li1,69.2300,70.7200,0.000080
FILLER_22_134,VGND,li1,67.8500,70.7200,0.000089
FILLER_22_121,VGND,li1,61.4100,70.7200,0.000097
FILLER_22_106,VGND,li1,54.5100,70.7200,0.000088
FILLER_22_103,VGND,li1,53.5900,70.7200,0.000088
FILLER_22_91,VGND,li1,48.0700,70.7200,0.000074
FILLER_22_88,VGND,li1,46.6900,70.7200,0.000063
FILLER_22_85,VGND,li1,45.3100,70.7200,0.000063
FILLER_22_83,VGND,li1,43.9300,70.7200,0.000054
FILLER_22_77,VGND,li1,41.4000,70.7200,0.000058
FILLER_22_72,VGND,li1,38.8700,70.7200,0.000062
FILLER_22_69,VGND,li1,37.9500,70.7200,0.000067
FILLER_22_66,VGND,li1,36.5700,70.7200,0.000067
FILLER_22_63,VGND,li1,35.1900,70.7200,0.000069
FILLER_22_60,VGND,li1,33.8100,70.7200,0.000069
FILLER_22_57,VGND,li1,32.4300,70.7200,0.000071
FILLER_22_51,VGND,li1,29.4400,70.7200,0.000070
FILLER_22_45,VGND,li1,26.4500,70.7200,0.000069
FILLER_22_25,VGND,li1,17.7100,70.7200,0.000052
FILLER_22_17,VGND,li1,14.0300,70.7200,0.000039
FILLER_22_9,VGND,li1,10.3500,70.7200,0.000041
FILLER_22_6,VGND,li1,8.9700,70.7200,0.000041
FILLER_22_3,VGND,li1,7.5900,70.7200,0.000041
FILLER_21_609,VGND,li1,286.3500,70.7200,0.000008
FILLER_21_604,VGND,li1,283.5900,70.7200,0.000009
FILLER_21_601,VGND,li1,282.6700,70.7200,0.000009
FILLER_21_598,VGND,li1,281.2900,70.7200,0.000010
FILLER_21_595,VGND,li1,279.9100,70.7200,0.000010
FILLER_21_579,VGND,li1,272.0900,70.7200,0.000013
FILLER_21_576,VGND,li1,271.1700,70.7200,0.000013
FILLER_21_570,VGND,li1,268.1800,70.7200,0.000014
FILLER_21_567,VGND,li1,267.0300,70.7200,0.000014
FILLER_21_564,VGND,li1,265.6500,70.7200,0.000014
FILLER_21_561,VGND,li1,264.2700,70.7200,0.000014
FILLER_21_552,VGND,li1,260.1300,70.7200,0.000014
FILLER_21_549,VGND,li1,258.7500,70.7200,0.000014
FILLER_21_538,VGND,li1,253.2300,70.7200,0.000015
FILLER_21_535,VGND,li1,252.3100,70.7200,0.000015
FILLER_21_532,VGND,li1,250.9300,70.7200,0.000016
FILLER_21_529,VGND,li1,249.5500,70.7200,0.000018
FILLER_21_526,VGND,li1,248.1700,70.7200,0.000018
FILLER_21_523,VGND,li1,246.7900,70.7200,0.000020
FILLER_21_520,VGND,li1,245.4100,70.7200,0.000020
FILLER_21_517,VGND,li1,244.0300,70.7200,0.000020
FILLER_21_514,VGND,li1,242.6500,70.7200,0.000019
FILLER_21_511,VGND,li1,241.2700,70.7200,0.000019
FILLER_21_508,VGND,li1,239.8900,70.7200,0.000018
FILLER_21_505,VGND,li1,238.5100,70.7200,0.000018
FILLER_21_497,VGND,li1,234.3700,70.7200,0.000016
FILLER_21_494,VGND,li1,233.4500,70.7200,0.000016
FILLER_21_491,VGND,li1,232.0700,70.7200,0.000015
FILLER_21_488,VGND,li1,230.6900,70.7200,0.000014
FILLER_21_483,VGND,li1,227.9300,70.7200,0.000012
FILLER_21_480,VGND,li1,227.0100,70.7200,0.000012
FILLER_21_442,VGND,li1,209.3000,70.7200,0.000020
FILLER_21_408,VGND,li1,193.8900,70.7200,0.000018
FILLER_21_396,VGND,li1,188.3700,70.7200,0.000026
FILLER_21_393,VGND,li1,186.9900,70.7200,0.000027
FILLER_21_389,VGND,li1,185.1500,70.7200,0.000028
FILLER_21_384,VGND,li1,182.3900,70.7200,0.000029
FILLER_21_381,VGND,li1,181.4700,70.7200,0.000029
FILLER_21_357,VGND,li1,170.4300,70.7200,0.000028
FILLER_21_354,VGND,li1,169.0500,70.7200,0.000027
FILLER_21_351,VGND,li1,167.6700,70.7200,0.000027
FILLER_21_343,VGND,li1,163.9900,70.7200,0.000023
FILLER_21_340,VGND,li1,162.6100,70.7200,0.000027
FILLER_21_337,VGND,li1,161.2300,70.7200,0.000030
FILLER_21_335,VGND,li1,159.8500,70.7200,0.000030
FILLER_21_332,VGND,li1,158.9300,70.7200,0.000034
FILLER_21_329,VGND,li1,157.5500,70.7200,0.000034
FILLER_21_310,VGND,li1,148.3500,70.7200,0.000040
FILLER_21_307,VGND,li1,147.4300,70.7200,0.000040
FILLER_21_304,VGND,li1,146.0500,70.7200,0.000039
FILLER_21_301,VGND,li1,144.6700,70.7200,0.000039
FILLER_21_290,VGND,li1,139.6100,70.7200,0.000037
FILLER_21_287,VGND,li1,138.2300,70.7200,0.000037
FILLER_21_284,VGND,li1,136.8500,70.7200,0.000036
FILLER_21_281,VGND,li1,135.4700,70.7200,0.000035
FILLER_21_278,VGND,li1,133.8600,70.7200,0.000034
FILLER_21_275,VGND,li1,132.7100,70.7200,0.000034
FILLER_21_272,VGND,li1,131.3300,70.7200,0.000045
FILLER_21_269,VGND,li1,129.9500,70.7200,0.000045
FILLER_21_266,VGND,li1,128.5700,70.7200,0.000051
FILLER_21_263,VGND,li1,127.1900,70.7200,0.000056
FILLER_21_260,VGND,li1,125.8100,70.7200,0.000056
FILLER_21_257,VGND,li1,124.4300,70.7200,0.000063
FILLER_21_254,VGND,li1,123.0500,70.7200,0.000063
FILLER_21_247,VGND,li1,119.6000,70.7200,0.000070
FILLER_21_244,VGND,li1,118.4500,70.7200,0.000070
FILLER_21_241,VGND,li1,117.0700,70.7200,0.000071
FILLER_21_238,VGND,li1,115.6900,70.7200,0.000070
FILLER_21_235,VGND,li1,114.3100,70.7200,0.000070
FILLER_21_232,VGND,li1,112.9300,70.7200,0.000068
FILLER_21_225,VGND,li1,109.7100,70.7200,0.000063
FILLER_21_223,VGND,li1,108.3300,70.7200,0.000063
FILLER_21_220,VGND,li1,107.4100,70.7200,0.000058
FILLER_21_217,VGND,li1,106.0300,70.7200,0.000058
FILLER_21_214,VGND,li1,104.6500,70.7200,0.000054
FILLER_21_211,VGND,li1,103.2700,70.7200,0.000065
FILLER_21_208,VGND,li1,101.8900,70.7200,0.000065
FILLER_21_205,VGND,li1,100.5100,70.7200,0.000077
FILLER_21_202,VGND,li1,99.1300,70.7200,0.000077
FILLER_21_199,VGND,li1,97.7500,70.7200,0.000086
FILLER_21_196,VGND,li1,96.3700,70.7200,0.000086
FILLER_21_193,VGND,li1,94.9900,70.7200,0.000087
FILLER_21_184,VGND,li1,90.6200,70.7200,0.000089
FILLER_21_181,VGND,li1,89.4700,70.7200,0.000088
FILLER_21_178,VGND,li1,88.0900,70.7200,0.000087
FILLER_21_175,VGND,li1,86.7100,70.7200,0.000087
FILLER_21_167,VGND,li1,82.5700,70.7200,0.000080
FILLER_21_164,VGND,li1,81.6500,70.7200,0.000080
FILLER_21_161,VGND,li1,80.2700,70.7200,0.000074
FILLER_21_158,VGND,li1,78.8900,70.7200,0.000074
FILLER_21_147,VGND,li1,73.3700,70.7200,0.000062
FILLER_21_142,VGND,li1,71.0700,70.7200,0.000071
FILLER_21_139,VGND,li1,70.1500,70.7200,0.000080
FILLER_21_136,VGND,li1,68.7700,70.7200,0.000080
FILLER_21_133,VGND,li1,67.3900,70.7200,0.000089
FILLER_21_119,VGND,li1,60.4900,70.7200,0.000097
FILLER_21_116,VGND,li1,59.5700,70.7200,0.000095
FILLER_21_113,VGND,li1,58.1900,70.7200,0.000095
FILLER_21_109,VGND,li1,56.3500,70.7200,0.000092
FILLER_21_74,VGND,li1,40.2500,70.7200,0.000062
FILLER_21_57,VGND,li1,32.4300,70.7200,0.000071
FILLER_21_55,VGND,li1,31.0500,70.7200,0.000071
FILLER_21_52,VGND,li1,30.1300,70.7200,0.000070
FILLER_21_49,VGND,li1,28.7500,70.7200,0.000070
FILLER_21_46,VGND,li1,27.3700,70.7200,0.000069
FILLER_21_40,VGND,li1,24.3800,70.7200,0.000068
FILLER_21_28,VGND,li1,19.0900,70.7200,0.000052
FILLER_21_25,VGND,li1,17.7100,70.7200,0.000052
FILLER_21_3,VGND,li1,7.1300,70.7200,0.000041
FILLER_20_611,VGND,li1,286.8100,65.2800,0.000037
FILLER_20_608,VGND,li1,285.8900,65.2800,0.000037
FILLER_20_602,VGND,li1,282.9000,65.2800,0.000048
FILLER_20_586,VGND,li1,275.5400,65.2800,0.000066
FILLER_20_583,VGND,li1,274.3900,65.2800,0.000066
FILLER_20_580,VGND,li1,273.0100,65.2800,0.000073
FILLER_20_577,VGND,li1,271.6300,65.2800,0.000073
FILLER_20_566,VGND,li1,266.3400,65.2800,0.000075
FILLER_20_563,VGND,li1,265.1900,65.2800,0.000071
FILLER_20_560,VGND,li1,263.8100,65.2800,0.000071
FILLER_20_557,VGND,li1,262.4300,65.2800,0.000068
FILLER_20_554,VGND,li1,261.0500,65.2800,0.000064
FILLER_20_551,VGND,li1,259.6700,65.2800,0.000064
FILLER_20_548,VGND,li1,258.2900,65.2800,0.000054
FILLER_20_545,VGND,li1,256.9100,65.2800,0.000054
FILLER_20_542,VGND,li1,255.5300,65.2800,0.000045
FILLER_20_539,VGND,li1,254.1500,65.2800,0.000038
FILLER_20_536,VGND,li1,252.7700,65.2800,0.000038
FILLER_20_533,VGND,li1,251.3900,65.2800,0.000039
FILLER_20_530,VGND,li1,249.7800,65.2800,0.000040
FILLER_20_527,VGND,li1,248.6300,65.2800,0.000040
FILLER_20_515,VGND,li1,243.1100,65.2800,0.000040
FILLER_20_512,VGND,li1,241.7300,65.2800,0.000040
FILLER_20_493,VGND,li1,232.9900,65.2800,0.000035
FILLER_20_487,VGND,li1,229.7700,65.2800,0.000032
FILLER_20_477,VGND,li1,225.4000,65.2800,0.000026
FILLER_20_474,VGND,li1,224.0200,65.2800,0.000023
FILLER_20_471,VGND,li1,222.8700,65.2800,0.000023
FILLER_20_464,VGND,li1,219.4200,65.2800,0.000030
FILLER_20_461,VGND,li1,218.2700,65.2800,0.000030
FILLER_20_448,VGND,li1,211.8300,65.2800,0.000037
FILLER_20_445,VGND,li1,210.9100,65.2800,0.000037
FILLER_20_433,VGND,li1,205.3900,65.2800,0.000038
FILLER_20_430,VGND,li1,204.0100,65.2800,0.000037
FILLER_20_427,VGND,li1,202.6300,65.2800,0.000037
FILLER_20_424,VGND,li1,201.2500,65.2800,0.000037
FILLER_20_421,VGND,li1,199.8700,65.2800,0.000037
FILLER_20_418,VGND,li1,198.2600,65.2800,0.000036
FILLER_20_375,VGND,li1,178.2500,65.2800,0.000061
FILLER_20_372,VGND,li1,177.3300,65.2800,0.000061
FILLER_20_357,VGND,li1,170.4300,65.2800,0.000059
FILLER_20_354,VGND,li1,169.0500,65.2800,0.000053
FILLER_20_339,VGND,li1,161.6900,65.2800,0.000043
FILLER_20_336,VGND,li1,160.7700,65.2800,0.000046
FILLER_20_333,VGND,li1,159.3900,65.2800,0.000046
FILLER_20_330,VGND,li1,158.0100,65.2800,0.000049
FILLER_20_327,VGND,li1,156.6300,65.2800,0.000052
FILLER_20_324,VGND,li1,155.2500,65.2800,0.000052
FILLER_20_321,VGND,li1,153.8700,65.2800,0.000055
FILLER_20_318,VGND,li1,152.4900,65.2800,0.000054
FILLER_20_315,VGND,li1,151.1100,65.2800,0.000054
FILLER_20_312,VGND,li1,149.7300,65.2800,0.000053
FILLER_20_309,VGND,li1,148.3500,65.2800,0.000052
FILLER_20_307,VGND,li1,146.9700,65.2800,0.000052
FILLER_20_304,VGND,li1,146.0500,65.2800,0.000050
FILLER_20_301,VGND,li1,144.6700,65.2800,0.000050
FILLER_20_292,VGND,li1,140.3000,65.2800,0.000045
FILLER_20_289,VGND,li1,139.1500,65.2800,0.000045
FILLER_20_266,VGND,li1,128.3400,65.2800,0.000044
FILLER_20_263,VGND,li1,127.1900,65.2800,0.000044
FILLER_20_260,VGND,li1,125.8100,65.2800,0.000048
FILLER_20_249,VGND,li1,120.7500,65.2800,0.000055
FILLER_20_231,VGND,li1,112.2400,65.2800,0.000065
FILLER_20_221,VGND,li1,107.6400,65.2800,0.000062
FILLER_20_218,VGND,li1,106.4900,65.2800,0.000058
FILLER_20_215,VGND,li1,105.1100,65.2800,0.000058
FILLER_20_212,VGND,li1,103.7300,65.2800,0.000055
FILLER_20_209,VGND,li1,102.3500,65.2800,0.000061
FILLER_20_206,VGND,li1,100.9700,65.2800,0.000061
FILLER_20_203,VGND,li1,99.5900,65.2800,0.000068
FILLER_20_200,VGND,li1,98.2100,65.2800,0.000074
FILLER_20_197,VGND,li1,96.8300,65.2800,0.000074
FILLER_20_187,VGND,li1,91.7700,65.2800,0.000076
FILLER_20_184,VGND,li1,90.8500,65.2800,0.000076
FILLER_20_181,VGND,li1,89.4700,65.2800,0.000070
FILLER_20_178,VGND,li1,88.0900,65.2800,0.000070
FILLER_20_175,VGND,li1,86.7100,65.2800,0.000064
FILLER_20_172,VGND,li1,85.3300,65.2800,0.000064
FILLER_20_169,VGND,li1,83.9500,65.2800,0.000059
FILLER_20_166,VGND,li1,82.5700,65.2800,0.000055
FILLER_20_163,VGND,li1,81.1900,65.2800,0.000055
FILLER_20_160,VGND,li1,79.8100,65.2800,0.000049
FILLER_20_157,VGND,li1,78.4300,65.2800,0.000049
FILLER_20_141,VGND,li1,71.0700,65.2800,0.000048
FILLER_20_138,VGND,li1,69.4600,65.2800,0.000048
FILLER_20_135,VGND,li1,68.3100,65.2800,0.000053
FILLER_20_132,VGND,li1,66.9300,65.2800,0.000057
FILLER_20_129,VGND,li1,65.5500,65.2800,0.000057
FILLER_20_126,VGND,li1,64.1700,65.2800,0.000062
FILLER_20_123,VGND,li1,62.7900,65.2800,0.000062
FILLER_20_107,VGND,li1,55.4300,65.2800,0.000069
FILLER_20_104,VGND,li1,54.0500,65.2800,0.000069
FILLER_20_101,VGND,li1,52.6700,65.2800,0.000068
FILLER_20_85,VGND,li1,45.3100,65.2800,0.000051
FILLER_20_74,VGND,li1,39.7900,65.2800,0.000059
FILLER_20_71,VGND,li1,38.8700,65.2800,0.000059
FILLER_20_68,VGND,li1,37.4900,65.2800,0.000062
FILLER_20_63,VGND,li1,34.7300,65.2800,0.000064
FILLER_20_47,VGND,li1,27.6000,65.2800,0.000064
FILLER_20_32,VGND,li1,20.9300,65.2800,0.000056
FILLER_20_29,VGND,li1,19.5500,65.2800,0.000049
FILLER_20_27,VGND,li1,18.1700,65.2800,0.000049
FILLER_20_24,VGND,li1,17.2500,65.2800,0.000043
FILLER_20_21,VGND,li1,15.8700,65.2800,0.000043
FILLER_20_18,VGND,li1,14.4900,65.2800,0.000037
FILLER_20_15,VGND,li1,13.1100,65.2800,0.000037
FILLER_20_6,VGND,li1,8.7400,65.2800,0.000041
FILLER_20_3,VGND,li1,7.5900,65.2800,0.000041
FILLER_19_611,VGND,li1,286.8100,65.2800,0.000037
FILLER_19_578,VGND,li1,272.0900,65.2800,0.000073
FILLER_19_568,VGND,li1,267.0300,65.2800,0.000075
FILLER_19_565,VGND,li1,266.1100,65.2800,0.000075
FILLER_19_559,VGND,li1,262.8900,65.2800,0.000068
FILLER_19_548,VGND,li1,258.2900,65.2800,0.000054
FILLER_19_511,VGND,li1,241.2700,65.2800,0.000039
FILLER_19_508,VGND,li1,239.8900,65.2800,0.000039
FILLER_19_505,VGND,li1,238.5100,65.2800,0.000038
FILLER_19_503,VGND,li1,237.1300,65.2800,0.000038
FILLER_19_492,VGND,li1,232.3000,65.2800,0.000035
FILLER_19_483,VGND,li1,228.1600,65.2800,0.000029
FILLER_19_480,VGND,li1,227.0100,65.2800,0.000029
FILLER_19_477,VGND,li1,225.6300,65.2800,0.000026
FILLER_19_474,VGND,li1,224.2500,65.2800,0.000023
FILLER_19_471,VGND,li1,222.8700,65.2800,0.000023
FILLER_19_468,VGND,li1,221.4900,65.2800,0.000026
FILLER_19_457,VGND,li1,216.4300,65.2800,0.000032
FILLER_19_447,VGND,li1,211.3700,65.2800,0.000037
FILLER_19_444,VGND,li1,210.4500,65.2800,0.000037
FILLER_19_441,VGND,li1,209.0700,65.2800,0.000037
FILLER_19_428,VGND,li1,202.6300,65.2800,0.000037
FILLER_19_406,VGND,li1,192.5100,65.2800,0.000037
FILLER_19_393,VGND,li1,186.5300,65.2800,0.000051
FILLER_19_389,VGND,li1,185.1500,65.2800,0.000051
FILLER_19_376,VGND,li1,178.7100,65.2800,0.000061
FILLER_19_373,VGND,li1,177.7900,65.2800,0.000061
FILLER_19_370,VGND,li1,176.4100,65.2800,0.000062
FILLER_19_355,VGND,li1,169.0500,65.2800,0.000053
FILLER_19_352,VGND,li1,168.1300,65.2800,0.000053
FILLER_19_349,VGND,li1,166.7500,65.2800,0.000045
FILLER_19_346,VGND,li1,165.3700,65.2800,0.000045
FILLER_19_343,VGND,li1,163.9900,65.2800,0.000040
FILLER_19_340,VGND,li1,162.6100,65.2800,0.000043
FILLER_19_337,VGND,li1,161.2300,65.2800,0.000043
FILLER_19_335,VGND,li1,159.8500,65.2800,0.000046
FILLER_19_332,VGND,li1,158.9300,65.2800,0.000049
FILLER_19_329,VGND,li1,157.5500,65.2800,0.000049
FILLER_19_314,VGND,li1,150.4200,65.2800,0.000053
FILLER_19_311,VGND,li1,149.2700,65.2800,0.000053
FILLER_19_308,VGND,li1,147.8900,65.2800,0.000052
FILLER_19_296,VGND,li1,142.1400,65.2800,0.000047
FILLER_19_293,VGND,li1,140.9900,65.2800,0.000047
FILLER_19_290,VGND,li1,139.6100,65.2800,0.000045
FILLER_19_287,VGND,li1,138.2300,65.2800,0.000043
FILLER_19_284,VGND,li1,136.8500,65.2800,0.000043
FILLER_19_281,VGND,li1,135.4700,65.2800,0.000038
FILLER_19_278,VGND,li1,133.8600,65.2800,0.000034
FILLER_19_275,VGND,li1,132.7100,65.2800,0.000034
FILLER_19_267,VGND,li1,128.8000,65.2800,0.000044
FILLER_19_264,VGND,li1,127.6500,65.2800,0.000044
FILLER_19_261,VGND,li1,126.2700,65.2800,0.000048
FILLER_19_258,VGND,li1,124.8900,65.2800,0.000048
FILLER_19_248,VGND,li1,120.2900,65.2800,0.000055
FILLER_19_245,VGND,li1,118.9100,65.2800,0.000059
FILLER_19_232,VGND,li1,112.7000,65.2800,0.000065
FILLER_19_229,VGND,li1,111.5500,65.2800,0.000066
FILLER_19_223,VGND,li1,108.3300,65.2800,0.000062
FILLER_19_217,VGND,li1,105.8000,65.2800,0.000058
FILLER_19_214,VGND,li1,104.6500,65.2800,0.000055
FILLER_19_207,VGND,li1,101.4300,65.2800,0.000061
FILLER_19_204,VGND,li1,100.0500,65.2800,0.000068
FILLER_19_201,VGND,li1,98.6700,65.2800,0.000068
FILLER_19_198,VGND,li1,97.2900,65.2800,0.000074
FILLER_19_184,VGND,li1,90.8500,65.2800,0.000076
FILLER_19_181,VGND,li1,89.4700,65.2800,0.000070
FILLER_19_178,VGND,li1,88.0900,65.2800,0.000070
FILLER_19_175,VGND,li1,86.7100,65.2800,0.000064
FILLER_19_172,VGND,li1,85.3300,65.2800,0.000064
FILLER_19_169,VGND,li1,83.9500,65.2800,0.000059
FILLER_19_166,VGND,li1,82.3400,65.2800,0.000055
FILLER_19_163,VGND,li1,81.1900,65.2800,0.000055
FILLER_19_160,VGND,li1,79.8100,65.2800,0.000049
FILLER_19_157,VGND,li1,78.4300,65.2800,0.000049
FILLER_19_154,VGND,li1,77.0500,65.2800,0.000043
FILLER_19_151,VGND,li1,75.6700,65.2800,0.000043
FILLER_19_145,VGND,li1,72.6800,65.2800,0.000044
FILLER_19_142,VGND,li1,71.5300,65.2800,0.000044
FILLER_19_139,VGND,li1,70.1500,65.2800,0.000048
FILLER_19_136,VGND,li1,68.7700,65.2800,0.000053
FILLER_19_133,VGND,li1,67.3900,65.2800,0.000053
FILLER_19_130,VGND,li1,66.0100,65.2800,0.000057
FILLER_19_124,VGND,li1,62.7900,65.2800,0.000062
FILLER_19_121,VGND,li1,61.8700,65.2800,0.000067
FILLER_19_111,VGND,li1,56.8100,65.2800,0.000069
FILLER_19_108,VGND,li1,55.8900,65.2800,0.000069
FILLER_19_99,VGND,li1,51.2900,65.2800,0.000068
FILLER_19_74,VGND,li1,40.2500,65.2800,0.000059
FILLER_19_71,VGND,li1,38.8700,65.2800,0.000059
FILLER_19_68,VGND,li1,37.4900,65.2800,0.000062
FILLER_19_65,VGND,li1,36.1100,65.2800,0.000062
FILLER_19_62,VGND,li1,34.7300,65.2800,0.000064
FILLER_19_57,VGND,li1,31.9700,65.2800,0.000064
FILLER_19_53,VGND,li1,30.5900,65.2800,0.000064
FILLER_19_50,VGND,li1,29.2100,65.2800,0.000064
FILLER_19_27,VGND,li1,18.4000,65.2800,0.000049
FILLER_19_24,VGND,li1,17.2500,65.2800,0.000043
FILLER_18_610,VGND,li1,286.5800,59.8400,0.000051
FILLER_18_587,VGND,li1,275.7700,59.8400,0.000097
FILLER_18_576,VGND,li1,270.9400,59.8400,0.000115
FILLER_18_548,VGND,li1,257.8300,59.8400,0.000087
FILLER_18_545,VGND,li1,256.9100,59.8400,0.000087
FILLER_18_542,VGND,li1,255.5300,59.8400,0.000077
FILLER_18_539,VGND,li1,254.1500,59.8400,0.000062
FILLER_18_536,VGND,li1,252.7700,59.8400,0.000062
FILLER_18_533,VGND,li1,251.3900,59.8400,0.000066
FILLER_18_530,VGND,li1,249.7800,59.8400,0.000070
FILLER_18_527,VGND,li1,248.6300,59.8400,0.000070
FILLER_18_518,VGND,li1,244.0300,59.8400,0.000075
FILLER_18_508,VGND,li1,239.4300,59.8400,0.000079
FILLER_18_505,VGND,li1,238.5100,59.8400,0.000079
FILLER_18_502,VGND,li1,237.1300,59.8400,0.000079
FILLER_18_499,VGND,li1,235.7500,59.8400,0.000079
FILLER_18_496,VGND,li1,234.3700,59.8400,0.000079
FILLER_18_493,VGND,li1,232.9900,59.8400,0.000077
FILLER_18_490,VGND,li1,231.6100,59.8400,0.000075
FILLER_18_480,VGND,li1,227.0100,59.8400,0.000070
FILLER_18_477,VGND,li1,225.6300,59.8400,0.000066
FILLER_18_474,VGND,li1,224.0200,59.8400,0.000075
FILLER_18_471,VGND,li1,222.8700,59.8400,0.000075
FILLER_18_460,VGND,li1,217.5800,59.8400,0.000101
FILLER_18_421,VGND,li1,199.4100,59.8400,0.000073
FILLER_18_417,VGND,li1,198.0300,59.8400,0.000073
FILLER_18_407,VGND,li1,192.9700,59.8400,0.000059
FILLER_18_404,VGND,li1,192.0500,59.8400,0.000067
FILLER_18_368,VGND,li1,175.2600,59.8400,0.000090
FILLER_18_365,VGND,li1,174.1100,59.8400,0.000090
FILLER_18_362,VGND,li1,172.5000,59.8400,0.000086
FILLER_18_340,VGND,li1,162.1500,59.8400,0.000068
FILLER_18_337,VGND,li1,161.2300,59.8400,0.000075
FILLER_18_334,VGND,li1,159.8500,59.8400,0.000075
FILLER_18_331,VGND,li1,158.4700,59.8400,0.000083
FILLER_18_328,VGND,li1,157.0900,59.8400,0.000083
FILLER_18_321,VGND,li1,153.8700,59.8400,0.000093
FILLER_18_318,VGND,li1,152.4900,59.8400,0.000095
FILLER_18_315,VGND,li1,151.1100,59.8400,0.000095
FILLER_18_307,VGND,li1,146.9700,59.8400,0.000091
FILLER_18_304,VGND,li1,146.0500,59.8400,0.000091
FILLER_18_295,VGND,li1,141.4500,59.8400,0.000081
FILLER_18_292,VGND,li1,140.5300,59.8400,0.000081
FILLER_18_289,VGND,li1,139.1500,59.8400,0.000072
FILLER_18_286,VGND,li1,137.7700,59.8400,0.000072
FILLER_18_283,VGND,li1,136.3900,59.8400,0.000065
FILLER_18_280,VGND,li1,135.0100,59.8400,0.000060
FILLER_18_277,VGND,li1,133.6300,59.8400,0.000060
FILLER_18_269,VGND,li1,129.4900,59.8400,0.000077
FILLER_18_253,VGND,li1,122.5900,59.8400,0.000088
FILLER_18_245,VGND,li1,118.9100,59.8400,0.000088
FILLER_18_242,VGND,li1,117.5300,59.8400,0.000088
FILLER_18_239,VGND,li1,116.1500,59.8400,0.000085
FILLER_18_236,VGND,li1,114.7700,59.8400,0.000081
FILLER_18_233,VGND,li1,113.3900,59.8400,0.000081
FILLER_18_230,VGND,li1,112.0100,59.8400,0.000074
FILLER_18_227,VGND,li1,110.6300,59.8400,0.000074
FILLER_18_224,VGND,li1,109.2500,59.8400,0.000070
FILLER_18_206,VGND,li1,100.9700,59.8400,0.000059
FILLER_18_194,VGND,li1,95.2200,59.8400,0.000064
FILLER_18_191,VGND,li1,94.0700,59.8400,0.000064
FILLER_18_188,VGND,li1,92.6900,59.8400,0.000063
FILLER_18_185,VGND,li1,91.3100,59.8400,0.000063
FILLER_18_182,VGND,li1,89.9300,59.8400,0.000062
FILLER_18_159,VGND,li1,78.8900,59.8400,0.000048
FILLER_18_156,VGND,li1,77.9700,59.8400,0.000048
FILLER_18_147,VGND,li1,73.6000,59.8400,0.000046
FILLER_18_144,VGND,li1,72.4500,59.8400,0.000046
FILLER_18_141,VGND,li1,71.0700,59.8400,0.000051
FILLER_18_127,VGND,li1,64.4000,59.8400,0.000060
FILLER_18_124,VGND,li1,63.2500,59.8400,0.000061
FILLER_18_121,VGND,li1,61.8700,59.8400,0.000061
FILLER_18_118,VGND,li1,60.4900,59.8400,0.000063
FILLER_18_115,VGND,li1,59.1100,59.8400,0.000063
FILLER_18_112,VGND,li1,57.7300,59.8400,0.000063
FILLER_18_109,VGND,li1,56.3500,59.8400,0.000063
FILLER_18_106,VGND,li1,54.9700,59.8400,0.000062
FILLER_18_103,VGND,li1,53.5900,59.8400,0.000062
FILLER_18_83,VGND,li1,43.9300,59.8400,0.000044
FILLER_18_76,VGND,li1,40.9400,59.8400,0.000049
FILLER_18_73,VGND,li1,39.7900,59.8400,0.000049
FILLER_18_70,VGND,li1,38.4100,59.8400,0.000053
FILLER_18_55,VGND,li1,31.2800,59.8400,0.000059
FILLER_18_45,VGND,li1,26.6800,59.8400,0.000060
FILLER_18_42,VGND,li1,25.5300,59.8400,0.000060
FILLER_18_39,VGND,li1,24.1500,59.8400,0.000060
FILLER_18_29,VGND,li1,19.0900,59.8400,0.000053
FILLER_18_18,VGND,li1,14.0300,59.8400,0.000040
FILLER_18_15,VGND,li1,13.1100,59.8400,0.000044
FILLER_18_12,VGND,li1,11.7300,59.8400,0.000044
FILLER_18_9,VGND,li1,10.3500,59.8400,0.000044
FILLER_18_6,VGND,li1,8.9700,59.8400,0.000044
FILLER_18_3,VGND,li1,7.5900,59.8400,0.000044
FILLER_17_597,VGND,li1,280.3700,59.8400,0.000074
FILLER_17_575,VGND,li1,270.2500,59.8400,0.000115
FILLER_17_564,VGND,li1,265.4200,59.8400,0.000118
FILLER_17_561,VGND,li1,264.2700,59.8400,0.000118
FILLER_17_559,VGND,li1,262.8900,59.8400,0.000110
FILLER_17_556,VGND,li1,261.9700,59.8400,0.000110
FILLER_17_553,VGND,li1,260.5900,59.8400,0.000104
FILLER_17_529,VGND,li1,249.5500,59.8400,0.000070
FILLER_17_526,VGND,li1,248.1700,59.8400,0.000070
FILLER_17_503,VGND,li1,237.1300,59.8400,0.000079
FILLER_17_500,VGND,li1,236.2100,59.8400,0.000079
FILLER_17_495,VGND,li1,233.4500,59.8400,0.000077
FILLER_17_492,VGND,li1,232.5300,59.8400,0.000077
FILLER_17_484,VGND,li1,228.8500,59.8400,0.000073
FILLER_17_481,VGND,li1,227.4700,59.8400,0.000070
FILLER_17_473,VGND,li1,223.3300,59.8400,0.000075
FILLER_17_470,VGND,li1,222.4100,59.8400,0.000075
FILLER_17_446,VGND,li1,211.1400,59.8400,0.000095
FILLER_17_443,VGND,li1,209.9900,59.8400,0.000095
FILLER_17_425,VGND,li1,201.4800,59.8400,0.000081
FILLER_17_402,VGND,li1,190.9000,59.8400,0.000067
FILLER_17_350,VGND,li1,166.7500,59.8400,0.000072
FILLER_17_340,VGND,li1,162.1500,59.8400,0.000068
FILLER_17_337,VGND,li1,161.2300,59.8400,0.000075
FILLER_17_305,VGND,li1,146.2800,59.8400,0.000091
FILLER_17_281,VGND,li1,135.4700,59.8400,0.000065
FILLER_17_249,VGND,li1,120.7500,59.8400,0.000088
FILLER_17_238,VGND,li1,115.6900,59.8400,0.000085
FILLER_17_228,VGND,li1,111.0900,59.8400,0.000074
FILLER_17_225,VGND,li1,109.7100,59.8400,0.000070
FILLER_17_221,VGND,li1,107.8700,59.8400,0.000064
FILLER_17_218,VGND,li1,106.4900,59.8400,0.000064
FILLER_17_215,VGND,li1,105.1100,59.8400,0.000054
FILLER_17_212,VGND,li1,103.7300,59.8400,0.000054
FILLER_17_209,VGND,li1,102.3500,59.8400,0.000059
FILLER_17_206,VGND,li1,100.9700,59.8400,0.000059
FILLER_17_203,VGND,li1,99.5900,59.8400,0.000065
FILLER_17_198,VGND,li1,96.8300,59.8400,0.000064
FILLER_17_195,VGND,li1,95.9100,59.8400,0.000064
FILLER_17_192,VGND,li1,94.5300,59.8400,0.000064
FILLER_17_189,VGND,li1,93.1500,59.8400,0.000064
FILLER_17_186,VGND,li1,91.7700,59.8400,0.000063
FILLER_17_180,VGND,li1,88.7800,59.8400,0.000062
FILLER_17_177,VGND,li1,87.6300,59.8400,0.000061
FILLER_17_174,VGND,li1,86.2500,59.8400,0.000058
FILLER_17_169,VGND,li1,83.4900,59.8400,0.000055
FILLER_17_165,VGND,li1,82.1100,59.8400,0.000055
FILLER_17_162,VGND,li1,80.7300,59.8400,0.000052
FILLER_17_159,VGND,li1,79.3500,59.8400,0.000048
FILLER_17_140,VGND,li1,70.3800,59.8400,0.000051
FILLER_17_129,VGND,li1,65.0900,59.8400,0.000060
FILLER_17_126,VGND,li1,64.1700,59.8400,0.000060
FILLER_17_123,VGND,li1,62.7900,59.8400,0.000061
FILLER_17_111,VGND,li1,56.8100,59.8400,0.000063
FILLER_17_108,VGND,li1,55.8900,59.8400,0.000062
FILLER_17_105,VGND,li1,54.5100,59.8400,0.000062
FILLER_17_82,VGND,li1,43.7000,59.8400,0.000044
FILLER_17_79,VGND,li1,42.5500,59.8400,0.000044
FILLER_17_76,VGND,li1,41.1700,59.8400,0.000049
FILLER_17_73,VGND,li1,39.7900,59.8400,0.000049
FILLER_17_70,VGND,li1,38.4100,59.8400,0.000053
FILLER_17_67,VGND,li1,37.0300,59.8400,0.000053
FILLER_17_53,VGND,li1,30.5900,59.8400,0.000060
FILLER_17_50,VGND,li1,29.2100,59.8400,0.000060
FILLER_17_47,VGND,li1,27.8300,59.8400,0.000060
FILLER_17_24,VGND,li1,17.0200,59.8400,0.000047
FILLER_16_602,VGND,li1,282.9000,54.4000,0.000066
FILLER_16_589,VGND,li1,276.6900,54.4000,0.000090
FILLER_16_571,VGND,li1,268.4100,54.4000,0.000106
FILLER_16_568,VGND,li1,267.4900,54.4000,0.000106
FILLER_16_565,VGND,li1,265.6500,54.4000,0.000107
FILLER_16_562,VGND,li1,264.7300,54.4000,0.000107
FILLER_16_551,VGND,li1,259.4400,54.4000,0.000100
FILLER_16_548,VGND,li1,258.2900,54.4000,0.000100
FILLER_16_539,VGND,li1,253.6900,54.4000,0.000076
FILLER_16_536,VGND,li1,252.7700,54.4000,0.000076
FILLER_16_533,VGND,li1,251.3900,54.4000,0.000086
FILLER_16_519,VGND,li1,244.4900,54.4000,0.000109
FILLER_16_509,VGND,li1,240.1200,54.4000,0.000119
FILLER_16_506,VGND,li1,238.9700,54.4000,0.000115
FILLER_16_503,VGND,li1,237.5900,54.4000,0.000115
FILLER_16_480,VGND,li1,226.7800,54.4000,0.000082
FILLER_16_477,VGND,li1,225.6300,54.4000,0.000072
FILLER_16_474,VGND,li1,224.0200,54.4000,0.000063
FILLER_16_471,VGND,li1,222.8700,54.4000,0.000063
FILLER_16_468,VGND,li1,221.4900,54.4000,0.000070
FILLER_16_449,VGND,li1,212.7500,54.4000,0.000078
FILLER_16_446,VGND,li1,211.3700,54.4000,0.000078
FILLER_16_424,VGND,li1,200.7900,54.4000,0.000068
FILLER_16_421,VGND,li1,199.8700,54.4000,0.000063
FILLER_16_398,VGND,li1,188.8300,54.4000,0.000062
FILLER_16_348,VGND,li1,166.2900,54.4000,0.000053
FILLER_16_339,VGND,li1,161.6900,54.4000,0.000047
FILLER_16_330,VGND,li1,157.7800,54.4000,0.000053
FILLER_16_320,VGND,li1,153.4100,54.4000,0.000058
FILLER_16_317,VGND,li1,152.0300,54.4000,0.000060
FILLER_16_312,VGND,li1,149.2700,54.4000,0.000061
FILLER_16_309,VGND,li1,148.3500,54.4000,0.000061
FILLER_16_305,VGND,li1,146.5100,54.4000,0.000061
FILLER_16_281,VGND,li1,135.2400,54.4000,0.000053
FILLER_16_249,VGND,li1,120.7500,54.4000,0.000083
FILLER_16_227,VGND,li1,110.1700,54.4000,0.000066
FILLER_16_224,VGND,li1,109.2500,54.4000,0.000061
FILLER_16_221,VGND,li1,107.8700,54.4000,0.000057
FILLER_16_218,VGND,li1,106.4900,54.4000,0.000057
FILLER_16_215,VGND,li1,105.1100,54.4000,0.000050
FILLER_16_212,VGND,li1,103.7300,54.4000,0.000050
FILLER_16_209,VGND,li1,102.3500,54.4000,0.000056
FILLER_16_206,VGND,li1,100.9700,54.4000,0.000062
FILLER_16_203,VGND,li1,99.5900,54.4000,0.000062
FILLER_16_200,VGND,li1,98.2100,54.4000,0.000068
FILLER_16_197,VGND,li1,96.8300,54.4000,0.000068
FILLER_16_194,VGND,li1,95.2200,54.4000,0.000072
FILLER_16_191,VGND,li1,94.0700,54.4000,0.000078
FILLER_16_188,VGND,li1,92.6900,54.4000,0.000078
FILLER_16_185,VGND,li1,91.3100,54.4000,0.000082
FILLER_16_175,VGND,li1,86.7100,54.4000,0.000085
FILLER_16_172,VGND,li1,85.3300,54.4000,0.000085
FILLER_16_169,VGND,li1,83.9500,54.4000,0.000083
FILLER_16_156,VGND,li1,77.5100,54.4000,0.000079
FILLER_16_144,VGND,li1,72.4500,54.4000,0.000067
FILLER_16_141,VGND,li1,71.0700,54.4000,0.000067
FILLER_16_137,VGND,li1,69.2300,54.4000,0.000072
FILLER_16_122,VGND,li1,62.3300,54.4000,0.000090
FILLER_16_85,VGND,li1,45.3100,54.4000,0.000064
FILLER_16_65,VGND,li1,35.8800,54.4000,0.000076
FILLER_16_62,VGND,li1,34.7300,54.4000,0.000076
FILLER_16_53,VGND,li1,30.1300,54.4000,0.000079
FILLER_16_50,VGND,li1,29.2100,54.4000,0.000080
FILLER_16_47,VGND,li1,27.8300,54.4000,0.000080
FILLER_16_29,VGND,li1,19.0900,54.4000,0.000075
FILLER_16_3,VGND,li1,7.5900,54.4000,0.000062
FILLER_15_609,VGND,li1,286.3500,54.4000,0.000053
FILLER_15_579,VGND,li1,272.0900,54.4000,0.000104
FILLER_15_569,VGND,li1,267.7200,54.4000,0.000106
FILLER_15_539,VGND,li1,253.6900,54.4000,0.000076
FILLER_15_514,VGND,li1,242.1900,54.4000,0.000117
FILLER_15_511,VGND,li1,241.2700,54.4000,0.000119
FILLER_15_508,VGND,li1,239.8900,54.4000,0.000119
FILLER_15_505,VGND,li1,238.5100,54.4000,0.000115
FILLER_15_487,VGND,li1,229.7700,54.4000,0.000096
FILLER_15_468,VGND,li1,221.2600,54.4000,0.000070
FILLER_15_465,VGND,li1,220.1100,54.4000,0.000070
FILLER_15_436,VGND,li1,206.7700,54.4000,0.000076
FILLER_15_401,VGND,li1,190.4400,54.4000,0.000060
FILLER_15_391,VGND,li1,185.6100,54.4000,0.000065
FILLER_15_370,VGND,li1,176.4100,54.4000,0.000064
FILLER_15_367,VGND,li1,175.0300,54.4000,0.000064
FILLER_15_364,VGND,li1,173.6500,54.4000,0.000064
FILLER_15_337,VGND,li1,161.0000,54.4000,0.000050
FILLER_15_324,VGND,li1,155.2500,54.4000,0.000056
FILLER_15_321,VGND,li1,153.8700,54.4000,0.000058
FILLER_15_288,VGND,li1,138.6900,54.4000,0.000058
FILLER_15_285,VGND,li1,137.3100,54.4000,0.000056
FILLER_15_241,VGND,li1,116.8400,54.4000,0.000078
FILLER_15_238,VGND,li1,115.6900,54.4000,0.000078
FILLER_15_228,VGND,li1,111.0900,54.4000,0.000066
FILLER_15_225,VGND,li1,109.7100,54.4000,0.000061
FILLER_15_223,VGND,li1,108.3300,54.4000,0.000061
FILLER_15_220,VGND,li1,107.4100,54.4000,0.000057
FILLER_15_196,VGND,li1,96.3700,54.4000,0.000072
FILLER_15_193,VGND,li1,94.9900,54.4000,0.000072
FILLER_15_190,VGND,li1,93.6100,54.4000,0.000078
FILLER_15_187,VGND,li1,92.2300,54.4000,0.000082
FILLER_15_184,VGND,li1,90.8500,54.4000,0.000082
FILLER_15_175,VGND,li1,86.4800,54.4000,0.000085
FILLER_15_172,VGND,li1,85.3300,54.4000,0.000085
FILLER_15_169,VGND,li1,83.9500,54.4000,0.000083
FILLER_15_166,VGND,li1,82.3400,54.4000,0.000083
FILLER_15_161,VGND,li1,79.8100,54.4000,0.000082
FILLER_15_146,VGND,li1,73.1400,54.4000,0.000061
FILLER_15_143,VGND,li1,71.9900,54.4000,0.000067
FILLER_15_116,VGND,li1,59.3400,54.4000,0.000091
FILLER_15_113,VGND,li1,58.1900,54.4000,0.000088
FILLER_15_110,VGND,li1,56.5800,54.4000,0.000088
FILLER_15_107,VGND,li1,55.4300,54.4000,0.000085
FILLER_15_104,VGND,li1,54.0500,54.4000,0.000085
FILLER_15_96,VGND,li1,50.1400,54.4000,0.000078
FILLER_15_93,VGND,li1,48.9900,54.4000,0.000071
FILLER_15_90,VGND,li1,47.6100,54.4000,0.000071
FILLER_15_87,VGND,li1,46.2300,54.4000,0.000064
FILLER_15_84,VGND,li1,44.8500,54.4000,0.000057
FILLER_15_72,VGND,li1,38.8700,54.4000,0.000071
FILLER_15_69,VGND,li1,37.9500,54.4000,0.000074
FILLER_15_66,VGND,li1,36.5700,54.4000,0.000074
FILLER_15_53,VGND,li1,30.5900,54.4000,0.000079
FILLER_15_50,VGND,li1,29.2100,54.4000,0.000080
FILLER_15_47,VGND,li1,27.8300,54.4000,0.000080
FILLER_15_17,VGND,li1,13.5700,54.4000,0.000055
FILLER_15_14,VGND,li1,12.6500,54.4000,0.000060
FILLER_15_9,VGND,li1,9.8900,54.4000,0.000062
FILLER_15_6,VGND,li1,8.9700,54.4000,0.000062
FILLER_15_3,VGND,li1,7.5900,54.4000,0.000062
FILLER_14_589,VGND,li1,276.9200,48.9600,0.000084
FILLER_14_575,VGND,li1,270.2500,48.9600,0.000113
FILLER_14_572,VGND,li1,269.3300,48.9600,0.000113
FILLER_14_536,VGND,li1,252.7700,48.9600,0.000067
FILLER_14_533,VGND,li1,251.3900,48.9600,0.000074
FILLER_14_529,VGND,li1,249.5500,48.9600,0.000080
FILLER_14_526,VGND,li1,248.1700,48.9600,0.000080
FILLER_14_502,VGND,li1,237.1300,48.9600,0.000100
FILLER_14_475,VGND,li1,224.2500,48.9600,0.000059
FILLER_14_472,VGND,li1,223.3300,48.9600,0.000059
FILLER_14_462,VGND,li1,218.2700,48.9600,0.000065
FILLER_14_430,VGND,li1,203.7800,48.9600,0.000058
FILLER_14_368,VGND,li1,175.2600,48.9600,0.000051
FILLER_14_365,VGND,li1,174.1100,48.9600,0.000051
FILLER_14_307,VGND,li1,146.9700,48.9600,0.000040
FILLER_14_304,VGND,li1,146.0500,48.9600,0.000039
FILLER_14_301,VGND,li1,144.6700,48.9600,0.000039
FILLER_14_298,VGND,li1,143.2900,48.9600,0.000038
FILLER_14_266,VGND,li1,128.3400,48.9600,0.000034
FILLER_14_263,VGND,li1,127.1900,48.9600,0.000034
FILLER_14_253,VGND,li1,122.1300,48.9600,0.000034
FILLER_14_251,VGND,li1,121.2100,48.9600,0.000034
FILLER_14_248,VGND,li1,120.2900,48.9600,0.000034
FILLER_14_245,VGND,li1,118.9100,48.9600,0.000033
FILLER_14_242,VGND,li1,117.5300,48.9600,0.000033
FILLER_14_236,VGND,li1,114.5400,48.9600,0.000032
FILLER_14_233,VGND,li1,113.3900,48.9600,0.000032
FILLER_14_230,VGND,li1,112.0100,48.9600,0.000032
FILLER_14_227,VGND,li1,110.6300,48.9600,0.000031
FILLER_14_224,VGND,li1,109.2500,48.9600,0.000030
FILLER_14_221,VGND,li1,107.8700,48.9600,0.000030
FILLER_14_211,VGND,li1,103.0400,48.9600,0.000027
FILLER_14_200,VGND,li1,97.9800,48.9600,0.000043
FILLER_14_197,VGND,li1,96.8300,48.9600,0.000043
FILLER_14_193,VGND,li1,94.9900,48.9600,0.000047
FILLER_14_190,VGND,li1,93.6100,48.9600,0.000052
FILLER_14_178,VGND,li1,88.0900,48.9600,0.000057
FILLER_14_175,VGND,li1,86.7100,48.9600,0.000055
FILLER_14_164,VGND,li1,81.4200,48.9600,0.000049
FILLER_14_161,VGND,li1,80.2700,48.9600,0.000049
FILLER_14_154,VGND,li1,77.0500,48.9600,0.000044
FILLER_14_151,VGND,li1,75.6700,48.9600,0.000036
FILLER_14_148,VGND,li1,74.2900,48.9600,0.000036
FILLER_14_145,VGND,li1,72.9100,48.9600,0.000041
FILLER_14_137,VGND,li1,69.2300,48.9600,0.000045
FILLER_14_130,VGND,li1,66.0100,48.9600,0.000051
FILLER_14_127,VGND,li1,64.6300,48.9600,0.000051
FILLER_14_108,VGND,li1,55.8900,48.9600,0.000054
FILLER_14_105,VGND,li1,54.5100,48.9600,0.000054
FILLER_14_102,VGND,li1,53.1300,48.9600,0.000053
FILLER_14_99,VGND,li1,51.7500,48.9600,0.000053
FILLER_14_93,VGND,li1,48.7600,48.9600,0.000049
FILLER_14_85,VGND,li1,45.3100,48.9600,0.000041
FILLER_14_83,VGND,li1,43.9300,48.9600,0.000047
FILLER_14_80,VGND,li1,43.0100,48.9600,0.000047
FILLER_14_77,VGND,li1,41.6300,48.9600,0.000053
FILLER_14_74,VGND,li1,40.2500,48.9600,0.000053
FILLER_14_68,VGND,li1,37.2600,48.9600,0.000063
FILLER_14_65,VGND,li1,36.1100,48.9600,0.000063
FILLER_14_62,VGND,li1,34.7300,48.9600,0.000068
FILLER_14_59,VGND,li1,33.3500,48.9600,0.000068
FILLER_14_56,VGND,li1,31.9700,48.9600,0.000071
FILLER_14_47,VGND,li1,27.3700,48.9600,0.000077
FILLER_14_29,VGND,li1,19.0900,48.9600,0.000063
FILLER_14_6,VGND,li1,8.5100,48.9600,0.000062
FILLER_14_3,VGND,li1,7.5900,48.9600,0.000062
FILLER_13_611,VGND,li1,286.8100,48.9600,0.000046
FILLER_13_608,VGND,li1,285.8900,48.9600,0.000046
FILLER_13_564,VGND,li1,265.6500,48.9600,0.000112
FILLER_13_561,VGND,li1,264.2700,48.9600,0.000112
FILLER_13_546,VGND,li1,256.9100,48.9600,0.000080
FILLER_13_522,VGND,li1,246.3300,48.9600,0.000084
FILLER_13_505,VGND,li1,238.5100,48.9600,0.000098
FILLER_13_482,VGND,li1,227.7000,48.9600,0.000075
FILLER_13_445,VGND,li1,210.9100,48.9600,0.000066
FILLER_13_433,VGND,li1,205.3900,48.9600,0.000058
FILLER_13_405,VGND,li1,192.5100,48.9600,0.000043
FILLER_13_346,VGND,li1,164.9100,48.9600,0.000032
FILLER_13_337,VGND,li1,160.7700,48.9600,0.000037
FILLER_13_334,VGND,li1,159.6200,48.9600,0.000037
FILLER_13_331,VGND,li1,158.4700,48.9600,0.000039
FILLER_13_328,VGND,li1,157.0900,48.9600,0.000039
FILLER_13_325,VGND,li1,155.7100,48.9600,0.000040
FILLER_13_322,VGND,li1,154.3300,48.9600,0.000040
FILLER_13_319,VGND,li1,152.9500,48.9600,0.000042
FILLER_13_316,VGND,li1,151.5700,48.9600,0.000042
FILLER_13_313,VGND,li1,150.1900,48.9600,0.000041
FILLER_13_310,VGND,li1,148.8100,48.9600,0.000041
FILLER_13_300,VGND,li1,143.9800,48.9600,0.000038
FILLER_13_297,VGND,li1,142.8300,48.9600,0.000038
FILLER_13_252,VGND,li1,122.1300,48.9600,0.000034
FILLER_13_249,VGND,li1,120.7500,48.9600,0.000034
FILLER_13_246,VGND,li1,119.3700,48.9600,0.000033
FILLER_13_243,VGND,li1,117.9900,48.9600,0.000033
FILLER_13_240,VGND,li1,116.6100,48.9600,0.000033
FILLER_13_237,VGND,li1,115.2300,48.9600,0.000032
FILLER_13_234,VGND,li1,113.8500,48.9600,0.000032
FILLER_13_231,VGND,li1,112.4700,48.9600,0.000032
FILLER_13_228,VGND,li1,111.0900,48.9600,0.000031
FILLER_13_225,VGND,li1,109.7100,48.9600,0.000031
FILLER_13_222,VGND,li1,108.1000,48.9600,0.000030
FILLER_13_219,VGND,li1,106.9500,48.9600,0.000029
FILLER_13_216,VGND,li1,105.5700,48.9600,0.000029
FILLER_13_213,VGND,li1,104.1900,48.9600,0.000027
FILLER_13_210,VGND,li1,102.8100,48.9600,0.000027
FILLER_13_207,VGND,li1,101.4300,48.9600,0.000034
FILLER_13_204,VGND,li1,100.0500,48.9600,0.000038
FILLER_13_201,VGND,li1,98.6700,48.9600,0.000038
FILLER_13_198,VGND,li1,97.2900,48.9600,0.000043
FILLER_13_195,VGND,li1,95.9100,48.9600,0.000047
FILLER_13_192,VGND,li1,94.5300,48.9600,0.000052
FILLER_13_189,VGND,li1,93.1500,48.9600,0.000052
FILLER_13_186,VGND,li1,91.7700,48.9600,0.000059
FILLER_13_183,VGND,li1,90.3900,48.9600,0.000059
FILLER_13_169,VGND,li1,83.4900,48.9600,0.000053
FILLER_13_166,VGND,li1,82.3400,48.9600,0.000053
FILLER_13_163,VGND,li1,81.1900,48.9600,0.000049
FILLER_13_160,VGND,li1,79.8100,48.9600,0.000049
FILLER_13_157,VGND,li1,78.4300,48.9600,0.000044
FILLER_13_154,VGND,li1,77.0500,48.9600,0.000044
FILLER_13_151,VGND,li1,75.6700,48.9600,0.000036
FILLER_13_148,VGND,li1,74.2900,48.9600,0.000036
FILLER_13_145,VGND,li1,72.9100,48.9600,0.000041
FILLER_13_142,VGND,li1,71.5300,48.9600,0.000041
FILLER_13_139,VGND,li1,70.1500,48.9600,0.000045
FILLER_13_136,VGND,li1,68.7700,48.9600,0.000048
FILLER_13_133,VGND,li1,67.3900,48.9600,0.000048
FILLER_13_123,VGND,li1,62.5600,48.9600,0.000054
FILLER_13_113,VGND,li1,58.1900,48.9600,0.000055
FILLER_13_110,VGND,li1,56.5800,48.9600,0.000055
FILLER_13_96,VGND,li1,49.9100,48.9600,0.000049
FILLER_13_93,VGND,li1,48.9900,48.9600,0.000049
FILLER_13_85,VGND,li1,44.8500,48.9600,0.000041
FILLER_13_82,VGND,li1,43.9300,48.9600,0.000047
FILLER_13_77,VGND,li1,41.1700,48.9600,0.000053
FILLER_13_70,VGND,li1,38.4100,48.9600,0.000058
FILLER_13_67,VGND,li1,37.0300,48.9600,0.000063
FILLER_13_64,VGND,li1,35.6500,48.9600,0.000063
FILLER_13_61,VGND,li1,34.2700,48.9600,0.000068
FILLER_13_53,VGND,li1,30.5900,48.9600,0.000074
FILLER_13_41,VGND,li1,25.0700,48.9600,0.000078
FILLER_13_32,VGND,li1,20.9300,48.9600,0.000072
FILLER_13_3,VGND,li1,7.5900,48.9600,0.000062
FILLER_12_589,VGND,li1,276.9200,43.5200,0.000046
FILLER_12_586,VGND,li1,275.5400,43.5200,0.000046
FILLER_12_583,VGND,li1,274.3900,43.5200,0.000048
FILLER_12_580,VGND,li1,273.0100,43.5200,0.000048
FILLER_12_557,VGND,li1,262.2000,43.5200,0.000051
FILLER_12_533,VGND,li1,251.3900,43.5200,0.000052
FILLER_12_529,VGND,li1,249.5500,43.5200,0.000056
FILLER_12_526,VGND,li1,248.1700,43.5200,0.000056
FILLER_12_473,VGND,li1,223.7900,43.5200,0.000052
FILLER_12_425,VGND,li1,201.7100,43.5200,0.000065
FILLER_12_418,VGND,li1,198.2600,43.5200,0.000055
FILLER_12_347,VGND,li1,165.3700,43.5200,0.000060
FILLER_12_316,VGND,li1,151.1100,43.5200,0.000097
FILLER_12_309,VGND,li1,148.3500,43.5200,0.000096
FILLER_12_259,VGND,li1,125.3500,43.5200,0.000072
FILLER_12_256,VGND,li1,123.9700,43.5200,0.000072
FILLER_12_253,VGND,li1,122.5900,43.5200,0.000074
FILLER_12_251,VGND,li1,121.2100,43.5200,0.000074
FILLER_12_248,VGND,li1,120.2900,43.5200,0.000070
FILLER_12_245,VGND,li1,118.9100,43.5200,0.000070
FILLER_12_242,VGND,li1,117.5300,43.5200,0.000065
FILLER_12_239,VGND,li1,116.1500,43.5200,0.000065
FILLER_12_203,VGND,li1,99.5900,43.5200,0.000038
FILLER_12_200,VGND,li1,98.2100,43.5200,0.000038
FILLER_12_197,VGND,li1,96.8300,43.5200,0.000040
FILLER_12_194,VGND,li1,95.2200,43.5200,0.000040
FILLER_12_187,VGND,li1,92.2300,43.5200,0.000042
FILLER_12_174,VGND,li1,86.0200,43.5200,0.000040
FILLER_12_163,VGND,li1,80.9600,43.5200,0.000037
FILLER_12_160,VGND,li1,79.8100,43.5200,0.000034
FILLER_12_157,VGND,li1,78.4300,43.5200,0.000034
FILLER_12_141,VGND,li1,71.0700,43.5200,0.000038
FILLER_12_138,VGND,li1,69.4600,43.5200,0.000041
FILLER_12_135,VGND,li1,68.3100,43.5200,0.000041
FILLER_12_132,VGND,li1,66.9300,43.5200,0.000045
FILLER_12_129,VGND,li1,65.5500,43.5200,0.000045
FILLER_12_126,VGND,li1,64.1700,43.5200,0.000048
FILLER_12_121,VGND,li1,61.4100,43.5200,0.000050
FILLER_12_118,VGND,li1,60.4900,43.5200,0.000050
FILLER_12_115,VGND,li1,59.1100,43.5200,0.000050
FILLER_12_112,VGND,li1,57.7300,43.5200,0.000050
FILLER_12_109,VGND,li1,56.3500,43.5200,0.000049
FILLER_12_106,VGND,li1,54.9700,43.5200,0.000049
FILLER_12_103,VGND,li1,53.5900,43.5200,0.000048
FILLER_12_100,VGND,li1,52.2100,43.5200,0.000048
FILLER_12_97,VGND,li1,50.8300,43.5200,0.000046
FILLER_12_94,VGND,li1,49.4500,43.5200,0.000046
FILLER_12_91,VGND,li1,48.0700,43.5200,0.000042
FILLER_12_88,VGND,li1,46.6900,43.5200,0.000042
FILLER_12_85,VGND,li1,45.3100,43.5200,0.000037
FILLER_12_82,VGND,li1,43.7000,43.5200,0.000041
FILLER_12_74,VGND,li1,39.7900,43.5200,0.000046
FILLER_12_71,VGND,li1,38.8700,43.5200,0.000048
FILLER_12_59,VGND,li1,33.1200,43.5200,0.000054
FILLER_12_56,VGND,li1,31.9700,43.5200,0.000054
FILLER_12_53,VGND,li1,30.5900,43.5200,0.000055
FILLER_12_44,VGND,li1,26.4500,43.5200,0.000057
FILLER_12_41,VGND,li1,25.0700,43.5200,0.000056
FILLER_12_15,VGND,li1,12.6500,43.5200,0.000043
FILLER_12_9,VGND,li1,9.8900,43.5200,0.000045
FILLER_12_6,VGND,li1,8.9700,43.5200,0.000045
FILLER_12_3,VGND,li1,7.5900,43.5200,0.000045
FILLER_11_601,VGND,li1,282.2100,43.5200,0.000033
FILLER_11_578,VGND,li1,271.8600,43.5200,0.000051
FILLER_11_575,VGND,li1,270.7100,43.5200,0.000051
FILLER_11_561,VGND,li1,263.8100,43.5200,0.000052
FILLER_11_559,VGND,li1,262.8900,43.5200,0.000052
FILLER_11_556,VGND,li1,261.9700,43.5200,0.000051
FILLER_11_553,VGND,li1,260.5900,43.5200,0.000051
FILLER_11_509,VGND,li1,240.1200,43.5200,0.000065
FILLER_11_452,VGND,li1,213.6700,43.5200,0.000067
FILLER_11_449,VGND,li1,212.7500,43.5200,0.000069
FILLER_11_416,VGND,li1,197.3400,43.5200,0.000055
FILLER_11_393,VGND,li1,186.7600,43.5200,0.000064
FILLER_11_335,VGND,li1,159.8500,43.5200,0.000077
FILLER_11_324,VGND,li1,155.0200,43.5200,0.000090
FILLER_11_312,VGND,li1,149.7300,43.5200,0.000097
FILLER_11_301,VGND,li1,144.4400,43.5200,0.000091
FILLER_11_290,VGND,li1,139.3800,43.5200,0.000078
FILLER_11_279,VGND,li1,134.0900,43.5200,0.000056
FILLER_11_276,VGND,li1,133.1700,43.5200,0.000056
FILLER_11_240,VGND,li1,116.6100,43.5200,0.000065
FILLER_11_237,VGND,li1,115.2300,43.5200,0.000061
FILLER_11_234,VGND,li1,113.8500,43.5200,0.000061
FILLER_11_231,VGND,li1,112.4700,43.5200,0.000054
FILLER_11_228,VGND,li1,111.0900,43.5200,0.000054
FILLER_11_225,VGND,li1,109.7100,43.5200,0.000048
FILLER_11_223,VGND,li1,108.3300,43.5200,0.000048
FILLER_11_212,VGND,li1,103.5000,43.5200,0.000035
FILLER_11_209,VGND,li1,102.3500,43.5200,0.000036
FILLER_11_206,VGND,li1,100.9700,43.5200,0.000036
FILLER_11_203,VGND,li1,99.5900,43.5200,0.000038
FILLER_11_200,VGND,li1,98.2100,43.5200,0.000038
FILLER_11_197,VGND,li1,96.8300,43.5200,0.000040
FILLER_11_194,VGND,li1,95.4500,43.5200,0.000040
FILLER_11_184,VGND,li1,90.8500,43.5200,0.000042
FILLER_11_181,VGND,li1,89.4700,43.5200,0.000042
FILLER_11_178,VGND,li1,88.0900,43.5200,0.000042
FILLER_11_175,VGND,li1,86.7100,43.5200,0.000040
FILLER_11_172,VGND,li1,85.3300,43.5200,0.000040
FILLER_11_169,VGND,li1,83.9500,43.5200,0.000039
FILLER_11_166,VGND,li1,82.3400,43.5200,0.000037
FILLER_11_163,VGND,li1,81.1900,43.5200,0.000037
FILLER_11_160,VGND,li1,79.8100,43.5200,0.000034
FILLER_11_157,VGND,li1,78.4300,43.5200,0.000034
FILLER_11_147,VGND,li1,73.3700,43.5200,0.000034
FILLER_11_144,VGND,li1,72.4500,43.5200,0.000034
FILLER_11_132,VGND,li1,66.7000,43.5200,0.000045
FILLER_11_129,VGND,li1,65.5500,43.5200,0.000045
FILLER_11_110,VGND,li1,56.5800,43.5200,0.000049
FILLER_11_84,VGND,li1,44.8500,43.5200,0.000037
FILLER_11_66,VGND,li1,36.3400,43.5200,0.000050
FILLER_11_63,VGND,li1,35.1900,43.5200,0.000052
FILLER_11_60,VGND,li1,33.8100,43.5200,0.000052
FILLER_11_57,VGND,li1,32.4300,43.5200,0.000054
FILLER_11_54,VGND,li1,30.8200,43.5200,0.000055
FILLER_11_51,VGND,li1,29.6700,43.5200,0.000055
FILLER_11_43,VGND,li1,25.5300,43.5200,0.000057
FILLER_11_40,VGND,li1,24.6100,43.5200,0.000056
FILLER_11_34,VGND,li1,21.3900,43.5200,0.000054
FILLER_11_19,VGND,li1,14.7200,43.5200,0.000040
FILLER_11_6,VGND,li1,8.7400,43.5200,0.000045
FILLER_11_3,VGND,li1,7.5900,43.5200,0.000045
FILLER_10_589,VGND,li1,276.9200,38.0800,0.000040
FILLER_10_573,VGND,li1,269.5600,38.0800,0.000044
FILLER_10_570,VGND,li1,268.4100,38.0800,0.000044
FILLER_10_548,VGND,li1,257.8300,38.0800,0.000034
FILLER_10_545,VGND,li1,256.9100,38.0800,0.000034
FILLER_10_542,VGND,li1,255.5300,38.0800,0.000030
FILLER_10_531,VGND,li1,250.0100,38.0800,0.000038
FILLER_10_528,VGND,li1,249.0900,38.0800,0.000038
FILLER_10_525,VGND,li1,247.7100,38.0800,0.000041
FILLER_10_486,VGND,li1,229.3100,38.0800,0.000054
FILLER_10_466,VGND,li1,220.3400,38.0800,0.000057
FILLER_10_463,VGND,li1,219.1900,38.0800,0.000057
FILLER_10_451,VGND,li1,213.6700,38.0800,0.000073
FILLER_10_444,VGND,li1,210.4500,38.0800,0.000079
FILLER_10_421,VGND,li1,199.6400,38.0800,0.000059
FILLER_10_417,VGND,li1,198.0300,38.0800,0.000059
FILLER_10_411,VGND,li1,195.0400,38.0800,0.000045
FILLER_10_401,VGND,li1,190.2100,38.0800,0.000048
FILLER_10_390,VGND,li1,185.6100,38.0800,0.000051
FILLER_10_361,VGND,li1,172.2700,38.0800,0.000045
FILLER_10_350,VGND,li1,166.9800,38.0800,0.000031
FILLER_10_347,VGND,li1,165.8300,38.0800,0.000031
FILLER_10_344,VGND,li1,164.4500,38.0800,0.000026
FILLER_10_334,VGND,li1,159.3900,38.0800,0.000029
FILLER_10_331,VGND,li1,158.4700,38.0800,0.000030
FILLER_10_321,VGND,li1,153.4100,38.0800,0.000031
FILLER_10_318,VGND,li1,152.4900,38.0800,0.000031
FILLER_10_309,VGND,li1,148.1200,38.0800,0.000031
FILLER_10_306,VGND,li1,146.7400,38.0800,0.000030
FILLER_10_303,VGND,li1,145.5900,38.0800,0.000030
FILLER_10_300,VGND,li1,144.2100,38.0800,0.000029
FILLER_10_297,VGND,li1,142.8300,38.0800,0.000029
FILLER_10_294,VGND,li1,141.4500,38.0800,0.000027
FILLER_10_291,VGND,li1,140.0700,38.0800,0.000027
FILLER_10_288,VGND,li1,138.6900,38.0800,0.000024
FILLER_10_285,VGND,li1,137.3100,38.0800,0.000024
FILLER_10_282,VGND,li1,135.9300,38.0800,0.000022
FILLER_10_279,VGND,li1,134.5500,38.0800,0.000019
FILLER_10_274,VGND,li1,131.7900,38.0800,0.000021
FILLER_10_271,VGND,li1,130.8700,38.0800,0.000021
FILLER_10_268,VGND,li1,129.4900,38.0800,0.000024
FILLER_10_265,VGND,li1,128.1100,38.0800,0.000024
FILLER_10_262,VGND,li1,126.7300,38.0800,0.000026
FILLER_10_259,VGND,li1,125.3500,38.0800,0.000026
FILLER_10_256,VGND,li1,123.9700,38.0800,0.000029
FILLER_10_253,VGND,li1,122.5900,38.0800,0.000029
FILLER_10_251,VGND,li1,121.2100,38.0800,0.000029
FILLER_10_248,VGND,li1,120.2900,38.0800,0.000029
FILLER_10_236,VGND,li1,114.5400,38.0800,0.000029
FILLER_10_233,VGND,li1,113.3900,38.0800,0.000029
FILLER_10_230,VGND,li1,112.0100,38.0800,0.000030
FILLER_10_225,VGND,li1,109.2500,38.0800,0.000030
FILLER_10_217,VGND,li1,105.5700,38.0800,0.000025
FILLER_10_214,VGND,li1,104.6500,38.0800,0.000025
FILLER_10_211,VGND,li1,103.2700,38.0800,0.000029
FILLER_10_208,VGND,li1,101.8900,38.0800,0.000029
FILLER_10_197,VGND,li1,96.6000,38.0800,0.000041
FILLER_10_195,VGND,li1,95.4500,38.0800,0.000041
FILLER_10_182,VGND,li1,89.4700,38.0800,0.000050
FILLER_10_179,VGND,li1,88.5500,38.0800,0.000053
FILLER_10_169,VGND,li1,83.9500,38.0800,0.000056
FILLER_10_166,VGND,li1,82.5700,38.0800,0.000056
FILLER_10_163,VGND,li1,81.1900,38.0800,0.000056
FILLER_10_160,VGND,li1,79.8100,38.0800,0.000056
FILLER_10_157,VGND,li1,78.4300,38.0800,0.000056
FILLER_10_154,VGND,li1,77.0500,38.0800,0.000051
FILLER_10_151,VGND,li1,75.6700,38.0800,0.000051
FILLER_10_148,VGND,li1,74.2900,38.0800,0.000044
FILLER_10_132,VGND,li1,66.9300,38.0800,0.000053
FILLER_10_129,VGND,li1,65.5500,38.0800,0.000056
FILLER_10_126,VGND,li1,64.1700,38.0800,0.000056
FILLER_10_123,VGND,li1,62.7900,38.0800,0.000059
FILLER_10_118,VGND,li1,60.0300,38.0800,0.000059
FILLER_10_115,VGND,li1,59.1100,38.0800,0.000059
FILLER_10_112,VGND,li1,57.7300,38.0800,0.000060
FILLER_10_107,VGND,li1,54.9700,38.0800,0.000060
FILLER_10_100,VGND,li1,52.2100,38.0800,0.000059
FILLER_10_97,VGND,li1,50.8300,38.0800,0.000058
FILLER_10_85,VGND,li1,45.3100,38.0800,0.000050
FILLER_10_83,VGND,li1,43.9300,38.0800,0.000050
FILLER_10_71,VGND,li1,38.8700,38.0800,0.000068
FILLER_10_45,VGND,li1,26.9100,38.0800,0.000071
FILLER_10_42,VGND,li1,25.5300,38.0800,0.000071
FILLER_10_26,VGND,li1,17.9400,38.0800,0.000055
FILLER_10_3,VGND,li1,7.3600,38.0800,0.000049
FILLER_9_611,VGND,li1,286.8100,38.0800,0.000028
FILLER_9_588,VGND,li1,276.4600,38.0800,0.000040
FILLER_9_585,VGND,li1,275.3100,38.0800,0.000042
FILLER_9_582,VGND,li1,273.9300,38.0800,0.000042
FILLER_9_558,VGND,li1,262.6600,38.0800,0.000042
FILLER_9_520,VGND,li1,245.4100,38.0800,0.000044
FILLER_9_517,VGND,li1,244.0300,38.0800,0.000047
FILLER_9_514,VGND,li1,242.6500,38.0800,0.000047
FILLER_9_511,VGND,li1,241.2700,38.0800,0.000050
FILLER_9_508,VGND,li1,239.8900,38.0800,0.000050
FILLER_9_505,VGND,li1,238.5100,38.0800,0.000053
FILLER_9_502,VGND,li1,236.9000,38.0800,0.000053
FILLER_9_499,VGND,li1,235.7500,38.0800,0.000053
FILLER_9_418,VGND,li1,198.2600,38.0800,0.000059
FILLER_9_396,VGND,li1,187.9100,38.0800,0.000049
FILLER_9_393,VGND,li1,186.9900,38.0800,0.000050
FILLER_9_390,VGND,li1,185.3800,38.0800,0.000051
FILLER_9_387,VGND,li1,184.2300,38.0800,0.000051
FILLER_9_373,VGND,li1,177.3300,38.0800,0.000051
FILLER_9_349,VGND,li1,166.7500,38.0800,0.000031
FILLER_9_337,VGND,li1,161.0000,38.0800,0.000029
FILLER_9_335,VGND,li1,159.8500,38.0800,0.000029
FILLER_9_332,VGND,li1,158.9300,38.0800,0.000030
FILLER_9_329,VGND,li1,157.5500,38.0800,0.000030
FILLER_9_315,VGND,li1,150.6500,38.0800,0.000031
FILLER_9_312,VGND,li1,149.7300,38.0800,0.000031
FILLER_9_287,VGND,li1,138.0000,38.0800,0.000024
FILLER_9_284,VGND,li1,136.8500,38.0800,0.000022
FILLER_9_281,VGND,li1,135.4700,38.0800,0.000022
FILLER_9_268,VGND,li1,129.4900,38.0800,0.000024
FILLER_9_235,VGND,li1,114.3100,38.0800,0.000029
FILLER_9_232,VGND,li1,112.9300,38.0800,0.000030
FILLER_9_229,VGND,li1,111.5500,38.0800,0.000030
FILLER_9_214,VGND,li1,104.1900,38.0800,0.000025
FILLER_9_211,VGND,li1,103.2700,38.0800,0.000029
FILLER_9_208,VGND,li1,101.8900,38.0800,0.000029
FILLER_9_191,VGND,li1,93.6100,38.0800,0.000044
FILLER_9_188,VGND,li1,92.6900,38.0800,0.000047
FILLER_9_185,VGND,li1,91.3100,38.0800,0.000047
FILLER_9_182,VGND,li1,89.9300,38.0800,0.000050
FILLER_9_169,VGND,li1,83.7200,38.0800,0.000056
FILLER_9_166,VGND,li1,82.3400,38.0800,0.000056
FILLER_9_163,VGND,li1,81.1900,38.0800,0.000056
FILLER_9_147,VGND,li1,73.8300,38.0800,0.000044
FILLER_9_144,VGND,li1,72.4500,38.0800,0.000048
FILLER_9_138,VGND,li1,69.4600,38.0800,0.000051
FILLER_9_135,VGND,li1,68.3100,38.0800,0.000053
FILLER_9_132,VGND,li1,66.9300,38.0800,0.000053
FILLER_9_129,VGND,li1,65.5500,38.0800,0.000056
FILLER_9_119,VGND,li1,60.7200,38.0800,0.000059
FILLER_9_116,VGND,li1,59.5700,38.0800,0.000059
FILLER_9_113,VGND,li1,58.1900,38.0800,0.000060
FILLER_9_111,VGND,li1,56.8100,38.0800,0.000060
FILLER_9_108,VGND,li1,55.8900,38.0800,0.000060
FILLER_9_99,VGND,li1,51.2900,38.0800,0.000058
FILLER_9_96,VGND,li1,50.3700,38.0800,0.000058
FILLER_9_93,VGND,li1,48.9900,38.0800,0.000056
FILLER_9_90,VGND,li1,47.6100,38.0800,0.000056
FILLER_9_78,VGND,li1,41.6300,38.0800,0.000061
FILLER_9_67,VGND,li1,36.5700,38.0800,0.000072
FILLER_9_55,VGND,li1,31.0500,38.0800,0.000074
FILLER_9_52,VGND,li1,30.1300,38.0800,0.000074
FILLER_9_49,VGND,li1,28.7500,38.0800,0.000072
FILLER_9_46,VGND,li1,27.3700,38.0800,0.000072
FILLER_9_43,VGND,li1,25.9900,38.0800,0.000071
FILLER_9_9,VGND,li1,9.8900,38.0800,0.000049
FILLER_9_6,VGND,li1,8.9700,38.0800,0.000049
FILLER_9_3,VGND,li1,7.5900,38.0800,0.000049
FILLER_8_592,VGND,li1,278.0700,32.6400,0.000032
FILLER_8_589,VGND,li1,277.1500,32.6400,0.000035
FILLER_8_531,VGND,li1,250.0100,32.6400,0.000028
FILLER_8_516,VGND,li1,243.1100,32.6400,0.000034
FILLER_8_513,VGND,li1,242.1900,32.6400,0.000034
FILLER_8_462,VGND,li1,218.2700,32.6400,0.000035
FILLER_8_459,VGND,li1,217.3500,32.6400,0.000035
FILLER_8_436,VGND,li1,206.5400,32.6400,0.000042
FILLER_8_421,VGND,li1,199.6400,32.6400,0.000043
FILLER_8_401,VGND,li1,190.4400,32.6400,0.000047
FILLER_8_387,VGND,li1,183.7700,32.6400,0.000066
FILLER_8_379,VGND,li1,180.0900,32.6400,0.000075
FILLER_8_365,VGND,li1,173.6500,32.6400,0.000076
FILLER_8_362,VGND,li1,172.5000,32.6400,0.000071
FILLER_8_359,VGND,li1,171.3500,32.6400,0.000066
FILLER_8_356,VGND,li1,169.9700,32.6400,0.000066
FILLER_8_318,VGND,li1,152.4900,32.6400,0.000064
FILLER_8_315,VGND,li1,151.1100,32.6400,0.000065
FILLER_8_312,VGND,li1,149.7300,32.6400,0.000065
FILLER_8_309,VGND,li1,148.3500,32.6400,0.000067
FILLER_8_306,VGND,li1,146.7400,32.6400,0.000068
FILLER_8_303,VGND,li1,145.5900,32.6400,0.000068
FILLER_8_300,VGND,li1,144.2100,32.6400,0.000066
FILLER_8_270,VGND,li1,129.9500,32.6400,0.000051
FILLER_8_267,VGND,li1,129.0300,32.6400,0.000057
FILLER_8_264,VGND,li1,127.6500,32.6400,0.000057
FILLER_8_261,VGND,li1,126.2700,32.6400,0.000061
FILLER_8_256,VGND,li1,123.5100,32.6400,0.000068
FILLER_8_253,VGND,li1,122.5900,32.6400,0.000072
FILLER_8_251,VGND,li1,121.2100,32.6400,0.000072
FILLER_8_228,VGND,li1,110.8600,32.6400,0.000077
FILLER_8_225,VGND,li1,109.7100,32.6400,0.000071
FILLER_8_215,VGND,li1,104.8800,32.6400,0.000054
FILLER_8_212,VGND,li1,103.7300,32.6400,0.000054
FILLER_8_209,VGND,li1,102.3500,32.6400,0.000063
FILLER_8_206,VGND,li1,100.9700,32.6400,0.000063
FILLER_8_203,VGND,li1,99.5900,32.6400,0.000065
FILLER_8_200,VGND,li1,98.2100,32.6400,0.000065
FILLER_8_197,VGND,li1,96.8300,32.6400,0.000068
FILLER_8_193,VGND,li1,94.9900,32.6400,0.000070
FILLER_8_190,VGND,li1,93.6100,32.6400,0.000070
FILLER_8_187,VGND,li1,92.2300,32.6400,0.000070
FILLER_8_184,VGND,li1,90.8500,32.6400,0.000070
FILLER_8_177,VGND,li1,87.1700,32.6400,0.000070
FILLER_8_171,VGND,li1,84.6400,32.6400,0.000069
FILLER_8_156,VGND,li1,77.5100,32.6400,0.000052
FILLER_8_153,VGND,li1,76.5900,32.6400,0.000052
FILLER_8_150,VGND,li1,75.2100,32.6400,0.000045
FILLER_8_141,VGND,li1,70.6100,32.6400,0.000053
FILLER_8_139,VGND,li1,69.6900,32.6400,0.000053
FILLER_8_136,VGND,li1,68.7700,32.6400,0.000055
FILLER_8_133,VGND,li1,67.3900,32.6400,0.000055
FILLER_8_115,VGND,li1,58.8800,32.6400,0.000061
FILLER_8_112,VGND,li1,57.7300,32.6400,0.000061
FILLER_8_109,VGND,li1,56.3500,32.6400,0.000061
FILLER_8_106,VGND,li1,54.9700,32.6400,0.000061
FILLER_8_103,VGND,li1,53.5900,32.6400,0.000061
FILLER_8_100,VGND,li1,52.2100,32.6400,0.000060
FILLER_8_97,VGND,li1,50.8300,32.6400,0.000060
FILLER_8_85,VGND,li1,45.0800,32.6400,0.000047
FILLER_8_81,VGND,li1,43.4700,32.6400,0.000047
FILLER_8_73,VGND,li1,39.3300,32.6400,0.000062
FILLER_8_70,VGND,li1,38.4100,32.6400,0.000062
FILLER_8_61,VGND,li1,34.0400,32.6400,0.000070
FILLER_8_58,VGND,li1,32.8900,32.6400,0.000070
FILLER_8_55,VGND,li1,31.5100,32.6400,0.000070
FILLER_8_44,VGND,li1,26.2200,32.6400,0.000070
FILLER_8_29,VGND,li1,19.3200,32.6400,0.000058
FILLER_8_19,VGND,li1,14.7200,32.6400,0.000045
FILLER_8_9,VGND,li1,10.3500,32.6400,0.000037
FILLER_8_6,VGND,li1,8.9700,32.6400,0.000037
FILLER_8_3,VGND,li1,7.5900,32.6400,0.000037
FILLER_7_610,VGND,li1,286.5800,32.6400,0.000022
FILLER_7_589,VGND,li1,277.1500,32.6400,0.000035
FILLER_7_586,VGND,li1,275.7700,32.6400,0.000035
FILLER_7_536,VGND,li1,252.7700,32.6400,0.000025
FILLER_7_533,VGND,li1,251.3900,32.6400,0.000028
FILLER_7_530,VGND,li1,250.0100,32.6400,0.000028
FILLER_7_527,VGND,li1,248.6300,32.6400,0.000031
FILLER_7_524,VGND,li1,247.2500,32.6400,0.000031
FILLER_7_515,VGND,li1,243.1100,32.6400,0.000034
FILLER_7_505,VGND,li1,238.2800,32.6400,0.000037
FILLER_7_493,VGND,li1,232.5300,32.6400,0.000037
FILLER_7_471,VGND,li1,222.4100,32.6400,0.000030
FILLER_7_468,VGND,li1,221.4900,32.6400,0.000032
FILLER_7_465,VGND,li1,220.1100,32.6400,0.000032
FILLER_7_462,VGND,li1,218.7300,32.6400,0.000035
FILLER_7_446,VGND,li1,211.1400,32.6400,0.000041
FILLER_7_443,VGND,li1,209.9900,32.6400,0.000042
FILLER_7_440,VGND,li1,208.6100,32.6400,0.000042
FILLER_7_437,VGND,li1,207.2300,32.6400,0.000042
FILLER_7_434,VGND,li1,205.8500,32.6400,0.000042
FILLER_7_427,VGND,li1,202.4000,32.6400,0.000043
FILLER_7_397,VGND,li1,188.6000,32.6400,0.000053
FILLER_7_390,VGND,li1,185.3800,32.6400,0.000066
FILLER_7_361,VGND,li1,171.8100,32.6400,0.000071
FILLER_7_358,VGND,li1,170.8900,32.6400,0.000066
FILLER_7_333,VGND,li1,159.3900,32.6400,0.000061
FILLER_7_330,VGND,li1,158.0100,32.6400,0.000061
FILLER_7_327,VGND,li1,156.6300,32.6400,0.000062
FILLER_7_324,VGND,li1,155.2500,32.6400,0.000062
FILLER_7_321,VGND,li1,153.8700,32.6400,0.000064
FILLER_7_318,VGND,li1,152.4900,32.6400,0.000064
FILLER_7_294,VGND,li1,141.4500,32.6400,0.000061
FILLER_7_287,VGND,li1,138.2300,32.6400,0.000055
FILLER_7_284,VGND,li1,136.8500,32.6400,0.000055
FILLER_7_281,VGND,li1,135.4700,32.6400,0.000050
FILLER_7_278,VGND,li1,133.8600,32.6400,0.000045
FILLER_7_275,VGND,li1,132.7100,32.6400,0.000045
FILLER_7_272,VGND,li1,131.3300,32.6400,0.000051
FILLER_7_269,VGND,li1,129.9500,32.6400,0.000051
FILLER_7_266,VGND,li1,128.5700,32.6400,0.000057
FILLER_7_263,VGND,li1,127.1900,32.6400,0.000061
FILLER_7_260,VGND,li1,125.8100,32.6400,0.000061
FILLER_7_257,VGND,li1,124.4300,32.6400,0.000068
FILLER_7_254,VGND,li1,123.0500,32.6400,0.000068
FILLER_7_251,VGND,li1,121.6700,32.6400,0.000072
FILLER_7_248,VGND,li1,120.2900,32.6400,0.000077
FILLER_7_245,VGND,li1,118.9100,32.6400,0.000077
FILLER_7_214,VGND,li1,104.4200,32.6400,0.000054
FILLER_7_181,VGND,li1,89.4700,32.6400,0.000071
FILLER_7_178,VGND,li1,88.0900,32.6400,0.000070
FILLER_7_175,VGND,li1,86.7100,32.6400,0.000070
FILLER_7_172,VGND,li1,85.3300,32.6400,0.000069
FILLER_7_169,VGND,li1,83.9500,32.6400,0.000066
FILLER_7_149,VGND,li1,74.5200,32.6400,0.000045
FILLER_7_140,VGND,li1,70.3800,32.6400,0.000053
FILLER_7_137,VGND,li1,69.2300,32.6400,0.000053
FILLER_7_134,VGND,li1,67.8500,32.6400,0.000055
FILLER_7_131,VGND,li1,66.4700,32.6400,0.000058
FILLER_7_128,VGND,li1,65.0900,32.6400,0.000058
FILLER_7_119,VGND,li1,60.9500,32.6400,0.000060
FILLER_7_116,VGND,li1,59.5700,32.6400,0.000060
FILLER_7_113,VGND,li1,58.1900,32.6400,0.000061
FILLER_7_109,VGND,li1,56.3500,32.6400,0.000061
FILLER_7_106,VGND,li1,54.9700,32.6400,0.000061
FILLER_7_87,VGND,li1,45.7700,32.6400,0.000052
FILLER_7_84,VGND,li1,44.8500,32.6400,0.000047
FILLER_7_81,VGND,li1,43.4700,32.6400,0.000047
FILLER_7_78,VGND,li1,42.0900,32.6400,0.000057
FILLER_7_57,VGND,li1,31.9700,32.6400,0.000070
FILLER_7_54,VGND,li1,30.8200,32.6400,0.000070
FILLER_7_51,VGND,li1,29.6700,32.6400,0.000071
FILLER_7_48,VGND,li1,28.2900,32.6400,0.000071
FILLER_7_6,VGND,li1,8.9700,32.6400,0.000037
FILLER_7_3,VGND,li1,7.5900,32.6400,0.000037
FILLER_6_592,VGND,li1,278.0700,27.2000,0.000023
FILLER_6_589,VGND,li1,277.1500,27.2000,0.000025
FILLER_6_579,VGND,li1,272.3200,27.2000,0.000028
FILLER_6_576,VGND,li1,271.1700,27.2000,0.000030
FILLER_6_573,VGND,li1,269.7900,27.2000,0.000030
FILLER_6_549,VGND,li1,258.7500,27.2000,0.000029
FILLER_6_533,VGND,li1,251.3900,27.2000,0.000029
FILLER_6_530,VGND,li1,249.7800,27.2000,0.000032
FILLER_6_527,VGND,li1,248.6300,27.2000,0.000036
FILLER_6_524,VGND,li1,247.2500,27.2000,0.000036
FILLER_6_509,VGND,li1,239.8900,27.2000,0.000048
FILLER_6_506,VGND,li1,238.9700,27.2000,0.000048
FILLER_6_495,VGND,li1,233.9100,27.2000,0.000049
FILLER_6_492,VGND,li1,232.5300,27.2000,0.000049
FILLER_6_489,VGND,li1,231.1500,27.2000,0.000046
FILLER_6_486,VGND,li1,229.7700,27.2000,0.000046
FILLER_6_483,VGND,li1,228.3900,27.2000,0.000042
FILLER_6_480,VGND,li1,227.0100,27.2000,0.000042
FILLER_6_477,VGND,li1,225.6300,27.2000,0.000039
FILLER_6_475,VGND,li1,224.2500,27.2000,0.000039
FILLER_6_430,VGND,li1,204.0100,27.2000,0.000063
FILLER_6_424,VGND,li1,201.0200,27.2000,0.000056
FILLER_6_421,VGND,li1,199.8700,27.2000,0.000056
FILLER_6_417,VGND,li1,198.0300,27.2000,0.000050
FILLER_6_414,VGND,li1,196.6500,27.2000,0.000046
FILLER_6_404,VGND,li1,191.8200,27.2000,0.000041
FILLER_6_401,VGND,li1,190.6700,27.2000,0.000041
FILLER_6_398,VGND,li1,189.2900,27.2000,0.000045
FILLER_6_395,VGND,li1,187.9100,27.2000,0.000045
FILLER_6_392,VGND,li1,186.5300,27.2000,0.000047
FILLER_6_363,VGND,li1,172.7300,27.2000,0.000048
FILLER_6_360,VGND,li1,171.8100,27.2000,0.000046
FILLER_6_357,VGND,li1,170.4300,27.2000,0.000046
FILLER_6_354,VGND,li1,169.0500,27.2000,0.000043
FILLER_6_351,VGND,li1,167.6700,27.2000,0.000043
FILLER_6_348,VGND,li1,166.2900,27.2000,0.000041
FILLER_6_345,VGND,li1,164.9100,27.2000,0.000037
FILLER_6_342,VGND,li1,163.5300,27.2000,0.000037
FILLER_6_324,VGND,li1,155.2500,27.2000,0.000059
FILLER_6_321,VGND,li1,153.8700,27.2000,0.000059
FILLER_6_318,VGND,li1,152.4900,27.2000,0.000062
FILLER_6_315,VGND,li1,151.1100,27.2000,0.000062
FILLER_6_312,VGND,li1,149.7300,27.2000,0.000064
FILLER_6_309,VGND,li1,148.3500,27.2000,0.000066
FILLER_6_307,VGND,li1,146.9700,27.2000,0.000066
FILLER_6_304,VGND,li1,146.0500,27.2000,0.000068
FILLER_6_301,VGND,li1,144.6700,27.2000,0.000068
FILLER_6_298,VGND,li1,143.2900,27.2000,0.000069
FILLER_6_295,VGND,li1,141.9100,27.2000,0.000069
FILLER_6_292,VGND,li1,140.5300,27.2000,0.000071
FILLER_6_289,VGND,li1,139.1500,27.2000,0.000071
FILLER_6_286,VGND,li1,137.7700,27.2000,0.000071
FILLER_6_279,VGND,li1,134.5500,27.2000,0.000061
FILLER_6_259,VGND,li1,125.1200,27.2000,0.000077
FILLER_6_256,VGND,li1,123.9700,27.2000,0.000077
FILLER_6_253,VGND,li1,122.5900,27.2000,0.000081
FILLER_6_251,VGND,li1,121.2100,27.2000,0.000081
FILLER_6_248,VGND,li1,120.2900,27.2000,0.000083
FILLER_6_245,VGND,li1,118.9100,27.2000,0.000083
FILLER_6_212,VGND,li1,103.5000,27.2000,0.000062
FILLER_6_209,VGND,li1,102.3500,27.2000,0.000062
FILLER_6_206,VGND,li1,100.9700,27.2000,0.000065
FILLER_6_197,VGND,li1,96.3700,27.2000,0.000068
FILLER_6_186,VGND,li1,91.3100,27.2000,0.000069
FILLER_6_183,VGND,li1,90.3900,27.2000,0.000069
FILLER_6_180,VGND,li1,89.0100,27.2000,0.000069
FILLER_6_177,VGND,li1,87.6300,27.2000,0.000069
FILLER_6_174,VGND,li1,86.2500,27.2000,0.000069
FILLER_6_171,VGND,li1,84.8700,27.2000,0.000067
FILLER_6_156,VGND,li1,77.9700,27.2000,0.000053
FILLER_6_153,VGND,li1,76.5900,27.2000,0.000053
FILLER_6_150,VGND,li1,75.2100,27.2000,0.000044
FILLER_6_147,VGND,li1,73.8300,27.2000,0.000047
FILLER_6_144,VGND,li1,72.4500,27.2000,0.000047
FILLER_6_141,VGND,li1,71.0700,27.2000,0.000051
FILLER_6_133,VGND,li1,66.9300,27.2000,0.000055
FILLER_6_130,VGND,li1,66.0100,27.2000,0.000058
FILLER_6_127,VGND,li1,64.6300,27.2000,0.000058
FILLER_6_122,VGND,li1,61.8700,27.2000,0.000060
FILLER_6_119,VGND,li1,60.9500,27.2000,0.000059
FILLER_6_116,VGND,li1,59.5700,27.2000,0.000059
FILLER_6_113,VGND,li1,58.1900,27.2000,0.000058
FILLER_6_110,VGND,li1,56.8100,27.2000,0.000058
FILLER_6_107,VGND,li1,55.4300,27.2000,0.000056
FILLER_6_104,VGND,li1,54.0500,27.2000,0.000056
FILLER_6_101,VGND,li1,52.6700,27.2000,0.000054
FILLER_6_98,VGND,li1,51.2900,27.2000,0.000054
FILLER_6_95,VGND,li1,49.9100,27.2000,0.000052
FILLER_6_92,VGND,li1,48.5300,27.2000,0.000052
FILLER_6_85,VGND,li1,45.3100,27.2000,0.000046
FILLER_6_83,VGND,li1,43.9300,27.2000,0.000046
FILLER_6_59,VGND,li1,33.1200,27.2000,0.000069
FILLER_6_56,VGND,li1,31.9700,27.2000,0.000069
FILLER_6_53,VGND,li1,30.5900,27.2000,0.000072
FILLER_6_26,VGND,li1,17.9400,27.2000,0.000068
FILLER_6_3,VGND,li1,7.3600,27.2000,0.000061
FILLER_5_609,VGND,li1,286.3500,27.2000,0.000017
FILLER_5_606,VGND,li1,284.9700,27.2000,0.000017
FILLER_5_564,VGND,li1,265.1900,27.2000,0.000031
FILLER_5_561,VGND,li1,264.2700,27.2000,0.000031
FILLER_5_532,VGND,li1,250.4700,27.2000,0.000032
FILLER_5_529,VGND,li1,249.5500,27.2000,0.000032
FILLER_5_512,VGND,li1,241.5000,27.2000,0.000045
FILLER_5_509,VGND,li1,240.3500,27.2000,0.000048
FILLER_5_461,VGND,li1,217.8100,27.2000,0.000059
FILLER_5_458,VGND,li1,216.8900,27.2000,0.000059
FILLER_5_439,VGND,li1,207.9200,27.2000,0.000070
FILLER_5_417,VGND,li1,197.5700,27.2000,0.000050
FILLER_5_403,VGND,li1,191.1300,27.2000,0.000041
FILLER_5_400,VGND,li1,190.2100,27.2000,0.000041
FILLER_5_391,VGND,li1,185.6100,27.2000,0.000049
FILLER_5_369,VGND,li1,175.9500,27.2000,0.000049
FILLER_5_366,VGND,li1,174.5700,27.2000,0.000049
FILLER_5_337,VGND,li1,160.7700,27.2000,0.000046
FILLER_5_314,VGND,li1,150.1900,27.2000,0.000064
FILLER_5_311,VGND,li1,149.2700,27.2000,0.000064
FILLER_5_308,VGND,li1,147.8900,27.2000,0.000066
FILLER_5_298,VGND,li1,142.8300,27.2000,0.000069
FILLER_5_275,VGND,li1,132.2500,27.2000,0.000065
FILLER_5_272,VGND,li1,131.3300,27.2000,0.000065
FILLER_5_262,VGND,li1,126.5000,27.2000,0.000074
FILLER_5_229,VGND,li1,111.3200,27.2000,0.000085
FILLER_5_221,VGND,li1,107.8700,27.2000,0.000068
FILLER_5_186,VGND,li1,91.5400,27.2000,0.000069
FILLER_5_183,VGND,li1,90.3900,27.2000,0.000069
FILLER_5_180,VGND,li1,89.0100,27.2000,0.000069
FILLER_5_172,VGND,li1,84.8700,27.2000,0.000067
FILLER_5_169,VGND,li1,83.9500,27.2000,0.000067
FILLER_5_165,VGND,li1,82.1100,27.2000,0.000065
FILLER_5_159,VGND,li1,79.1200,27.2000,0.000060
FILLER_5_156,VGND,li1,77.9700,27.2000,0.000053
FILLER_5_150,VGND,li1,74.9800,27.2000,0.000044
FILLER_5_147,VGND,li1,73.8300,27.2000,0.000047
FILLER_5_144,VGND,li1,72.4500,27.2000,0.000047
FILLER_5_141,VGND,li1,71.0700,27.2000,0.000051
FILLER_5_138,VGND,li1,69.6900,27.2000,0.000051
FILLER_5_135,VGND,li1,68.3100,27.2000,0.000055
FILLER_5_132,VGND,li1,66.9300,27.2000,0.000055
FILLER_5_116,VGND,li1,59.5700,27.2000,0.000059
FILLER_5_113,VGND,li1,58.1900,27.2000,0.000058
FILLER_5_110,VGND,li1,56.5800,27.2000,0.000058
FILLER_5_100,VGND,li1,52.2100,27.2000,0.000054
FILLER_5_81,VGND,li1,43.0100,27.2000,0.000052
FILLER_5_60,VGND,li1,33.3500,27.2000,0.000067
FILLER_5_57,VGND,li1,32.4300,27.2000,0.000069
FILLER_5_53,VGND,li1,30.5900,27.2000,0.000072
FILLER_5_50,VGND,li1,29.2100,27.2000,0.000072
FILLER_4_610,VGND,li1,286.5800,21.7600,0.000012
FILLER_4_592,VGND,li1,278.3000,21.7600,0.000018
FILLER_4_589,VGND,li1,277.1500,21.7600,0.000020
FILLER_4_586,VGND,li1,275.5400,21.7600,0.000022
FILLER_4_577,VGND,li1,271.1700,21.7600,0.000024
FILLER_4_574,VGND,li1,270.2500,21.7600,0.000024
FILLER_4_567,VGND,li1,266.5700,21.7600,0.000026
FILLER_4_564,VGND,li1,265.6500,21.7600,0.000026
FILLER_4_556,VGND,li1,261.7400,21.7600,0.000026
FILLER_4_541,VGND,li1,254.8400,21.7600,0.000022
FILLER_4_533,VGND,li1,250.9300,21.7600,0.000024
FILLER_4_531,VGND,li1,250.0100,21.7600,0.000024
FILLER_4_528,VGND,li1,249.0900,21.7600,0.000027
FILLER_4_525,VGND,li1,247.7100,21.7600,0.000027
FILLER_4_506,VGND,li1,238.9700,21.7600,0.000033
FILLER_4_503,VGND,li1,237.5900,21.7600,0.000034
FILLER_4_500,VGND,li1,236.2100,21.7600,0.000034
FILLER_4_491,VGND,li1,231.8400,21.7600,0.000034
FILLER_4_480,VGND,li1,226.7800,21.7600,0.000031
FILLER_4_477,VGND,li1,225.6300,21.7600,0.000031
FILLER_4_474,VGND,li1,224.0200,21.7600,0.000029
FILLER_4_471,VGND,li1,222.8700,21.7600,0.000033
FILLER_4_468,VGND,li1,221.4900,21.7600,0.000033
FILLER_4_465,VGND,li1,220.1100,21.7600,0.000036
FILLER_4_462,VGND,li1,218.7300,21.7600,0.000040
FILLER_4_459,VGND,li1,217.3500,21.7600,0.000040
FILLER_4_448,VGND,li1,211.8300,21.7600,0.000048
FILLER_4_424,VGND,li1,200.7900,21.7600,0.000043
FILLER_4_421,VGND,li1,199.8700,21.7600,0.000039
FILLER_4_418,VGND,li1,198.2600,21.7600,0.000039
FILLER_4_402,VGND,li1,190.6700,21.7600,0.000036
FILLER_4_384,VGND,li1,182.8500,21.7600,0.000039
FILLER_4_381,VGND,li1,181.4700,21.7600,0.000039
FILLER_4_368,VGND,li1,175.4900,21.7600,0.000038
FILLER_4_365,VGND,li1,174.1100,21.7600,0.000037
FILLER_4_362,VGND,li1,172.5000,21.7600,0.000037
FILLER_4_352,VGND,li1,168.1300,21.7600,0.000034
FILLER_4_330,VGND,li1,157.5500,21.7600,0.000035
FILLER_4_327,VGND,li1,156.6300,21.7600,0.000036
FILLER_4_324,VGND,li1,155.2500,21.7600,0.000036
FILLER_4_307,VGND,li1,146.9700,21.7600,0.000039
FILLER_4_304,VGND,li1,146.0500,21.7600,0.000039
FILLER_4_290,VGND,li1,139.1500,21.7600,0.000035
FILLER_4_287,VGND,li1,138.2300,21.7600,0.000033
FILLER_4_276,VGND,li1,133.1700,21.7600,0.000030
FILLER_4_273,VGND,li1,131.7900,21.7600,0.000032
FILLER_4_270,VGND,li1,130.4100,21.7600,0.000032
FILLER_4_260,VGND,li1,125.8100,21.7600,0.000036
FILLER_4_250,VGND,li1,120.9800,21.7600,0.000039
FILLER_4_247,VGND,li1,119.8300,21.7600,0.000040
FILLER_4_218,VGND,li1,106.4900,21.7600,0.000035
FILLER_4_193,VGND,li1,94.9900,21.7600,0.000047
FILLER_4_190,VGND,li1,93.6100,21.7600,0.000047
FILLER_4_166,VGND,li1,82.5700,21.7600,0.000044
FILLER_4_153,VGND,li1,76.1300,21.7600,0.000035
FILLER_4_150,VGND,li1,75.2100,21.7600,0.000031
FILLER_4_147,VGND,li1,73.8300,21.7600,0.000033
FILLER_4_144,VGND,li1,72.4500,21.7600,0.000033
FILLER_4_141,VGND,li1,71.0700,21.7600,0.000036
FILLER_4_138,VGND,li1,69.4600,21.7600,0.000038
FILLER_4_135,VGND,li1,68.3100,21.7600,0.000038
FILLER_4_132,VGND,li1,66.9300,21.7600,0.000039
FILLER_4_129,VGND,li1,65.5500,21.7600,0.000039
FILLER_4_126,VGND,li1,64.1700,21.7600,0.000041
FILLER_4_115,VGND,li1,59.1100,21.7600,0.000044
FILLER_4_112,VGND,li1,57.7300,21.7600,0.000044
FILLER_4_109,VGND,li1,56.3500,21.7600,0.000045
FILLER_4_106,VGND,li1,54.9700,21.7600,0.000045
FILLER_4_103,VGND,li1,53.5900,21.7600,0.000046
FILLER_4_100,VGND,li1,52.2100,21.7600,0.000046
FILLER_4_97,VGND,li1,50.8300,21.7600,0.000046
FILLER_4_94,VGND,li1,49.4500,21.7600,0.000046
FILLER_4_91,VGND,li1,48.0700,21.7600,0.000045
FILLER_4_88,VGND,li1,46.6900,21.7600,0.000045
FILLER_4_85,VGND,li1,45.3100,21.7600,0.000044
FILLER_4_59,VGND,li1,33.1200,21.7600,0.000080
FILLER_4_37,VGND,li1,22.7700,21.7600,0.000068
FILLER_4_26,VGND,li1,17.9400,21.7600,0.000057
FILLER_4_16,VGND,li1,13.1100,21.7600,0.000040
FILLER_4_6,VGND,li1,8.9700,21.7600,0.000042
FILLER_4_3,VGND,li1,7.5900,21.7600,0.000042
FILLER_3_611,VGND,li1,286.8100,21.7600,0.000012
FILLER_3_608,VGND,li1,285.8900,21.7600,0.000012
FILLER_3_605,VGND,li1,284.5100,21.7600,0.000012
FILLER_3_596,VGND,li1,280.1400,21.7600,0.000016
FILLER_3_588,VGND,li1,276.6900,21.7600,0.000020
FILLER_3_585,VGND,li1,275.3100,21.7600,0.000022
FILLER_3_582,VGND,li1,273.9300,21.7600,0.000022
FILLER_3_571,VGND,li1,268.4100,21.7600,0.000025
FILLER_3_561,VGND,li1,264.2700,21.7600,0.000026
FILLER_3_551,VGND,li1,259.2100,21.7600,0.000025
FILLER_3_548,VGND,li1,258.2900,21.7600,0.000025
FILLER_3_534,VGND,li1,251.6200,21.7600,0.000024
FILLER_3_523,VGND,li1,246.5600,21.7600,0.000030
FILLER_3_511,VGND,li1,241.0400,21.7600,0.000032
FILLER_3_508,VGND,li1,239.8900,21.7600,0.000033
FILLER_3_505,VGND,li1,238.5100,21.7600,0.000033
FILLER_3_503,VGND,li1,237.1300,21.7600,0.000034
FILLER_3_492,VGND,li1,232.0700,21.7600,0.000034
FILLER_3_479,VGND,li1,226.0900,21.7600,0.000031
FILLER_3_467,VGND,li1,221.0300,21.7600,0.000036
FILLER_3_464,VGND,li1,219.6500,21.7600,0.000036
FILLER_3_461,VGND,li1,218.2700,21.7600,0.000040
FILLER_3_453,VGND,li1,214.3600,21.7600,0.000046
FILLER_3_446,VGND,li1,211.1400,21.7600,0.000048
FILLER_3_422,VGND,li1,200.3300,21.7600,0.000043
FILLER_3_419,VGND,li1,198.9500,21.7600,0.000039
FILLER_3_416,VGND,li1,197.5700,21.7600,0.000035
FILLER_3_405,VGND,li1,192.0500,21.7600,0.000036
FILLER_3_402,VGND,li1,191.1300,21.7600,0.000036
FILLER_3_399,VGND,li1,189.7500,21.7600,0.000038
FILLER_3_393,VGND,li1,186.7600,21.7600,0.000039
FILLER_3_389,VGND,li1,185.1500,21.7600,0.000039
FILLER_3_386,VGND,li1,183.7700,21.7600,0.000039
FILLER_3_383,VGND,li1,182.3900,21.7600,0.000039
FILLER_3_367,VGND,li1,174.8000,21.7600,0.000038
FILLER_3_364,VGND,li1,173.6500,21.7600,0.000037
FILLER_3_343,VGND,li1,163.7600,21.7600,0.000029
FILLER_3_340,VGND,li1,162.6100,21.7600,0.000029
FILLER_3_337,VGND,li1,161.2300,21.7600,0.000032
FILLER_3_335,VGND,li1,159.8500,21.7600,0.000032
FILLER_3_330,VGND,li1,157.5500,21.7600,0.000035
FILLER_3_327,VGND,li1,156.6300,21.7600,0.000036
FILLER_3_324,VGND,li1,155.2500,21.7600,0.000036
FILLER_3_321,VGND,li1,153.8700,21.7600,0.000037
FILLER_3_318,VGND,li1,152.4900,21.7600,0.000038
FILLER_3_315,VGND,li1,151.1100,21.7600,0.000038
FILLER_3_312,VGND,li1,149.7300,21.7600,0.000039
FILLER_3_309,VGND,li1,148.3500,21.7600,0.000039
FILLER_3_285,VGND,li1,137.3100,21.7600,0.000033
FILLER_3_277,VGND,li1,133.6300,21.7600,0.000030
FILLER_3_274,VGND,li1,132.2500,21.7600,0.000030
FILLER_3_271,VGND,li1,130.8700,21.7600,0.000032
FILLER_3_262,VGND,li1,126.5000,21.7600,0.000036
FILLER_3_252,VGND,li1,121.9000,21.7600,0.000039
FILLER_3_245,VGND,li1,118.4500,21.7600,0.000040
FILLER_3_231,VGND,li1,112.2400,21.7600,0.000038
FILLER_3_228,VGND,li1,111.0900,21.7600,0.000038
FILLER_3_225,VGND,li1,109.7100,21.7600,0.000037
FILLER_3_208,VGND,li1,101.8900,21.7600,0.000039
FILLER_3_195,VGND,li1,95.4500,21.7600,0.000045
FILLER_3_172,VGND,li1,84.8700,21.7600,0.000046
FILLER_3_169,VGND,li1,83.9500,21.7600,0.000044
FILLER_3_160,VGND,li1,79.5800,21.7600,0.000039
FILLER_3_157,VGND,li1,78.4300,21.7600,0.000039
FILLER_3_147,VGND,li1,73.8300,21.7600,0.000033
FILLER_3_137,VGND,li1,68.7700,21.7600,0.000038
FILLER_3_134,VGND,li1,67.8500,21.7600,0.000038
FILLER_3_131,VGND,li1,66.4700,21.7600,0.000039
FILLER_3_128,VGND,li1,65.0900,21.7600,0.000041
FILLER_3_125,VGND,li1,63.7100,21.7600,0.000041
FILLER_3_122,VGND,li1,62.3300,21.7600,0.000043
FILLER_3_119,VGND,li1,60.9500,21.7600,0.000043
FILLER_3_116,VGND,li1,59.5700,21.7600,0.000044
FILLER_3_113,VGND,li1,58.1900,21.7600,0.000044
FILLER_3_109,VGND,li1,56.3500,21.7600,0.000045
FILLER_3_92,VGND,li1,48.3000,21.7600,0.000045
FILLER_3_89,VGND,li1,47.1500,21.7600,0.000045
FILLER_3_86,VGND,li1,45.7700,21.7600,0.000044
FILLER_3_83,VGND,li1,44.3900,21.7600,0.000044
FILLER_3_55,VGND,li1,31.0500,21.7600,0.000079
FILLER_3_33,VGND,li1,20.9300,21.7600,0.000064
FILLER_3_15,VGND,li1,13.1100,21.7600,0.000040
FILLER_3_6,VGND,li1,8.7400,21.7600,0.000042
FILLER_3_3,VGND,li1,7.5900,21.7600,0.000042
FILLER_2_609,VGND,li1,286.3500,16.3200,0.000017
FILLER_2_606,VGND,li1,284.9700,16.3200,0.000017
FILLER_2_589,VGND,li1,276.9200,16.3200,0.000028
FILLER_2_580,VGND,li1,272.5500,16.3200,0.000033
FILLER_2_577,VGND,li1,271.6300,16.3200,0.000033
FILLER_2_574,VGND,li1,270.2500,16.3200,0.000035
FILLER_2_542,VGND,li1,255.3000,16.3200,0.000032
FILLER_2_539,VGND,li1,254.1500,16.3200,0.000032
FILLER_2_536,VGND,li1,252.7700,16.3200,0.000037
FILLER_2_533,VGND,li1,251.3900,16.3200,0.000040
FILLER_2_530,VGND,li1,249.7800,16.3200,0.000040
FILLER_2_518,VGND,li1,244.2600,16.3200,0.000047
FILLER_2_499,VGND,li1,235.7500,16.3200,0.000046
FILLER_2_491,VGND,li1,231.8400,16.3200,0.000042
FILLER_2_480,VGND,li1,226.7800,16.3200,0.000036
FILLER_2_477,VGND,li1,225.6300,16.3200,0.000032
FILLER_2_451,VGND,li1,213.6700,16.3200,0.000052
FILLER_2_428,VGND,li1,202.8600,16.3200,0.000058
FILLER_2_425,VGND,li1,201.7100,16.3200,0.000058
FILLER_2_417,VGND,li1,198.0300,16.3200,0.000053
FILLER_2_409,VGND,li1,194.3500,16.3200,0.000040
FILLER_2_406,VGND,li1,192.9700,16.3200,0.000040
FILLER_2_403,VGND,li1,191.5900,16.3200,0.000044
FILLER_2_377,VGND,li1,179.1700,16.3200,0.000059
FILLER_2_365,VGND,li1,174.1100,16.3200,0.000054
FILLER_2_362,VGND,li1,172.5000,16.3200,0.000054
FILLER_2_359,VGND,li1,171.3500,16.3200,0.000051
FILLER_2_349,VGND,li1,166.2900,16.3200,0.000043
FILLER_2_346,VGND,li1,165.3700,16.3200,0.000038
FILLER_2_323,VGND,li1,154.5600,16.3200,0.000050
FILLER_2_320,VGND,li1,153.4100,16.3200,0.000051
FILLER_2_317,VGND,li1,152.0300,16.3200,0.000051
FILLER_2_309,VGND,li1,148.1200,16.3200,0.000054
FILLER_2_307,VGND,li1,146.9700,16.3200,0.000055
FILLER_2_304,VGND,li1,146.0500,16.3200,0.000055
FILLER_2_301,VGND,li1,144.6700,16.3200,0.000052
FILLER_2_298,VGND,li1,143.2900,16.3200,0.000052
FILLER_2_253,VGND,li1,122.5900,16.3200,0.000055
FILLER_2_232,VGND,li1,112.7000,16.3200,0.000048
FILLER_2_229,VGND,li1,111.5500,16.3200,0.000048
FILLER_2_226,VGND,li1,110.1700,16.3200,0.000046
FILLER_2_223,VGND,li1,108.7900,16.3200,0.000043
FILLER_2_206,VGND,li1,100.7400,16.3200,0.000043
FILLER_2_194,VGND,li1,95.2200,16.3200,0.000054
FILLER_2_162,VGND,li1,80.5000,16.3200,0.000049
FILLER_2_159,VGND,li1,79.3500,16.3200,0.000049
FILLER_2_150,VGND,li1,75.2100,16.3200,0.000040
FILLER_2_130,VGND,li1,66.0100,16.3200,0.000058
FILLER_2_124,VGND,li1,62.7900,16.3200,0.000061
FILLER_2_114,VGND,li1,58.1900,16.3200,0.000065
FILLER_2_74,VGND,li1,40.0200,16.3200,0.000057
FILLER_2_71,VGND,li1,38.8700,16.3200,0.000057
FILLER_2_41,VGND,li1,24.8400,16.3200,0.000064
FILLER_2_32,VGND,li1,20.4700,16.3200,0.000056
FILLER_2_29,VGND,li1,19.5500,16.3200,0.000052
FILLER_2_27,VGND,li1,18.1700,16.3200,0.000048
FILLER_2_24,VGND,li1,17.2500,16.3200,0.000048
FILLER_1_603,VGND,li1,283.1300,16.3200,0.000020
FILLER_1_576,VGND,li1,271.1700,16.3200,0.000035
FILLER_1_573,VGND,li1,269.7900,16.3200,0.000035
FILLER_1_561,VGND,li1,264.2700,16.3200,0.000040
FILLER_1_559,VGND,li1,262.8900,16.3200,0.000040
FILLER_1_556,VGND,li1,261.9700,16.3200,0.000040
FILLER_1_501,VGND,li1,236.6700,16.3200,0.000046
FILLER_1_485,VGND,li1,229.3100,16.3200,0.000040
FILLER_1_447,VGND,li1,211.3700,16.3200,0.000056
FILLER_1_444,VGND,li1,210.4500,16.3200,0.000056
FILLER_1_384,VGND,li1,182.3900,16.3200,0.000057
FILLER_1_381,VGND,li1,181.4700,16.3200,0.000057
FILLER_1_358,VGND,li1,170.6600,16.3200,0.000051
FILLER_1_347,VGND,li1,165.6000,16.3200,0.000038
FILLER_1_335,VGND,li1,159.8500,16.3200,0.000046
FILLER_1_323,VGND,li1,154.7900,16.3200,0.000050
FILLER_1_277,VGND,li1,133.6300,16.3200,0.000043
FILLER_1_274,VGND,li1,132.2500,16.3200,0.000043
FILLER_1_249,VGND,li1,120.2900,16.3200,0.000054
FILLER_1_246,VGND,li1,119.3700,16.3200,0.000054
FILLER_1_228,VGND,li1,110.6300,16.3200,0.000046
FILLER_1_225,VGND,li1,109.7100,16.3200,0.000046
FILLER_1_223,VGND,li1,108.3300,16.3200,0.000043
FILLER_1_220,VGND,li1,107.4100,16.3200,0.000043
FILLER_1_212,VGND,li1,103.2700,16.3200,0.000037
FILLER_1_169,VGND,li1,83.4900,16.3200,0.000054
FILLER_1_153,VGND,li1,76.3600,16.3200,0.000044
FILLER_1_139,VGND,li1,69.6900,16.3200,0.000050
FILLER_1_136,VGND,li1,68.7700,16.3200,0.000054
FILLER_1_133,VGND,li1,67.3900,16.3200,0.000054
FILLER_1_130,VGND,li1,66.0100,16.3200,0.000058
FILLER_1_127,VGND,li1,64.6300,16.3200,0.000058
FILLER_1_116,VGND,li1,59.1100,16.3200,0.000065
FILLER_1_113,VGND,li1,58.1900,16.3200,0.000065
FILLER_1_111,VGND,li1,56.8100,16.3200,0.000066
FILLER_1_108,VGND,li1,55.8900,16.3200,0.000066
FILLER_1_105,VGND,li1,54.5100,16.3200,0.000066
FILLER_1_60,VGND,li1,33.8100,16.3200,0.000063
FILLER_1_57,VGND,li1,32.4300,16.3200,0.000063
FILLER_1_12,VGND,li1,11.5000,16.3200,0.000042
FILLER_1_9,VGND,li1,10.3500,16.3200,0.000042
FILLER_1_6,VGND,li1,8.9700,16.3200,0.000042
FILLER_1_3,VGND,li1,7.5900,16.3200,0.000042
FILLER_0_611,VGND,li1,286.8100,10.8800,0.000008
FILLER_0_608,VGND,li1,285.8900,10.8800,0.000008
FILLER_0_605,VGND,li1,284.5100,10.8800,0.000008
FILLER_0_602,VGND,li1,283.1300,10.8800,0.000010
FILLER_0_599,VGND,li1,281.7500,10.8800,0.000010
FILLER_0_596,VGND,li1,280.3700,10.8800,0.000013
FILLER_0_593,VGND,li1,278.9900,10.8800,0.000013
FILLER_0_579,VGND,li1,272.0900,10.8800,0.000015
FILLER_0_576,VGND,li1,271.1700,10.8800,0.000015
FILLER_0_573,VGND,li1,269.7900,10.8800,0.000015
FILLER_0_570,VGND,li1,268.4100,10.8800,0.000015
FILLER_0_567,VGND,li1,267.0300,10.8800,0.000015
FILLER_0_564,VGND,li1,265.6500,10.8800,0.000015
FILLER_0_561,VGND,li1,264.2700,10.8800,0.000015
FILLER_0_559,VGND,li1,262.8900,10.8800,0.000015
FILLER_0_556,VGND,li1,261.9700,10.8800,0.000015
FILLER_0_553,VGND,li1,260.5900,10.8800,0.000015
FILLER_0_550,VGND,li1,259.2100,10.8800,0.000015
FILLER_0_547,VGND,li1,257.8300,10.8800,0.000015
FILLER_0_542,VGND,li1,255.0700,10.8800,0.000015
FILLER_0_539,VGND,li1,254.1500,10.8800,0.000013
FILLER_0_536,VGND,li1,252.7700,10.8800,0.000013
FILLER_0_533,VGND,li1,251.3900,10.8800,0.000015
FILLER_0_530,VGND,li1,249.7800,10.8800,0.000015
FILLER_0_527,VGND,li1,248.6300,10.8800,0.000017
FILLER_0_524,VGND,li1,247.2500,10.8800,0.000017
FILLER_0_521,VGND,li1,245.8700,10.8800,0.000019
FILLER_0_518,VGND,li1,244.4900,10.8800,0.000019
FILLER_0_515,VGND,li1,243.1100,10.8800,0.000021
FILLER_0_512,VGND,li1,241.7300,10.8800,0.000021
FILLER_0_492,VGND,li1,232.5300,10.8800,0.000019
FILLER_0_489,VGND,li1,231.1500,10.8800,0.000017
FILLER_0_486,VGND,li1,229.7700,10.8800,0.000017
FILLER_0_480,VGND,li1,226.5500,10.8800,0.000015
FILLER_0_477,VGND,li1,225.6300,10.8800,0.000013
FILLER_0_473,VGND,li1,223.7900,10.8800,0.000014
FILLER_0_470,VGND,li1,222.4100,10.8800,0.000014
FILLER_0_467,VGND,li1,221.0300,10.8800,0.000016
FILLER_0_464,VGND,li1,219.6500,10.8800,0.000016
FILLER_0_458,VGND,li1,216.4300,10.8800,0.000018
FILLER_0_455,VGND,li1,215.5100,10.8800,0.000018
FILLER_0_452,VGND,li1,214.1300,10.8800,0.000020
FILLER_0_449,VGND,li1,212.7500,10.8800,0.000020
FILLER_0_445,VGND,li1,210.9100,10.8800,0.000020
FILLER_0_442,VGND,li1,209.5300,10.8800,0.000022
FILLER_0_439,VGND,li1,208.1500,10.8800,0.000022
FILLER_0_424,VGND,li1,201.0200,10.8800,0.000022
FILLER_0_421,VGND,li1,199.8700,10.8800,0.000022
FILLER_0_417,VGND,li1,198.0300,10.8800,0.000022
FILLER_0_405,VGND,li1,192.5100,10.8800,0.000025
FILLER_0_402,VGND,li1,191.1300,10.8800,0.000025
FILLER_0_399,VGND,li1,189.7500,10.8800,0.000029
FILLER_0_396,VGND,li1,188.3700,10.8800,0.000029
FILLER_0_393,VGND,li1,186.9900,10.8800,0.000033
FILLER_0_390,VGND,li1,185.3800,10.8800,0.000036
FILLER_0_387,VGND,li1,184.2300,10.8800,0.000036
FILLER_0_365,VGND,li1,173.6500,10.8800,0.000043
FILLER_0_362,VGND,li1,172.5000,10.8800,0.000043
FILLER_0_359,VGND,li1,171.3500,10.8800,0.000043
FILLER_0_346,VGND,li1,164.9100,10.8800,0.000033
FILLER_0_343,VGND,li1,163.9900,10.8800,0.000027
FILLER_0_340,VGND,li1,162.6100,10.8800,0.000027
FILLER_0_337,VGND,li1,161.2300,10.8800,0.000027
FILLER_0_333,VGND,li1,159.3900,10.8800,0.000028
FILLER_0_330,VGND,li1,158.0100,10.8800,0.000028
FILLER_0_327,VGND,li1,156.6300,10.8800,0.000030
FILLER_0_324,VGND,li1,155.2500,10.8800,0.000030
FILLER_0_321,VGND,li1,153.8700,10.8800,0.000031
FILLER_0_318,VGND,li1,152.4900,10.8800,0.000031
FILLER_0_309,VGND,li1,148.1200,10.8800,0.000032
FILLER_0_305,VGND,li1,146.5100,10.8800,0.000032
FILLER_0_281,VGND,li1,135.4700,10.8800,0.000024
FILLER_0_279,VGND,li1,134.0900,10.8800,0.000020
FILLER_0_276,VGND,li1,133.1700,10.8800,0.000020
FILLER_0_267,VGND,li1,128.5700,10.8800,0.000023
FILLER_0_259,VGND,li1,125.1200,10.8800,0.000023
FILLER_0_256,VGND,li1,123.9700,10.8800,0.000022
FILLER_0_253,VGND,li1,122.5900,10.8800,0.000022
FILLER_0_249,VGND,li1,120.7500,10.8800,0.000022
FILLER_0_246,VGND,li1,119.3700,10.8800,0.000022
FILLER_0_243,VGND,li1,117.9900,10.8800,0.000022
FILLER_0_228,VGND,li1,110.8600,10.8800,0.000019
FILLER_0_225,VGND,li1,109.7100,10.8800,0.000018
FILLER_0_222,VGND,li1,108.1000,10.8800,0.000018
FILLER_0_219,VGND,li1,106.9500,10.8800,0.000018
FILLER_0_213,VGND,li1,103.7300,10.8800,0.000016
FILLER_0_210,VGND,li1,102.8100,10.8800,0.000019
FILLER_0_207,VGND,li1,101.4300,10.8800,0.000019
FILLER_0_197,VGND,li1,96.3700,10.8800,0.000025
FILLER_0_194,VGND,li1,95.2200,10.8800,0.000027
FILLER_0_191,VGND,li1,94.0700,10.8800,0.000027
FILLER_0_172,VGND,li1,85.3300,10.8800,0.000029
FILLER_0_169,VGND,li1,83.9500,10.8800,0.000028
FILLER_0_166,VGND,li1,82.3400,10.8800,0.000027
FILLER_0_163,VGND,li1,81.1900,10.8800,0.000027
FILLER_0_155,VGND,li1,77.5100,10.8800,0.000024
FILLER_0_152,VGND,li1,76.1300,10.8800,0.000024
FILLER_0_141,VGND,li1,70.8400,10.8800,0.000028
FILLER_0_138,VGND,li1,69.4600,10.8800,0.000028
FILLER_0_135,VGND,li1,68.3100,10.8800,0.000031
FILLER_0_132,VGND,li1,66.9300,10.8800,0.000031
FILLER_0_129,VGND,li1,65.5500,10.8800,0.000034
FILLER_0_126,VGND,li1,64.1700,10.8800,0.000034
FILLER_0_103,VGND,li1,53.1300,10.8800,0.000037
FILLER_0_100,VGND,li1,52.2100,10.8800,0.000037
FILLER_0_97,VGND,li1,50.8300,10.8800,0.000034
FILLER_0_94,VGND,li1,49.4500,10.8800,0.000034
FILLER_0_91,VGND,li1,48.0700,10.8800,0.000031
FILLER_0_88,VGND,li1,46.6900,10.8800,0.000031
FILLER_0_85,VGND,li1,45.3100,10.8800,0.000028
FILLER_0_75,VGND,li1,40.2500,10.8800,0.000037
FILLER_0_72,VGND,li1,39.3300,10.8800,0.000037
FILLER_0_69,VGND,li1,37.9500,10.8800,0.000041
FILLER_0_66,VGND,li1,36.5700,10.8800,0.000041
FILLER_0_26,VGND,li1,17.9400,10.8800,0.000039
FILLER_0_3,VGND,li1,7.3600,10.8800,0.000028
ANTENNA_56,VGND,li1,276.9200,272.0000,0.000062
ANTENNA_55,VGND,li1,284.7400,288.3200,0.000036
ANTENNA_54,VGND,li1,62.5600,179.5200,0.000060
ANTENNA_53,VGND,li1,54.7400,163.2000,0.000027
ANTENNA_52,VGND,li1,144.4400,244.8000,0.000098
ANTENNA_51,VGND,li1,187.2200,195.8400,0.000070
ANTENNA_50,VGND,li1,159.6200,244.8000,0.000095
ANTENNA_49,VGND,li1,203.3200,163.2000,0.000065
ANTENNA_48,VGND,li1,281.0600,168.6400,0.000053
ANTENNA_47,VGND,li1,139.3800,239.3600,0.000125
ANTENNA_46,VGND,li1,230.4600,168.6400,0.000038
ANTENNA_45,VGND,li1,241.9600,136.0000,0.000039
ANTENNA_44,VGND,li1,268.6400,114.2400,0.000032
ANTENNA_43,VGND,li1,224.0200,293.7600,0.000030
ANTENNA_42,VGND,li1,254.3800,163.2000,0.000082
ANTENNA_41,VGND,li1,286.5800,179.5200,0.000040
ANTENNA_40,VGND,li1,103.9600,168.6400,0.000066
ANTENNA_39,VGND,li1,192.7400,103.3600,0.000041
ANTENNA_38,VGND,li1,194.5800,179.5200,0.000050
ANTENNA_37,VGND,li1,141.6800,152.3200,0.000076
ANTENNA_36,VGND,li1,280.6000,282.8800,0.000042
ANTENNA_35,VGND,li1,229.5400,282.8800,0.000091
ANTENNA_34,VGND,li1,279.2200,272.0000,0.000056
ANTENNA_33,VGND,li1,280.6000,282.8800,0.000042
ANTENNA_32,VGND,li1,255.3000,282.8800,0.000059
ANTENNA_31,VGND,li1,266.8000,282.8800,0.000063
ANTENNA_30,VGND,li1,271.4000,277.4400,0.000168
ANTENNA_29,VGND,li1,268.1800,288.3200,0.000066
ANTENNA_28,VGND,li1,272.7800,255.6800,0.000068
ANTENNA_27,VGND,li1,281.0600,250.2400,0.000104
ANTENNA_26,VGND,li1,258.5200,272.0000,0.000062
ANTENNA_25,VGND,li1,268.6400,261.1200,0.000061
ANTENNA_24,VGND,li1,216.6600,288.3200,0.000094
ANTENNA_23,VGND,li1,217.5800,174.0800,0.000051
ANTENNA_22,VGND,li1,194.5800,184.9600,0.000096
ANTENNA_21,VGND,li1,193.2000,179.5200,0.000052
ANTENNA_20,VGND,li1,203.7800,195.8400,0.000073
ANTENNA_19,VGND,li1,161.0000,244.8000,0.000095
ANTENNA_18,VGND,li1,126.0400,255.6800,0.000086
ANTENNA_17,VGND,li1,195.9600,190.4000,0.000108
ANTENNA_16,VGND,li1,218.0400,168.6400,0.000046
ANTENNA_15,VGND,li1,269.1000,163.2000,0.000167
ANTENNA_14,VGND,li1,143.5200,239.3600,0.000143
ANTENNA_13,VGND,li1,129.7200,244.8000,0.000126
ANTENNA_12,VGND,li1,281.0600,152.3200,0.000033
ANTENNA_11,VGND,li1,281.9800,152.3200,0.000033
ANTENNA_10,VGND,li1,282.9000,152.3200,0.000028
ANTENNA_9,VGND,li1,152.7200,233.9200,0.000172
ANTENNA_8,VGND,li1,199.6400,184.9600,0.000126
ANTENNA_7,VGND,li1,266.3400,54.4000,0.000107
ANTENNA_6,VGND,li1,253.4600,184.9600,0.000043
ANTENNA_5,VGND,li1,189.9800,168.6400,0.000059
ANTENNA_4,VGND,li1,139.3800,174.0800,0.000094
ANTENNA_3,VGND,li1,195.5000,272.0000,0.000071
ANTENNA_2,VGND,li1,106.7200,266.5600,0.000060
ANTENNA_1,VGND,li1,212.5200,21.7600,0.000048
hold3048,VGND,li1,265.4200,54.4000,0.000107
hold3047,VGND,li1,162.8400,48.9600,0.000036
hold3046,VGND,li1,218.9600,65.2800,0.000030
hold3045,VGND,li1,105.3400,48.9600,0.000029
hold3044,VGND,li1,61.1800,179.5200,0.000060
hold3043,VGND,li1,263.5800,27.2000,0.000031
hold3042,VGND,li1,145.3600,130.5600,0.000036
hold3041,VGND,li1,208.8400,21.7600,0.000050
hold3040,VGND,li1,264.0400,163.2000,0.000151
hold3039,VGND,li1,192.7400,32.6400,0.000039
hold3038,VGND,li1,91.5400,10.8800,0.000029
hold3037,VGND,li1,213.9000,54.4000,0.000079
hold3036,VGND,li1,97.5200,21.7600,0.000043
hold3035,VGND,li1,18.8600,21.7600,0.000057
hold3034,VGND,li1,209.3000,114.2400,0.000048
hold3033,VGND,li1,253.4600,190.4000,0.000047
hold3032,VGND,li1,259.4400,179.5200,0.000091
hold3031,VGND,li1,252.5400,174.0800,0.000036
hold3030,VGND,li1,285.2000,59.8400,0.000051
hold3029,VGND,li1,177.1000,54.4000,0.000066
hold3028,VGND,li1,54.2800,168.6400,0.000058
hold3027,VGND,li1,278.7600,54.4000,0.000079
hold3026,VGND,li1,232.7600,125.1200,0.000044
hold3025,VGND,li1,20.7000,92.4800,0.000045
hold3024,VGND,li1,260.3600,38.0800,0.000039
hold3023,VGND,li1,36.8000,179.5200,0.000060
hold3022,VGND,li1,240.5800,146.8800,0.000038
hold3021,VGND,li1,28.0600,146.8800,0.000049
hold3020,VGND,li1,34.5000,141.4400,0.000044
hold3019,VGND,li1,185.3800,108.8000,0.000045
hold3018,VGND,li1,188.1400,54.4000,0.000062
hold3017,VGND,li1,283.8200,54.4000,0.000053
hold3016,VGND,li1,224.4800,114.2400,0.000034
hold3015,VGND,li1,53.3600,163.2000,0.000027
hold3014,VGND,li1,20.7000,21.7600,0.000064
hold3013,VGND,li1,152.2600,163.2000,0.000030
hold3012,VGND,li1,14.7200,108.8000,0.000028
hold3011,VGND,li1,246.1000,54.4000,0.000109
hold3010,VGND,li1,162.3800,108.8000,0.000027
hold3009,VGND,li1,126.9600,141.4400,0.000022
hold3008,VGND,li1,131.1000,141.4400,0.000020
hold3007,VGND,li1,236.9000,125.1200,0.000043
hold3006,VGND,li1,11.0400,108.8000,0.000029
hold3005,VGND,li1,241.9600,27.2000,0.000045
hold3004,VGND,li1,259.4400,48.9600,0.000097
hold3003,VGND,li1,258.9800,130.5600,0.000048
hold3002,VGND,li1,37.7200,168.6400,0.000055
hold3001,VGND,li1,31.2800,174.0800,0.000054
hold3000,VGND,li1,174.8000,136.0000,0.000047
hold2999,VGND,li1,178.4800,136.0000,0.000053
hold2998,VGND,li1,265.4200,152.3200,0.000052
hold2997,VGND,li1,37.7200,125.1200,0.000047
hold2996,VGND,li1,108.1000,125.1200,0.000047
hold2995,VGND,li1,23.0000,125.1200,0.000044
hold2994,VGND,li1,12.4200,54.4000,0.000060
hold2993,VGND,li1,143.5200,59.8400,0.000087
hold2992,VGND,li1,140.7600,27.2000,0.000071
hold2991,VGND,li1,98.4400,27.2000,0.000067
hold2990,VGND,li1,38.1800,141.4400,0.000040
hold2989,VGND,li1,28.0600,125.1200,0.000048
hold2988,VGND,li1,179.4000,38.0800,0.000052
hold2987,VGND,li1,130.6400,43.5200,0.000061
hold2986,VGND,li1,12.4200,146.8800,0.000033
hold2985,VGND,li1,146.2800,48.9600,0.000039
hold2984,VGND,li1,111.3200,114.2400,0.000076
hold2983,VGND,li1,285.2000,54.4000,0.000053
hold2982,VGND,li1,145.3600,141.4400,0.000027
hold2981,VGND,li1,213.9000,48.9600,0.000068
hold2980,VGND,li1,231.3800,38.0800,0.000054
hold2979,VGND,li1,184.9200,136.0000,0.000054
hold2978,VGND,li1,196.8800,125.1200,0.000059
hold2977,VGND,li1,41.8600,184.9600,0.000042
hold2976,VGND,li1,53.8200,174.0800,0.000059
hold2975,VGND,li1,20.2400,146.8800,0.000043
hold2974,VGND,li1,138.4600,136.0000,0.000029
hold2973,VGND,li1,243.3400,114.2400,0.000045
hold2972,VGND,li1,239.6600,81.6000,0.000028
hold2971,VGND,li1,140.3000,48.9600,0.000036
hold2970,VGND,li1,248.4000,146.8800,0.000034
hold2969,VGND,li1,19.3200,141.4400,0.000048
hold2968,VGND,li1,111.7800,43.5200,0.000054
hold2967,VGND,li1,34.5000,130.5600,0.000046
hold2966,VGND,li1,166.9800,48.9600,0.000039
hold2965,VGND,li1,252.5400,179.5200,0.000068
hold2964,VGND,li1,254.8400,168.6400,0.000036
hold2963,VGND,li1,194.5800,54.4000,0.000050
hold2962,VGND,li1,45.5400,184.9600,0.000040
hold2961,VGND,li1,59.3400,184.9600,0.000075
hold2960,VGND,li1,200.5600,141.4400,0.000024
hold2959,VGND,li1,197.3400,130.5600,0.000029
hold2958,VGND,li1,40.4800,119.6800,0.000032
hold2957,VGND,li1,25.3000,119.6800,0.000039
hold2956,VGND,li1,244.7200,163.2000,0.000071
hold2955,VGND,li1,252.5400,168.6400,0.000031
hold2954,VGND,li1,119.6000,125.1200,0.000069
hold2953,VGND,li1,25.7600,97.9200,0.000057
hold2952,VGND,li1,67.6200,184.9600,0.000079
hold2951,VGND,li1,201.4800,97.9200,0.000027
hold2950,VGND,li1,80.9600,92.4800,0.000062
hold2949,VGND,li1,130.1800,136.0000,0.000032
hold2948,VGND,li1,134.3200,130.5600,0.000026
hold2947,VGND,li1,149.9600,119.6800,0.000047
hold2946,VGND,li1,154.1000,76.1600,0.000038
hold2945,VGND,li1,123.7400,54.4000,0.000083
hold2944,VGND,li1,34.9600,108.8000,0.000041
hold2943,VGND,li1,168.3600,114.2400,0.000034
hold2942,VGND,li1,166.0600,81.6000,0.000030
hold2941,VGND,li1,235.5200,119.6800,0.000047
hold2940,VGND,li1,29.4400,136.0000,0.000073
hold2939,VGND,li1,218.0400,76.1600,0.000020
hold2938,VGND,li1,165.6000,130.5600,0.000031
hold2937,VGND,li1,162.3800,81.6000,0.000031
hold2936,VGND,li1,255.7600,54.4000,0.000087
hold2935,VGND,li1,30.3600,179.5200,0.000059
hold2934,VGND,li1,33.5800,168.6400,0.000063
hold2933,VGND,li1,10.1200,130.5600,0.000034
hold2932,VGND,li1,196.8800,48.9600,0.000048
hold2931,VGND,li1,228.1600,174.0800,0.000042
hold2930,VGND,li1,232.3000,174.0800,0.000046
hold2929,VGND,li1,200.5600,70.7200,0.000021
hold2928,VGND,li1,223.5600,54.4000,0.000063
hold2927,VGND,li1,222.6400,141.4400,0.000026
hold2926,VGND,li1,226.7800,136.0000,0.000038
hold2925,VGND,li1,117.7600,108.8000,0.000034
hold2924,VGND,li1,194.1200,43.5200,0.000047
hold2923,VGND,li1,213.9000,114.2400,0.000046
hold2922,VGND,li1,13.3400,157.7600,0.000017
hold2921,VGND,li1,136.6200,48.9600,0.000032
hold2920,VGND,li1,15.6400,168.6400,0.000033
hold2919,VGND,li1,171.1200,81.6000,0.000033
hold2918,VGND,li1,191.3600,108.8000,0.000037
hold2917,VGND,li1,201.0200,125.1200,0.000072
hold2916,VGND,li1,153.6400,119.6800,0.000049
hold2915,VGND,li1,150.4200,152.3200,0.000075
hold2914,VGND,li1,163.7600,54.4000,0.000044
hold2913,VGND,li1,213.9000,65.2800,0.000035
hold2912,VGND,li1,151.8000,136.0000,0.000029
hold2911,VGND,li1,149.5000,97.9200,0.000026
hold2910,VGND,li1,265.4200,97.9200,0.000050
hold2909,VGND,li1,222.6400,38.0800,0.000044
hold2908,VGND,li1,243.8000,125.1200,0.000039
hold2907,VGND,li1,265.4200,146.8800,0.000054
hold2906,VGND,li1,246.1000,59.8400,0.000073
hold2905,VGND,li1,16.5600,184.9600,0.000037
hold2904,VGND,li1,258.5200,108.8000,0.000025
hold2903,VGND,li1,261.2800,114.2400,0.000032
hold2902,VGND,li1,265.8800,119.6800,0.000040
hold2901,VGND,li1,214.8200,125.1200,0.000081
hold2900,VGND,li1,42.3200,190.4000,0.000038
hold2899,VGND,li1,58.4200,174.0800,0.000058
hold2898,VGND,li1,30.3600,103.3600,0.000082
hold2897,VGND,li1,192.2800,130.5600,0.000029
hold2896,VGND,li1,192.7400,136.0000,0.000052
hold2895,VGND,li1,164.6800,32.6400,0.000051
hold2894,VGND,li1,231.8400,146.8800,0.000033
hold2893,VGND,li1,235.5200,146.8800,0.000037
hold2892,VGND,li1,119.1400,136.0000,0.000046
hold2891,VGND,li1,238.7400,163.2000,0.000060
hold2890,VGND,li1,242.4200,163.2000,0.000068
hold2889,VGND,li1,167.9000,179.5200,0.000067
hold2888,VGND,li1,245.1800,184.9600,0.000050
hold2887,VGND,li1,87.8600,97.9200,0.000076
hold2886,VGND,li1,9.6600,157.7600,0.000017
hold2885,VGND,li1,235.5200,195.8400,0.000061
hold2884,VGND,li1,20.7000,174.0800,0.000042
hold2883,VGND,li1,217.5800,190.4000,0.000086
hold2882,VGND,li1,182.6200,125.1200,0.000057
hold2881,VGND,li1,184.0000,119.6800,0.000048
hold2880,VGND,li1,247.9400,130.5600,0.000055
hold2879,VGND,li1,248.8600,125.1200,0.000032
hold2878,VGND,li1,179.4000,152.3200,0.000035
hold2877,VGND,li1,222.6400,114.2400,0.000031
hold2876,VGND,li1,16.1000,184.9600,0.000037
hold2875,VGND,li1,143.0600,125.1200,0.000049
hold2874,VGND,li1,232.7600,190.4000,0.000052
hold2873,VGND,li1,201.0200,190.4000,0.000120
hold2872,VGND,li1,26.2200,184.9600,0.000047
hold2871,VGND,li1,213.9000,190.4000,0.000099
hold2870,VGND,li1,201.0200,108.8000,0.000033
hold2869,VGND,li1,35.4200,184.9600,0.000046
hold2868,VGND,li1,230.0000,184.9600,0.000058
hold2867,VGND,li1,188.6000,179.5200,0.000058
hold2866,VGND,li1,180.3200,179.5200,0.000065
hold2865,VGND,li1,164.2200,157.7600,0.000038
hold2864,VGND,li1,20.7000,168.6400,0.000057
hold2863,VGND,li1,226.7800,146.8800,0.000026
hold2862,VGND,li1,192.2800,179.5200,0.000052
hold2861,VGND,li1,221.2600,190.4000,0.000063
hold2860,VGND,li1,209.3000,184.9600,0.000145
hold2859,VGND,li1,228.6200,190.4000,0.000051
hold2858,VGND,li1,178.0200,141.4400,0.000028
hold2857,VGND,li1,239.6600,190.4000,0.000053
hold2856,VGND,li1,222.6400,174.0800,0.000035
hold2855,VGND,li1,222.6400,179.5200,0.000062
hold2854,VGND,li1,213.9000,179.5200,0.000077
hold2853,VGND,li1,171.1200,157.7600,0.000046
hold2852,VGND,li1,162.3800,163.2000,0.000033
hold2851,VGND,li1,206.5400,179.5200,0.000090
hold2850,VGND,li1,11.9600,163.2000,0.000014
hold2849,VGND,li1,197.3400,206.7200,0.000061
hold2848,VGND,li1,138.0000,168.6400,0.000057
hold2847,VGND,li1,233.2200,184.9600,0.000057
hold2846,VGND,li1,169.2800,152.3200,0.000034
hold2845,VGND,li1,192.2800,38.0800,0.000047
hold2844,VGND,li1,184.0000,157.7600,0.000047
hold2843,VGND,li1,184.0000,146.8800,0.000022
hold2842,VGND,li1,223.5600,174.0800,0.000035
hold2841,VGND,li1,122.8200,152.3200,0.000075
hold2840,VGND,li1,241.5000,184.9600,0.000052
hold2839,VGND,li1,9.6600,125.1200,0.000025
hold2838,VGND,li1,39.5600,21.7600,0.000065
hold2837,VGND,li1,130.1800,163.2000,0.000019
hold2836,VGND,li1,165.6000,141.4400,0.000015
hold2835,VGND,li1,145.3600,157.7600,0.000060
hold2834,VGND,li1,175.7200,163.2000,0.000074
hold2833,VGND,li1,157.3200,152.3200,0.000053
hold2832,VGND,li1,101.2000,168.6400,0.000074
hold2831,VGND,li1,46.4600,141.4400,0.000028
hold2830,VGND,li1,46.4600,136.0000,0.000042
hold2829,VGND,li1,140.3000,157.7600,0.000053
hold2828,VGND,li1,107.1800,141.4400,0.000021
hold2827,VGND,li1,202.8600,152.3200,0.000027
hold2826,VGND,li1,220.8000,157.7600,0.000028
hold2825,VGND,li1,151.3400,146.8800,0.000030
hold2824,VGND,li1,127.8800,157.7600,0.000054
hold2823,VGND,li1,115.4600,168.6400,0.000082
hold2822,VGND,li1,147.2000,168.6400,0.000063
hold2821,VGND,li1,116.8400,163.2000,0.000022
hold2820,VGND,li1,112.2400,157.7600,0.000063
hold2819,VGND,li1,80.0400,195.8400,0.000149
hold2818,VGND,li1,128.3400,255.6800,0.000083
hold2817,VGND,li1,64.4000,239.3600,0.000059
hold2816,VGND,li1,204.7000,190.4000,0.000126
hold2815,VGND,li1,216.2000,184.9600,0.000103
hold2814,VGND,li1,247.9400,190.4000,0.000050
hold2813,VGND,li1,15.6400,87.0400,0.000023
hold2812,VGND,li1,221.7200,195.8400,0.000050
hold2811,VGND,li1,192.2800,190.4000,0.000096
hold2810,VGND,li1,225.4000,195.8400,0.000039
hold2809,VGND,li1,216.6600,190.4000,0.000086
hold2808,VGND,li1,213.9000,223.0400,0.000121
hold2807,VGND,li1,206.0800,195.8400,0.000073
hold2806,VGND,li1,233.6800,206.7200,0.000100
hold2805,VGND,li1,208.8400,206.7200,0.000080
hold2804,VGND,li1,256.2200,179.5200,0.000082
hold2803,VGND,li1,201.0200,206.7200,0.000072
hold2802,VGND,li1,145.8200,239.3600,0.000149
hold2801,VGND,li1,244.7200,141.4400,0.000044
hold2800,VGND,li1,254.8400,152.3200,0.000033
hold2799,VGND,li1,208.3800,223.0400,0.000136
hold2798,VGND,li1,204.7000,223.0400,0.000144
hold2797,VGND,li1,213.9000,217.6000,0.000054
hold2796,VGND,li1,270.0200,184.9600,0.000068
hold2795,VGND,li1,188.1400,201.2800,0.000123
hold2794,VGND,li1,193.2000,206.7200,0.000061
hold2793,VGND,li1,252.5400,190.4000,0.000047
hold2792,VGND,li1,274.1600,206.7200,0.000079
hold2791,VGND,li1,184.0000,244.8000,0.000087
hold2790,VGND,li1,246.5600,239.3600,0.000095
hold2789,VGND,li1,76.3600,288.3200,0.000049
hold2788,VGND,li1,259.9000,239.3600,0.000119
hold2787,VGND,li1,55.2000,223.0400,0.000076
hold2786,VGND,li1,276.0000,195.8400,0.000044
hold2785,VGND,li1,21.1600,201.2800,0.000060
hold2784,VGND,li1,222.1800,244.8000,0.000151
hold2783,VGND,li1,234.1400,223.0400,0.000117
hold2782,VGND,li1,281.5200,195.8400,0.000031
hold2781,VGND,li1,115.4600,244.8000,0.000125
hold2780,VGND,li1,230.9200,282.8800,0.000091
hold2779,VGND,li1,21.6200,255.6800,0.000077
hold2778,VGND,li1,184.9200,184.9600,0.000134
hold2777,VGND,li1,110.4000,228.4800,0.000149
hold2776,VGND,li1,233.6800,228.4800,0.000071
hold2775,VGND,li1,259.9000,293.7600,0.000041
hold2774,VGND,li1,111.7800,217.6000,0.000108
hold2773,VGND,li1,267.7200,201.2800,0.000084
hold2772,VGND,li1,261.2800,190.4000,0.000086
hold2771,VGND,li1,16.5600,255.6800,0.000062
hold2770,VGND,li1,205.6200,239.3600,0.000116
hold2769,VGND,li1,243.3400,190.4000,0.000052
hold2768,VGND,li1,21.6200,277.4400,0.000073
hold2767,VGND,li1,108.1000,261.1200,0.000073
hold2766,VGND,li1,42.3200,239.3600,0.000059
hold2765,VGND,li1,28.9800,255.6800,0.000083
hold2764,VGND,li1,237.8200,223.0400,0.000127
hold2763,VGND,li1,8.7400,293.7600,0.000019
hold2762,VGND,li1,278.3000,282.8800,0.000052
hold2761,VGND,li1,220.3400,168.6400,0.000041
hold2760,VGND,li1,210.2200,201.2800,0.000166
hold2759,VGND,li1,224.9400,190.4000,0.000048
hold2758,VGND,li1,85.1000,261.1200,0.000115
hold2757,VGND,li1,248.4000,288.3200,0.000068
hold2756,VGND,li1,218.9600,255.6800,0.000198
hold2755,VGND,li1,9.6600,217.6000,0.000021
hold2754,VGND,li1,252.5400,288.3200,0.000049
hold2753,VGND,li1,103.0400,277.4400,0.000076
hold2752,VGND,li1,209.7600,174.0800,0.000064
hold2751,VGND,li1,274.1600,157.7600,0.000073
hold2750,VGND,li1,252.5400,195.8400,0.000044
hold2749,VGND,li1,278.3000,223.0400,0.000087
hold2748,VGND,li1,98.4400,255.6800,0.000077
hold2747,VGND,li1,97.9800,223.0400,0.000095
hold2746,VGND,li1,204.2400,233.9200,0.000083
hold2745,VGND,li1,241.0400,141.4400,0.000043
hold2744,VGND,li1,250.2400,146.8800,0.000032
hold2743,VGND,li1,63.0200,190.4000,0.000071
hold2742,VGND,li1,123.7400,244.8000,0.000131
hold2741,VGND,li1,150.4200,255.6800,0.000121
hold2740,VGND,li1,123.7400,223.0400,0.000063
hold2739,VGND,li1,64.4000,272.0000,0.000104
hold2738,VGND,li1,246.1000,261.1200,0.000073
hold2737,VGND,li1,80.9600,293.7600,0.000021
hold2736,VGND,li1,247.9400,212.1600,0.000063
hold2735,VGND,li1,86.4800,206.7200,0.000198
hold2734,VGND,li1,270.9400,261.1200,0.000059
hold2733,VGND,li1,93.8400,293.7600,0.000017
hold2732,VGND,li1,54.2800,239.3600,0.000060
hold2731,VGND,li1,186.3000,244.8000,0.000086
hold2730,VGND,li1,213.9000,250.2400,0.000124
hold2729,VGND,li1,199.6400,201.2800,0.000138
hold2728,VGND,li1,213.9000,255.6800,0.000207
hold2727,VGND,li1,285.2000,233.9200,0.000046
hold2726,VGND,li1,9.6600,174.0800,0.000026
hold2725,VGND,li1,23.0000,184.9600,0.000046
hold2724,VGND,li1,246.5600,239.3600,0.000095
hold2723,VGND,li1,201.4800,195.8400,0.000073
hold2722,VGND,li1,274.1600,179.5200,0.000068
hold2721,VGND,li1,248.4000,233.9200,0.000101
hold2720,VGND,li1,137.0800,244.8000,0.000088
hold2719,VGND,li1,227.7000,244.8000,0.000190
hold2718,VGND,li1,123.2800,244.8000,0.000131
hold2717,VGND,li1,269.1000,228.4800,0.000091
hold2716,VGND,li1,26.2200,250.2400,0.000180
hold2715,VGND,li1,75.9000,233.9200,0.000097
hold2714,VGND,li1,29.4400,239.3600,0.000093
hold2713,VGND,li1,179.4000,201.2800,0.000118
hold2712,VGND,li1,219.8800,184.9600,0.000078
hold2711,VGND,li1,67.1600,239.3600,0.000057
hold2710,VGND,li1,147.6600,223.0400,0.000113
hold2709,VGND,li1,285.2000,174.0800,0.000022
hold2708,VGND,li1,256.6800,190.4000,0.000066
hold2707,VGND,li1,106.2600,228.4800,0.000133
hold2706,VGND,li1,51.0600,277.4400,0.000087
hold2705,VGND,li1,222.1800,250.2400,0.000084
hold2704,VGND,li1,269.1000,293.7600,0.000040
hold2703,VGND,li1,51.0600,293.7600,0.000032
hold2702,VGND,li1,91.0800,228.4800,0.000221
hold2701,VGND,li1,166.9800,201.2800,0.000083
hold2700,VGND,li1,261.2800,228.4800,0.000074
hold2699,VGND,li1,279.2200,152.3200,0.000038
hold2698,VGND,li1,85.1000,272.0000,0.000166
hold2697,VGND,li1,269.1000,277.4400,0.000176
hold2696,VGND,li1,131.5600,239.3600,0.000110
hold2695,VGND,li1,207.4600,239.3600,0.000122
hold2694,VGND,li1,16.5600,293.7600,0.000024
hold2693,VGND,li1,183.0800,201.2800,0.000123
hold2692,VGND,li1,42.7800,261.1200,0.000134
hold2691,VGND,li1,8.7400,266.5600,0.000064
hold2690,VGND,li1,270.4800,206.7200,0.000088
hold2689,VGND,li1,60.7200,293.7600,0.000043
hold2688,VGND,li1,151.3400,272.0000,0.000117
hold2687,VGND,li1,175.2600,195.8400,0.000077
hold2686,VGND,li1,263.5800,255.6800,0.000084
hold2685,VGND,li1,194.5800,184.9600,0.000096
hold2684,VGND,li1,226.7800,233.9200,0.000077
hold2683,VGND,li1,189.5200,195.8400,0.000065
hold2682,VGND,li1,270.0200,250.2400,0.000139
hold2681,VGND,li1,188.6000,190.4000,0.000103
hold2680,VGND,li1,221.7200,272.0000,0.000083
hold2679,VGND,li1,247.4800,272.0000,0.000086
hold2678,VGND,li1,46.4600,250.2400,0.000121
hold2677,VGND,li1,23.0000,223.0400,0.000086
hold2676,VGND,li1,153.6400,223.0400,0.000111
hold2675,VGND,li1,44.6200,206.7200,0.000078
hold2674,VGND,li1,179.4000,217.6000,0.000069
hold2673,VGND,li1,224.0200,168.6400,0.000032
hold2672,VGND,li1,46.4600,217.6000,0.000057
hold2671,VGND,li1,65.3200,190.4000,0.000074
hold2670,VGND,li1,140.7600,217.6000,0.000096
hold2669,VGND,li1,265.4200,223.0400,0.000110
hold2668,VGND,li1,261.2800,244.8000,0.000155
hold2667,VGND,li1,274.1600,272.0000,0.000064
hold2666,VGND,li1,274.1600,190.4000,0.000111
hold2665,VGND,li1,118.6800,282.8800,0.000085
hold2664,VGND,li1,58.4200,250.2400,0.000133
hold2663,VGND,li1,47.3800,228.4800,0.000105
hold2662,VGND,li1,20.7000,212.1600,0.000099
hold2661,VGND,li1,105.3400,206.7200,0.000166
hold2660,VGND,li1,145.3600,266.5600,0.000119
hold2659,VGND,li1,89.2400,261.1200,0.000107
hold2658,VGND,li1,201.4800,250.2400,0.000132
hold2657,VGND,li1,145.3600,223.0400,0.000105
hold2656,VGND,li1,8.7400,195.8400,0.000084
hold2655,VGND,li1,246.5600,250.2400,0.000091
hold2654,VGND,li1,128.3400,217.6000,0.000103
hold2653,VGND,li1,230.9200,255.6800,0.000193
hold2652,VGND,li1,73.1400,217.6000,0.000049
hold2651,VGND,li1,97.9800,239.3600,0.000090
hold2650,VGND,li1,132.4800,277.4400,0.000106
hold2649,VGND,li1,40.9400,223.0400,0.000077
hold2648,VGND,li1,265.4200,212.1600,0.000072
hold2647,VGND,li1,222.6400,223.0400,0.000081
hold2646,VGND,li1,268.6400,217.6000,0.000091
hold2645,VGND,li1,68.0800,293.7600,0.000037
hold2644,VGND,li1,34.9600,217.6000,0.000055
hold2643,VGND,li1,226.7800,250.2400,0.000079
hold2642,VGND,li1,285.2000,206.7200,0.000036
hold2641,VGND,li1,239.6600,250.2400,0.000092
hold2640,VGND,li1,208.8400,266.5600,0.000088
hold2639,VGND,li1,102.5800,228.4800,0.000118
hold2638,VGND,li1,16.5600,255.6800,0.000062
hold2637,VGND,li1,85.1000,239.3600,0.000083
hold2636,VGND,li1,239.6600,239.3600,0.000095
hold2635,VGND,li1,233.6800,239.3600,0.000092
hold2634,VGND,li1,195.5000,277.4400,0.000088
hold2633,VGND,li1,135.7000,244.8000,0.000083
hold2632,VGND,li1,123.7400,201.2800,0.000149
hold2631,VGND,li1,261.2800,266.5600,0.000045
hold2630,VGND,li1,196.8800,184.9600,0.000114
hold2629,VGND,li1,89.2400,266.5600,0.000101
hold2628,VGND,li1,72.2200,195.8400,0.000121
hold2627,VGND,li1,285.2000,190.4000,0.000069
hold2626,VGND,li1,102.5800,250.2400,0.000094
hold2625,VGND,li1,88.3200,261.1200,0.000111
hold2624,VGND,li1,72.2200,233.9200,0.000101
hold2623,VGND,li1,264.9600,228.4800,0.000082
hold2622,VGND,li1,238.2800,228.4800,0.000070
hold2621,VGND,li1,39.1000,266.5600,0.000113
hold2620,VGND,li1,57.9600,261.1200,0.000168
hold2619,VGND,li1,121.4400,261.1200,0.000077
hold2618,VGND,li1,171.5800,206.7200,0.000071
hold2617,VGND,li1,100.2800,266.5600,0.000069
hold2616,VGND,li1,29.4400,282.8800,0.000102
hold2615,VGND,li1,145.3600,293.7600,0.000006
hold2614,VGND,li1,155.4800,239.3600,0.000137
hold2613,VGND,li1,195.5000,261.1200,0.000089
hold2612,VGND,li1,115.0000,228.4800,0.000144
hold2611,VGND,li1,257.1400,195.8400,0.000049
hold2610,VGND,li1,274.1600,223.0400,0.000104
hold2609,VGND,li1,165.1400,266.5600,0.000110
hold2608,VGND,li1,74.9800,201.2800,0.000106
hold2607,VGND,li1,262.2000,239.3600,0.000121
hold2606,VGND,li1,77.7400,228.4800,0.000171
hold2605,VGND,li1,209.3000,223.0400,0.000136
hold2604,VGND,li1,273.7000,261.1200,0.000058
hold2603,VGND,li1,12.4200,184.9600,0.000035
hold2602,VGND,li1,71.3000,244.8000,0.000092
hold2601,VGND,li1,171.5800,255.6800,0.000151
hold2600,VGND,li1,42.3200,277.4400,0.000078
hold2599,VGND,li1,196.8800,179.5200,0.000062
hold2598,VGND,li1,229.5400,233.9200,0.000092
hold2597,VGND,li1,182.6200,244.8000,0.000087
hold2596,VGND,li1,264.0400,217.6000,0.000091
hold2595,VGND,li1,104.8800,272.0000,0.000162
hold2594,VGND,li1,119.6000,212.1600,0.000110
hold2593,VGND,li1,106.7200,261.1200,0.000066
hold2592,VGND,li1,85.1000,244.8000,0.000171
hold2591,VGND,li1,255.7600,174.0800,0.000040
hold2590,VGND,li1,222.6400,255.6800,0.000150
hold2589,VGND,li1,252.5400,239.3600,0.000089
hold2588,VGND,li1,59.3400,244.8000,0.000101
hold2587,VGND,li1,230.4600,223.0400,0.000111
hold2586,VGND,li1,132.4800,293.7600,0.000005
hold2585,VGND,li1,46.9200,266.5600,0.000124
hold2584,VGND,li1,132.4800,272.0000,0.000139
hold2583,VGND,li1,59.3400,250.2400,0.000127
hold2582,VGND,li1,270.4800,157.7600,0.000081
hold2581,VGND,li1,115.4600,255.6800,0.000092
hold2580,VGND,li1,110.8600,266.5600,0.000070
hold2579,VGND,li1,66.7000,190.4000,0.000074
hold2578,VGND,li1,90.1600,272.0000,0.000195
hold2577,VGND,li1,56.1200,184.9600,0.000072
hold2576,VGND,li1,169.7400,233.9200,0.000144
hold2575,VGND,li1,89.7000,239.3600,0.000087
hold2574,VGND,li1,8.7400,244.8000,0.000046
hold2573,VGND,li1,98.4400,244.8000,0.000155
hold2572,VGND,li1,41.8600,228.4800,0.000091
hold2571,VGND,li1,50.6000,239.3600,0.000060
hold2570,VGND,li1,52.9000,190.4000,0.000059
hold2569,VGND,li1,128.3400,255.6800,0.000083
hold2568,VGND,li1,122.3600,250.2400,0.000129
hold2567,VGND,li1,224.0200,228.4800,0.000052
hold2566,VGND,li1,140.3000,212.1600,0.000067
hold2565,VGND,li1,76.8200,277.4400,0.000060
hold2564,VGND,li1,237.3600,239.3600,0.000094
hold2563,VGND,li1,278.7600,168.6400,0.000057
hold2562,VGND,li1,149.5000,239.3600,0.000144
hold2561,VGND,li1,72.2200,244.8000,0.000088
hold2560,VGND,li1,109.4800,239.3600,0.000102
hold2559,VGND,li1,132.4800,261.1200,0.000052
hold2558,VGND,li1,270.4800,179.5200,0.000077
hold2557,VGND,li1,203.7800,217.6000,0.000059
hold2556,VGND,li1,162.8400,239.3600,0.000106
hold2555,VGND,li1,227.7000,261.1200,0.000075
hold2554,VGND,li1,178.9400,293.7600,0.000014
hold2553,VGND,li1,8.7400,250.2400,0.000082
hold2552,VGND,li1,51.5200,212.1600,0.000151
hold2551,VGND,li1,102.5800,223.0400,0.000080
hold2550,VGND,li1,85.1000,233.9200,0.000192
hold2549,VGND,li1,66.7000,212.1600,0.000152
hold2548,VGND,li1,196.8800,255.6800,0.000138
hold2547,VGND,li1,63.9400,201.2800,0.000119
hold2546,VGND,li1,168.8200,293.7600,0.000008
hold2545,VGND,li1,20.7000,261.1200,0.000140
hold2544,VGND,li1,29.4400,250.2400,0.000196
hold2543,VGND,li1,59.8000,244.8000,0.000101
hold2542,VGND,li1,55.6600,206.7200,0.000119
hold2541,VGND,li1,8.7400,239.3600,0.000057
hold2540,VGND,li1,89.2400,250.2400,0.000128
hold2539,VGND,li1,81.4200,217.6000,0.000082
hold2538,VGND,li1,24.3800,174.0800,0.000050
hold2537,VGND,li1,274.1600,184.9600,0.000059
hold2536,VGND,li1,85.5600,277.4400,0.000081
hold2535,VGND,li1,141.6800,293.7600,0.000005
hold2534,VGND,li1,28.9800,233.9200,0.000049
hold2533,VGND,li1,154.5600,217.6000,0.000097
hold2532,VGND,li1,183.5400,261.1200,0.000093
hold2531,VGND,li1,149.5000,206.7200,0.000081
hold2530,VGND,li1,68.5400,282.8800,0.000097
hold2529,VGND,li1,144.9000,250.2400,0.000196
hold2528,VGND,li1,72.2200,282.8800,0.000076
hold2527,VGND,li1,29.4400,228.4800,0.000090
hold2526,VGND,li1,239.6600,195.8400,0.000067
hold2525,VGND,li1,75.9000,244.8000,0.000084
hold2524,VGND,li1,43.2400,195.8400,0.000130
hold2523,VGND,li1,132.0200,282.8800,0.000060
hold2522,VGND,li1,46.9200,261.1200,0.000139
hold2521,VGND,li1,80.0400,201.2800,0.000153
hold2520,VGND,li1,175.2600,261.1200,0.000083
hold2519,VGND,li1,139.8400,255.6800,0.000107
hold2518,VGND,li1,167.9000,255.6800,0.000128
hold2517,VGND,li1,36.3400,250.2400,0.000175
hold2516,VGND,li1,195.9600,244.8000,0.000089
hold2515,VGND,li1,158.2400,201.2800,0.000085
hold2514,VGND,li1,110.8600,244.8000,0.000117
hold2513,VGND,li1,59.3400,233.9200,0.000107
hold2512,VGND,li1,68.0800,239.3600,0.000057
hold2511,VGND,li1,134.7800,233.9200,0.000122
hold2510,VGND,li1,47.3800,293.7600,0.000028
hold2509,VGND,li1,75.9000,195.8400,0.000112
hold2508,VGND,li1,38.6400,239.3600,0.000072
hold2507,VGND,li1,58.8800,228.4800,0.000143
hold2506,VGND,li1,285.2000,184.9600,0.000030
hold2505,VGND,li1,105.8000,228.4800,0.000133
hold2504,VGND,li1,213.9000,288.3200,0.000093
hold2503,VGND,li1,79.1200,261.1200,0.000112
hold2502,VGND,li1,106.7200,277.4400,0.000101
hold2501,VGND,li1,167.9000,212.1600,0.000104
hold2500,VGND,li1,21.6200,266.5600,0.000099
hold2499,VGND,li1,93.8400,282.8800,0.000072
hold2498,VGND,li1,85.5600,282.8800,0.000072
hold2497,VGND,li1,28.9800,212.1600,0.000113
hold2496,VGND,li1,158.2400,206.7200,0.000075
hold2495,VGND,li1,69.9200,261.1200,0.000147
hold2494,VGND,li1,233.6800,293.7600,0.000038
hold2493,VGND,li1,59.3400,206.7200,0.000126
hold2492,VGND,li1,109.0200,282.8800,0.000066
hold2491,VGND,li1,61.6400,217.6000,0.000060
hold2490,VGND,li1,8.7400,223.0400,0.000051
hold2489,VGND,li1,186.7600,261.1200,0.000095
hold2488,VGND,li1,83.7200,201.2800,0.000178
hold2487,VGND,li1,218.0400,282.8800,0.000080
hold2486,VGND,li1,54.7400,195.8400,0.000144
hold2485,VGND,li1,43.7000,272.0000,0.000087
hold2484,VGND,li1,97.9800,250.2400,0.000115
hold2483,VGND,li1,132.0200,244.8000,0.000100
hold2482,VGND,li1,16.5600,228.4800,0.000045
hold2481,VGND,li1,210.6800,272.0000,0.000091
hold2480,VGND,li1,57.0400,277.4400,0.000083
hold2479,VGND,li1,244.2600,212.1600,0.000068
hold2478,VGND,li1,55.2000,261.1200,0.000165
hold2477,VGND,li1,176.1800,223.0400,0.000148
hold2476,VGND,li1,278.3000,157.7600,0.000054
hold2475,VGND,li1,51.0600,228.4800,0.000126
hold2474,VGND,li1,53.3600,282.8800,0.000134
hold2473,VGND,li1,160.5400,223.0400,0.000092
hold2472,VGND,li1,162.3800,261.1200,0.000058
hold2471,VGND,li1,8.7400,277.4400,0.000051
hold2470,VGND,li1,157.7800,212.1600,0.000093
hold2469,VGND,li1,106.7200,293.7600,0.000009
hold2468,VGND,li1,8.7400,184.9600,0.000035
hold2467,VGND,li1,273.7000,163.2000,0.000151
hold2466,VGND,li1,47.8400,250.2400,0.000121
hold2465,VGND,li1,266.8000,179.5200,0.000087
hold2464,VGND,li1,141.6800,239.3600,0.000138
hold2463,VGND,li1,73.1400,277.4400,0.000048
hold2462,VGND,li1,33.5800,228.4800,0.000093
hold2461,VGND,li1,33.5800,190.4000,0.000045
hold2460,VGND,li1,34.0400,288.3200,0.000085
hold2459,VGND,li1,128.8000,261.1200,0.000067
hold2458,VGND,li1,205.6200,184.9600,0.000148
hold2457,VGND,li1,123.7400,233.9200,0.000184
hold2456,VGND,li1,194.5800,228.4800,0.000064
hold2455,VGND,li1,153.6400,266.5600,0.000113
hold2454,VGND,li1,158.2400,217.6000,0.000092
hold2453,VGND,li1,149.5000,282.8800,0.000083
hold2452,VGND,li1,59.8000,217.6000,0.000062
hold2451,VGND,li1,194.5800,261.1200,0.000089
hold2450,VGND,li1,118.6800,277.4400,0.000115
hold2449,VGND,li1,257.6000,190.4000,0.000066
hold2448,VGND,li1,188.1400,277.4400,0.000122
hold2447,VGND,li1,184.4600,277.4400,0.000133
hold2446,VGND,li1,140.3000,282.8800,0.000072
hold2445,VGND,li1,81.8800,223.0400,0.000090
hold2444,VGND,li1,157.3200,250.2400,0.000162
hold2443,VGND,li1,178.4800,282.8800,0.000069
hold2442,VGND,li1,17.0200,223.0400,0.000063
hold2441,VGND,li1,80.0400,261.1200,0.000112
hold2440,VGND,li1,72.6800,272.0000,0.000086
hold2439,VGND,li1,64.4000,282.8800,0.000110
hold2438,VGND,li1,69.0000,223.0400,0.000071
hold2437,VGND,li1,146.7400,206.7200,0.000080
hold2436,VGND,li1,167.4400,217.6000,0.000071
hold2435,VGND,li1,60.7200,282.8800,0.000122
hold2434,VGND,li1,190.4400,272.0000,0.000082
hold2433,VGND,li1,59.3400,190.4000,0.000070
hold2432,VGND,li1,28.0600,244.8000,0.000082
hold2431,VGND,li1,235.5200,212.1600,0.000076
hold2430,VGND,li1,157.3200,282.8800,0.000062
hold2429,VGND,li1,60.2600,201.2800,0.000117
hold2428,VGND,li1,62.1000,261.1200,0.000167
hold2427,VGND,li1,124.6600,293.7600,0.000006
hold2426,VGND,li1,34.5000,255.6800,0.000070
hold2425,VGND,li1,219.8800,174.0800,0.000045
hold2424,VGND,li1,100.7400,261.1200,0.000071
hold2423,VGND,li1,92.0000,217.6000,0.000119
hold2422,VGND,li1,149.5000,261.1200,0.000069
hold2421,VGND,li1,201.0200,244.8000,0.000114
hold2420,VGND,li1,126.5000,266.5600,0.000093
hold2419,VGND,li1,218.0400,293.7600,0.000035
hold2418,VGND,li1,239.6600,293.7600,0.000043
hold2417,VGND,li1,273.2400,168.6400,0.000056
hold2416,VGND,li1,155.9400,250.2400,0.000162
hold2415,VGND,li1,180.3200,250.2400,0.000151
hold2414,VGND,li1,221.2600,266.5600,0.000075
hold2413,VGND,li1,149.5000,277.4400,0.000163
hold2412,VGND,li1,285.2000,157.7600,0.000035
hold2411,VGND,li1,162.3800,282.8800,0.000048
hold2410,VGND,li1,175.2600,293.7600,0.000012
hold2409,VGND,li1,80.9600,206.7200,0.000164
hold2408,VGND,li1,285.2000,174.0800,0.000022
hold2407,VGND,li1,260.3600,163.2000,0.000139
hold2406,VGND,li1,38.6400,206.7200,0.000094
hold2405,VGND,li1,150.4200,233.9200,0.000169
hold2404,VGND,li1,63.0200,250.2400,0.000121
hold2403,VGND,li1,16.5600,201.2800,0.000046
hold2402,VGND,li1,76.3600,201.2800,0.000128
hold2401,VGND,li1,218.9600,282.8800,0.000080
hold2400,VGND,li1,149.5000,272.0000,0.000121
hold2399,VGND,li1,179.4000,201.2800,0.000118
hold2398,VGND,li1,172.5000,244.8000,0.000086
hold2397,VGND,li1,171.1200,239.3600,0.000104
hold2396,VGND,li1,218.9600,266.5600,0.000080
hold2395,VGND,li1,203.7800,239.3600,0.000111
hold2394,VGND,li1,178.4800,217.6000,0.000069
hold2393,VGND,li1,192.2800,277.4400,0.000097
hold2392,VGND,li1,8.7400,190.4000,0.000025
hold2391,VGND,li1,149.5000,288.3200,0.000061
hold2390,VGND,li1,171.1200,228.4800,0.000101
hold2389,VGND,li1,218.9600,174.0800,0.000045
hold2388,VGND,li1,225.8600,233.9200,0.000063
hold2387,VGND,li1,222.6400,190.4000,0.000063
hold2386,VGND,li1,251.1600,272.0000,0.000074
hold2385,VGND,li1,38.1800,201.2800,0.000078
hold2384,VGND,li1,123.7400,255.6800,0.000088
hold2383,VGND,li1,55.2000,272.0000,0.000099
hold2382,VGND,li1,171.1200,223.0400,0.000124
hold2381,VGND,li1,213.9000,266.5600,0.000084
hold2380,VGND,li1,237.8200,195.8400,0.000064
hold2379,VGND,li1,232.3000,266.5600,0.000087
hold2378,VGND,li1,273.2400,293.7600,0.000034
hold2377,VGND,li1,222.6400,282.8800,0.000064
hold2376,VGND,li1,33.5800,201.2800,0.000084
hold2375,VGND,li1,217.5800,266.5600,0.000080
hold2374,VGND,li1,178.9400,255.6800,0.000157
hold2373,VGND,li1,213.9000,228.4800,0.000087
hold2372,VGND,li1,131.1000,250.2400,0.000110
hold2371,VGND,li1,182.6200,293.7600,0.000016
hold2370,VGND,li1,252.5400,223.0400,0.000086
hold2369,VGND,li1,246.1000,190.4000,0.000051
hold2368,VGND,li1,285.2000,152.3200,0.000028
rebuffer2367,VGND,li1,206.5400,212.1600,0.000108
rebuffer2366,VGND,li1,151.3400,174.0800,0.000122
rebuffer2363,VGND,li1,65.7800,114.2400,0.000066
rebuffer2362,VGND,li1,184.4600,92.4800,0.000018
rebuffer2202,VGND,li1,94.7600,114.2400,0.000116
rebuffer2195,VGND,li1,25.7600,70.7200,0.000068
rebuffer2194,VGND,li1,260.8200,201.2800,0.000099
rebuffer2191,VGND,li1,56.1200,92.4800,0.000064
rebuffer2190,VGND,li1,63.9400,125.1200,0.000044
rebuffer2189,VGND,li1,94.7600,179.5200,0.000107
rebuffer2188,VGND,li1,49.6800,114.2400,0.000046
rebuffer2187,VGND,li1,94.7600,119.6800,0.000081
rebuffer2186,VGND,li1,18.8600,54.4000,0.000075
rebuffer2184,VGND,li1,253.9200,233.9200,0.000076
rebuffer2183,VGND,li1,229.5400,233.9200,0.000092
rebuffer2182,VGND,li1,216.2000,212.1600,0.000106
rebuffer2181,VGND,li1,107.6400,195.8400,0.000139
rebuffer2180,VGND,li1,126.9600,195.8400,0.000142
rebuffer2179,VGND,li1,141.6800,266.5600,0.000120
rebuffer2178,VGND,li1,264.5000,174.0800,0.000051
rebuffer2177,VGND,li1,269.1000,136.0000,0.000049
rebuffer2162,VGND,li1,17.4800,43.5200,0.000049
rebuffer2161,VGND,li1,19.7800,43.5200,0.000054
rebuffer2160,VGND,li1,137.0800,255.6800,0.000095
rebuffer2176,VGND,li1,263.1200,136.0000,0.000046
rebuffer2159,VGND,li1,92.0000,130.5600,0.000078
rebuffer2158,VGND,li1,87.8600,212.1600,0.000272
rebuffer2157,VGND,li1,94.7600,130.5600,0.000069
rebuffer2156,VGND,li1,57.0400,108.8000,0.000051
rebuffer2155,VGND,li1,204.2400,190.4000,0.000126
rebuffer2175,VGND,li1,229.0800,277.4400,0.000133
rebuffer2154,VGND,li1,17.4800,38.0800,0.000055
rebuffer2153,VGND,li1,16.5600,32.6400,0.000052
rebuffer2174,VGND,li1,81.8800,261.1200,0.000118
rebuffer2173,VGND,li1,81.8800,228.4800,0.000233
rebuffer2152,VGND,li1,58.4200,114.2400,0.000061
rebuffer2151,VGND,li1,60.9500,97.9200,0.000055
rebuffer2150,VGND,li1,64.8600,103.3600,0.000048
rebuffer2149,VGND,li1,71.3000,92.4800,0.000052
rebuffer2148,VGND,li1,64.8600,97.9200,0.000055
rebuffer2147,VGND,li1,67.8500,103.3600,0.000043
rebuffer2172,VGND,li1,97.0600,152.3200,0.000052
rebuffer2146,VGND,li1,43.2400,125.1200,0.000042
rebuffer2145,VGND,li1,167.6700,92.4800,0.000012
rebuffer2144,VGND,li1,65.7800,125.1200,0.000041
rebuffer2143,VGND,li1,184.6900,87.0400,0.000025
rebuffer2141,VGND,li1,144.6700,190.4000,0.000262
rebuffer2171,VGND,li1,267.2600,136.0000,0.000050
rebuffer2139,VGND,li1,277.3800,76.1600,0.000008
rebuffer2138,VGND,li1,99.3600,97.9200,0.000068
rebuffer2170,VGND,li1,265.8800,277.4400,0.000189
rebuffer2169,VGND,li1,248.4000,277.4400,0.000181
rebuffer2137,VGND,li1,84.1800,146.8800,0.000043
rebuffer2136,VGND,li1,72.2200,70.7200,0.000071
rebuffer2135,VGND,li1,94.3000,206.7200,0.000196
rebuffer2134,VGND,li1,137.5400,65.2800,0.000043
rebuffer2133,VGND,li1,71.3000,130.5600,0.000050
rebuffer2132,VGND,li1,213.4400,81.6000,0.000023
rebuffer2168,VGND,li1,71.3000,119.6800,0.000049
rebuffer2131,VGND,li1,187.2200,87.0400,0.000025
rebuffer2130,VGND,li1,56.1200,114.2400,0.000059
rebuffer2129,VGND,li1,62.3300,87.0400,0.000056
rebuffer2128,VGND,li1,57.7300,87.0400,0.000056
rebuffer2127,VGND,li1,155.4800,190.4000,0.000261
rebuffer2167,VGND,li1,66.2400,70.7200,0.000089
rebuffer2126,VGND,li1,99.8200,212.1600,0.000233
rebuffer2125,VGND,li1,71.3000,97.9200,0.000046
rebuffer2166,VGND,li1,98.4400,76.1600,0.000063
rebuffer2165,VGND,li1,94.7600,233.9200,0.000222
rebuffer2124,VGND,li1,100.7400,201.2800,0.000149
rebuffer2123,VGND,li1,94.7600,201.2800,0.000180
rebuffer2122,VGND,li1,65.7800,97.9200,0.000053
rebuffer2121,VGND,li1,104.8800,201.2800,0.000131
rebuffer2120,VGND,li1,28.0600,76.1600,0.000062
rebuffer2119,VGND,li1,22.0800,76.1600,0.000056
rebuffer2164,VGND,li1,93.8400,233.9200,0.000222
rebuffer2118,VGND,li1,26.2200,59.8400,0.000060
rebuffer2117,VGND,li1,66.7000,114.2400,0.000066
rebuffer2116,VGND,li1,60.0300,108.8000,0.000055
rebuffer2115,VGND,li1,67.8500,87.0400,0.000052
rebuffer2114,VGND,li1,170.2000,87.0400,0.000023
rebuffer2163,VGND,li1,75.9000,206.7200,0.000111
rebuffer2113,VGND,li1,71.3000,87.0400,0.000047
rebuffer2112,VGND,li1,24.3800,65.2800,0.000063
rebuffer2111,VGND,li1,17.4800,48.9600,0.000063
rebuffer2365,VGND,li1,212.9800,174.0800,0.000061
rebuffer2142,VGND,li1,156.4000,92.4800,0.000011
rebuffer2193,VGND,li1,134.7800,223.0400,0.000059
rebuffer2185,VGND,li1,104.4200,250.2400,0.000105
rebuffer2140,VGND,li1,90.6200,119.6800,0.000089
_4270_,VGND,li1,279.9100,184.9600,0.000046
clkload36,VGND,li1,270.4800,250.2400,0.000139
clkbuf_leaf_42_clk,VGND,li1,165.1400,125.1200,0.000060
clkload35,VGND,li1,132.9400,266.5600,0.000087
clkload34,VGND,li1,281.7500,190.4000,0.000090
clkload33,VGND,li1,257.1400,212.1600,0.000067
clkload32,VGND,li1,247.0200,217.6000,0.000078
clkload31,VGND,li1,217.1200,261.1200,0.000095
clkload30,VGND,li1,110.6300,223.0400,0.000064
clkbuf_leaf_41_clk,VGND,li1,181.2400,59.8400,0.000102
clkload29,VGND,li1,107.6400,244.8000,0.000112
clkload28,VGND,li1,76.3600,272.0000,0.000102
clkload27,VGND,li1,45.5400,288.3200,0.000071
clkload26,VGND,li1,20.2400,282.8800,0.000074
clkload4,VGND,li1,123.0500,59.8400,0.000088
clkload25,VGND,li1,17.0200,261.1200,0.000112
clkload24,VGND,li1,63.0200,261.1200,0.000167
clkload23,VGND,li1,63.0200,255.6800,0.000056
clkload22,VGND,li1,47.8400,206.7200,0.000091
clkload21,VGND,li1,20.0100,195.8400,0.000116
clkbuf_leaf_40_clk,VGND,li1,176.6400,32.6400,0.000084
clkload20,VGND,li1,57.5000,201.2800,0.000113
clkload19,VGND,li1,213.4400,212.1600,0.000110
clkload18,VGND,li1,242.8800,195.8400,0.000070
clkload17,VGND,li1,186.0700,239.3600,0.000116
clkload3,VGND,li1,174.3400,54.4000,0.000064
clkload16,VGND,li1,204.9300,43.5200,0.000070
clkload15,VGND,li1,231.6100,43.5200,0.000063
clkload14,VGND,li1,263.8100,103.3600,0.000065
clkload13,VGND,li1,231.6100,136.0000,0.000043
clkload12,VGND,li1,180.5500,163.2000,0.000090
clkbuf_leaf_39_clk,VGND,li1,207.0000,38.0800,0.000086
clkload11,VGND,li1,162.3800,119.6800,0.000048
clkload10,VGND,li1,152.9500,190.4000,0.000277
clkload9,VGND,li1,123.9700,157.7600,0.000060
clkload8,VGND,li1,84.8700,136.0000,0.000064
clkload2,VGND,li1,21.3900,97.9200,0.000053
clkload1,VGND,li1,185.3800,233.9200,0.000127
clkload7,VGND,li1,17.0200,125.1200,0.000034
clkload6,VGND,li1,26.9100,16.3200,0.000064
clkbuf_leaf_38_clk,VGND,li1,232.7600,48.9600,0.000102
clkbuf_leaf_37_clk,VGND,li1,270.9400,48.9600,0.000113
clkbuf_leaf_36_clk,VGND,li1,268.1800,103.3600,0.000077
clkbuf_leaf_35_clk,VGND,li1,231.8400,130.5600,0.000084
clkbuf_leaf_34_clk,VGND,li1,200.5600,136.0000,0.000070
clkbuf_leaf_33_clk,VGND,li1,182.1600,163.2000,0.000090
clkbuf_leaf_32_clk,VGND,li1,216.6600,201.2800,0.000155
clkbuf_leaf_31_clk,VGND,li1,242.4200,179.5200,0.000098
clkbuf_leaf_30_clk,VGND,li1,270.9400,190.4000,0.000117
clkbuf_leaf_29_clk,VGND,li1,256.2200,206.7200,0.000104
clkload0,VGND,li1,199.6400,163.2000,0.000063
clkbuf_leaf_28_clk,VGND,li1,248.4000,233.9200,0.000101
clkbuf_leaf_27_clk,VGND,li1,276.4600,250.2400,0.000135
clkbuf_leaf_26_clk,VGND,li1,271.4000,277.4400,0.000168
clkbuf_leaf_25_clk,VGND,li1,239.6600,272.0000,0.000120
clkbuf_leaf_24_clk,VGND,li1,215.7400,244.8000,0.000163
clkbuf_leaf_23_clk,VGND,li1,207.4600,277.4400,0.000141
clkbuf_leaf_22_clk,VGND,li1,174.8000,277.4400,0.000135
clkbuf_leaf_21_clk,VGND,li1,165.1400,255.6800,0.000103
clkbuf_leaf_20_clk,VGND,li1,188.1400,228.4800,0.000096
clkbuf_leaf_19_clk,VGND,li1,184.0000,212.1600,0.000142
clkbuf_leaf_18_clk,VGND,li1,157.3200,184.9600,0.000311
clkbuf_leaf_17_clk,VGND,li1,114.0800,217.6000,0.000117
clkbuf_3_7__f_clk,VGND,li1,183.3100,239.3600,0.000124
clkbuf_3_6__f_clk,VGND,li1,195.2700,223.0400,0.000131
clkbuf_leaf_13_clk,VGND,li1,90.6200,250.2400,0.000128
clkbuf_leaf_10_clk,VGND,li1,23.4600,272.0000,0.000109
clkbuf_leaf_8_clk,VGND,li1,56.1200,233.9200,0.000108
clkbuf_leaf_5_clk,VGND,li1,26.6800,168.6400,0.000073
clkbuf_leaf_6_clk,VGND,li1,23.9200,195.8400,0.000152
clkbuf_leaf_7_clk,VGND,li1,39.5600,212.1600,0.000117
clkbuf_leaf_9_clk,VGND,li1,23.4600,239.3600,0.000103
clkbuf_leaf_3_clk,VGND,li1,126.5000,152.3200,0.000078
clkbuf_leaf_4_clk,VGND,li1,65.3200,195.8400,0.000150
clkbuf_leaf_11_clk,VGND,li1,48.7600,282.8800,0.000133
clkbuf_3_5__f_clk,VGND,li1,90.3900,233.9200,0.000219
clkbuf_leaf_1_clk,VGND,li1,23.4600,136.0000,0.000081
clkbuf_leaf_2_clk,VGND,li1,85.1000,130.5600,0.000090
clkbuf_leaf_12_clk,VGND,li1,71.3000,266.5600,0.000111
clkbuf_leaf_0_clk,VGND,li1,17.0200,103.3600,0.000075
clkbuf_leaf_14_clk,VGND,li1,108.1000,277.4400,0.000101
clkbuf_3_4__f_clk,VGND,li1,76.1300,212.1600,0.000172
clkbuf_leaf_15_clk,VGND,li1,139.3800,277.4400,0.000150
clkbuf_leaf_16_clk,VGND,li1,126.5000,239.3600,0.000139
clkbuf_3_3__f_clk,VGND,li1,196.1900,157.7600,0.000049
clkbuf_3_2__f_clk,VGND,li1,209.5300,125.1200,0.000093
clkbuf_3_1__f_clk,VGND,li1,124.4300,125.1200,0.000076
clkbuf_3_0__f_clk,VGND,li1,117.5300,81.6000,0.000097
clkbuf_0_clk,VGND,li1,144.6700,152.3200,0.000086
clkbuf_leaf_45_clk,VGND,li1,36.3400,21.7600,0.000080
clkbuf_leaf_44_clk,VGND,li1,113.6200,32.6400,0.000086
clkbuf_leaf_43_clk,VGND,li1,130.1800,54.4000,0.000082
clkload5,VGND,li1,112.7000,27.2000,0.000085
output2083,VGND,li1,284.7400,97.9200,0.000031
output2084,VGND,li1,284.7400,114.2400,0.000018
output2085,VGND,li1,284.7400,130.5600,0.000023
output2086,VGND,li1,284.7400,141.4400,0.000027
output2070,VGND,li1,97.0600,223.0400,0.000100
output2071,VGND,li1,87.8600,10.8800,0.000031
output2087,VGND,li1,286.1200,146.8800,0.000035
max_cap2110,VGND,li1,42.0900,65.2800,0.000057
wire2109,VGND,li1,40.4800,125.1200,0.000046
max_cap2105,VGND,li1,267.2600,87.0400,0.000106
max_cap2102,VGND,li1,99.5900,206.7200,0.000184
output2099,VGND,li1,128.3400,244.8000,0.000126
output2100,VGND,li1,24.8400,10.8800,0.000053
output2098,VGND,li1,154.1000,239.3600,0.000137
output2101,VGND,li1,55.2000,10.8800,0.000041
max_cap2103,VGND,li1,99.1300,119.6800,0.000069
output2096,VGND,li1,221.7200,293.7600,0.000036
output2097,VGND,li1,248.4000,293.7600,0.000048
wire2104,VGND,li1,93.8400,119.6800,0.000081
output2095,VGND,li1,119.6000,282.8800,0.000085
output2093,VGND,li1,284.2800,250.2400,0.000081
output2092,VGND,li1,64.4000,293.7600,0.000046
output2094,VGND,li1,284.9700,261.1200,0.000036
max_cap2106,VGND,li1,100.7400,114.2400,0.000106
max_cap2107,VGND,li1,164.6800,103.3600,0.000018
max_cap2108,VGND,li1,68.5400,59.8400,0.000056
output2090,VGND,li1,284.9700,223.0400,0.000055
output2089,VGND,li1,284.9700,190.4000,0.000069
output2091,VGND,li1,284.2800,233.9200,0.000046
output2088,VGND,li1,284.7400,201.2800,0.000037
output2080,VGND,li1,284.2800,65.2800,0.000037
output2075,VGND,li1,239.4300,10.8800,0.000023
output2076,VGND,li1,277.3800,10.8800,0.000016
output2077,VGND,li1,285.2000,16.3200,0.000017
output2078,VGND,li1,284.7400,32.6400,0.000022
output2079,VGND,li1,284.7400,43.5200,0.000027
output2081,VGND,li1,25.3000,288.3200,0.000086
output2074,VGND,li1,203.3200,10.8800,0.000024
output2073,VGND,li1,166.9800,10.8800,0.000039
output2082,VGND,li1,284.7400,81.6000,0.000015
output2072,VGND,li1,130.6400,10.8800,0.000023
fanout106,VGND,li1,8.7400,114.2400,0.000031
fanout101,VGND,li1,285.2000,195.8400,0.000024
place2043,VGND,li1,174.3400,130.5600,0.000039
place2039,VGND,li1,233.6800,141.4400,0.000038
place2036,VGND,li1,236.4400,179.5200,0.000082
place2032,VGND,li1,76.8200,168.6400,0.000055
place2031,VGND,li1,25.3000,163.2000,0.000024
place2030,VGND,li1,8.7400,27.2000,0.000061
place2033,VGND,li1,123.2800,163.2000,0.000021
place2034,VGND,li1,166.9800,168.6400,0.000058
place2035,VGND,li1,197.3400,184.9600,0.000114
place2037,VGND,li1,232.7600,119.6800,0.000045
place2028,VGND,li1,8.2800,108.8000,0.000029
place2029,VGND,li1,13.3400,81.6000,0.000030
place2038,VGND,li1,240.5800,136.0000,0.000041
place2040,VGND,li1,188.1400,125.1200,0.000054
place2027,VGND,li1,19.7800,114.2400,0.000041
place2026,VGND,li1,24.3800,125.1200,0.000044
place2041,VGND,li1,189.9800,136.0000,0.000053
place1991,VGND,li1,61.1800,38.0800,0.000059
place1992,VGND,li1,32.6600,48.9600,0.000071
place2042,VGND,li1,168.3600,130.5600,0.000034
place1974,VGND,li1,9.2000,48.9600,0.000062
place1972,VGND,li1,83.2600,27.2000,0.000067
place1962,VGND,li1,227.2400,21.7600,0.000031
place1973,VGND,li1,80.5000,27.2000,0.000060
place1961,VGND,li1,23.0000,103.3600,0.000084
place1975,VGND,li1,53.8200,38.0800,0.000059
place1976,VGND,li1,51.0600,32.6400,0.000060
place1982,VGND,li1,26.2200,54.4000,0.000081
place1959,VGND,li1,48.3000,119.6800,0.000035
place1960,VGND,li1,37.7200,152.3200,0.000030
place1958,VGND,li1,43.7000,146.8800,0.000026
place1983,VGND,li1,18.6300,27.2000,0.000068
place1954,VGND,li1,72.2200,174.0800,0.000042
place1955,VGND,li1,73.1400,168.6400,0.000049
place1956,VGND,li1,35.4200,163.2000,0.000023
place1957,VGND,li1,36.8000,163.2000,0.000022
place2044,VGND,li1,192.2800,146.8800,0.000018
place1953,VGND,li1,131.1000,157.7600,0.000051
place1951,VGND,li1,134.3200,146.8800,0.000020
place1952,VGND,li1,117.3000,152.3200,0.000069
place2045,VGND,li1,212.9800,184.9600,0.000132
place1948,VGND,li1,172.0400,136.0000,0.000042
place1587,VGND,li1,184.9200,76.1600,0.000050
place1610,VGND,li1,69.4600,157.7600,0.000049
place1946,VGND,li1,213.4400,157.7600,0.000040
place1947,VGND,li1,200.1000,152.3200,0.000024
place1949,VGND,li1,192.7400,157.7600,0.000044
place1950,VGND,li1,149.0400,119.6800,0.000045
place2046,VGND,li1,236.4400,184.9600,0.000057
place1277,VGND,li1,93.6100,223.0400,0.000105
place1278,VGND,li1,20.2400,206.7200,0.000078
place1279,VGND,li1,58.4200,206.7200,0.000126
place1275,VGND,li1,196.1900,233.9200,0.000080
place1276,VGND,li1,110.4000,261.1200,0.000079
place1330,VGND,li1,153.1800,233.9200,0.000172
place1095,VGND,li1,277.3800,244.8000,0.000094
place1081,VGND,li1,278.3000,206.7200,0.000061
place2009,VGND,li1,71.3000,48.9600,0.000041
place2014,VGND,li1,156.4000,163.2000,0.000031
place2008,VGND,li1,42.7800,70.7200,0.000058
place2010,VGND,li1,50.1400,48.9600,0.000049
place2007,VGND,li1,42.3200,43.5200,0.000041
place2011,VGND,li1,40.0200,70.7200,0.000062
place2016,VGND,li1,176.6400,168.6400,0.000078
place2017,VGND,li1,120.5200,136.0000,0.000046
place2006,VGND,li1,113.6200,21.7600,0.000040
place2004,VGND,li1,25.5300,32.6400,0.000070
place2002,VGND,li1,15.4100,27.2000,0.000054
place2003,VGND,li1,40.4800,32.6400,0.000057
place2000,VGND,li1,22.5400,54.4000,0.000080
place2019,VGND,li1,32.6600,184.9600,0.000047
place2020,VGND,li1,7.8200,141.4400,0.000036
place2001,VGND,li1,16.3300,59.8400,0.000047
place1999,VGND,li1,32.6600,76.1600,0.000061
place1993,VGND,li1,40.0200,43.5200,0.000046
place2022,VGND,li1,21.1600,168.6400,0.000057
place2023,VGND,li1,43.2400,179.5200,0.000047
place2021,VGND,li1,17.4800,157.7600,0.000021
place1984,VGND,li1,13.8000,43.5200,0.000040
place1988,VGND,li1,30.8200,70.7200,0.000071
place1989,VGND,li1,21.3900,59.8400,0.000059
place1985,VGND,li1,14.7200,38.0800,0.000046
place1987,VGND,li1,36.8000,38.0800,0.000072
place1986,VGND,li1,35.4200,32.6400,0.000068
place1977,VGND,li1,63.0200,27.2000,0.000060
place1971,VGND,li1,79.5800,27.2000,0.000060
place1970,VGND,li1,74.5200,10.8800,0.000023
place1969,VGND,li1,106.2600,27.2000,0.000068
place1968,VGND,li1,212.9800,38.0800,0.000073
place1967,VGND,li1,207.0000,21.7600,0.000051
place1966,VGND,li1,265.8800,16.3200,0.000040
place1978,VGND,li1,44.1600,27.2000,0.000046
place1965,VGND,li1,281.0600,27.2000,0.000020
place1964,VGND,li1,238.7400,27.2000,0.000048
place1443,VGND,li1,113.1600,87.0400,0.000030
place1152,VGND,li1,56.1200,250.2400,0.000139
place1094,VGND,li1,285.6600,255.6800,0.000041
place1625,VGND,li1,91.0800,76.1600,0.000078
place1624,VGND,li1,206.0800,130.5600,0.000037
place1944,VGND,li1,207.9200,146.8800,0.000030
place1605,VGND,li1,267.2600,130.5600,0.000055
place1607,VGND,li1,223.1000,87.0400,0.000044
place1600,VGND,li1,79.1200,108.8000,0.000061
place1606,VGND,li1,260.8200,87.0400,0.000084
place1608,VGND,li1,190.4400,97.9200,0.000042
place1595,VGND,li1,98.9000,125.1200,0.000042
place1594,VGND,li1,146.2800,92.4800,0.000012
place1593,VGND,li1,144.4400,190.4000,0.000262
place1592,VGND,li1,66.7000,157.7600,0.000048
place1597,VGND,li1,221.7200,103.3600,0.000068
place1598,VGND,li1,220.5700,97.9200,0.000015
place1588,VGND,li1,71.7600,108.8000,0.000050
place1786,VGND,li1,46.9200,87.0400,0.000043
place1599,VGND,li1,195.5000,97.9200,0.000028
place1609,VGND,li1,92.4600,97.9200,0.000080
place1584,VGND,li1,100.2800,76.1600,0.000056
place1585,VGND,li1,255.3000,92.4800,0.000037
place1583,VGND,li1,229.5400,81.6000,0.000021
place1582,VGND,li1,61.1800,146.8800,0.000042
place1581,VGND,li1,69.0000,179.5200,0.000055
place1580,VGND,li1,71.3000,152.3200,0.000040
place1783,VGND,li1,33.5800,97.9200,0.000060
place1559,VGND,li1,86.4800,141.4400,0.000033
place1555,VGND,li1,76.8200,168.6400,0.000055
place1546,VGND,li1,46.0000,212.1600,0.000114
place1547,VGND,li1,56.1200,212.1600,0.000171
place1544,VGND,li1,76.3600,184.9600,0.000090
place1545,VGND,li1,28.0600,201.2800,0.000079
place1536,VGND,li1,142.6000,32.6400,0.000066
place1537,VGND,li1,170.2000,81.6000,0.000034
place1778,VGND,li1,196.4200,38.0800,0.000052
place1789,VGND,li1,99.8200,81.6000,0.000080
place1409,VGND,li1,248.4000,76.1600,0.000022
place1408,VGND,li1,258.5200,81.6000,0.000019
place1407,VGND,li1,240.5800,81.6000,0.000029
place1406,VGND,li1,241.0400,76.1600,0.000023
place1389,VGND,li1,284.2800,92.4800,0.000033
place1875,VGND,li1,78.6600,54.4000,0.000079
place1876,VGND,li1,15.1800,48.9600,0.000052
place1405,VGND,li1,203.3200,87.0400,0.000040
place1404,VGND,li1,217.1200,70.7200,0.000016
place1879,VGND,li1,41.8600,65.2800,0.000057
place1403,VGND,li1,189.5200,81.6000,0.000023
place1256,VGND,li1,249.3200,255.6800,0.000145
place1402,VGND,li1,157.3200,76.1600,0.000038
place1258,VGND,li1,40.0200,261.1200,0.000147
place1337,VGND,li1,243.5700,282.8800,0.000111
place1771,VGND,li1,76.3600,114.2400,0.000072
place1773,VGND,li1,196.8800,174.0800,0.000061
place1779,VGND,li1,200.1000,43.5200,0.000060
place1259,VGND,li1,84.1800,228.4800,0.000247
place1251,VGND,li1,97.9800,212.1600,0.000260
place1343,VGND,li1,46.9200,282.8800,0.000122
place1780,VGND,li1,191.8200,54.4000,0.000060
place1622,VGND,li1,113.6200,190.4000,0.000180
place1620,VGND,li1,197.8000,239.3600,0.000090
place1621,VGND,li1,116.8400,201.2800,0.000155
place1234,VGND,li1,187.2200,212.1600,0.000128
place1232,VGND,li1,85.5600,282.8800,0.000072
place1341,VGND,li1,81.4200,201.2800,0.000171
place1623,VGND,li1,100.2800,195.8400,0.000146
place1626,VGND,li1,96.6000,146.8800,0.000034
place1627,VGND,li1,50.3700,92.4800,0.000061
place1628,VGND,li1,163.3000,97.9200,0.000020
place1227,VGND,li1,88.3200,244.8000,0.000185
place1298,VGND,li1,213.9000,70.7200,0.000019
place1229,VGND,li1,194.1200,228.4800,0.000064
place1342,VGND,li1,41.4000,244.8000,0.000081
place1630,VGND,li1,186.7600,92.4800,0.000018
place2012,VGND,li1,217.1200,163.2000,0.000053
place1388,VGND,li1,89.7000,130.5600,0.000083
place1690,VGND,li1,158.7000,21.7600,0.000035
place1688,VGND,li1,90.1600,59.8400,0.000062
place1083,VGND,li1,274.3900,179.5200,0.000068
place1424,VGND,li1,149.0400,157.7600,0.000065
place1691,VGND,li1,76.3600,27.2000,0.000053
place1692,VGND,li1,68.0800,81.6000,0.000056
place1426,VGND,li1,268.1800,146.8800,0.000056
place1447,VGND,li1,135.7000,179.5200,0.000122
place1701,VGND,li1,177.5600,179.5200,0.000067
place1687,VGND,li1,49.6800,103.3600,0.000044
place1694,VGND,li1,85.5600,70.7200,0.000085
place1696,VGND,li1,92.9200,65.2800,0.000080
place1082,VGND,li1,278.7600,201.2800,0.000056
place1391,VGND,li1,262.6600,81.6000,0.000020
place1682,VGND,li1,162.8400,130.5600,0.000027
place1658,VGND,li1,85.5600,125.1200,0.000045
place1393,VGND,li1,149.9600,201.2800,0.000113
place1683,VGND,li1,248.4000,136.0000,0.000034
place1657,VGND,li1,59.3400,108.8000,0.000054
place1395,VGND,li1,84.6400,190.4000,0.000166
place1684,VGND,li1,216.2000,125.1200,0.000072
place1667,VGND,li1,216.2000,136.0000,0.000056
place1397,VGND,li1,92.0000,190.4000,0.000197
place1825,VGND,li1,85.1000,38.0800,0.000057
place1680,VGND,li1,59.3400,125.1200,0.000046
place1668,VGND,li1,126.9600,136.0000,0.000038
place1416,VGND,li1,181.2400,119.6800,0.000050
place1401,VGND,li1,146.7400,76.1600,0.000035
place1454,VGND,li1,200.5600,157.7600,0.000047
place1419,VGND,li1,102.5800,119.6800,0.000057
place1390,VGND,li1,277.8400,81.6000,0.000021
place1392,VGND,li1,177.5600,81.6000,0.000030
place1385,VGND,li1,138.0000,130.5600,0.000029
place1384,VGND,li1,116.8400,190.4000,0.000193
place1425,VGND,li1,274.1600,201.2800,0.000072
place1383,VGND,li1,279.2200,103.3600,0.000048
place1381,VGND,li1,281.9800,125.1200,0.000015
place1380,VGND,li1,277.3800,190.4000,0.000106
place1386,VGND,li1,217.1200,141.4400,0.000031
place1379,VGND,li1,277.3800,146.8800,0.000049
place1378,VGND,li1,246.5600,81.6000,0.000024
place1377,VGND,li1,210.6800,81.6000,0.000025
place1428,VGND,li1,109.9400,163.2000,0.000019
place1376,VGND,li1,205.6200,81.6000,0.000025
place1375,VGND,li1,212.0600,70.7200,0.000020
place1374,VGND,li1,200.1000,81.6000,0.000024
place1373,VGND,li1,161.4600,76.1600,0.000036
place1372,VGND,li1,140.3000,76.1600,0.000031
place1371,VGND,li1,145.3600,81.6000,0.000046
place1370,VGND,li1,117.3000,87.0400,0.000032
place1369,VGND,li1,122.3600,87.0400,0.000031
place1429,VGND,li1,79.1200,184.9600,0.000111
place1368,VGND,li1,97.0600,103.3600,0.000024
place1366,VGND,li1,87.8600,174.0800,0.000064
place1365,VGND,li1,90.1600,195.8400,0.000196
place1364,VGND,li1,97.9800,190.4000,0.000171
place1362,VGND,li1,99.3600,190.4000,0.000171
place1361,VGND,li1,107.6400,81.6000,0.000065
place1363,VGND,li1,98.6700,201.2800,0.000161
place1360,VGND,li1,285.2000,108.8000,0.000020
place1430,VGND,li1,83.4900,163.2000,0.000028
place1478,VGND,li1,277.3800,146.8800,0.000049
place1314,VGND,li1,282.2100,87.0400,0.000093
place1540,VGND,li1,234.6000,59.8400,0.000079
place1263,VGND,li1,125.3500,179.5200,0.000153
place1350,VGND,li1,215.2800,76.1600,0.000022
place1297,VGND,li1,285.2000,163.2000,0.000072
place1320,VGND,li1,148.5800,272.0000,0.000125
place1458,VGND,li1,220.8000,163.2000,0.000042
place1715,VGND,li1,94.3000,114.2400,0.000116
place1557,VGND,li1,58.4200,141.4400,0.000032
place1784,VGND,li1,77.7400,32.6400,0.000052
place1549,VGND,li1,77.5100,136.0000,0.000046
place1828,VGND,li1,90.6200,43.5200,0.000042
place1312,VGND,li1,133.4000,27.2000,0.000061
place1348,VGND,li1,243.8000,76.1600,0.000023
place1299,VGND,li1,116.8400,76.1600,0.000037
place1300,VGND,li1,87.4000,163.2000,0.000031
place1351,VGND,li1,159.1600,76.1600,0.000038
place1321,VGND,li1,187.6800,266.5600,0.000128
place1543,VGND,li1,80.9600,136.0000,0.000054
place1526,VGND,li1,264.9600,136.0000,0.000048
place1309,VGND,li1,135.2400,217.6000,0.000081
place1358,VGND,li1,102.1200,174.0800,0.000053
place1475,VGND,li1,259.9000,65.2800,0.000064
place1339,VGND,li1,131.1000,266.5600,0.000096
place1340,VGND,li1,113.1600,233.9200,0.000215
place1481,VGND,li1,20.7000,228.4800,0.000062
place1325,VGND,li1,138.0000,266.5600,0.000113
place1541,VGND,li1,281.5200,54.4000,0.000066
place1356,VGND,li1,104.8800,190.4000,0.000129
place1265,VGND,li1,37.2600,272.0000,0.000117
place1313,VGND,li1,136.1600,27.2000,0.000071
place1315,VGND,li1,30.3600,223.0400,0.000105
place1266,VGND,li1,62.1000,272.0000,0.000105
place1253,VGND,li1,280.1400,146.8800,0.000042
place1542,VGND,li1,251.6200,76.1600,0.000019
place1302,VGND,li1,171.5800,228.4800,0.000101
place1310,VGND,li1,107.1800,201.2800,0.000145
place1316,VGND,li1,69.0000,206.7200,0.000133
place1311,VGND,li1,98.2100,130.5600,0.000061
place1349,VGND,li1,266.3400,70.7200,0.000014
place1352,VGND,li1,172.0400,70.7200,0.000028
place1353,VGND,li1,116.8400,81.6000,0.000097
place1322,VGND,li1,171.5800,266.5600,0.000133
place1318,VGND,li1,56.1200,288.3200,0.000100
place1398,VGND,li1,80.2700,141.4400,0.000033
place1459,VGND,li1,254.8400,87.0400,0.000053
place1474,VGND,li1,241.5000,54.4000,0.000119
place1228,VGND,li1,184.9200,272.0000,0.000113
place1554,VGND,li1,56.1200,190.4000,0.000064
place1485,VGND,li1,89.4700,174.0800,0.000064
place1832,VGND,li1,38.6400,157.7600,0.000025
place1785,VGND,li1,63.9400,38.0800,0.000056
place1556,VGND,li1,74.5200,152.3200,0.000035
place1487,VGND,li1,76.3600,184.9600,0.000090
place1552,VGND,li1,71.3000,179.5200,0.000052
place1497,VGND,li1,114.0800,141.4400,0.000024
place1427,VGND,li1,245.1800,87.0400,0.000058
place1326,VGND,li1,138.0000,239.3600,0.000125
place1354,VGND,li1,101.6600,81.6000,0.000070
place1528,VGND,li1,273.7000,136.0000,0.000046
place1301,VGND,li1,99.8200,233.9200,0.000199
place1303,VGND,li1,99.8200,223.0400,0.000090
place1317,VGND,li1,45.5400,277.4400,0.000072
place1387,VGND,li1,185.3800,125.1200,0.000056
place1327,VGND,li1,191.5900,201.2800,0.000120
place1255,VGND,li1,90.6200,157.7600,0.000070
place1254,VGND,li1,120.5200,76.1600,0.000033
place1562,VGND,li1,94.7600,163.2000,0.000030
place1233,VGND,li1,140.7600,288.3200,0.000054
place1304,VGND,li1,86.9400,190.4000,0.000182
place1271,VGND,li1,198.7200,244.8000,0.000101
place1319,VGND,li1,70.8400,228.4800,0.000159
place1308,VGND,li1,197.3400,261.1200,0.000116
place1323,VGND,li1,244.7200,277.4400,0.000192
place1455,VGND,li1,218.0400,87.0400,0.000044
place1538,VGND,li1,243.3400,54.4000,0.000117
place1346,VGND,li1,277.3800,174.0800,0.000040
place1307,VGND,li1,94.7600,212.1600,0.000290
place1338,VGND,li1,239.8900,277.4400,0.000195
place1344,VGND,li1,88.3200,272.0000,0.000192
place1355,VGND,li1,89.7000,174.0800,0.000063
place1357,VGND,li1,86.0200,157.7600,0.000071
place1359,VGND,li1,286.1200,146.8800,0.000035
place1923,VGND,li1,68.5400,59.8400,0.000056
place1924,VGND,li1,66.2400,59.8400,0.000059
place1787,VGND,li1,52.9000,97.9200,0.000050
place1788,VGND,li1,274.1600,146.8800,0.000058
place1553,VGND,li1,20.2400,184.9600,0.000044
place1558,VGND,li1,82.3400,146.8800,0.000043
place1482,VGND,li1,40.4800,233.9200,0.000052
place1676,VGND,li1,188.1400,114.2400,0.000039
place1675,VGND,li1,250.2400,136.0000,0.000032
place1280,VGND,li1,46.0000,195.8400,0.000131
place1281,VGND,li1,23.4600,261.1200,0.000164
place1525,VGND,li1,261.7400,130.5600,0.000051
place1673,VGND,li1,56.1200,125.1200,0.000046
place1524,VGND,li1,264.5000,130.5600,0.000053
place1674,VGND,li1,63.7100,119.6800,0.000050
place1523,VGND,li1,269.5600,130.5600,0.000051
place1282,VGND,li1,44.6200,228.4800,0.000090
place1469,VGND,li1,263.1200,119.6800,0.000038
place1468,VGND,li1,267.7200,108.8000,0.000032
place1473,VGND,li1,95.6800,65.2800,0.000081
place1467,VGND,li1,284.7400,103.3600,0.000030
place1464,VGND,li1,268.6400,141.4400,0.000051
place1284,VGND,li1,148.5800,282.8800,0.000089
place1669,VGND,li1,126.0400,119.6800,0.000036
place1670,VGND,li1,67.1600,130.5600,0.000056
place1187,VGND,li1,97.0600,212.1600,0.000276
place2069,VGND,li1,262.2000,179.5200,0.000099
place2068,VGND,li1,262.2000,48.9600,0.000106
place2067,VGND,li1,243.3400,54.4000,0.000117
place2066,VGND,li1,202.8600,59.8400,0.000081
place2065,VGND,li1,184.0000,38.0800,0.000052
place1188,VGND,li1,130.6400,212.1600,0.000078
place2064,VGND,li1,132.9400,38.0800,0.000019
place1527,VGND,li1,261.2800,136.0000,0.000044
place2063,VGND,li1,149.9600,43.5200,0.000097
place1666,VGND,li1,219.8800,141.4400,0.000030
place2062,VGND,li1,139.8400,32.6400,0.000061
place1522,VGND,li1,258.5200,163.2000,0.000124
place1671,VGND,li1,53.5900,87.0400,0.000054
place1520,VGND,li1,264.9600,179.5200,0.000091
place1189,VGND,li1,122.8200,266.5600,0.000088
place1442,VGND,li1,120.5200,119.6800,0.000039
place1441,VGND,li1,132.9400,87.0400,0.000020
place1440,VGND,li1,99.8200,87.0400,0.000036
place1439,VGND,li1,93.8400,43.5200,0.000042
place1438,VGND,li1,97.0600,179.5200,0.000108
place1190,VGND,li1,212.0600,266.5600,0.000086
place2061,VGND,li1,100.2800,21.7600,0.000039
place1665,VGND,li1,184.0000,130.5600,0.000038
place2060,VGND,li1,140.7600,32.6400,0.000061
place2059,VGND,li1,184.9200,43.5200,0.000067
place1716,VGND,li1,108.5600,97.9200,0.000051
place2058,VGND,li1,196.8800,43.5200,0.000055
place2057,VGND,li1,203.7800,48.9600,0.000058
place1237,VGND,li1,169.7400,223.0400,0.000112
place2056,VGND,li1,235.5200,48.9600,0.000100
place2055,VGND,li1,212.0600,38.0800,0.000079
place2054,VGND,li1,202.4000,27.2000,0.000063
place2053,VGND,li1,214.8200,38.0800,0.000069
place2052,VGND,li1,264.9600,43.5200,0.000053
place2051,VGND,li1,270.9400,38.0800,0.000043
place2050,VGND,li1,264.5000,32.6400,0.000040
place1235,VGND,li1,117.7600,277.4400,0.000115
place2049,VGND,li1,261.2800,32.6400,0.000038
place1519,VGND,li1,264.0400,179.5200,0.000095
place2048,VGND,li1,258.5200,114.2400,0.000029
place1717,VGND,li1,139.8400,97.9200,0.000023
place2047,VGND,li1,261.2800,108.8000,0.000028
place1518,VGND,li1,194.5800,81.6000,0.000018
place1718,VGND,li1,226.3200,103.3600,0.000060
place1517,VGND,li1,178.0200,114.2400,0.000041
place1236,VGND,li1,148.5800,261.1200,0.000069
place1283,VGND,li1,94.7600,272.0000,0.000201
place1285,VGND,li1,111.7800,233.9200,0.000215
place1295,VGND,li1,83.7200,228.4800,0.000247
place1293,VGND,li1,183.0800,223.0400,0.000169
place1267,VGND,li1,124.2000,261.1200,0.000075
place1270,VGND,li1,235.9800,261.1200,0.000091
place1662,VGND,li1,187.2200,97.9200,0.000044
place1663,VGND,li1,179.8600,92.4800,0.000018
place1238,VGND,li1,133.4000,195.8400,0.000119
place1240,VGND,li1,212.9800,21.7600,0.000046
place1516,VGND,li1,218.9600,163.2000,0.000047
place1661,VGND,li1,181.2400,108.8000,0.000049
place1515,VGND,li1,241.5000,87.0400,0.000057
place1652,VGND,li1,218.5000,136.0000,0.000053
place1521,VGND,li1,267.2600,174.0800,0.000052
place1246,VGND,li1,187.2200,288.3200,0.000069
place1268,VGND,li1,187.2200,255.6800,0.000147
place1170,VGND,li1,230.0000,272.0000,0.000104
place1171,VGND,li1,184.0000,266.5600,0.000131
place1168,VGND,li1,123.7400,228.4800,0.000132
place1169,VGND,li1,122.8200,282.8800,0.000080
place1269,VGND,li1,234.6000,266.5600,0.000093
place1651,VGND,li1,187.6800,136.0000,0.000054
place1649,VGND,li1,121.4400,174.0800,0.000088
place1185,VGND,li1,120.5200,261.1200,0.000078
place1226,VGND,li1,169.2800,272.0000,0.000119
place1514,VGND,li1,238.7400,87.0400,0.000056
place1647,VGND,li1,184.0000,174.0800,0.000065
place1513,VGND,li1,226.7800,81.6000,0.000018
place1646,VGND,li1,117.7600,190.4000,0.000198
place1511,VGND,li1,203.3200,168.6400,0.000055
place1260,VGND,li1,109.9400,288.3200,0.000067
place1463,VGND,li1,270.4800,141.4400,0.000050
place1462,VGND,li1,249.3200,141.4400,0.000038
place1461,VGND,li1,171.1200,168.6400,0.000072
place1465,VGND,li1,275.5400,136.0000,0.000042
place1460,VGND,li1,278.7600,195.8400,0.000039
place1261,VGND,li1,109.9400,228.4800,0.000149
place1648,VGND,li1,281.5200,65.2800,0.000048
place1642,VGND,li1,215.7400,157.7600,0.000038
place1239,VGND,li1,84.1800,21.7600,0.000044
place1244,VGND,li1,69.0000,261.1200,0.000147
place1510,VGND,li1,212.0600,87.0400,0.000044
place1641,VGND,li1,187.2200,146.8800,0.000021
place1509,VGND,li1,212.5200,168.6400,0.000053
place1640,VGND,li1,141.2200,103.3600,0.000018
place1508,VGND,li1,196.4200,97.9200,0.000028
place1247,VGND,li1,140.7600,190.4000,0.000238
place1184,VGND,li1,103.9600,261.1200,0.000059
place1173,VGND,li1,70.3800,255.6800,0.000050
place1174,VGND,li1,136.1600,266.5600,0.000098
place1175,VGND,li1,156.4000,223.0400,0.000101
place1172,VGND,li1,203.7800,250.2400,0.000137
place1248,VGND,li1,123.5100,190.4000,0.000197
place1637,VGND,li1,94.7600,92.4800,0.000064
place1636,VGND,li1,167.9000,97.9200,0.000021
place1192,VGND,li1,133.4000,217.6000,0.000090
place2018,VGND,li1,128.8000,146.8800,0.000027
place2005,VGND,li1,42.3200,48.9600,0.000047
place2024,VGND,li1,23.4600,168.6400,0.000066
place1997,VGND,li1,16.5600,38.0800,0.000055
place1998,VGND,li1,16.3300,54.4000,0.000067
place2025,VGND,li1,25.3000,168.6400,0.000073
place1193,VGND,li1,193.6600,212.1600,0.000087
place1995,VGND,li1,40.0200,38.0800,0.000068
place1507,VGND,li1,195.5000,87.0400,0.000023
place1996,VGND,li1,20.2400,27.2000,0.000073
place1645,VGND,li1,37.7200,146.8800,0.000038
place1994,VGND,li1,70.8400,38.0800,0.000048
place1506,VGND,li1,206.5400,87.0400,0.000042
place1635,VGND,li1,207.6900,108.8000,0.000033
place1505,VGND,li1,160.0800,152.3200,0.000047
place1191,VGND,li1,65.3200,223.0400,0.000073
place1436,VGND,li1,73.1400,157.7600,0.000046
place1435,VGND,li1,78.6600,163.2000,0.000025
place1434,VGND,li1,76.1300,141.4400,0.000029
place1433,VGND,li1,75.9000,174.0800,0.000039
place1432,VGND,li1,81.4200,168.6400,0.000067
place1194,VGND,li1,206.5400,217.6000,0.000058
place1990,VGND,li1,75.4400,38.0800,0.000051
place1109,VGND,li1,225.8600,293.7600,0.000032
place1945,VGND,li1,221.7200,157.7600,0.000028
place1142,VGND,li1,120.5200,288.3200,0.000074
place1979,VGND,li1,12.4200,27.2000,0.000058
place1111,VGND,li1,206.0800,266.5600,0.000091
place1980,VGND,li1,15.6400,43.5200,0.000045
place1113,VGND,li1,172.9600,250.2400,0.000136
place1631,VGND,li1,164.2200,92.4800,0.000010
place1144,VGND,li1,96.6000,277.4400,0.000093
place1931,VGND,li1,191.3600,76.1600,0.000038
place1115,VGND,li1,197.8000,206.7200,0.000061
place1935,VGND,li1,135.7000,54.4000,0.000053
place1196,VGND,li1,141.6800,233.9200,0.000152
place1117,VGND,li1,188.1400,195.8400,0.000070
place1929,VGND,li1,72.6800,38.0800,0.000044
place1119,VGND,li1,249.3200,239.3600,0.000094
place1933,VGND,li1,172.0400,65.2800,0.000059
place1121,VGND,li1,275.0800,233.9200,0.000076
place1934,VGND,li1,186.3000,59.8400,0.000084
place1123,VGND,li1,248.8600,261.1200,0.000065
place1928,VGND,li1,62.5600,43.5200,0.000050
place1125,VGND,li1,265.4200,195.8400,0.000055
place1936,VGND,li1,28.9800,146.8800,0.000049
place1127,VGND,li1,235.9800,250.2400,0.000090
place1100,VGND,li1,281.0600,87.0400,0.000093
place1926,VGND,li1,20.2400,76.1600,0.000048
place1129,VGND,li1,99.8200,239.3600,0.000091
place1937,VGND,li1,51.9800,174.0800,0.000059
place1197,VGND,li1,210.2200,239.3600,0.000115
place1131,VGND,li1,33.1200,272.0000,0.000122
place1920,VGND,li1,11.0400,54.4000,0.000060
place1133,VGND,li1,26.6800,239.3600,0.000102
place1504,VGND,li1,184.9200,125.1200,0.000056
place1156,VGND,li1,76.8200,255.6800,0.000054
place1915,VGND,li1,14.2600,38.0800,0.000046
place1135,VGND,li1,275.3100,130.5600,0.000039
place1614,VGND,li1,172.0400,48.9600,0.000049
place1146,VGND,li1,275.0800,76.1600,0.000009
place1917,VGND,li1,8.7400,38.0800,0.000049
place174,VGND,li1,126.9600,10.8800,0.000023
place1503,VGND,li1,154.1000,81.6000,0.000043
place1158,VGND,li1,229.0800,70.7200,0.000014
place1613,VGND,li1,246.1000,65.2800,0.000041
place1446,VGND,li1,133.4000,70.7200,0.000034
place1502,VGND,li1,145.8200,97.9200,0.000025
place1195,VGND,li1,97.5200,266.5600,0.000086
place1287,VGND,li1,222.1800,288.3200,0.000094
place1431,VGND,li1,83.2600,168.6400,0.000074
place1565,VGND,li1,159.1600,81.6000,0.000036
place1421,VGND,li1,161.4600,157.7600,0.000046
place1486,VGND,li1,76.8200,163.2000,0.000023
place1420,VGND,li1,34.0400,125.1200,0.000050
place1550,VGND,li1,71.3000,146.8800,0.000043
place1422,VGND,li1,215.2800,163.2000,0.000059
place1560,VGND,li1,71.3000,223.0400,0.000067
place1423,VGND,li1,120.0600,152.3200,0.000074
place1198,VGND,li1,147.2000,228.4800,0.000093
place1479,VGND,li1,97.9800,125.1200,0.000042
place1911,VGND,li1,81.4200,27.2000,0.000065
place1611,VGND,li1,80.9600,54.4000,0.000082
place1921,VGND,li1,23.9200,81.6000,0.000043
place1909,VGND,li1,136.6200,21.7600,0.000033
place1612,VGND,li1,115.9200,48.9600,0.000033
place1910,VGND,li1,109.9400,27.2000,0.000077
place1922,VGND,li1,94.7600,65.2800,0.000081
place1181,VGND,li1,129.7200,282.8800,0.000069
place1904,VGND,li1,38.6400,48.9600,0.000058
place1903,VGND,li1,37.7200,38.0800,0.000072
place1901,VGND,li1,21.3900,48.9600,0.000072
place1902,VGND,li1,21.6200,43.5200,0.000055
place1899,VGND,li1,44.8500,65.2800,0.000051
place1898,VGND,li1,46.9200,54.4000,0.000064
place1897,VGND,li1,35.8800,65.2800,0.000062
place1176,VGND,li1,166.5200,190.4000,0.000135
place1896,VGND,li1,33.1200,65.2800,0.000064
place1501,VGND,li1,169.0500,70.7200,0.000027
place1895,VGND,li1,43.2400,54.4000,0.000057
place1586,VGND,li1,201.4800,87.0400,0.000039
place1907,VGND,li1,62.1000,76.1600,0.000069
place1500,VGND,li1,135.7000,76.1600,0.000022
place1579,VGND,li1,71.3000,114.2400,0.000061
place1499,VGND,li1,140.7600,168.6400,0.000059
place1182,VGND,li1,51.0600,244.8000,0.000083
place1466,VGND,li1,234.6000,152.3200,0.000032
place1457,VGND,li1,252.0800,87.0400,0.000056
place1456,VGND,li1,255.3000,76.1600,0.000014
place1453,VGND,li1,212.9800,87.0400,0.000044
place1451,VGND,li1,215.2800,70.7200,0.000018
place1186,VGND,li1,225.8600,244.8000,0.000146
place1905,VGND,li1,62.1000,38.0800,0.000059
place1578,VGND,li1,63.7100,119.6800,0.000050
place1906,VGND,li1,39.5600,87.0400,0.000037
place1908,VGND,li1,40.0200,48.9600,0.000058
place1577,VGND,li1,79.8100,119.6800,0.000073
place1900,VGND,li1,46.9200,27.2000,0.000051
place1891,VGND,li1,23.0000,48.9600,0.000076
place1200,VGND,li1,138.0000,228.4800,0.000086
place1890,VGND,li1,24.8400,27.2000,0.000075
place1889,VGND,li1,34.5000,76.1600,0.000058
place1888,VGND,li1,46.4600,43.5200,0.000042
place1887,VGND,li1,60.7200,43.5200,0.000050
place1885,VGND,li1,23.9200,76.1600,0.000059
place1892,VGND,li1,24.3800,27.2000,0.000075
place1882,VGND,li1,48.9900,65.2800,0.000066
place1201,VGND,li1,145.8200,244.8000,0.000100
place1893,VGND,li1,18.4000,32.6400,0.000058
place1498,VGND,li1,143.5200,87.0400,0.000023
place1878,VGND,li1,73.1400,43.5200,0.000034
place1576,VGND,li1,75.6700,119.6800,0.000057
place1874,VGND,li1,34.9600,81.6000,0.000046
place1496,VGND,li1,113.6200,92.4800,0.000032
place1575,VGND,li1,255.7600,130.5600,0.000045
place1495,VGND,li1,110.4000,38.0800,0.000030
place1199,VGND,li1,46.9200,272.0000,0.000081
place1415,VGND,li1,43.2400,119.6800,0.000028
place1414,VGND,li1,126.5000,174.0800,0.000091
place1413,VGND,li1,281.9800,114.2400,0.000021
place1412,VGND,li1,277.3800,141.4400,0.000040
place1411,VGND,li1,270.9400,146.8800,0.000058
place1202,VGND,li1,141.6800,239.3600,0.000138
place1872,VGND,li1,238.7400,43.5200,0.000067
place1574,VGND,li1,252.0800,125.1200,0.000026
place1867,VGND,li1,50.8300,70.7200,0.000083
place1868,VGND,li1,54.2800,65.2800,0.000069
place1573,VGND,li1,187.6800,174.0800,0.000063
place1861,VGND,li1,64.6300,70.7200,0.000094
place1860,VGND,li1,76.3600,76.1600,0.000061
place1204,VGND,li1,215.7400,233.9200,0.000078
place1857,VGND,li1,286.1200,168.6400,0.000049
place1855,VGND,li1,76.8200,65.2800,0.000043
place1856,VGND,li1,74.0600,65.2800,0.000039
place1852,VGND,li1,45.5400,76.1600,0.000039
place1925,VGND,li1,51.9800,54.4000,0.000082
place1873,VGND,li1,23.4600,43.5200,0.000056
place1865,VGND,li1,59.3400,76.1600,0.000067
place1205,VGND,li1,64.8600,277.4400,0.000072
place1938,VGND,li1,23.0000,146.8800,0.000049
place1494,VGND,li1,123.2800,97.9200,0.000042
place1846,VGND,li1,39.5600,92.4800,0.000065
place1570,VGND,li1,175.2600,141.4400,0.000026
place1859,VGND,li1,60.2600,65.2800,0.000067
place1493,VGND,li1,130.6400,146.8800,0.000023
place1569,VGND,li1,211.6000,146.8800,0.000030
place1203,VGND,li1,235.9800,233.9200,0.000104
place1410,VGND,li1,285.6600,168.6400,0.000049
place1563,VGND,li1,97.0600,119.6800,0.000076
place1539,VGND,li1,254.8400,54.4000,0.000087
place1347,VGND,li1,283.8200,146.8800,0.000033
place1345,VGND,li1,81.8800,223.0400,0.000090
place1206,VGND,li1,122.3600,266.5600,0.000086
place1845,VGND,li1,188.1400,97.9200,0.000045
place1568,VGND,li1,212.9800,136.0000,0.000061
place1843,VGND,li1,63.0200,48.9600,0.000054
place1836,VGND,li1,187.2200,168.6400,0.000072
place1567,VGND,li1,184.9200,141.4400,0.000029
place1835,VGND,li1,132.9400,157.7600,0.000047
place1829,VGND,li1,188.6000,103.3600,0.000040
place1177,VGND,li1,148.8100,174.0800,0.000121
place1824,VGND,li1,124.6600,32.6400,0.000068
place1818,VGND,li1,220.8000,92.4800,0.000020
place1821,VGND,li1,78.6600,54.4000,0.000079
place1820,VGND,li1,172.0400,54.4000,0.000062
place1822,VGND,li1,78.6600,48.9600,0.000044
place1837,VGND,li1,223.5600,157.7600,0.000024
place1816,VGND,li1,87.8600,114.2400,0.000113
place216,VGND,li1,28.0600,10.8800,0.000052
place1812,VGND,li1,41.4000,92.4800,0.000058
place1491,VGND,li1,104.4200,141.4400,0.000019
place1809,VGND,li1,37.7200,103.3600,0.000061
place1572,VGND,li1,193.2000,76.1600,0.000033
place1838,VGND,li1,188.1400,152.3200,0.000029
place1490,VGND,li1,87.4000,152.3200,0.000057
place1571,VGND,li1,220.8000,76.1600,0.000018
place1489,VGND,li1,85.5600,152.3200,0.000056
place1180,VGND,li1,224.0200,239.3600,0.000074
place1452,VGND,li1,210.6800,70.7200,0.000020
place1449,VGND,li1,133.4000,190.4000,0.000165
place1448,VGND,li1,170.2000,76.1600,0.000045
place1140,VGND,li1,188.6000,277.4400,0.000122
place1141,VGND,li1,196.4200,244.8000,0.000089
place1183,VGND,li1,123.2800,277.4400,0.000117
place1305,VGND,li1,86.4800,195.8400,0.000192
place1396,VGND,li1,149.5000,201.2800,0.000112
place1399,VGND,li1,101.6600,97.9200,0.000058
place1709,VGND,li1,188.1400,21.7600,0.000038
place1799,VGND,li1,115.0000,157.7600,0.000064
place1564,VGND,li1,110.4000,146.8800,0.000026
place1801,VGND,li1,149.5000,179.5200,0.000165
place1802,VGND,li1,151.3400,163.2000,0.000030
place1534,VGND,li1,103.0400,65.2800,0.000055
place1841,VGND,li1,41.8600,130.5600,0.000038
place1842,VGND,li1,148.5800,125.1200,0.000053
place1207,VGND,li1,259.4400,239.3600,0.000119
place1808,VGND,li1,150.4200,125.1200,0.000054
place1807,VGND,li1,76.8200,152.3200,0.000041
place1839,VGND,li1,184.9200,163.2000,0.000083
place1840,VGND,li1,167.4400,157.7600,0.000044
place1806,VGND,li1,150.8800,157.7600,0.000064
place1939,VGND,li1,200.1000,114.2400,0.000044
place1776,VGND,li1,89.7000,125.1200,0.000048
place1208,VGND,li1,207.9200,261.1200,0.000121
place1775,VGND,li1,142.1400,179.5200,0.000163
place1483,VGND,li1,109.9400,190.4000,0.000167
place1774,VGND,li1,154.1000,179.5200,0.000136
place1533,VGND,li1,74.5200,114.2400,0.000058
place1804,VGND,li1,201.9400,157.7600,0.000046
place1477,VGND,li1,112.2400,223.0400,0.000064
place1532,VGND,li1,93.6100,174.0800,0.000062
place1484,VGND,li1,94.7600,168.6400,0.000085
place1209,VGND,li1,85.1000,217.6000,0.000091
place1336,VGND,li1,162.6100,266.5600,0.000097
place1333,VGND,li1,161.9200,233.9200,0.000145
place1334,VGND,li1,142.6000,277.4400,0.000166
place1335,VGND,li1,184.0000,250.2400,0.000156
place1332,VGND,li1,226.3200,239.3600,0.000087
place1210,VGND,li1,105.3400,261.1200,0.000066
place1770,VGND,li1,86.0200,108.8000,0.000072
place1531,VGND,li1,101.2000,179.5200,0.000097
place1805,VGND,li1,152.7200,157.7600,0.000061
place1753,VGND,li1,123.7400,48.9600,0.000034
place1529,VGND,li1,238.7400,184.9600,0.000055
place1758,VGND,li1,129.7200,125.1200,0.000056
place1757,VGND,li1,123.2800,136.0000,0.000043
place1212,VGND,li1,196.8800,272.0000,0.000071
place1748,VGND,li1,208.3800,152.3200,0.000028
place1764,VGND,li1,196.6500,119.6800,0.000038
place1763,VGND,li1,213.4400,125.1200,0.000081
place1761,VGND,li1,188.3700,125.1200,0.000054
place1762,VGND,li1,229.0800,108.8000,0.000018
place1085,VGND,li1,282.4400,184.9600,0.000037
place1765,VGND,li1,127.1900,92.4800,0.000019
place1742,VGND,li1,115.4600,152.3200,0.000066
place1211,VGND,li1,195.9600,282.8800,0.000072
place1743,VGND,li1,116.8400,141.4400,0.000025
place1512,VGND,li1,230.9200,76.1600,0.000018
place1766,VGND,li1,120.9800,97.9200,0.000046
place1530,VGND,li1,281.9800,108.8000,0.000024
place1941,VGND,li1,167.9000,119.6800,0.000045
place1476,VGND,li1,120.9800,228.4800,0.000136
place1535,VGND,li1,155.4800,59.8400,0.000093
place1471,VGND,li1,113.1600,184.9600,0.000246
place1213,VGND,li1,108.5600,272.0000,0.000177
place1331,VGND,li1,239.8900,201.2800,0.000133
place1328,VGND,li1,250.9300,223.0400,0.000103
place1324,VGND,li1,181.2400,272.0000,0.000129
place1296,VGND,li1,285.2000,195.8400,0.000024
place1329,VGND,li1,240.5800,206.7200,0.000124
place1225,VGND,li1,94.7600,228.4800,0.000209
place1734,VGND,li1,249.7800,87.0400,0.000058
place1104,VGND,li1,144.2100,184.9600,0.000498
place1732,VGND,li1,268.1800,152.3200,0.000054
place1733,VGND,li1,274.1600,163.2000,0.000151
place1106,VGND,li1,171.1200,195.8400,0.000076
place1735,VGND,li1,221.7200,87.0400,0.000044
place1736,VGND,li1,189.5200,76.1600,0.000045
place1215,VGND,li1,169.7400,10.8800,0.000043
place1731,VGND,li1,168.3600,76.1600,0.000042
place1737,VGND,li1,110.4000,70.7200,0.000067
place1729,VGND,li1,116.3800,70.7200,0.000071
place1730,VGND,li1,119.1400,70.7200,0.000070
place1713,VGND,li1,86.0200,81.6000,0.000080
place1084,VGND,li1,285.2000,179.5200,0.000040
place1712,VGND,li1,30.3600,10.8800,0.000051
place1708,VGND,li1,79.1200,97.9200,0.000055
place1216,VGND,li1,200.1000,16.3200,0.000058
place1707,VGND,li1,72.6800,97.9200,0.000040
place1472,VGND,li1,105.3400,184.9600,0.000163
place1711,VGND,li1,180.3200,16.3200,0.000059
place1103,VGND,li1,269.5600,70.7200,0.000014
place1704,VGND,li1,88.3200,81.6000,0.000080
place1108,VGND,li1,171.5800,272.0000,0.000122
place1102,VGND,li1,264.5000,65.2800,0.000071
place1107,VGND,li1,182.1600,228.4800,0.000102
place1217,VGND,li1,256.2200,10.8800,0.000015
place1290,VGND,li1,262.2000,206.7200,0.000116
place1288,VGND,li1,208.3800,282.8800,0.000109
place1289,VGND,li1,238.2800,255.6800,0.000217
place1154,VGND,li1,111.7800,288.3200,0.000070
place1155,VGND,li1,97.5200,255.6800,0.000079
place1218,VGND,li1,207.4600,16.3200,0.000059
place1257,VGND,li1,159.1600,250.2400,0.000154
place1702,VGND,li1,146.2800,190.4000,0.000274
place1110,VGND,li1,219.4200,277.4400,0.000114
place1096,VGND,li1,282.9000,130.5600,0.000028
place1143,VGND,li1,110.4000,272.0000,0.000188
place1703,VGND,li1,90.6200,92.4800,0.000070
place1112,VGND,li1,210.2200,255.6800,0.000207
place1689,VGND,li1,205.1600,21.7600,0.000050
place1114,VGND,li1,171.5800,261.1200,0.000077
place1274,VGND,li1,241.0400,217.6000,0.000085
place1145,VGND,li1,97.0600,277.4400,0.000093
place1714,VGND,li1,67.1600,81.6000,0.000056
place1116,VGND,li1,210.2200,201.2800,0.000166
place1685,VGND,li1,161.0000,130.5600,0.000030
place1224,VGND,li1,123.2800,195.8400,0.000154
place1118,VGND,li1,206.5400,195.8400,0.000073
place1178,VGND,li1,117.3000,65.2800,0.000059
place1706,VGND,li1,156.4000,103.3600,0.000022
place122,VGND,li1,281.9800,59.8400,0.000074
place1120,VGND,li1,255.3000,255.6800,0.000093
place1093,VGND,li1,211.6000,103.3600,0.000123
place1122,VGND,li1,275.0800,217.6000,0.000082
place120,VGND,li1,285.2000,87.0400,0.000079
place1124,VGND,li1,248.8600,244.8000,0.000205
place119,VGND,li1,285.2000,114.2400,0.000018
place1126,VGND,li1,285.2000,212.1600,0.000035
place1092,VGND,li1,261.7400,65.2800,0.000068
place1128,VGND,li1,236.4400,228.4800,0.000070
place1086,VGND,li1,278.5300,179.5200,0.000055
place1101,VGND,li1,282.9000,87.0400,0.000077
place1091,VGND,li1,284.7400,136.0000,0.000025
place1130,VGND,li1,112.7000,239.3600,0.000116
place1781,VGND,li1,60.7200,54.4000,0.000090
place1089,VGND,li1,284.2800,141.4400,0.000027
place1230,VGND,li1,135.2400,228.4800,0.000082
place1132,VGND,li1,47.3800,239.3600,0.000057
place1088,VGND,li1,286.1200,141.4400,0.000028
place1470,VGND,li1,77.7400,130.5600,0.000062
place1134,VGND,li1,28.9800,250.2400,0.000196
place1157,VGND,li1,89.2400,217.6000,0.000105
place1782,VGND,li1,52.4400,65.2800,0.000068
place1090,VGND,li1,285.6600,130.5600,0.000023
place1273,VGND,li1,242.8800,223.0400,0.000130
place1099,VGND,li1,284.7400,70.7200,0.000008
place1147,VGND,li1,264.5000,76.1600,0.000011
place1087,VGND,li1,278.3000,141.4400,0.000040
place1138,VGND,li1,161.0000,255.6800,0.000111
place1179,VGND,li1,97.9800,59.8400,0.000065
place1596,VGND,li1,66.7000,103.3600,0.000043
place1137,VGND,li1,124.2000,59.8400,0.000088
place1163,VGND,li1,94.7600,217.6000,0.000118
place1710,VGND,li1,245.1800,21.7600,0.000030
place1098,VGND,li1,278.3000,87.0400,0.000101
place1450,VGND,li1,172.5000,81.6000,0.000033
place1777,VGND,li1,90.6200,114.2400,0.000117
place1252,VGND,li1,128.8000,201.2800,0.000144
place1811,VGND,li1,42.3200,97.9200,0.000046
place1844,VGND,li1,36.3400,92.4800,0.000064
place1139,VGND,li1,148.5800,239.3600,0.000147
place1219,VGND,li1,140.3000,76.1600,0.000031
place1286,VGND,li1,97.9800,272.0000,0.000191
place1241,VGND,li1,236.4400,76.1600,0.000021
place1813,VGND,li1,71.7600,59.8400,0.000051
place1851,VGND,li1,109.9400,38.0800,0.000030
place1291,VGND,li1,208.3800,250.2400,0.000147
place1566,VGND,li1,168.8200,87.0400,0.000023
place1166,VGND,li1,146.2800,255.6800,0.000120
place1488,VGND,li1,75.9000,179.5200,0.000062
place1165,VGND,li1,149.9600,217.6000,0.000104
place1551,VGND,li1,67.1600,179.5200,0.000058
place1162,VGND,li1,197.3400,228.4800,0.000073
place1561,VGND,li1,86.4800,201.2800,0.000179
place1160,VGND,li1,150.4200,54.4000,0.000060
place1231,VGND,li1,132.9400,228.4800,0.000079
place1418,VGND,li1,187.2200,119.6800,0.000046
place1400,VGND,li1,115.9200,97.9200,0.000051
place1721,VGND,li1,51.0600,81.6000,0.000046
place1480,VGND,li1,55.6600,157.7600,0.000036
place1444,VGND,li1,117.7600,87.0400,0.000032
place1151,VGND,li1,155.9400,65.2800,0.000052
place1245,VGND,li1,184.4600,277.4400,0.000133
place1150,VGND,li1,184.0000,27.2000,0.000049
place171,VGND,li1,285.6600,27.2000,0.000017
place1153,VGND,li1,59.8000,288.3200,0.000093
place1159,VGND,li1,177.1000,70.7200,0.000030
place1164,VGND,li1,107.6400,272.0000,0.000177
place1214,VGND,li1,108.1000,266.5600,0.000060
place1149,VGND,li1,250.7000,65.2800,0.000039
place1097,VGND,li1,278.3000,97.9200,0.000045
place1272,VGND,li1,205.3900,223.0400,0.000144
place1724,VGND,li1,59.3400,87.0400,0.000057
place1136,VGND,li1,275.0800,81.6000,0.000022
place1827,VGND,li1,52.9000,103.3600,0.000048
place1148,VGND,li1,260.3600,70.7200,0.000014
place1830,VGND,li1,72.6800,76.1600,0.000056
place1833,VGND,li1,117.3000,157.7600,0.000064
place1881,VGND,li1,46.4600,70.7200,0.000063
place1693,VGND,li1,179.4000,81.6000,0.000029
place1916,VGND,li1,10.1200,43.5200,0.000045
place1914,VGND,li1,10.5800,27.2000,0.000061
place1797,VGND,li1,58.4200,65.2800,0.000068
place1695,VGND,li1,97.0600,70.7200,0.000086
place1220,VGND,li1,139.3800,87.0400,0.000021
place1221,VGND,li1,111.3200,70.7200,0.000067
place1880,VGND,li1,48.3000,70.7200,0.000074
place1798,VGND,li1,32.6600,54.4000,0.000078
place1242,VGND,li1,102.1200,87.0400,0.000032
place1222,VGND,li1,103.5000,157.7600,0.000055
place1223,VGND,li1,162.3800,174.0800,0.000068
place1884,VGND,li1,62.5600,54.4000,0.000087
place2015,VGND,li1,167.9000,163.2000,0.000041
place1697,VGND,li1,59.1100,92.4800,0.000064
place1699,VGND,li1,136.1600,223.0400,0.000069
place1243,VGND,li1,131.1000,217.6000,0.000099
place1722,VGND,li1,50.6000,87.0400,0.000047
place1727,VGND,li1,84.6400,70.7200,0.000085
place1725,VGND,li1,67.8500,92.4800,0.000055
place1726,VGND,li1,84.6400,103.3600,0.000033
place1834,VGND,li1,114.0800,179.5200,0.000139
place1746,VGND,li1,63.4800,146.8800,0.000043
place1632,VGND,li1,169.2800,108.8000,0.000034
place1617,VGND,li1,50.6000,108.8000,0.000045
place1759,VGND,li1,176.6400,152.3200,0.000035
place1105,VGND,li1,167.9000,190.4000,0.000135
place1659,VGND,li1,125.1200,114.2400,0.000056
place1618,VGND,li1,224.4800,136.0000,0.000036
place1161,VGND,li1,248.8600,228.4800,0.000061
place1656,VGND,li1,84.6400,87.0400,0.000055
place1633,VGND,li1,216.6600,97.9200,0.000018
place1634,VGND,li1,253.2300,108.8000,0.000017
place1943,VGND,li1,58.8800,103.3600,0.000050
place1167,VGND,li1,146.2800,244.8000,0.000100
place1589,VGND,li1,72.2200,152.3200,0.000037
place1869,VGND,li1,52.9000,59.8400,0.000062
place1871,VGND,li1,222.1800,43.5200,0.000052
place1862,VGND,li1,264.5000,97.9200,0.000047
place1796,VGND,li1,61.6400,70.7200,0.000097
place1800,VGND,li1,120.5200,157.7600,0.000063
place1306,VGND,li1,69.0000,288.3200,0.000076
place1249,VGND,li1,95.2200,212.1600,0.000290
place1250,VGND,li1,207.9200,255.6800,0.000207
place1292,VGND,li1,174.3400,233.9200,0.000164
place1294,VGND,li1,127.4200,228.4800,0.000126
place1698,VGND,li1,56.1200,92.4800,0.000064
place1264,VGND,li1,69.0000,272.0000,0.000100
place1417,VGND,li1,242.4200,130.5600,0.000073
place1367,VGND,li1,92.9200,92.4800,0.000069
place1548,VGND,li1,69.0000,136.0000,0.000050
place1629,VGND,li1,204.7000,108.8000,0.000034
place1826,VGND,li1,65.7800,32.6400,0.000058
place1262,VGND,li1,113.6200,206.7200,0.000189
place1927,VGND,li1,86.0200,32.6400,0.000069
place1912,VGND,li1,51.5200,48.9600,0.000053
place1445,VGND,li1,138.0000,81.6000,0.000042
place1754,VGND,li1,53.8200,152.3200,0.000035
place1744,VGND,li1,46.0000,146.8800,0.000029
place1847,VGND,li1,56.1200,38.0800,0.000060
place1814,VGND,li1,70.3800,54.4000,0.000072
place1700,VGND,li1,147.2000,217.6000,0.000106
place1795,VGND,li1,73.1400,87.0400,0.000043
place1728,VGND,li1,104.4200,92.4800,0.000035
place1681,VGND,li1,61.4100,103.3600,0.000050
place1686,VGND,li1,81.8800,108.8000,0.000069
place1664,VGND,li1,63.4800,136.0000,0.000052
place1650,VGND,li1,135.7000,130.5600,0.000026
place1653,VGND,li1,120.5200,130.5600,0.000045
place1677,VGND,li1,174.3400,114.2400,0.000038
place1739,VGND,li1,87.8600,130.5600,0.000087
place1604,VGND,li1,276.4600,108.8000,0.000035
place1719,VGND,li1,148.1200,103.3600,0.000023
place1723,VGND,li1,54.0500,87.0400,0.000054
place1831,VGND,li1,107.1800,65.2800,0.000062
place1849,VGND,li1,67.6200,48.9600,0.000048
place1672,VGND,li1,58.4200,130.5600,0.000053
place1590,VGND,li1,174.8000,168.6400,0.000077
place1745,VGND,li1,122.8200,146.8800,0.000029
place1615,VGND,li1,167.9000,54.4000,0.000053
place1767,VGND,li1,153.6400,190.4000,0.000269
place1768,VGND,li1,175.7200,190.4000,0.000133
place1705,VGND,li1,43.2400,97.9200,0.000038
place1601,VGND,li1,87.8600,108.8000,0.000073
place1591,VGND,li1,74.0600,141.4400,0.000026
place1602,VGND,li1,84.6400,114.2400,0.000104
place1738,VGND,li1,35.4200,152.3200,0.000031
place1793,VGND,li1,134.7800,21.7600,0.000028
place1643,VGND,li1,161.9200,152.3200,0.000041
place1760,VGND,li1,246.5600,157.7600,0.000034
place1755,VGND,li1,53.3600,141.4400,0.000030
place1819,VGND,li1,226.3200,48.9600,0.000075
place1848,VGND,li1,39.1000,92.4800,0.000065
place1603,VGND,li1,55.6600,152.3200,0.000036
place1678,VGND,li1,170.6600,108.8000,0.000034
place1679,VGND,li1,174.3400,108.8000,0.000040
place1791,VGND,li1,64.4000,70.7200,0.000094
place1740,VGND,li1,206.0800,152.3200,0.000028
place1741,VGND,li1,183.5400,152.3200,0.000032
place1638,VGND,li1,275.0800,108.8000,0.000034
place1644,VGND,li1,47.8400,152.3200,0.000030
place1639,VGND,li1,117.3000,136.0000,0.000047
place1720,VGND,li1,64.6300,92.4800,0.000060
place1942,VGND,li1,132.9400,114.2400,0.000038
place1864,VGND,li1,83.2600,76.1600,0.000077
place1850,VGND,li1,109.9400,65.2800,0.000066
place1616,VGND,li1,120.5200,59.8400,0.000088
place1619,VGND,li1,116.8400,114.2400,0.000072
place1756,VGND,li1,68.0800,92.4800,0.000055
place1810,VGND,li1,39.5600,103.3600,0.000055
place1817,VGND,li1,80.9600,92.4800,0.000062
place1858,VGND,li1,105.8000,157.7600,0.000060
place1853,VGND,li1,84.6400,59.8400,0.000058
place1654,VGND,li1,52.6700,114.2400,0.000052
place1655,VGND,li1,50.6000,119.6800,0.000039
place1940,VGND,li1,166.5200,103.3600,0.000021
place1769,VGND,li1,85.1000,119.6800,0.000082
place1772,VGND,li1,134.7800,157.7600,0.000041
place1792,VGND,li1,165.1400,21.7600,0.000032
place1794,VGND,li1,65.3200,76.1600,0.000068
place1747,VGND,li1,238.7400,152.3200,0.000034
place1749,VGND,li1,163.7600,146.8800,0.000021
place1750,VGND,li1,164.6800,97.9200,0.000018
place1394,VGND,li1,87.8600,195.8400,0.000199
place2013,VGND,li1,219.4200,190.4000,0.000072
place1883,VGND,li1,51.9800,59.8400,0.000062
place1751,VGND,li1,184.9200,48.9600,0.000052
place1752,VGND,li1,136.6200,54.4000,0.000056
place1815,VGND,li1,79.1200,119.6800,0.000073
place1823,VGND,li1,187.2200,32.6400,0.000060
place1894,VGND,li1,37.7200,76.1600,0.000055
place1913,VGND,li1,28.5200,43.5200,0.000057
place1803,VGND,li1,188.1400,157.7600,0.000045
place1854,VGND,li1,80.0400,59.8400,0.000052
place1790,VGND,li1,62.5600,70.7200,0.000097
place1863,VGND,li1,126.9600,43.5200,0.000070
place1866,VGND,li1,86.0200,92.4800,0.000070
place1877,VGND,li1,114.5400,43.5200,0.000061
place1870,VGND,li1,135.7000,21.7600,0.000028
place1886,VGND,li1,75.9000,32.6400,0.000045
place1932,VGND,li1,183.5400,70.7200,0.000028
place1930,VGND,li1,14.2600,119.6800,0.000024
place1918,VGND,li1,42.7800,38.0800,0.000061
place1919,VGND,li1,25.7600,76.1600,0.000061
place1963,VGND,li1,224.4800,16.3200,0.000032
place1981,VGND,li1,29.9000,81.6000,0.000047
TAP_TAPCELL_ROW_103_1320,VGND,li1,276.2300,293.4680,0.000030
TAP_TAPCELL_ROW_103_1319,VGND,li1,263.3500,293.4680,0.000043
TAP_TAPCELL_ROW_103_1318,VGND,li1,250.4700,293.4680,0.000041
TAP_TAPCELL_ROW_103_1317,VGND,li1,237.5900,293.4680,0.000040
TAP_TAPCELL_ROW_103_1316,VGND,li1,224.7100,293.4680,0.000030
TAP_TAPCELL_ROW_103_1315,VGND,li1,211.8300,293.4680,0.000032
TAP_TAPCELL_ROW_103_1314,VGND,li1,198.9500,293.4680,0.000027
TAP_TAPCELL_ROW_103_1313,VGND,li1,186.0700,293.4680,0.000017
TAP_TAPCELL_ROW_103_1312,VGND,li1,173.1900,293.4680,0.000011
TAP_TAPCELL_ROW_103_1311,VGND,li1,160.3100,293.4680,0.000006
TAP_TAPCELL_ROW_103_1310,VGND,li1,147.4300,293.4680,0.000006
TAP_TAPCELL_ROW_103_1309,VGND,li1,134.5500,293.4680,0.000004
TAP_TAPCELL_ROW_103_1308,VGND,li1,121.6700,293.4680,0.000007
TAP_TAPCELL_ROW_103_1307,VGND,li1,108.7900,293.4680,0.000008
TAP_TAPCELL_ROW_103_1306,VGND,li1,95.9100,293.4680,0.000015
TAP_TAPCELL_ROW_103_1305,VGND,li1,83.0300,293.4680,0.000020
TAP_TAPCELL_ROW_103_1304,VGND,li1,70.1500,293.4680,0.000032
TAP_TAPCELL_ROW_103_1303,VGND,li1,57.2700,293.4680,0.000039
TAP_TAPCELL_ROW_103_1302,VGND,li1,44.3900,293.4680,0.000024
TAP_TAPCELL_ROW_103_1301,VGND,li1,31.5100,293.4680,0.000039
TAP_TAPCELL_ROW_103_1300,VGND,li1,18.6300,293.4680,0.000027
TAP_TAPCELL_ROW_102_1299,VGND,li1,276.2300,288.6110,0.000054
TAP_TAPCELL_ROW_102_1298,VGND,li1,250.4700,288.6110,0.000056
TAP_TAPCELL_ROW_102_1297,VGND,li1,224.7100,288.6110,0.000079
TAP_TAPCELL_ROW_102_1296,VGND,li1,198.9500,288.6110,0.000070
TAP_TAPCELL_ROW_102_1295,VGND,li1,173.1900,288.6110,0.000060
TAP_TAPCELL_ROW_102_1294,VGND,li1,147.4300,288.6110,0.000060
TAP_TAPCELL_ROW_102_1293,VGND,li1,121.6700,288.6110,0.000071
TAP_TAPCELL_ROW_102_1292,VGND,li1,95.9100,288.6110,0.000056
TAP_TAPCELL_ROW_102_1291,VGND,li1,70.1500,288.6110,0.000065
TAP_TAPCELL_ROW_102_1290,VGND,li1,44.3900,288.6110,0.000071
TAP_TAPCELL_ROW_102_1289,VGND,li1,18.6300,288.6110,0.000060
TAP_TAPCELL_ROW_101_1288,VGND,li1,263.3500,288.0280,0.000064
TAP_TAPCELL_ROW_101_1287,VGND,li1,237.5900,288.0280,0.000080
TAP_TAPCELL_ROW_101_1286,VGND,li1,211.8300,288.0280,0.000091
TAP_TAPCELL_ROW_101_1285,VGND,li1,186.0700,288.0280,0.000069
TAP_TAPCELL_ROW_101_1284,VGND,li1,160.3100,288.0280,0.000050
TAP_TAPCELL_ROW_101_1283,VGND,li1,134.5500,288.0280,0.000046
TAP_TAPCELL_ROW_101_1282,VGND,li1,108.7900,288.0280,0.000067
TAP_TAPCELL_ROW_101_1281,VGND,li1,83.0300,288.0280,0.000055
TAP_TAPCELL_ROW_101_1280,VGND,li1,57.2700,288.0280,0.000097
TAP_TAPCELL_ROW_101_1279,VGND,li1,31.5100,288.0280,0.000087
TAP_TAPCELL_ROW_100_1278,VGND,li1,276.2300,283.1710,0.000055
TAP_TAPCELL_ROW_100_1277,VGND,li1,250.4700,283.1710,0.000072
TAP_TAPCELL_ROW_100_1276,VGND,li1,224.7100,283.1710,0.000074
TAP_TAPCELL_ROW_100_1275,VGND,li1,198.9500,283.1710,0.000084
TAP_TAPCELL_ROW_100_1274,VGND,li1,173.1900,283.1710,0.000061
TAP_TAPCELL_ROW_100_1273,VGND,li1,147.4300,283.1710,0.000089
TAP_TAPCELL_ROW_100_1272,VGND,li1,121.6700,283.1710,0.000080
TAP_TAPCELL_ROW_100_1271,VGND,li1,95.9100,283.1710,0.000068
TAP_TAPCELL_ROW_100_1270,VGND,li1,70.1500,283.1710,0.000086
TAP_TAPCELL_ROW_100_1269,VGND,li1,44.3900,283.1710,0.000094
TAP_TAPCELL_ROW_100_1268,VGND,li1,18.6300,283.1710,0.000074
TAP_TAPCELL_ROW_99_1267,VGND,li1,263.3500,282.5880,0.000062
TAP_TAPCELL_ROW_99_1266,VGND,li1,237.5900,282.5880,0.000106
TAP_TAPCELL_ROW_99_1265,VGND,li1,211.8300,282.5880,0.000098
TAP_TAPCELL_ROW_99_1264,VGND,li1,186.0700,282.5880,0.000074
TAP_TAPCELL_ROW_99_1263,VGND,li1,160.3100,282.5880,0.000057
TAP_TAPCELL_ROW_99_1262,VGND,li1,134.5500,282.5880,0.000056
TAP_TAPCELL_ROW_99_1261,VGND,li1,108.7900,282.5880,0.000066
TAP_TAPCELL_ROW_99_1260,VGND,li1,83.0300,282.5880,0.000071
TAP_TAPCELL_ROW_99_1259,VGND,li1,57.2700,282.5880,0.000133
TAP_TAPCELL_ROW_99_1258,VGND,li1,31.5100,282.5880,0.000103
TAP_TAPCELL_ROW_98_1257,VGND,li1,276.2300,277.7310,0.000130
TAP_TAPCELL_ROW_98_1256,VGND,li1,250.4700,277.7310,0.000168
TAP_TAPCELL_ROW_98_1255,VGND,li1,224.7100,277.7310,0.000095
TAP_TAPCELL_ROW_98_1254,VGND,li1,198.9500,277.7310,0.000110
TAP_TAPCELL_ROW_98_1253,VGND,li1,173.1900,277.7310,0.000126
TAP_TAPCELL_ROW_98_1252,VGND,li1,147.4300,277.7310,0.000168
TAP_TAPCELL_ROW_98_1251,VGND,li1,121.6700,277.7310,0.000117
TAP_TAPCELL_ROW_98_1250,VGND,li1,95.9100,277.7310,0.000093
TAP_TAPCELL_ROW_98_1249,VGND,li1,70.1500,277.7310,0.000058
TAP_TAPCELL_ROW_98_1248,VGND,li1,44.3900,277.7310,0.000072
TAP_TAPCELL_ROW_98_1247,VGND,li1,18.6300,277.7310,0.000062
TAP_TAPCELL_ROW_97_1246,VGND,li1,263.3500,277.1480,0.000184
TAP_TAPCELL_ROW_97_1245,VGND,li1,237.5900,277.1480,0.000182
TAP_TAPCELL_ROW_97_1244,VGND,li1,211.8300,277.1480,0.000131
TAP_TAPCELL_ROW_97_1243,VGND,li1,186.0700,277.1480,0.000133
TAP_TAPCELL_ROW_97_1242,VGND,li1,160.3100,277.1480,0.000107
TAP_TAPCELL_ROW_97_1241,VGND,li1,134.5500,277.1480,0.000101
TAP_TAPCELL_ROW_97_1240,VGND,li1,108.7900,277.1480,0.000104
TAP_TAPCELL_ROW_97_1239,VGND,li1,83.0300,277.1480,0.000075
TAP_TAPCELL_ROW_97_1238,VGND,li1,57.2700,277.1480,0.000083
TAP_TAPCELL_ROW_97_1237,VGND,li1,31.5100,277.1480,0.000095
TAP_TAPCELL_ROW_96_1236,VGND,li1,276.2300,272.2910,0.000062
TAP_TAPCELL_ROW_96_1235,VGND,li1,250.4700,272.2910,0.000074
TAP_TAPCELL_ROW_96_1234,VGND,li1,224.7100,272.2910,0.000074
TAP_TAPCELL_ROW_96_1233,VGND,li1,198.9500,272.2910,0.000076
TAP_TAPCELL_ROW_96_1232,VGND,li1,173.1900,272.2910,0.000124
TAP_TAPCELL_ROW_96_1231,VGND,li1,147.4300,272.2910,0.000125
TAP_TAPCELL_ROW_96_1230,VGND,li1,121.6700,272.2910,0.000226
TAP_TAPCELL_ROW_96_1229,VGND,li1,95.9100,272.2910,0.000196
TAP_TAPCELL_ROW_96_1228,VGND,li1,70.1500,272.2910,0.000094
TAP_TAPCELL_ROW_96_1227,VGND,li1,44.3900,272.2910,0.000074
TAP_TAPCELL_ROW_96_1226,VGND,li1,18.6300,272.2910,0.000080
TAP_TAPCELL_ROW_95_1225,VGND,li1,263.3500,271.7080,0.000068
TAP_TAPCELL_ROW_95_1224,VGND,li1,237.5900,271.7080,0.000117
TAP_TAPCELL_ROW_95_1223,VGND,li1,211.8300,271.7080,0.000091
TAP_TAPCELL_ROW_95_1222,VGND,li1,186.0700,271.7080,0.000113
TAP_TAPCELL_ROW_95_1221,VGND,li1,160.3100,271.7080,0.000097
TAP_TAPCELL_ROW_95_1220,VGND,li1,134.5500,271.7080,0.000116
TAP_TAPCELL_ROW_95_1219,VGND,li1,108.7900,271.7080,0.000177
TAP_TAPCELL_ROW_95_1218,VGND,li1,83.0300,271.7080,0.000154
TAP_TAPCELL_ROW_95_1217,VGND,li1,57.2700,271.7080,0.000102
TAP_TAPCELL_ROW_95_1216,VGND,li1,31.5100,271.7080,0.000120
TAP_TAPCELL_ROW_94_1215,VGND,li1,276.2300,266.8510,0.000033
TAP_TAPCELL_ROW_94_1214,VGND,li1,250.4700,266.8510,0.000059
TAP_TAPCELL_ROW_94_1213,VGND,li1,224.7100,266.8510,0.000068
TAP_TAPCELL_ROW_94_1212,VGND,li1,198.9500,266.8510,0.000084
TAP_TAPCELL_ROW_94_1211,VGND,li1,173.1900,266.8510,0.000137
TAP_TAPCELL_ROW_94_1210,VGND,li1,147.4300,266.8510,0.000119
TAP_TAPCELL_ROW_94_1209,VGND,li1,121.6700,266.8510,0.000086
TAP_TAPCELL_ROW_94_1208,VGND,li1,95.9100,266.8510,0.000086
TAP_TAPCELL_ROW_94_1207,VGND,li1,70.1500,266.8510,0.000111
TAP_TAPCELL_ROW_94_1206,VGND,li1,44.3900,266.8510,0.000117
TAP_TAPCELL_ROW_94_1205,VGND,li1,18.6300,266.8510,0.000084
TAP_TAPCELL_ROW_93_1204,VGND,li1,263.3500,266.2680,0.000044
TAP_TAPCELL_ROW_93_1203,VGND,li1,237.5900,266.2680,0.000087
TAP_TAPCELL_ROW_93_1202,VGND,li1,211.8300,266.2680,0.000086
TAP_TAPCELL_ROW_93_1201,VGND,li1,186.0700,266.2680,0.000128
TAP_TAPCELL_ROW_93_1200,VGND,li1,160.3100,266.2680,0.000103
TAP_TAPCELL_ROW_93_1199,VGND,li1,134.5500,266.2680,0.000087
TAP_TAPCELL_ROW_93_1198,VGND,li1,108.7900,266.2680,0.000065
TAP_TAPCELL_ROW_93_1197,VGND,li1,83.0300,266.2680,0.000109
TAP_TAPCELL_ROW_93_1196,VGND,li1,57.2700,266.2680,0.000136
TAP_TAPCELL_ROW_93_1195,VGND,li1,31.5100,266.2680,0.000117
TAP_TAPCELL_ROW_92_1194,VGND,li1,276.2300,261.4110,0.000055
TAP_TAPCELL_ROW_92_1193,VGND,li1,250.4700,261.4110,0.000065
TAP_TAPCELL_ROW_92_1192,VGND,li1,224.7100,261.4110,0.000069
TAP_TAPCELL_ROW_92_1191,VGND,li1,198.9500,261.4110,0.000116
TAP_TAPCELL_ROW_92_1190,VGND,li1,173.1900,261.4110,0.000077
TAP_TAPCELL_ROW_92_1189,VGND,li1,147.4300,261.4110,0.000067
TAP_TAPCELL_ROW_92_1188,VGND,li1,121.6700,261.4110,0.000077
TAP_TAPCELL_ROW_92_1187,VGND,li1,95.9100,261.4110,0.000090
TAP_TAPCELL_ROW_92_1186,VGND,li1,70.1500,261.4110,0.000147
TAP_TAPCELL_ROW_92_1185,VGND,li1,44.3900,261.4110,0.000120
TAP_TAPCELL_ROW_92_1184,VGND,li1,18.6300,261.4110,0.000112
TAP_TAPCELL_ROW_91_1183,VGND,li1,263.3500,260.8280,0.000061
TAP_TAPCELL_ROW_91_1182,VGND,li1,237.5900,260.8280,0.000091
TAP_TAPCELL_ROW_91_1181,VGND,li1,211.8300,260.8280,0.000111
TAP_TAPCELL_ROW_91_1180,VGND,li1,186.0700,260.8280,0.000095
TAP_TAPCELL_ROW_91_1179,VGND,li1,160.3100,260.8280,0.000062
TAP_TAPCELL_ROW_91_1178,VGND,li1,134.5500,260.8280,0.000046
TAP_TAPCELL_ROW_91_1177,VGND,li1,108.7900,260.8280,0.000073
TAP_TAPCELL_ROW_91_1176,VGND,li1,83.0300,260.8280,0.000118
TAP_TAPCELL_ROW_91_1175,VGND,li1,57.2700,260.8280,0.000168
TAP_TAPCELL_ROW_91_1174,VGND,li1,31.5100,260.8280,0.000169
TAP_TAPCELL_ROW_90_1173,VGND,li1,276.2300,255.9710,0.000059
TAP_TAPCELL_ROW_90_1172,VGND,li1,250.4700,255.9710,0.000145
TAP_TAPCELL_ROW_90_1171,VGND,li1,224.7100,255.9710,0.000162
TAP_TAPCELL_ROW_90_1170,VGND,li1,198.9500,255.9710,0.000156
TAP_TAPCELL_ROW_90_1169,VGND,li1,173.1900,255.9710,0.000155
TAP_TAPCELL_ROW_90_1168,VGND,li1,147.4300,255.9710,0.000120
TAP_TAPCELL_ROW_90_1167,VGND,li1,121.6700,255.9710,0.000090
TAP_TAPCELL_ROW_90_1166,VGND,li1,95.9100,255.9710,0.000079
TAP_TAPCELL_ROW_90_1165,VGND,li1,70.1500,255.9710,0.000050
TAP_TAPCELL_ROW_90_1164,VGND,li1,44.3900,255.9710,0.000041
TAP_TAPCELL_ROW_90_1163,VGND,li1,18.6300,255.9710,0.000068
TAP_TAPCELL_ROW_89_1162,VGND,li1,263.3500,255.3880,0.000084
TAP_TAPCELL_ROW_89_1161,VGND,li1,237.5900,255.3880,0.000217
TAP_TAPCELL_ROW_89_1160,VGND,li1,211.8300,255.3880,0.000207
TAP_TAPCELL_ROW_89_1159,VGND,li1,186.0700,255.3880,0.000147
TAP_TAPCELL_ROW_89_1158,VGND,li1,160.3100,255.3880,0.000111
TAP_TAPCELL_ROW_89_1157,VGND,li1,134.5500,255.3880,0.000074
TAP_TAPCELL_ROW_89_1156,VGND,li1,108.7900,255.3880,0.000075
TAP_TAPCELL_ROW_89_1155,VGND,li1,83.0300,255.3880,0.000074
TAP_TAPCELL_ROW_89_1154,VGND,li1,57.2700,255.3880,0.000056
TAP_TAPCELL_ROW_89_1153,VGND,li1,31.5100,255.3880,0.000078
TAP_TAPCELL_ROW_88_1152,VGND,li1,276.2300,250.5310,0.000135
TAP_TAPCELL_ROW_88_1151,VGND,li1,250.4700,250.5310,0.000088
TAP_TAPCELL_ROW_88_1150,VGND,li1,224.7100,250.5310,0.000073
TAP_TAPCELL_ROW_88_1149,VGND,li1,198.9500,250.5310,0.000120
TAP_TAPCELL_ROW_88_1148,VGND,li1,173.1900,250.5310,0.000136
TAP_TAPCELL_ROW_88_1147,VGND,li1,147.4300,250.5310,0.000190
TAP_TAPCELL_ROW_88_1146,VGND,li1,121.6700,250.5310,0.000129
TAP_TAPCELL_ROW_88_1145,VGND,li1,95.9100,250.5310,0.000118
TAP_TAPCELL_ROW_88_1144,VGND,li1,70.1500,250.5310,0.000096
TAP_TAPCELL_ROW_88_1143,VGND,li1,44.3900,250.5310,0.000109
TAP_TAPCELL_ROW_88_1142,VGND,li1,18.6300,250.5310,0.000131
TAP_TAPCELL_ROW_87_1141,VGND,li1,263.3500,249.9480,0.000123
TAP_TAPCELL_ROW_87_1140,VGND,li1,237.5900,249.9480,0.000090
TAP_TAPCELL_ROW_87_1139,VGND,li1,211.8300,249.9480,0.000135
TAP_TAPCELL_ROW_87_1138,VGND,li1,186.0700,249.9480,0.000147
TAP_TAPCELL_ROW_87_1137,VGND,li1,160.3100,249.9480,0.000140
TAP_TAPCELL_ROW_87_1136,VGND,li1,134.5500,249.9480,0.000102
TAP_TAPCELL_ROW_87_1135,VGND,li1,108.7900,249.9480,0.000119
TAP_TAPCELL_ROW_87_1134,VGND,li1,83.0300,249.9480,0.000108
TAP_TAPCELL_ROW_87_1133,VGND,li1,57.2700,249.9480,0.000133
TAP_TAPCELL_ROW_87_1132,VGND,li1,31.5100,249.9480,0.000204
TAP_TAPCELL_ROW_86_1131,VGND,li1,276.2300,245.0910,0.000094
TAP_TAPCELL_ROW_86_1130,VGND,li1,250.4700,245.0910,0.000180
TAP_TAPCELL_ROW_86_1129,VGND,li1,224.7100,245.0910,0.000146
TAP_TAPCELL_ROW_86_1128,VGND,li1,198.9500,245.0910,0.000101
TAP_TAPCELL_ROW_86_1127,VGND,li1,173.1900,245.0910,0.000086
TAP_TAPCELL_ROW_86_1126,VGND,li1,147.4300,245.0910,0.000100
TAP_TAPCELL_ROW_86_1125,VGND,li1,121.6700,245.0910,0.000131
TAP_TAPCELL_ROW_86_1124,VGND,li1,95.9100,245.0910,0.000176
TAP_TAPCELL_ROW_86_1123,VGND,li1,70.1500,245.0910,0.000092
TAP_TAPCELL_ROW_86_1122,VGND,li1,44.3900,245.0910,0.000066
TAP_TAPCELL_ROW_86_1121,VGND,li1,18.6300,245.0910,0.000061
TAP_TAPCELL_ROW_85_1120,VGND,li1,263.3500,244.5080,0.000149
TAP_TAPCELL_ROW_85_1119,VGND,li1,237.5900,244.5080,0.000241
TAP_TAPCELL_ROW_85_1118,VGND,li1,211.8300,244.5080,0.000154
TAP_TAPCELL_ROW_85_1117,VGND,li1,186.0700,244.5080,0.000086
TAP_TAPCELL_ROW_85_1116,VGND,li1,160.3100,244.5080,0.000095
TAP_TAPCELL_ROW_85_1115,VGND,li1,134.5500,244.5080,0.000083
TAP_TAPCELL_ROW_85_1114,VGND,li1,108.7900,244.5080,0.000112
TAP_TAPCELL_ROW_85_1113,VGND,li1,83.0300,244.5080,0.000150
TAP_TAPCELL_ROW_85_1112,VGND,li1,57.2700,244.5080,0.000097
TAP_TAPCELL_ROW_85_1111,VGND,li1,31.5100,244.5080,0.000086
TAP_TAPCELL_ROW_84_1110,VGND,li1,276.2300,239.6510,0.000096
TAP_TAPCELL_ROW_84_1109,VGND,li1,250.4700,239.6510,0.000094
TAP_TAPCELL_ROW_84_1108,VGND,li1,224.7100,239.6510,0.000074
TAP_TAPCELL_ROW_84_1107,VGND,li1,198.9500,239.6510,0.000097
TAP_TAPCELL_ROW_84_1106,VGND,li1,173.1900,239.6510,0.000108
TAP_TAPCELL_ROW_84_1105,VGND,li1,147.4300,239.6510,0.000147
TAP_TAPCELL_ROW_84_1104,VGND,li1,121.6700,239.6510,0.000138
TAP_TAPCELL_ROW_84_1103,VGND,li1,95.9100,239.6510,0.000090
TAP_TAPCELL_ROW_84_1102,VGND,li1,70.1500,239.6510,0.000054
TAP_TAPCELL_ROW_84_1101,VGND,li1,44.3900,239.6510,0.000051
TAP_TAPCELL_ROW_84_1100,VGND,li1,18.6300,239.6510,0.000083
TAP_TAPCELL_ROW_83_1099,VGND,li1,263.3500,239.0680,0.000121
TAP_TAPCELL_ROW_83_1098,VGND,li1,237.5900,239.0680,0.000094
TAP_TAPCELL_ROW_83_1097,VGND,li1,211.8300,239.0680,0.000115
TAP_TAPCELL_ROW_83_1096,VGND,li1,186.0700,239.0680,0.000116
TAP_TAPCELL_ROW_83_1095,VGND,li1,160.3100,239.0680,0.000114
TAP_TAPCELL_ROW_83_1094,VGND,li1,134.5500,239.0680,0.000099
TAP_TAPCELL_ROW_83_1093,VGND,li1,108.7900,239.0680,0.000102
TAP_TAPCELL_ROW_83_1092,VGND,li1,83.0300,239.0680,0.000079
TAP_TAPCELL_ROW_83_1091,VGND,li1,57.2700,239.0680,0.000061
TAP_TAPCELL_ROW_83_1090,VGND,li1,31.5100,239.0680,0.000089
TAP_TAPCELL_ROW_82_1089,VGND,li1,276.2300,234.2110,0.000076
TAP_TAPCELL_ROW_82_1088,VGND,li1,250.4700,234.2110,0.000089
TAP_TAPCELL_ROW_82_1087,VGND,li1,224.7100,234.2110,0.000063
TAP_TAPCELL_ROW_82_1086,VGND,li1,198.9500,234.2110,0.000081
TAP_TAPCELL_ROW_82_1085,VGND,li1,173.1900,234.2110,0.000156
TAP_TAPCELL_ROW_82_1084,VGND,li1,147.4300,234.2110,0.000165
TAP_TAPCELL_ROW_82_1083,VGND,li1,121.6700,234.2110,0.000190
TAP_TAPCELL_ROW_82_1082,VGND,li1,95.9100,234.2110,0.000219
TAP_TAPCELL_ROW_82_1081,VGND,li1,70.1500,234.2110,0.000103
TAP_TAPCELL_ROW_82_1080,VGND,li1,44.3900,234.2110,0.000050
TAP_TAPCELL_ROW_82_1079,VGND,li1,18.6300,234.2110,0.000037
TAP_TAPCELL_ROW_81_1078,VGND,li1,263.3500,233.6280,0.000092
TAP_TAPCELL_ROW_81_1077,VGND,li1,237.5900,233.6280,0.000104
TAP_TAPCELL_ROW_81_1076,VGND,li1,211.8300,233.6280,0.000081
TAP_TAPCELL_ROW_81_1075,VGND,li1,186.0700,233.6280,0.000127
TAP_TAPCELL_ROW_81_1074,VGND,li1,160.3100,233.6280,0.000145
TAP_TAPCELL_ROW_81_1073,VGND,li1,134.5500,233.6280,0.000122
TAP_TAPCELL_ROW_81_1072,VGND,li1,108.7900,233.6280,0.000195
TAP_TAPCELL_ROW_81_1071,VGND,li1,83.0300,233.6280,0.000180
TAP_TAPCELL_ROW_81_1070,VGND,li1,57.2700,233.6280,0.000108
TAP_TAPCELL_ROW_81_1069,VGND,li1,31.5100,233.6280,0.000051
TAP_TAPCELL_ROW_80_1068,VGND,li1,276.2300,228.7710,0.000073
TAP_TAPCELL_ROW_80_1067,VGND,li1,250.4700,228.7710,0.000061
TAP_TAPCELL_ROW_80_1066,VGND,li1,224.7100,228.7710,0.000052
TAP_TAPCELL_ROW_80_1065,VGND,li1,198.9500,228.7710,0.000073
TAP_TAPCELL_ROW_80_1064,VGND,li1,173.1900,228.7710,0.000102
TAP_TAPCELL_ROW_80_1063,VGND,li1,147.4300,228.7710,0.000093
TAP_TAPCELL_ROW_80_1062,VGND,li1,121.6700,228.7710,0.000136
TAP_TAPCELL_ROW_80_1061,VGND,li1,95.9100,228.7710,0.000189
TAP_TAPCELL_ROW_80_1060,VGND,li1,70.1500,228.7710,0.000159
TAP_TAPCELL_ROW_80_1059,VGND,li1,44.3900,228.7710,0.000090
TAP_TAPCELL_ROW_80_1058,VGND,li1,18.6300,228.7710,0.000054
TAP_TAPCELL_ROW_79_1057,VGND,li1,263.3500,228.1880,0.000082
TAP_TAPCELL_ROW_79_1056,VGND,li1,237.5900,228.1880,0.000070
TAP_TAPCELL_ROW_79_1055,VGND,li1,211.8300,228.1880,0.000087
TAP_TAPCELL_ROW_79_1054,VGND,li1,186.0700,228.1880,0.000098
TAP_TAPCELL_ROW_79_1053,VGND,li1,160.3100,228.1880,0.000087
TAP_TAPCELL_ROW_79_1052,VGND,li1,134.5500,228.1880,0.000079
TAP_TAPCELL_ROW_79_1051,VGND,li1,108.7900,228.1880,0.000142
TAP_TAPCELL_ROW_79_1050,VGND,li1,83.0300,228.1880,0.000233
TAP_TAPCELL_ROW_79_1049,VGND,li1,57.2700,228.1880,0.000143
TAP_TAPCELL_ROW_79_1048,VGND,li1,31.5100,228.1880,0.000093
TAP_TAPCELL_ROW_78_1047,VGND,li1,276.2300,223.3310,0.000097
TAP_TAPCELL_ROW_78_1046,VGND,li1,250.4700,223.3310,0.000102
TAP_TAPCELL_ROW_78_1045,VGND,li1,224.7100,223.3310,0.000092
TAP_TAPCELL_ROW_78_1044,VGND,li1,198.9500,223.3310,0.000138
TAP_TAPCELL_ROW_78_1043,VGND,li1,173.1900,223.3310,0.000134
TAP_TAPCELL_ROW_78_1042,VGND,li1,147.4300,223.3310,0.000113
TAP_TAPCELL_ROW_78_1041,VGND,li1,121.6700,223.3310,0.000063
TAP_TAPCELL_ROW_78_1040,VGND,li1,95.9100,223.3310,0.000100
TAP_TAPCELL_ROW_78_1039,VGND,li1,70.1500,223.3310,0.000067
TAP_TAPCELL_ROW_78_1038,VGND,li1,44.3900,223.3310,0.000067
TAP_TAPCELL_ROW_78_1037,VGND,li1,18.6300,223.3310,0.000063
TAP_TAPCELL_ROW_77_1036,VGND,li1,263.3500,222.7480,0.000108
TAP_TAPCELL_ROW_77_1035,VGND,li1,237.5900,222.7480,0.000127
TAP_TAPCELL_ROW_77_1034,VGND,li1,211.8300,222.7480,0.000129
TAP_TAPCELL_ROW_77_1033,VGND,li1,186.0700,222.7480,0.000154
TAP_TAPCELL_ROW_77_1032,VGND,li1,160.3100,222.7480,0.000092
TAP_TAPCELL_ROW_77_1031,VGND,li1,134.5500,222.7480,0.000059
TAP_TAPCELL_ROW_77_1030,VGND,li1,108.7900,222.7480,0.000064
TAP_TAPCELL_ROW_77_1029,VGND,li1,83.0300,222.7480,0.000094
TAP_TAPCELL_ROW_77_1028,VGND,li1,57.2700,222.7480,0.000076
TAP_TAPCELL_ROW_77_1027,VGND,li1,31.5100,222.7480,0.000106
TAP_TAPCELL_ROW_76_1026,VGND,li1,276.2300,217.8910,0.000074
TAP_TAPCELL_ROW_76_1025,VGND,li1,250.4700,217.8910,0.000070
TAP_TAPCELL_ROW_76_1024,VGND,li1,224.7100,217.8910,0.000042
TAP_TAPCELL_ROW_76_1023,VGND,li1,198.9500,217.8910,0.000052
TAP_TAPCELL_ROW_76_1022,VGND,li1,173.1900,217.8910,0.000075
TAP_TAPCELL_ROW_76_1021,VGND,li1,147.4300,217.8910,0.000106
TAP_TAPCELL_ROW_76_1020,VGND,li1,121.6700,217.8910,0.000111
TAP_TAPCELL_ROW_76_1019,VGND,li1,95.9100,217.8910,0.000118
TAP_TAPCELL_ROW_76_1018,VGND,li1,70.1500,217.8910,0.000052
TAP_TAPCELL_ROW_76_1017,VGND,li1,44.3900,217.8910,0.000051
TAP_TAPCELL_ROW_76_1016,VGND,li1,18.6300,217.8910,0.000032
TAP_TAPCELL_ROW_75_1015,VGND,li1,263.3500,217.3080,0.000091
TAP_TAPCELL_ROW_75_1014,VGND,li1,237.5900,217.3080,0.000080
TAP_TAPCELL_ROW_75_1013,VGND,li1,211.8300,217.3080,0.000056
TAP_TAPCELL_ROW_75_1012,VGND,li1,186.0700,217.3080,0.000060
TAP_TAPCELL_ROW_75_1011,VGND,li1,160.3100,217.3080,0.000083
TAP_TAPCELL_ROW_75_1010,VGND,li1,134.5500,217.3080,0.000081
TAP_TAPCELL_ROW_75_1009,VGND,li1,108.7900,217.3080,0.000090
TAP_TAPCELL_ROW_75_1008,VGND,li1,83.0300,217.3080,0.000082
TAP_TAPCELL_ROW_75_1007,VGND,li1,57.2700,217.3080,0.000063
TAP_TAPCELL_ROW_75_1006,VGND,li1,31.5100,217.3080,0.000051
TAP_TAPCELL_ROW_74_1005,VGND,li1,276.2300,212.4510,0.000059
TAP_TAPCELL_ROW_74_1004,VGND,li1,250.4700,212.4510,0.000059
TAP_TAPCELL_ROW_74_1003,VGND,li1,224.7100,212.4510,0.000073
TAP_TAPCELL_ROW_74_1002,VGND,li1,198.9500,212.4510,0.000090
TAP_TAPCELL_ROW_74_1001,VGND,li1,173.1900,212.4510,0.000124
TAP_TAPCELL_ROW_74_1000,VGND,li1,147.4300,212.4510,0.000078
TAP_TAPCELL_ROW_74_999,VGND,li1,121.6700,212.4510,0.000104
TAP_TAPCELL_ROW_74_998,VGND,li1,95.9100,212.4510,0.000276
TAP_TAPCELL_ROW_74_997,VGND,li1,70.1500,212.4510,0.000146
TAP_TAPCELL_ROW_74_996,VGND,li1,44.3900,212.4510,0.000114
TAP_TAPCELL_ROW_74_995,VGND,li1,18.6300,212.4510,0.000092
TAP_TAPCELL_ROW_73_994,VGND,li1,263.3500,211.8680,0.000072
TAP_TAPCELL_ROW_73_993,VGND,li1,237.5900,211.8680,0.000074
TAP_TAPCELL_ROW_73_992,VGND,li1,211.8300,211.8680,0.000110
TAP_TAPCELL_ROW_73_991,VGND,li1,186.0700,211.8680,0.000128
TAP_TAPCELL_ROW_73_990,VGND,li1,160.3100,211.8680,0.000091
TAP_TAPCELL_ROW_73_989,VGND,li1,134.5500,211.8680,0.000056
TAP_TAPCELL_ROW_73_988,VGND,li1,108.7900,211.8680,0.000140
TAP_TAPCELL_ROW_73_987,VGND,li1,83.0300,211.8680,0.000235
TAP_TAPCELL_ROW_73_986,VGND,li1,57.2700,211.8680,0.000172
TAP_TAPCELL_ROW_73_985,VGND,li1,31.5100,211.8680,0.000115
TAP_TAPCELL_ROW_72_984,VGND,li1,276.2300,207.0110,0.000069
TAP_TAPCELL_ROW_72_983,VGND,li1,250.4700,207.0110,0.000098
TAP_TAPCELL_ROW_72_982,VGND,li1,224.7100,207.0110,0.000068
TAP_TAPCELL_ROW_72_981,VGND,li1,198.9500,207.0110,0.000067
TAP_TAPCELL_ROW_72_980,VGND,li1,173.1900,207.0110,0.000076
TAP_TAPCELL_ROW_72_979,VGND,li1,147.4300,207.0110,0.000080
TAP_TAPCELL_ROW_72_978,VGND,li1,121.6700,207.0110,0.000147
TAP_TAPCELL_ROW_72_977,VGND,li1,95.9100,207.0110,0.000192
TAP_TAPCELL_ROW_72_976,VGND,li1,70.1500,207.0110,0.000125
TAP_TAPCELL_ROW_72_975,VGND,li1,44.3900,207.0110,0.000078
TAP_TAPCELL_ROW_72_974,VGND,li1,18.6300,207.0110,0.000078
TAP_TAPCELL_ROW_71_973,VGND,li1,263.3500,206.4280,0.000110
TAP_TAPCELL_ROW_71_972,VGND,li1,237.5900,206.4280,0.000112
TAP_TAPCELL_ROW_71_971,VGND,li1,211.8300,206.4280,0.000082
TAP_TAPCELL_ROW_71_970,VGND,li1,186.0700,206.4280,0.000074
TAP_TAPCELL_ROW_71_969,VGND,li1,160.3100,206.4280,0.000067
TAP_TAPCELL_ROW_71_968,VGND,li1,134.5500,206.4280,0.000076
TAP_TAPCELL_ROW_71_967,VGND,li1,108.7900,206.4280,0.000186
TAP_TAPCELL_ROW_71_966,VGND,li1,83.0300,206.4280,0.000177
TAP_TAPCELL_ROW_71_965,VGND,li1,57.2700,206.4280,0.000119
TAP_TAPCELL_ROW_71_964,VGND,li1,31.5100,206.4280,0.000100
TAP_TAPCELL_ROW_70_963,VGND,li1,276.2300,201.5710,0.000065
TAP_TAPCELL_ROW_70_962,VGND,li1,250.4700,201.5710,0.000094
TAP_TAPCELL_ROW_70_961,VGND,li1,224.7100,201.5710,0.000096
TAP_TAPCELL_ROW_70_960,VGND,li1,198.9500,201.5710,0.000138
TAP_TAPCELL_ROW_70_959,VGND,li1,173.1900,201.5710,0.000104
TAP_TAPCELL_ROW_70_958,VGND,li1,147.4300,201.5710,0.000111
TAP_TAPCELL_ROW_70_957,VGND,li1,121.6700,201.5710,0.000152
TAP_TAPCELL_ROW_70_956,VGND,li1,95.9100,201.5710,0.000171
TAP_TAPCELL_ROW_70_955,VGND,li1,70.1500,201.5710,0.000114
TAP_TAPCELL_ROW_70_954,VGND,li1,44.3900,201.5710,0.000066
TAP_TAPCELL_ROW_70_953,VGND,li1,18.6300,201.5710,0.000052
TAP_TAPCELL_ROW_69_952,VGND,li1,263.3500,200.9880,0.000094
TAP_TAPCELL_ROW_69_951,VGND,li1,237.5900,200.9880,0.000130
TAP_TAPCELL_ROW_69_950,VGND,li1,211.8300,200.9880,0.000166
TAP_TAPCELL_ROW_69_949,VGND,li1,186.0700,200.9880,0.000125
TAP_TAPCELL_ROW_69_948,VGND,li1,160.3100,200.9880,0.000077
TAP_TAPCELL_ROW_69_947,VGND,li1,134.5500,200.9880,0.000096
TAP_TAPCELL_ROW_69_946,VGND,li1,108.7900,200.9880,0.000151
TAP_TAPCELL_ROW_69_945,VGND,li1,83.0300,200.9880,0.000171
TAP_TAPCELL_ROW_69_944,VGND,li1,57.2700,200.9880,0.000113
TAP_TAPCELL_ROW_69_943,VGND,li1,31.5100,200.9880,0.000083
TAP_TAPCELL_ROW_68_942,VGND,li1,276.2300,196.1310,0.000044
TAP_TAPCELL_ROW_68_941,VGND,li1,250.4700,196.1310,0.000055
TAP_TAPCELL_ROW_68_940,VGND,li1,224.7100,196.1310,0.000039
TAP_TAPCELL_ROW_68_939,VGND,li1,198.9500,196.1310,0.000068
TAP_TAPCELL_ROW_68_938,VGND,li1,173.1900,196.1310,0.000076
TAP_TAPCELL_ROW_68_937,VGND,li1,147.4300,196.1310,0.000153
TAP_TAPCELL_ROW_68_936,VGND,li1,121.6700,196.1310,0.000158
TAP_TAPCELL_ROW_68_935,VGND,li1,95.9100,196.1310,0.000178
TAP_TAPCELL_ROW_68_934,VGND,li1,70.1500,196.1310,0.000129
TAP_TAPCELL_ROW_68_933,VGND,li1,44.3900,196.1310,0.000117
TAP_TAPCELL_ROW_68_932,VGND,li1,18.6300,196.1310,0.000102
TAP_TAPCELL_ROW_67_931,VGND,li1,263.3500,195.5480,0.000054
TAP_TAPCELL_ROW_67_930,VGND,li1,237.5900,195.5480,0.000064
TAP_TAPCELL_ROW_67_929,VGND,li1,211.8300,195.5480,0.000067
TAP_TAPCELL_ROW_67_928,VGND,li1,186.0700,195.5480,0.000072
TAP_TAPCELL_ROW_67_927,VGND,li1,160.3100,195.5480,0.000092
TAP_TAPCELL_ROW_67_926,VGND,li1,134.5500,195.5480,0.000108
TAP_TAPCELL_ROW_67_925,VGND,li1,108.7900,195.5480,0.000152
TAP_TAPCELL_ROW_67_924,VGND,li1,83.0300,195.5480,0.000183
TAP_TAPCELL_ROW_67_923,VGND,li1,57.2700,195.5480,0.000146
TAP_TAPCELL_ROW_67_922,VGND,li1,31.5100,195.5480,0.000167
TAP_TAPCELL_ROW_66_921,VGND,li1,276.2300,190.6910,0.000106
TAP_TAPCELL_ROW_66_920,VGND,li1,250.4700,190.6910,0.000048
TAP_TAPCELL_ROW_66_919,VGND,li1,224.7100,190.6910,0.000048
TAP_TAPCELL_ROW_66_918,VGND,li1,198.9500,190.6910,0.000113
TAP_TAPCELL_ROW_66_917,VGND,li1,173.1900,190.6910,0.000134
TAP_TAPCELL_ROW_66_916,VGND,li1,147.4300,190.6910,0.000274
TAP_TAPCELL_ROW_66_915,VGND,li1,121.6700,190.6910,0.000200
TAP_TAPCELL_ROW_66_914,VGND,li1,95.9100,190.6910,0.000182
TAP_TAPCELL_ROW_66_913,VGND,li1,70.1500,190.6910,0.000074
TAP_TAPCELL_ROW_66_912,VGND,li1,44.3900,190.6910,0.000036
TAP_TAPCELL_ROW_66_911,VGND,li1,18.6300,190.6910,0.000031
TAP_TAPCELL_ROW_65_910,VGND,li1,263.3500,190.1080,0.000093
TAP_TAPCELL_ROW_65_909,VGND,li1,237.5900,190.1080,0.000052
TAP_TAPCELL_ROW_65_908,VGND,li1,211.8300,190.1080,0.000113
TAP_TAPCELL_ROW_65_907,VGND,li1,186.0700,190.1080,0.000110
TAP_TAPCELL_ROW_65_906,VGND,li1,160.3100,190.1080,0.000200
TAP_TAPCELL_ROW_65_905,VGND,li1,134.5500,190.1080,0.000156
TAP_TAPCELL_ROW_65_904,VGND,li1,108.7900,190.1080,0.000155
TAP_TAPCELL_ROW_65_903,VGND,li1,83.0300,190.1080,0.000150
TAP_TAPCELL_ROW_65_902,VGND,li1,57.2700,190.1080,0.000067
TAP_TAPCELL_ROW_65_901,VGND,li1,31.5100,190.1080,0.000045
TAP_TAPCELL_ROW_64_900,VGND,li1,276.2300,185.2510,0.000055
TAP_TAPCELL_ROW_64_899,VGND,li1,250.4700,185.2510,0.000045
TAP_TAPCELL_ROW_64_898,VGND,li1,224.7100,185.2510,0.000057
TAP_TAPCELL_ROW_64_897,VGND,li1,198.9500,185.2510,0.000126
TAP_TAPCELL_ROW_64_896,VGND,li1,173.1900,185.2510,0.000163
TAP_TAPCELL_ROW_64_895,VGND,li1,147.4300,185.2510,0.000488
TAP_TAPCELL_ROW_64_894,VGND,li1,121.6700,185.2510,0.000304
TAP_TAPCELL_ROW_64_893,VGND,li1,95.9100,185.2510,0.000176
TAP_TAPCELL_ROW_64_892,VGND,li1,70.1500,185.2510,0.000078
TAP_TAPCELL_ROW_64_891,VGND,li1,44.3900,185.2510,0.000040
TAP_TAPCELL_ROW_64_890,VGND,li1,18.6300,185.2510,0.000044
TAP_TAPCELL_ROW_63_889,VGND,li1,263.3500,184.6680,0.000067
TAP_TAPCELL_ROW_63_888,VGND,li1,237.5900,184.6680,0.000055
TAP_TAPCELL_ROW_63_887,VGND,li1,211.8300,184.6680,0.000132
TAP_TAPCELL_ROW_63_886,VGND,li1,186.0700,184.6680,0.000128
TAP_TAPCELL_ROW_63_885,VGND,li1,160.3100,184.6680,0.000239
TAP_TAPCELL_ROW_63_884,VGND,li1,134.5500,184.6680,0.000282
TAP_TAPCELL_ROW_63_883,VGND,li1,108.7900,184.6680,0.000218
TAP_TAPCELL_ROW_63_882,VGND,li1,83.0300,184.6680,0.000128
TAP_TAPCELL_ROW_63_881,VGND,li1,57.2700,184.6680,0.000072
TAP_TAPCELL_ROW_63_880,VGND,li1,31.5100,184.6680,0.000047
TAP_TAPCELL_ROW_62_879,VGND,li1,276.2300,179.8110,0.000062
TAP_TAPCELL_ROW_62_878,VGND,li1,250.4700,179.8110,0.000074
TAP_TAPCELL_ROW_62_877,VGND,li1,224.7100,179.8110,0.000052
TAP_TAPCELL_ROW_62_876,VGND,li1,198.9500,179.8110,0.000072
TAP_TAPCELL_ROW_62_875,VGND,li1,173.1900,179.8110,0.000067
TAP_TAPCELL_ROW_62_874,VGND,li1,147.4300,179.8110,0.000171
TAP_TAPCELL_ROW_62_873,VGND,li1,121.6700,179.8110,0.000150
TAP_TAPCELL_ROW_62_872,VGND,li1,95.9100,179.8110,0.000107
TAP_TAPCELL_ROW_62_871,VGND,li1,70.1500,179.8110,0.000055
TAP_TAPCELL_ROW_62_870,VGND,li1,44.3900,179.8110,0.000047
TAP_TAPCELL_ROW_62_869,VGND,li1,18.6300,179.8110,0.000039
TAP_TAPCELL_ROW_61_868,VGND,li1,263.3500,179.2280,0.000095
TAP_TAPCELL_ROW_61_867,VGND,li1,237.5900,179.2280,0.000088
TAP_TAPCELL_ROW_61_866,VGND,li1,211.8300,179.2280,0.000081
TAP_TAPCELL_ROW_61_865,VGND,li1,186.0700,179.2280,0.000060
TAP_TAPCELL_ROW_61_864,VGND,li1,160.3100,179.2280,0.000097
TAP_TAPCELL_ROW_61_863,VGND,li1,134.5500,179.2280,0.000122
TAP_TAPCELL_ROW_61_862,VGND,li1,108.7900,179.2280,0.000122
TAP_TAPCELL_ROW_61_861,VGND,li1,83.0300,179.2280,0.000087
TAP_TAPCELL_ROW_61_860,VGND,li1,57.2700,179.2280,0.000060
TAP_TAPCELL_ROW_61_859,VGND,li1,31.5100,179.2280,0.000059
TAP_TAPCELL_ROW_60_858,VGND,li1,276.2300,174.3710,0.000040
TAP_TAPCELL_ROW_60_857,VGND,li1,250.4700,174.3710,0.000040
TAP_TAPCELL_ROW_60_856,VGND,li1,224.7100,174.3710,0.000037
TAP_TAPCELL_ROW_60_855,VGND,li1,198.9500,174.3710,0.000066
TAP_TAPCELL_ROW_60_854,VGND,li1,173.1900,174.3710,0.000063
TAP_TAPCELL_ROW_60_853,VGND,li1,147.4300,174.3710,0.000117
TAP_TAPCELL_ROW_60_852,VGND,li1,121.6700,174.3710,0.000088
TAP_TAPCELL_ROW_60_851,VGND,li1,95.9100,174.3710,0.000060
TAP_TAPCELL_ROW_60_850,VGND,li1,70.1500,174.3710,0.000046
TAP_TAPCELL_ROW_60_849,VGND,li1,44.3900,174.3710,0.000043
TAP_TAPCELL_ROW_60_848,VGND,li1,18.6300,174.3710,0.000038
TAP_TAPCELL_ROW_59_847,VGND,li1,263.3500,173.7880,0.000050
TAP_TAPCELL_ROW_59_846,VGND,li1,237.5900,173.7880,0.000050
TAP_TAPCELL_ROW_59_845,VGND,li1,211.8300,173.7880,0.000061
TAP_TAPCELL_ROW_59_844,VGND,li1,186.0700,173.7880,0.000065
TAP_TAPCELL_ROW_59_843,VGND,li1,160.3100,173.7880,0.000080
TAP_TAPCELL_ROW_59_842,VGND,li1,134.5500,173.7880,0.000070
TAP_TAPCELL_ROW_59_841,VGND,li1,108.7900,173.7880,0.000061
TAP_TAPCELL_ROW_59_840,VGND,li1,83.0300,173.7880,0.000055
TAP_TAPCELL_ROW_59_839,VGND,li1,57.2700,173.7880,0.000059
TAP_TAPCELL_ROW_59_838,VGND,li1,31.5100,173.7880,0.000054
TAP_TAPCELL_ROW_58_837,VGND,li1,276.2300,168.9310,0.000057
TAP_TAPCELL_ROW_58_836,VGND,li1,250.4700,168.9310,0.000035
TAP_TAPCELL_ROW_58_835,VGND,li1,224.7100,168.9310,0.000032
TAP_TAPCELL_ROW_58_834,VGND,li1,198.9500,168.9310,0.000051
TAP_TAPCELL_ROW_58_833,VGND,li1,173.1900,168.9310,0.000074
TAP_TAPCELL_ROW_58_832,VGND,li1,147.4300,168.9310,0.000063
TAP_TAPCELL_ROW_58_831,VGND,li1,121.6700,168.9310,0.000080
TAP_TAPCELL_ROW_58_830,VGND,li1,95.9100,168.9310,0.000087
TAP_TAPCELL_ROW_58_829,VGND,li1,70.1500,168.9310,0.000051
TAP_TAPCELL_ROW_58_828,VGND,li1,44.3900,168.9310,0.000040
TAP_TAPCELL_ROW_58_827,VGND,li1,18.6300,168.9310,0.000049
TAP_TAPCELL_ROW_57_826,VGND,li1,263.3500,168.3480,0.000049
TAP_TAPCELL_ROW_57_825,VGND,li1,237.5900,168.3480,0.000041
TAP_TAPCELL_ROW_57_824,VGND,li1,211.8300,168.3480,0.000053
TAP_TAPCELL_ROW_57_823,VGND,li1,186.0700,168.3480,0.000072
TAP_TAPCELL_ROW_57_822,VGND,li1,160.3100,168.3480,0.000056
TAP_TAPCELL_ROW_57_821,VGND,li1,134.5500,168.3480,0.000052
TAP_TAPCELL_ROW_57_820,VGND,li1,108.7900,168.3480,0.000076
TAP_TAPCELL_ROW_57_819,VGND,li1,83.0300,168.3480,0.000074
TAP_TAPCELL_ROW_57_818,VGND,li1,57.2700,168.3480,0.000057
TAP_TAPCELL_ROW_57_817,VGND,li1,31.5100,168.3480,0.000067
TAP_TAPCELL_ROW_56_816,VGND,li1,276.2300,163.4910,0.000139
TAP_TAPCELL_ROW_56_815,VGND,li1,250.4700,163.4910,0.000078
TAP_TAPCELL_ROW_56_814,VGND,li1,224.7100,163.4910,0.000036
TAP_TAPCELL_ROW_56_813,VGND,li1,198.9500,163.4910,0.000063
TAP_TAPCELL_ROW_56_812,VGND,li1,173.1900,163.4910,0.000063
TAP_TAPCELL_ROW_56_811,VGND,li1,147.4300,163.4910,0.000027
TAP_TAPCELL_ROW_56_810,VGND,li1,121.6700,163.4910,0.000021
TAP_TAPCELL_ROW_56_809,VGND,li1,95.9100,163.4910,0.000027
TAP_TAPCELL_ROW_56_808,VGND,li1,70.1500,163.4910,0.000026
TAP_TAPCELL_ROW_56_807,VGND,li1,44.3900,163.4910,0.000018
TAP_TAPCELL_ROW_56_806,VGND,li1,18.6300,163.4910,0.000021
TAP_TAPCELL_ROW_55_805,VGND,li1,263.3500,162.9080,0.000151
TAP_TAPCELL_ROW_55_804,VGND,li1,237.5900,162.9080,0.000060
TAP_TAPCELL_ROW_55_803,VGND,li1,211.8300,162.9080,0.000062
TAP_TAPCELL_ROW_55_802,VGND,li1,186.0700,162.9080,0.000074
TAP_TAPCELL_ROW_55_801,VGND,li1,160.3100,162.9080,0.000032
TAP_TAPCELL_ROW_55_800,VGND,li1,134.5500,162.9080,0.000018
TAP_TAPCELL_ROW_55_799,VGND,li1,108.7900,162.9080,0.000019
TAP_TAPCELL_ROW_55_798,VGND,li1,83.0300,162.9080,0.000028
TAP_TAPCELL_ROW_55_797,VGND,li1,57.2700,162.9080,0.000029
TAP_TAPCELL_ROW_55_796,VGND,li1,31.5100,162.9080,0.000024
TAP_TAPCELL_ROW_54_795,VGND,li1,276.2300,158.0510,0.000061
TAP_TAPCELL_ROW_54_794,VGND,li1,250.4700,158.0510,0.000035
TAP_TAPCELL_ROW_54_793,VGND,li1,224.7100,158.0510,0.000024
TAP_TAPCELL_ROW_54_792,VGND,li1,198.9500,158.0510,0.000048
TAP_TAPCELL_ROW_54_791,VGND,li1,173.1900,158.0510,0.000048
TAP_TAPCELL_ROW_54_790,VGND,li1,147.4300,158.0510,0.000063
TAP_TAPCELL_ROW_54_789,VGND,li1,121.6700,158.0510,0.000062
TAP_TAPCELL_ROW_54_788,VGND,li1,95.9100,158.0510,0.000069
TAP_TAPCELL_ROW_54_787,VGND,li1,70.1500,158.0510,0.000049
TAP_TAPCELL_ROW_54_786,VGND,li1,44.3900,158.0510,0.000021
TAP_TAPCELL_ROW_54_785,VGND,li1,18.6300,158.0510,0.000021
TAP_TAPCELL_ROW_53_784,VGND,li1,263.3500,157.4680,0.000072
TAP_TAPCELL_ROW_53_783,VGND,li1,237.5900,157.4680,0.000031
TAP_TAPCELL_ROW_53_782,VGND,li1,211.8300,157.4680,0.000040
TAP_TAPCELL_ROW_53_781,VGND,li1,186.0700,157.4680,0.000046
TAP_TAPCELL_ROW_53_780,VGND,li1,160.3100,157.4680,0.000051
TAP_TAPCELL_ROW_53_779,VGND,li1,134.5500,157.4680,0.000041
TAP_TAPCELL_ROW_53_778,VGND,li1,108.7900,157.4680,0.000061
TAP_TAPCELL_ROW_53_777,VGND,li1,83.0300,157.4680,0.000063
TAP_TAPCELL_ROW_53_776,VGND,li1,57.2700,157.4680,0.000039
TAP_TAPCELL_ROW_53_775,VGND,li1,31.5100,157.4680,0.000026
TAP_TAPCELL_ROW_52_774,VGND,li1,276.2300,152.6110,0.000044
TAP_TAPCELL_ROW_52_773,VGND,li1,250.4700,152.6110,0.000031
TAP_TAPCELL_ROW_52_772,VGND,li1,224.7100,152.6110,0.000023
TAP_TAPCELL_ROW_52_771,VGND,li1,198.9500,152.6110,0.000024
TAP_TAPCELL_ROW_52_770,VGND,li1,173.1900,152.6110,0.000034
TAP_TAPCELL_ROW_52_769,VGND,li1,147.4300,152.6110,0.000080
TAP_TAPCELL_ROW_52_768,VGND,li1,121.6700,152.6110,0.000075
TAP_TAPCELL_ROW_52_767,VGND,li1,95.9100,152.6110,0.000053
TAP_TAPCELL_ROW_52_766,VGND,li1,70.1500,152.6110,0.000040
TAP_TAPCELL_ROW_52_765,VGND,li1,44.3900,152.6110,0.000024
TAP_TAPCELL_ROW_52_764,VGND,li1,18.6300,152.6110,0.000024
TAP_TAPCELL_ROW_51_763,VGND,li1,263.3500,152.0280,0.000048
TAP_TAPCELL_ROW_51_762,VGND,li1,237.5900,152.0280,0.000034
TAP_TAPCELL_ROW_51_761,VGND,li1,211.8300,152.0280,0.000027
TAP_TAPCELL_ROW_51_760,VGND,li1,186.0700,152.0280,0.000031
TAP_TAPCELL_ROW_51_759,VGND,li1,160.3100,152.0280,0.000047
TAP_TAPCELL_ROW_51_758,VGND,li1,134.5500,152.0280,0.000054
TAP_TAPCELL_ROW_51_757,VGND,li1,108.7900,152.0280,0.000049
TAP_TAPCELL_ROW_51_756,VGND,li1,83.0300,152.0280,0.000054
TAP_TAPCELL_ROW_51_755,VGND,li1,57.2700,152.0280,0.000036
TAP_TAPCELL_ROW_51_754,VGND,li1,31.5100,152.0280,0.000032
TAP_TAPCELL_ROW_50_753,VGND,li1,276.2300,147.1710,0.000053
TAP_TAPCELL_ROW_50_752,VGND,li1,250.4700,147.1710,0.000032
TAP_TAPCELL_ROW_50_751,VGND,li1,224.7100,147.1710,0.000022
TAP_TAPCELL_ROW_50_750,VGND,li1,198.9500,147.1710,0.000024
TAP_TAPCELL_ROW_50_749,VGND,li1,173.1900,147.1710,0.000022
TAP_TAPCELL_ROW_50_748,VGND,li1,147.4300,147.1710,0.000030
TAP_TAPCELL_ROW_50_747,VGND,li1,121.6700,147.1710,0.000029
TAP_TAPCELL_ROW_50_746,VGND,li1,95.9100,147.1710,0.000034
TAP_TAPCELL_ROW_50_745,VGND,li1,70.1500,147.1710,0.000043
TAP_TAPCELL_ROW_50_744,VGND,li1,44.3900,147.1710,0.000026
TAP_TAPCELL_ROW_50_743,VGND,li1,18.6300,147.1710,0.000043
TAP_TAPCELL_ROW_49_742,VGND,li1,263.3500,146.5880,0.000050
TAP_TAPCELL_ROW_49_741,VGND,li1,237.5900,146.5880,0.000038
TAP_TAPCELL_ROW_49_740,VGND,li1,211.8300,146.5880,0.000030
TAP_TAPCELL_ROW_49_739,VGND,li1,186.0700,146.5880,0.000021
TAP_TAPCELL_ROW_49_738,VGND,li1,160.3100,146.5880,0.000024
TAP_TAPCELL_ROW_49_737,VGND,li1,134.5500,146.5880,0.000020
TAP_TAPCELL_ROW_49_736,VGND,li1,108.7900,146.5880,0.000026
TAP_TAPCELL_ROW_49_735,VGND,li1,83.0300,146.5880,0.000043
TAP_TAPCELL_ROW_49_734,VGND,li1,57.2700,146.5880,0.000038
TAP_TAPCELL_ROW_49_733,VGND,li1,31.5100,146.5880,0.000046
TAP_TAPCELL_ROW_48_732,VGND,li1,276.2300,141.7310,0.000043
TAP_TAPCELL_ROW_48_731,VGND,li1,250.4700,141.7310,0.000035
TAP_TAPCELL_ROW_48_730,VGND,li1,224.7100,141.7310,0.000029
TAP_TAPCELL_ROW_48_729,VGND,li1,198.9500,141.7310,0.000024
TAP_TAPCELL_ROW_48_728,VGND,li1,173.1900,141.7310,0.000023
TAP_TAPCELL_ROW_48_727,VGND,li1,147.4300,141.7310,0.000027
TAP_TAPCELL_ROW_48_726,VGND,li1,121.6700,141.7310,0.000024
TAP_TAPCELL_ROW_48_725,VGND,li1,95.9100,141.7310,0.000029
TAP_TAPCELL_ROW_48_724,VGND,li1,70.1500,141.7310,0.000029
TAP_TAPCELL_ROW_48_723,VGND,li1,44.3900,141.7310,0.000025
TAP_TAPCELL_ROW_48_722,VGND,li1,18.6300,141.7310,0.000042
TAP_TAPCELL_ROW_47_721,VGND,li1,263.3500,141.1480,0.000050
TAP_TAPCELL_ROW_47_720,VGND,li1,237.5900,141.1480,0.000042
TAP_TAPCELL_ROW_47_719,VGND,li1,211.8300,141.1480,0.000030
TAP_TAPCELL_ROW_47_718,VGND,li1,186.0700,141.1480,0.000029
TAP_TAPCELL_ROW_47_717,VGND,li1,160.3100,141.1480,0.000018
TAP_TAPCELL_ROW_47_716,VGND,li1,134.5500,141.1480,0.000017
TAP_TAPCELL_ROW_47_715,VGND,li1,108.7900,141.1480,0.000021
TAP_TAPCELL_ROW_47_714,VGND,li1,83.0300,141.1480,0.000034
TAP_TAPCELL_ROW_47_713,VGND,li1,57.2700,141.1480,0.000032
TAP_TAPCELL_ROW_47_712,VGND,li1,31.5100,141.1480,0.000048
TAP_TAPCELL_ROW_46_711,VGND,li1,276.2300,136.2910,0.000042
TAP_TAPCELL_ROW_46_710,VGND,li1,250.4700,136.2910,0.000032
TAP_TAPCELL_ROW_46_709,VGND,li1,224.7100,136.2910,0.000036
TAP_TAPCELL_ROW_46_708,VGND,li1,198.9500,136.2910,0.000070
TAP_TAPCELL_ROW_46_707,VGND,li1,173.1900,136.2910,0.000042
TAP_TAPCELL_ROW_46_706,VGND,li1,147.4300,136.2910,0.000030
TAP_TAPCELL_ROW_46_705,VGND,li1,121.6700,136.2910,0.000043
TAP_TAPCELL_ROW_46_704,VGND,li1,95.9100,136.2910,0.000073
TAP_TAPCELL_ROW_46_703,VGND,li1,70.1500,136.2910,0.000048
TAP_TAPCELL_ROW_46_702,VGND,li1,44.3900,136.2910,0.000038
TAP_TAPCELL_ROW_46_701,VGND,li1,18.6300,136.2910,0.000063
TAP_TAPCELL_ROW_45_700,VGND,li1,263.3500,135.7080,0.000046
TAP_TAPCELL_ROW_45_699,VGND,li1,237.5900,135.7080,0.000042
TAP_TAPCELL_ROW_45_698,VGND,li1,211.8300,135.7080,0.000064
TAP_TAPCELL_ROW_45_697,VGND,li1,186.0700,135.7080,0.000054
TAP_TAPCELL_ROW_45_696,VGND,li1,160.3100,135.7080,0.000024
TAP_TAPCELL_ROW_45_695,VGND,li1,134.5500,135.7080,0.000027
TAP_TAPCELL_ROW_45_694,VGND,li1,108.7900,135.7080,0.000045
TAP_TAPCELL_ROW_45_693,VGND,li1,83.0300,135.7080,0.000059
TAP_TAPCELL_ROW_45_692,VGND,li1,57.2700,135.7080,0.000050
TAP_TAPCELL_ROW_45_691,VGND,li1,31.5100,135.7080,0.000069
TAP_TAPCELL_ROW_44_690,VGND,li1,276.2300,130.8510,0.000039
TAP_TAPCELL_ROW_44_689,VGND,li1,250.4700,130.8510,0.000049
TAP_TAPCELL_ROW_44_688,VGND,li1,224.7100,130.8510,0.000049
TAP_TAPCELL_ROW_44_687,VGND,li1,198.9500,130.8510,0.000029
TAP_TAPCELL_ROW_44_686,VGND,li1,173.1900,130.8510,0.000037
TAP_TAPCELL_ROW_44_685,VGND,li1,147.4300,130.8510,0.000036
TAP_TAPCELL_ROW_44_684,VGND,li1,121.6700,130.8510,0.000043
TAP_TAPCELL_ROW_44_683,VGND,li1,95.9100,130.8510,0.000069
TAP_TAPCELL_ROW_44_682,VGND,li1,70.1500,130.8510,0.000052
TAP_TAPCELL_ROW_44_681,VGND,li1,44.3900,130.8510,0.000033
TAP_TAPCELL_ROW_44_680,VGND,li1,18.6300,130.8510,0.000038
TAP_TAPCELL_ROW_43_679,VGND,li1,263.3500,130.2680,0.000053
TAP_TAPCELL_ROW_43_678,VGND,li1,237.5900,130.2680,0.000077
TAP_TAPCELL_ROW_43_677,VGND,li1,211.8300,130.2680,0.000039
TAP_TAPCELL_ROW_43_676,VGND,li1,186.0700,130.2680,0.000036
TAP_TAPCELL_ROW_43_675,VGND,li1,160.3100,130.2680,0.000030
TAP_TAPCELL_ROW_43_674,VGND,li1,134.5500,130.2680,0.000026
TAP_TAPCELL_ROW_43_673,VGND,li1,108.7900,130.2680,0.000041
TAP_TAPCELL_ROW_43_672,VGND,li1,83.0300,130.2680,0.000083
TAP_TAPCELL_ROW_43_671,VGND,li1,57.2700,130.2680,0.000052
TAP_TAPCELL_ROW_43_670,VGND,li1,31.5100,130.2680,0.000049
TAP_TAPCELL_ROW_42_669,VGND,li1,276.2300,125.4110,0.000018
TAP_TAPCELL_ROW_42_668,VGND,li1,250.4700,125.4110,0.000029
TAP_TAPCELL_ROW_42_667,VGND,li1,224.7100,125.4110,0.000040
TAP_TAPCELL_ROW_42_666,VGND,li1,198.9500,125.4110,0.000066
TAP_TAPCELL_ROW_42_665,VGND,li1,173.1900,125.4110,0.000059
TAP_TAPCELL_ROW_42_664,VGND,li1,147.4300,125.4110,0.000053
TAP_TAPCELL_ROW_42_663,VGND,li1,121.6700,125.4110,0.000072
TAP_TAPCELL_ROW_42_662,VGND,li1,95.9100,125.4110,0.000044
TAP_TAPCELL_ROW_42_661,VGND,li1,70.1500,125.4110,0.000036
TAP_TAPCELL_ROW_42_660,VGND,li1,44.3900,125.4110,0.000036
TAP_TAPCELL_ROW_42_659,VGND,li1,18.6300,125.4110,0.000034
TAP_TAPCELL_ROW_41_658,VGND,li1,263.3500,124.8280,0.000025
TAP_TAPCELL_ROW_41_657,VGND,li1,237.5900,124.8280,0.000042
TAP_TAPCELL_ROW_41_656,VGND,li1,211.8300,124.8280,0.000087
TAP_TAPCELL_ROW_41_655,VGND,li1,186.0700,124.8280,0.000056
TAP_TAPCELL_ROW_41_654,VGND,li1,160.3100,124.8280,0.000053
TAP_TAPCELL_ROW_41_653,VGND,li1,134.5500,124.8280,0.000040
TAP_TAPCELL_ROW_41_652,VGND,li1,108.7900,124.8280,0.000047
TAP_TAPCELL_ROW_41_651,VGND,li1,83.0300,124.8280,0.000042
TAP_TAPCELL_ROW_41_650,VGND,li1,57.2700,124.8280,0.000046
TAP_TAPCELL_ROW_41_649,VGND,li1,31.5100,124.8280,0.000049
TAP_TAPCELL_ROW_40_648,VGND,li1,276.2300,119.9710,0.000040
TAP_TAPCELL_ROW_40_647,VGND,li1,250.4700,119.9710,0.000034
TAP_TAPCELL_ROW_40_646,VGND,li1,224.7100,119.9710,0.000032
TAP_TAPCELL_ROW_40_645,VGND,li1,198.9500,119.9710,0.000041
TAP_TAPCELL_ROW_40_644,VGND,li1,173.1900,119.9710,0.000052
TAP_TAPCELL_ROW_40_643,VGND,li1,147.4300,119.9710,0.000045
TAP_TAPCELL_ROW_40_642,VGND,li1,121.6700,119.9710,0.000039
TAP_TAPCELL_ROW_40_641,VGND,li1,95.9100,119.9710,0.000076
TAP_TAPCELL_ROW_40_640,VGND,li1,70.1500,119.9710,0.000049
TAP_TAPCELL_ROW_40_639,VGND,li1,44.3900,119.9710,0.000028
TAP_TAPCELL_ROW_40_638,VGND,li1,18.6300,119.9710,0.000030
TAP_TAPCELL_ROW_39_637,VGND,li1,263.3500,119.3880,0.000038
TAP_TAPCELL_ROW_39_636,VGND,li1,237.5900,119.3880,0.000048
TAP_TAPCELL_ROW_39_635,VGND,li1,211.8300,119.3880,0.000048
TAP_TAPCELL_ROW_39_634,VGND,li1,186.0700,119.3880,0.000046
TAP_TAPCELL_ROW_39_633,VGND,li1,160.3100,119.3880,0.000048
TAP_TAPCELL_ROW_39_632,VGND,li1,134.5500,119.3880,0.000025
TAP_TAPCELL_ROW_39_631,VGND,li1,108.7900,119.3880,0.000043
TAP_TAPCELL_ROW_39_630,VGND,li1,83.0300,119.3880,0.000079
TAP_TAPCELL_ROW_39_629,VGND,li1,57.2700,119.3880,0.000045
TAP_TAPCELL_ROW_39_628,VGND,li1,31.5100,119.3880,0.000040
TAP_TAPCELL_ROW_38_627,VGND,li1,276.2300,114.5310,0.000027
TAP_TAPCELL_ROW_38_626,VGND,li1,250.4700,114.5310,0.000034
TAP_TAPCELL_ROW_38_625,VGND,li1,224.7100,114.5310,0.000034
TAP_TAPCELL_ROW_38_624,VGND,li1,198.9500,114.5310,0.000041
TAP_TAPCELL_ROW_38_623,VGND,li1,173.1900,114.5310,0.000038
TAP_TAPCELL_ROW_38_622,VGND,li1,147.4300,114.5310,0.000036
TAP_TAPCELL_ROW_38_621,VGND,li1,121.6700,114.5310,0.000066
TAP_TAPCELL_ROW_38_620,VGND,li1,95.9100,114.5310,0.000112
TAP_TAPCELL_ROW_38_619,VGND,li1,70.1500,114.5310,0.000063
TAP_TAPCELL_ROW_38_618,VGND,li1,44.3900,114.5310,0.000033
TAP_TAPCELL_ROW_38_617,VGND,li1,18.6300,114.5310,0.000036
TAP_TAPCELL_ROW_37_616,VGND,li1,263.3500,113.9480,0.000032
TAP_TAPCELL_ROW_37_615,VGND,li1,237.5900,113.9480,0.000044
TAP_TAPCELL_ROW_37_614,VGND,li1,211.8300,113.9480,0.000048
TAP_TAPCELL_ROW_37_613,VGND,li1,186.0700,113.9480,0.000040
TAP_TAPCELL_ROW_37_612,VGND,li1,160.3100,113.9480,0.000031
TAP_TAPCELL_ROW_37_611,VGND,li1,134.5500,113.9480,0.000032
TAP_TAPCELL_ROW_37_610,VGND,li1,108.7900,113.9480,0.000077
TAP_TAPCELL_ROW_37_609,VGND,li1,83.0300,113.9480,0.000104
TAP_TAPCELL_ROW_37_608,VGND,li1,57.2700,113.9480,0.000059
TAP_TAPCELL_ROW_37_607,VGND,li1,31.5100,113.9480,0.000045
TAP_TAPCELL_ROW_36_606,VGND,li1,276.2300,109.0910,0.000035
TAP_TAPCELL_ROW_36_605,VGND,li1,250.4700,109.0910,0.000019
TAP_TAPCELL_ROW_36_604,VGND,li1,224.7100,109.0910,0.000017
TAP_TAPCELL_ROW_36_603,VGND,li1,198.9500,109.0910,0.000032
TAP_TAPCELL_ROW_36_602,VGND,li1,173.1900,109.0910,0.000040
TAP_TAPCELL_ROW_36_601,VGND,li1,147.4300,109.0910,0.000025
TAP_TAPCELL_ROW_36_600,VGND,li1,121.6700,109.0910,0.000030
TAP_TAPCELL_ROW_36_599,VGND,li1,95.9100,109.0910,0.000054
TAP_TAPCELL_ROW_36_598,VGND,li1,70.1500,109.0910,0.000050
TAP_TAPCELL_ROW_36_597,VGND,li1,44.3900,109.0910,0.000028
TAP_TAPCELL_ROW_36_596,VGND,li1,18.6300,109.0910,0.000036
TAP_TAPCELL_ROW_35_595,VGND,li1,263.3500,108.5080,0.000030
TAP_TAPCELL_ROW_35_594,VGND,li1,237.5900,108.5080,0.000020
TAP_TAPCELL_ROW_35_593,VGND,li1,211.8300,108.5080,0.000030
TAP_TAPCELL_ROW_35_592,VGND,li1,186.0700,108.5080,0.000045
TAP_TAPCELL_ROW_35_591,VGND,li1,160.3100,108.5080,0.000030
TAP_TAPCELL_ROW_35_590,VGND,li1,134.5500,108.5080,0.000016
TAP_TAPCELL_ROW_35_589,VGND,li1,108.7900,108.5080,0.000034
TAP_TAPCELL_ROW_35_588,VGND,li1,83.0300,108.5080,0.000069
TAP_TAPCELL_ROW_35_587,VGND,li1,57.2700,108.5080,0.000051
TAP_TAPCELL_ROW_35_586,VGND,li1,31.5100,108.5080,0.000042
TAP_TAPCELL_ROW_34_585,VGND,li1,276.2300,103.6510,0.000058
TAP_TAPCELL_ROW_34_584,VGND,li1,250.4700,103.6510,0.000047
TAP_TAPCELL_ROW_34_583,VGND,li1,224.7100,103.6510,0.000057
TAP_TAPCELL_ROW_34_582,VGND,li1,198.9500,103.6510,0.000060
TAP_TAPCELL_ROW_34_581,VGND,li1,173.1900,103.6510,0.000027
TAP_TAPCELL_ROW_34_580,VGND,li1,147.4300,103.6510,0.000023
TAP_TAPCELL_ROW_34_579,VGND,li1,121.6700,103.6510,0.000019
TAP_TAPCELL_ROW_34_578,VGND,li1,95.9100,103.6510,0.000024
TAP_TAPCELL_ROW_34_577,VGND,li1,70.1500,103.6510,0.000037
TAP_TAPCELL_ROW_34_576,VGND,li1,44.3900,103.6510,0.000039
TAP_TAPCELL_ROW_34_575,VGND,li1,18.6300,103.6510,0.000075
TAP_TAPCELL_ROW_33_574,VGND,li1,263.3500,103.0680,0.000065
TAP_TAPCELL_ROW_33_573,VGND,li1,237.5900,103.0680,0.000062
TAP_TAPCELL_ROW_33_572,VGND,li1,211.8300,103.0680,0.000123
TAP_TAPCELL_ROW_33_571,VGND,li1,186.0700,103.0680,0.000039
TAP_TAPCELL_ROW_33_570,VGND,li1,160.3100,103.0680,0.000019
TAP_TAPCELL_ROW_33_569,VGND,li1,134.5500,103.0680,0.000013
TAP_TAPCELL_ROW_33_568,VGND,li1,108.7900,103.0680,0.000018
TAP_TAPCELL_ROW_33_567,VGND,li1,83.0300,103.0680,0.000032
TAP_TAPCELL_ROW_33_566,VGND,li1,57.2700,103.0680,0.000050
TAP_TAPCELL_ROW_33_565,VGND,li1,31.5100,103.0680,0.000082
TAP_TAPCELL_ROW_32_564,VGND,li1,276.2300,98.2110,0.000052
TAP_TAPCELL_ROW_32_563,VGND,li1,250.4700,98.2110,0.000022
TAP_TAPCELL_ROW_32_562,VGND,li1,224.7100,98.2110,0.000013
TAP_TAPCELL_ROW_32_561,VGND,li1,198.9500,98.2110,0.000027
TAP_TAPCELL_ROW_32_560,VGND,li1,173.1900,98.2110,0.000030
TAP_TAPCELL_ROW_32_559,VGND,li1,147.4300,98.2110,0.000025
TAP_TAPCELL_ROW_32_558,VGND,li1,121.6700,98.2110,0.000046
TAP_TAPCELL_ROW_32_557,VGND,li1,95.9100,98.2110,0.000077
TAP_TAPCELL_ROW_32_556,VGND,li1,70.1500,98.2110,0.000046
TAP_TAPCELL_ROW_32_555,VGND,li1,44.3900,98.2110,0.000038
TAP_TAPCELL_ROW_32_554,VGND,li1,18.6300,98.2110,0.000047
TAP_TAPCELL_ROW_31_553,VGND,li1,263.3500,97.6280,0.000047
TAP_TAPCELL_ROW_31_552,VGND,li1,237.5900,97.6280,0.000018
TAP_TAPCELL_ROW_31_551,VGND,li1,211.8300,97.6280,0.000021
TAP_TAPCELL_ROW_31_550,VGND,li1,186.0700,97.6280,0.000044
TAP_TAPCELL_ROW_31_549,VGND,li1,160.3100,97.6280,0.000021
TAP_TAPCELL_ROW_31_548,VGND,li1,134.5500,97.6280,0.000021
TAP_TAPCELL_ROW_31_547,VGND,li1,108.7900,97.6280,0.000051
TAP_TAPCELL_ROW_31_546,VGND,li1,83.0300,97.6280,0.000065
TAP_TAPCELL_ROW_31_545,VGND,li1,57.2700,97.6280,0.000052
TAP_TAPCELL_ROW_31_544,VGND,li1,31.5100,97.6280,0.000059
TAP_TAPCELL_ROW_30_543,VGND,li1,276.2300,92.7710,0.000060
TAP_TAPCELL_ROW_30_542,VGND,li1,250.4700,92.7710,0.000036
TAP_TAPCELL_ROW_30_541,VGND,li1,224.7100,92.7710,0.000016
TAP_TAPCELL_ROW_30_540,VGND,li1,198.9500,92.7710,0.000014
TAP_TAPCELL_ROW_30_539,VGND,li1,173.1900,92.7710,0.000015
TAP_TAPCELL_ROW_30_538,VGND,li1,147.4300,92.7710,0.000012
TAP_TAPCELL_ROW_30_537,VGND,li1,121.6700,92.7710,0.000024
TAP_TAPCELL_ROW_30_536,VGND,li1,95.9100,92.7710,0.000064
TAP_TAPCELL_ROW_30_535,VGND,li1,70.1500,92.7710,0.000052
TAP_TAPCELL_ROW_30_534,VGND,li1,44.3900,92.7710,0.000048
TAP_TAPCELL_ROW_30_533,VGND,li1,18.6300,92.7710,0.000038
TAP_TAPCELL_ROW_29_532,VGND,li1,263.3500,92.1880,0.000060
TAP_TAPCELL_ROW_29_531,VGND,li1,237.5900,92.1880,0.000028
TAP_TAPCELL_ROW_29_530,VGND,li1,211.8300,92.1880,0.000019
TAP_TAPCELL_ROW_29_529,VGND,li1,186.0700,92.1880,0.000018
TAP_TAPCELL_ROW_29_528,VGND,li1,160.3100,92.1880,0.000011
TAP_TAPCELL_ROW_29_527,VGND,li1,134.5500,92.1880,0.000011
TAP_TAPCELL_ROW_29_526,VGND,li1,108.7900,92.1880,0.000033
TAP_TAPCELL_ROW_29_525,VGND,li1,83.0300,92.1880,0.000067
TAP_TAPCELL_ROW_29_524,VGND,li1,57.2700,92.1880,0.000064
TAP_TAPCELL_ROW_29_523,VGND,li1,31.5100,92.1880,0.000059
TAP_TAPCELL_ROW_28_522,VGND,li1,276.2300,87.3310,0.000107
TAP_TAPCELL_ROW_28_521,VGND,li1,250.4700,87.3310,0.000058
TAP_TAPCELL_ROW_28_520,VGND,li1,224.7100,87.3310,0.000038
TAP_TAPCELL_ROW_28_519,VGND,li1,198.9500,87.3310,0.000034
TAP_TAPCELL_ROW_28_518,VGND,li1,173.1900,87.3310,0.000024
TAP_TAPCELL_ROW_28_517,VGND,li1,147.4300,87.3310,0.000023
TAP_TAPCELL_ROW_28_516,VGND,li1,121.6700,87.3310,0.000031
TAP_TAPCELL_ROW_28_515,VGND,li1,95.9100,87.3310,0.000042
TAP_TAPCELL_ROW_28_514,VGND,li1,70.1500,87.3310,0.000047
TAP_TAPCELL_ROW_28_513,VGND,li1,44.3900,87.3310,0.000036
TAP_TAPCELL_ROW_28_512,VGND,li1,18.6300,87.3310,0.000030
TAP_TAPCELL_ROW_27_511,VGND,li1,263.3500,86.7480,0.000094
TAP_TAPCELL_ROW_27_510,VGND,li1,237.5900,86.7480,0.000056
TAP_TAPCELL_ROW_27_509,VGND,li1,211.8300,86.7480,0.000044
TAP_TAPCELL_ROW_27_508,VGND,li1,186.0700,86.7480,0.000025
TAP_TAPCELL_ROW_27_507,VGND,li1,160.3100,86.7480,0.000021
TAP_TAPCELL_ROW_27_506,VGND,li1,134.5500,86.7480,0.000018
TAP_TAPCELL_ROW_27_505,VGND,li1,108.7900,86.7480,0.000028
TAP_TAPCELL_ROW_27_504,VGND,li1,83.0300,86.7480,0.000051
TAP_TAPCELL_ROW_27_503,VGND,li1,57.2700,86.7480,0.000056
TAP_TAPCELL_ROW_27_502,VGND,li1,31.5100,86.7480,0.000040
TAP_TAPCELL_ROW_26_501,VGND,li1,276.2300,81.8910,0.000022
TAP_TAPCELL_ROW_26_500,VGND,li1,250.4700,81.8910,0.000020
TAP_TAPCELL_ROW_26_499,VGND,li1,224.7100,81.8910,0.000015
TAP_TAPCELL_ROW_26_498,VGND,li1,198.9500,81.8910,0.000022
TAP_TAPCELL_ROW_26_497,VGND,li1,173.1900,81.8910,0.000032
TAP_TAPCELL_ROW_26_496,VGND,li1,147.4300,81.8910,0.000045
TAP_TAPCELL_ROW_26_495,VGND,li1,121.6700,81.8910,0.000085
TAP_TAPCELL_ROW_26_494,VGND,li1,95.9100,81.8910,0.000080
TAP_TAPCELL_ROW_26_493,VGND,li1,70.1500,81.8910,0.000053
TAP_TAPCELL_ROW_26_492,VGND,li1,44.3900,81.8910,0.000033
TAP_TAPCELL_ROW_26_491,VGND,li1,18.6300,81.8910,0.000035
TAP_TAPCELL_ROW_25_490,VGND,li1,263.3500,81.3080,0.000020
TAP_TAPCELL_ROW_25_489,VGND,li1,237.5900,81.3080,0.000027
TAP_TAPCELL_ROW_25_488,VGND,li1,211.8300,81.3080,0.000025
TAP_TAPCELL_ROW_25_487,VGND,li1,186.0700,81.3080,0.000025
TAP_TAPCELL_ROW_25_486,VGND,li1,160.3100,81.3080,0.000034
TAP_TAPCELL_ROW_25_485,VGND,li1,134.5500,81.3080,0.000038
TAP_TAPCELL_ROW_25_484,VGND,li1,108.7900,81.3080,0.000072
TAP_TAPCELL_ROW_25_483,VGND,li1,83.0300,81.3080,0.000072
TAP_TAPCELL_ROW_25_482,VGND,li1,57.2700,81.3080,0.000054
TAP_TAPCELL_ROW_25_481,VGND,li1,31.5100,81.3080,0.000047
TAP_TAPCELL_ROW_24_480,VGND,li1,276.2300,76.4510,0.000009
TAP_TAPCELL_ROW_24_479,VGND,li1,250.4700,76.4510,0.000020
TAP_TAPCELL_ROW_24_478,VGND,li1,224.7100,76.4510,0.000014
TAP_TAPCELL_ROW_24_477,VGND,li1,198.9500,76.4510,0.000029
TAP_TAPCELL_ROW_24_476,VGND,li1,173.1900,76.4510,0.000047
TAP_TAPCELL_ROW_24_475,VGND,li1,147.4300,76.4510,0.000035
TAP_TAPCELL_ROW_24_474,VGND,li1,121.6700,76.4510,0.000033
TAP_TAPCELL_ROW_24_473,VGND,li1,95.9100,76.4510,0.000068
TAP_TAPCELL_ROW_24_472,VGND,li1,70.1500,76.4510,0.000060
TAP_TAPCELL_ROW_24_471,VGND,li1,44.3900,76.4510,0.000039
TAP_TAPCELL_ROW_24_470,VGND,li1,18.6300,76.4510,0.000048
TAP_TAPCELL_ROW_23_469,VGND,li1,263.3500,75.8680,0.000012
TAP_TAPCELL_ROW_23_468,VGND,li1,237.5900,75.8680,0.000022
TAP_TAPCELL_ROW_23_467,VGND,li1,211.8300,75.8680,0.000024
TAP_TAPCELL_ROW_23_466,VGND,li1,186.0700,75.8680,0.000047
TAP_TAPCELL_ROW_23_465,VGND,li1,160.3100,75.8680,0.000036
TAP_TAPCELL_ROW_23_464,VGND,li1,134.5500,75.8680,0.000022
TAP_TAPCELL_ROW_23_463,VGND,li1,108.7900,75.8680,0.000042
TAP_TAPCELL_ROW_23_462,VGND,li1,83.0300,75.8680,0.000077
TAP_TAPCELL_ROW_23_461,VGND,li1,57.2700,75.8680,0.000065
TAP_TAPCELL_ROW_23_460,VGND,li1,31.5100,75.8680,0.000062
TAP_TAPCELL_ROW_22_459,VGND,li1,276.2300,71.0110,0.000011
TAP_TAPCELL_ROW_22_458,VGND,li1,250.4700,71.0110,0.000016
TAP_TAPCELL_ROW_22_457,VGND,li1,224.7100,71.0110,0.000011
TAP_TAPCELL_ROW_22_456,VGND,li1,198.9500,71.0110,0.000021
TAP_TAPCELL_ROW_22_455,VGND,li1,173.1900,71.0110,0.000029
TAP_TAPCELL_ROW_22_454,VGND,li1,147.4300,71.0110,0.000040
TAP_TAPCELL_ROW_22_453,VGND,li1,121.6700,71.0110,0.000066
TAP_TAPCELL_ROW_22_452,VGND,li1,95.9100,71.0110,0.000087
TAP_TAPCELL_ROW_22_451,VGND,li1,70.1500,71.0110,0.000080
TAP_TAPCELL_ROW_22_450,VGND,li1,44.3900,71.0110,0.000054
TAP_TAPCELL_ROW_22_449,VGND,li1,18.6300,71.0110,0.000052
TAP_TAPCELL_ROW_21_448,VGND,li1,263.3500,70.4280,0.000015
TAP_TAPCELL_ROW_21_447,VGND,li1,237.5900,70.4280,0.000018
TAP_TAPCELL_ROW_21_446,VGND,li1,211.8300,70.4280,0.000020
TAP_TAPCELL_ROW_21_445,VGND,li1,186.0700,70.4280,0.000027
TAP_TAPCELL_ROW_21_444,VGND,li1,160.3100,70.4280,0.000030
TAP_TAPCELL_ROW_21_443,VGND,li1,134.5500,70.4280,0.000035
TAP_TAPCELL_ROW_21_442,VGND,li1,108.7900,70.4280,0.000063
TAP_TAPCELL_ROW_21_441,VGND,li1,83.0300,70.4280,0.000080
TAP_TAPCELL_ROW_21_440,VGND,li1,57.2700,70.4280,0.000092
TAP_TAPCELL_ROW_21_439,VGND,li1,31.5100,70.4280,0.000071
TAP_TAPCELL_ROW_20_438,VGND,li1,276.2300,65.5710,0.000062
TAP_TAPCELL_ROW_20_437,VGND,li1,250.4700,65.5710,0.000039
TAP_TAPCELL_ROW_20_436,VGND,li1,224.7100,65.5710,0.000026
TAP_TAPCELL_ROW_20_435,VGND,li1,198.9500,65.5710,0.000036
TAP_TAPCELL_ROW_20_434,VGND,li1,173.1900,65.5710,0.000064
TAP_TAPCELL_ROW_20_433,VGND,li1,147.4300,65.5710,0.000052
TAP_TAPCELL_ROW_20_432,VGND,li1,121.6700,65.5710,0.000055
TAP_TAPCELL_ROW_20_431,VGND,li1,95.9100,65.5710,0.000081
TAP_TAPCELL_ROW_20_430,VGND,li1,70.1500,65.5710,0.000048
TAP_TAPCELL_ROW_20_429,VGND,li1,44.3900,65.5710,0.000051
TAP_TAPCELL_ROW_20_428,VGND,li1,18.6300,65.5710,0.000049
TAP_TAPCELL_ROW_19_427,VGND,li1,263.3500,64.9880,0.000068
TAP_TAPCELL_ROW_19_426,VGND,li1,237.5900,64.9880,0.000038
TAP_TAPCELL_ROW_19_425,VGND,li1,211.8300,64.9880,0.000037
TAP_TAPCELL_ROW_19_424,VGND,li1,186.0700,64.9880,0.000051
TAP_TAPCELL_ROW_19_423,VGND,li1,160.3100,64.9880,0.000046
TAP_TAPCELL_ROW_19_422,VGND,li1,134.5500,64.9880,0.000038
TAP_TAPCELL_ROW_19_421,VGND,li1,108.7900,64.9880,0.000062
TAP_TAPCELL_ROW_19_420,VGND,li1,83.0300,64.9880,0.000059
TAP_TAPCELL_ROW_19_419,VGND,li1,57.2700,64.9880,0.000069
TAP_TAPCELL_ROW_19_418,VGND,li1,31.5100,64.9880,0.000064
TAP_TAPCELL_ROW_18_417,VGND,li1,276.2300,60.1310,0.000097
TAP_TAPCELL_ROW_18_416,VGND,li1,250.4700,60.1310,0.000066
TAP_TAPCELL_ROW_18_415,VGND,li1,224.7100,60.1310,0.000066
TAP_TAPCELL_ROW_18_414,VGND,li1,198.9500,60.1310,0.000073
TAP_TAPCELL_ROW_18_413,VGND,li1,173.1900,60.1310,0.000086
TAP_TAPCELL_ROW_18_412,VGND,li1,147.4300,60.1310,0.000091
TAP_TAPCELL_ROW_18_411,VGND,li1,121.6700,60.1310,0.000088
TAP_TAPCELL_ROW_18_410,VGND,li1,95.9100,60.1310,0.000064
TAP_TAPCELL_ROW_18_409,VGND,li1,70.1500,60.1310,0.000056
TAP_TAPCELL_ROW_18_408,VGND,li1,44.3900,60.1310,0.000049
TAP_TAPCELL_ROW_18_407,VGND,li1,18.6300,60.1310,0.000053
TAP_TAPCELL_ROW_17_406,VGND,li1,263.3500,59.5480,0.000110
TAP_TAPCELL_ROW_17_405,VGND,li1,237.5900,59.5480,0.000079
TAP_TAPCELL_ROW_17_404,VGND,li1,211.8300,59.5480,0.000098
TAP_TAPCELL_ROW_17_403,VGND,li1,186.0700,59.5480,0.000084
TAP_TAPCELL_ROW_17_402,VGND,li1,160.3100,59.5480,0.000075
TAP_TAPCELL_ROW_17_401,VGND,li1,134.5500,59.5480,0.000060
TAP_TAPCELL_ROW_17_400,VGND,li1,108.7900,59.5480,0.000070
TAP_TAPCELL_ROW_17_399,VGND,li1,83.0300,59.5480,0.000055
TAP_TAPCELL_ROW_17_398,VGND,li1,57.2700,59.5480,0.000063
TAP_TAPCELL_ROW_17_397,VGND,li1,31.5100,59.5480,0.000059
TAP_TAPCELL_ROW_16_396,VGND,li1,276.2300,54.6910,0.000090
TAP_TAPCELL_ROW_16_395,VGND,li1,250.4700,54.6910,0.000086
TAP_TAPCELL_ROW_16_394,VGND,li1,224.7100,54.6910,0.000072
TAP_TAPCELL_ROW_16_393,VGND,li1,198.9500,54.6910,0.000063
TAP_TAPCELL_ROW_16_392,VGND,li1,173.1900,54.6910,0.000064
TAP_TAPCELL_ROW_16_391,VGND,li1,147.4300,54.6910,0.000061
TAP_TAPCELL_ROW_16_390,VGND,li1,121.6700,54.6910,0.000083
TAP_TAPCELL_ROW_16_389,VGND,li1,95.9100,54.6910,0.000072
TAP_TAPCELL_ROW_16_388,VGND,li1,70.1500,54.6910,0.000072
TAP_TAPCELL_ROW_16_387,VGND,li1,44.3900,54.6910,0.000057
TAP_TAPCELL_ROW_16_386,VGND,li1,18.6300,54.6910,0.000075
TAP_TAPCELL_ROW_15_385,VGND,li1,263.3500,54.1080,0.000106
TAP_TAPCELL_ROW_15_384,VGND,li1,237.5900,54.1080,0.000115
TAP_TAPCELL_ROW_15_383,VGND,li1,211.8300,54.1080,0.000078
TAP_TAPCELL_ROW_15_382,VGND,li1,186.0700,54.1080,0.000065
TAP_TAPCELL_ROW_15_381,VGND,li1,160.3100,54.1080,0.000050
TAP_TAPCELL_ROW_15_380,VGND,li1,134.5500,54.1080,0.000053
TAP_TAPCELL_ROW_15_379,VGND,li1,108.7900,54.1080,0.000061
TAP_TAPCELL_ROW_15_378,VGND,li1,83.0300,54.1080,0.000083
TAP_TAPCELL_ROW_15_377,VGND,li1,57.2700,54.1080,0.000088
TAP_TAPCELL_ROW_15_376,VGND,li1,31.5100,54.1080,0.000079
TAP_TAPCELL_ROW_14_375,VGND,li1,276.2300,49.2510,0.000084
TAP_TAPCELL_ROW_14_374,VGND,li1,250.4700,49.2510,0.000074
TAP_TAPCELL_ROW_14_373,VGND,li1,224.7100,49.2510,0.000059
TAP_TAPCELL_ROW_14_372,VGND,li1,198.9500,49.2510,0.000051
TAP_TAPCELL_ROW_14_371,VGND,li1,173.1900,49.2510,0.000049
TAP_TAPCELL_ROW_14_370,VGND,li1,147.4300,49.2510,0.000040
TAP_TAPCELL_ROW_14_369,VGND,li1,121.6700,49.2510,0.000034
TAP_TAPCELL_ROW_14_368,VGND,li1,95.9100,49.2510,0.000047
TAP_TAPCELL_ROW_14_367,VGND,li1,70.1500,49.2510,0.000045
TAP_TAPCELL_ROW_14_366,VGND,li1,44.3900,49.2510,0.000041
TAP_TAPCELL_ROW_14_365,VGND,li1,18.6300,49.2510,0.000063
TAP_TAPCELL_ROW_13_364,VGND,li1,263.3500,48.6680,0.000106
TAP_TAPCELL_ROW_13_363,VGND,li1,237.5900,48.6680,0.000098
TAP_TAPCELL_ROW_13_362,VGND,li1,211.8300,48.6680,0.000066
TAP_TAPCELL_ROW_13_361,VGND,li1,186.0700,48.6680,0.000052
TAP_TAPCELL_ROW_13_360,VGND,li1,160.3100,48.6680,0.000037
TAP_TAPCELL_ROW_13_359,VGND,li1,134.5500,48.6680,0.000027
TAP_TAPCELL_ROW_13_358,VGND,li1,108.7900,48.6680,0.000030
TAP_TAPCELL_ROW_13_357,VGND,li1,83.0300,48.6680,0.000053
TAP_TAPCELL_ROW_13_356,VGND,li1,57.2700,48.6680,0.000055
TAP_TAPCELL_ROW_13_355,VGND,li1,31.5100,48.6680,0.000071
TAP_TAPCELL_ROW_12_354,VGND,li1,276.2300,43.8110,0.000046
TAP_TAPCELL_ROW_12_353,VGND,li1,250.4700,43.8110,0.000052
TAP_TAPCELL_ROW_12_352,VGND,li1,224.7100,43.8110,0.000047
TAP_TAPCELL_ROW_12_351,VGND,li1,198.9500,43.8110,0.000060
TAP_TAPCELL_ROW_12_350,VGND,li1,173.1900,43.8110,0.000075
TAP_TAPCELL_ROW_12_349,VGND,li1,147.4300,43.8110,0.000096
TAP_TAPCELL_ROW_12_348,VGND,li1,121.6700,43.8110,0.000074
TAP_TAPCELL_ROW_12_347,VGND,li1,95.9100,43.8110,0.000040
TAP_TAPCELL_ROW_12_346,VGND,li1,70.1500,43.8110,0.000038
TAP_TAPCELL_ROW_12_345,VGND,li1,44.3900,43.8110,0.000037
TAP_TAPCELL_ROW_12_344,VGND,li1,18.6300,43.8110,0.000049
TAP_TAPCELL_ROW_11_343,VGND,li1,263.3500,43.2280,0.000052
TAP_TAPCELL_ROW_11_342,VGND,li1,237.5900,43.2280,0.000067
TAP_TAPCELL_ROW_11_341,VGND,li1,211.8300,43.2280,0.000069
TAP_TAPCELL_ROW_11_340,VGND,li1,186.0700,43.2280,0.000067
TAP_TAPCELL_ROW_11_339,VGND,li1,160.3100,43.2280,0.000077
TAP_TAPCELL_ROW_11_338,VGND,li1,134.5500,43.2280,0.000062
TAP_TAPCELL_ROW_11_337,VGND,li1,108.7900,43.2280,0.000048
TAP_TAPCELL_ROW_11_336,VGND,li1,83.0300,43.2280,0.000039
TAP_TAPCELL_ROW_11_335,VGND,li1,57.2700,43.2280,0.000050
TAP_TAPCELL_ROW_11_334,VGND,li1,31.5100,43.2280,0.000054
TAP_TAPCELL_ROW_10_333,VGND,li1,276.2300,38.3710,0.000040
TAP_TAPCELL_ROW_10_332,VGND,li1,250.4700,38.3710,0.000038
TAP_TAPCELL_ROW_10_331,VGND,li1,224.7100,38.3710,0.000047
TAP_TAPCELL_ROW_10_330,VGND,li1,198.9500,38.3710,0.000059
TAP_TAPCELL_ROW_10_329,VGND,li1,173.1900,38.3710,0.000045
TAP_TAPCELL_ROW_10_328,VGND,li1,147.4300,38.3710,0.000031
TAP_TAPCELL_ROW_10_327,VGND,li1,121.6700,38.3710,0.000029
TAP_TAPCELL_ROW_10_326,VGND,li1,95.9100,38.3710,0.000041
TAP_TAPCELL_ROW_10_325,VGND,li1,70.1500,38.3710,0.000051
TAP_TAPCELL_ROW_10_324,VGND,li1,44.3900,38.3710,0.000050
TAP_TAPCELL_ROW_10_323,VGND,li1,18.6300,38.3710,0.000060
TAP_TAPCELL_ROW_9_322,VGND,li1,263.3500,37.7880,0.000042
TAP_TAPCELL_ROW_9_321,VGND,li1,237.5900,37.7880,0.000053
TAP_TAPCELL_ROW_9_320,VGND,li1,211.8300,37.7880,0.000079
TAP_TAPCELL_ROW_9_319,VGND,li1,186.0700,37.7880,0.000050
TAP_TAPCELL_ROW_9_318,VGND,li1,160.3100,37.7880,0.000029
TAP_TAPCELL_ROW_9_317,VGND,li1,134.5500,37.7880,0.000019
TAP_TAPCELL_ROW_9_316,VGND,li1,108.7900,37.7880,0.000030
TAP_TAPCELL_ROW_9_315,VGND,li1,83.0300,37.7880,0.000056
TAP_TAPCELL_ROW_9_314,VGND,li1,57.2700,37.7880,0.000060
TAP_TAPCELL_ROW_9_313,VGND,li1,31.5100,37.7880,0.000074
TAP_TAPCELL_ROW_8_312,VGND,li1,276.2300,32.9310,0.000035
TAP_TAPCELL_ROW_8_311,VGND,li1,250.4700,32.9310,0.000028
TAP_TAPCELL_ROW_8_310,VGND,li1,224.7100,32.9310,0.000028
TAP_TAPCELL_ROW_8_309,VGND,li1,198.9500,32.9310,0.000043
TAP_TAPCELL_ROW_8_308,VGND,li1,173.1900,32.9310,0.000071
TAP_TAPCELL_ROW_8_307,VGND,li1,147.4300,32.9310,0.000067
TAP_TAPCELL_ROW_8_306,VGND,li1,121.6700,32.9310,0.000072
TAP_TAPCELL_ROW_8_305,VGND,li1,95.9100,32.9310,0.000068
TAP_TAPCELL_ROW_8_304,VGND,li1,70.1500,32.9310,0.000053
TAP_TAPCELL_ROW_8_303,VGND,li1,44.3900,32.9310,0.000047
TAP_TAPCELL_ROW_8_302,VGND,li1,18.6300,32.9310,0.000058
TAP_TAPCELL_ROW_7_301,VGND,li1,263.3500,32.3480,0.000040
TAP_TAPCELL_ROW_7_300,VGND,li1,237.5900,32.3480,0.000037
TAP_TAPCELL_ROW_7_299,VGND,li1,211.8300,32.3480,0.000041
TAP_TAPCELL_ROW_7_298,VGND,li1,186.0700,32.3480,0.000060
TAP_TAPCELL_ROW_7_297,VGND,li1,160.3100,32.3480,0.000057
TAP_TAPCELL_ROW_7_296,VGND,li1,134.5500,32.3480,0.000050
TAP_TAPCELL_ROW_7_295,VGND,li1,108.7900,32.3480,0.000071
TAP_TAPCELL_ROW_7_294,VGND,li1,83.0300,32.3480,0.000066
TAP_TAPCELL_ROW_7_293,VGND,li1,57.2700,32.3480,0.000061
TAP_TAPCELL_ROW_7_292,VGND,li1,31.5100,32.3480,0.000070
TAP_TAPCELL_ROW_6_291,VGND,li1,276.2300,27.4910,0.000025
TAP_TAPCELL_ROW_6_290,VGND,li1,250.4700,27.4910,0.000032
TAP_TAPCELL_ROW_6_289,VGND,li1,224.7100,27.4910,0.000039
TAP_TAPCELL_ROW_6_288,VGND,li1,198.9500,27.4910,0.000050
TAP_TAPCELL_ROW_6_287,VGND,li1,173.1900,27.4910,0.000048
TAP_TAPCELL_ROW_6_286,VGND,li1,147.4300,27.4910,0.000066
TAP_TAPCELL_ROW_6_285,VGND,li1,121.6700,27.4910,0.000081
TAP_TAPCELL_ROW_6_284,VGND,li1,95.9100,27.4910,0.000068
TAP_TAPCELL_ROW_6_283,VGND,li1,70.1500,27.4910,0.000051
TAP_TAPCELL_ROW_6_282,VGND,li1,44.3900,27.4910,0.000046
TAP_TAPCELL_ROW_6_281,VGND,li1,18.6300,27.4910,0.000068
TAP_TAPCELL_ROW_5_280,VGND,li1,263.3500,26.9080,0.000031
TAP_TAPCELL_ROW_5_279,VGND,li1,237.5900,26.9080,0.000048
TAP_TAPCELL_ROW_5_278,VGND,li1,211.8300,26.9080,0.000066
TAP_TAPCELL_ROW_5_277,VGND,li1,186.0700,26.9080,0.000047
TAP_TAPCELL_ROW_5_276,VGND,li1,160.3100,26.9080,0.000046
TAP_TAPCELL_ROW_5_275,VGND,li1,134.5500,26.9080,0.000061
TAP_TAPCELL_ROW_5_274,VGND,li1,108.7900,26.9080,0.000077
TAP_TAPCELL_ROW_5_273,VGND,li1,83.0300,26.9080,0.000065
TAP_TAPCELL_ROW_5_272,VGND,li1,57.2700,26.9080,0.000058
TAP_TAPCELL_ROW_5_271,VGND,li1,31.5100,26.9080,0.000069
TAP_TAPCELL_ROW_4_270,VGND,li1,276.2300,22.0510,0.000020
TAP_TAPCELL_ROW_4_269,VGND,li1,250.4700,22.0510,0.000024
TAP_TAPCELL_ROW_4_268,VGND,li1,224.7100,22.0510,0.000029
TAP_TAPCELL_ROW_4_267,VGND,li1,198.9500,22.0510,0.000039
TAP_TAPCELL_ROW_4_266,VGND,li1,173.1900,22.0510,0.000037
TAP_TAPCELL_ROW_4_265,VGND,li1,147.4300,22.0510,0.000039
TAP_TAPCELL_ROW_4_264,VGND,li1,121.6700,22.0510,0.000039
TAP_TAPCELL_ROW_4_263,VGND,li1,95.9100,22.0510,0.000045
TAP_TAPCELL_ROW_4_262,VGND,li1,70.1500,22.0510,0.000036
TAP_TAPCELL_ROW_4_261,VGND,li1,44.3900,22.0510,0.000044
TAP_TAPCELL_ROW_4_260,VGND,li1,18.6300,22.0510,0.000057
TAP_TAPCELL_ROW_3_259,VGND,li1,263.3500,21.4680,0.000026
TAP_TAPCELL_ROW_3_258,VGND,li1,237.5900,21.4680,0.000034
TAP_TAPCELL_ROW_3_257,VGND,li1,211.8300,21.4680,0.000048
TAP_TAPCELL_ROW_3_256,VGND,li1,186.0700,21.4680,0.000039
TAP_TAPCELL_ROW_3_255,VGND,li1,160.3100,21.4680,0.000032
TAP_TAPCELL_ROW_3_254,VGND,li1,134.5500,21.4680,0.000028
TAP_TAPCELL_ROW_3_253,VGND,li1,108.7900,21.4680,0.000037
TAP_TAPCELL_ROW_3_252,VGND,li1,83.0300,21.4680,0.000044
TAP_TAPCELL_ROW_3_251,VGND,li1,57.2700,21.4680,0.000044
TAP_TAPCELL_ROW_3_250,VGND,li1,31.5100,21.4680,0.000079
TAP_TAPCELL_ROW_2_249,VGND,li1,276.2300,16.6110,0.000028
TAP_TAPCELL_ROW_2_248,VGND,li1,250.4700,16.6110,0.000040
TAP_TAPCELL_ROW_2_247,VGND,li1,224.7100,16.6110,0.000032
TAP_TAPCELL_ROW_2_246,VGND,li1,198.9500,16.6110,0.000053
TAP_TAPCELL_ROW_2_245,VGND,li1,173.1900,16.6110,0.000054
TAP_TAPCELL_ROW_2_244,VGND,li1,147.4300,16.6110,0.000054
TAP_TAPCELL_ROW_2_243,VGND,li1,121.6700,16.6110,0.000055
TAP_TAPCELL_ROW_2_242,VGND,li1,95.9100,16.6110,0.000054
TAP_TAPCELL_ROW_2_241,VGND,li1,70.1500,16.6110,0.000050
TAP_TAPCELL_ROW_2_240,VGND,li1,44.3900,16.6110,0.000046
TAP_TAPCELL_ROW_2_239,VGND,li1,18.6300,16.6110,0.000052
TAP_TAPCELL_ROW_1_238,VGND,li1,263.3500,16.0280,0.000040
TAP_TAPCELL_ROW_1_237,VGND,li1,237.5900,16.0280,0.000047
TAP_TAPCELL_ROW_1_236,VGND,li1,211.8300,16.0280,0.000056
TAP_TAPCELL_ROW_1_235,VGND,li1,186.0700,16.0280,0.000052
TAP_TAPCELL_ROW_1_234,VGND,li1,160.3100,16.0280,0.000046
TAP_TAPCELL_ROW_1_233,VGND,li1,134.5500,16.0280,0.000038
TAP_TAPCELL_ROW_1_232,VGND,li1,108.7900,16.0280,0.000043
TAP_TAPCELL_ROW_1_231,VGND,li1,83.0300,16.0280,0.000054
TAP_TAPCELL_ROW_1_230,VGND,li1,57.2700,16.0280,0.000066
TAP_TAPCELL_ROW_1_229,VGND,li1,31.5100,16.0280,0.000063
TAP_TAPCELL_ROW_0_228,VGND,li1,276.2300,11.1710,0.000016
TAP_TAPCELL_ROW_0_227,VGND,li1,263.3500,11.1710,0.000015
TAP_TAPCELL_ROW_0_226,VGND,li1,250.4700,11.1710,0.000015
TAP_TAPCELL_ROW_0_225,VGND,li1,237.5900,11.1710,0.000022
TAP_TAPCELL_ROW_0_224,VGND,li1,224.7100,11.1710,0.000013
TAP_TAPCELL_ROW_0_223,VGND,li1,211.8300,11.1710,0.000020
TAP_TAPCELL_ROW_0_222,VGND,li1,198.9500,11.1710,0.000022
TAP_TAPCELL_ROW_0_221,VGND,li1,186.0700,11.1710,0.000033
TAP_TAPCELL_ROW_0_220,VGND,li1,173.1900,11.1710,0.000043
TAP_TAPCELL_ROW_0_219,VGND,li1,160.3100,11.1710,0.000027
TAP_TAPCELL_ROW_0_218,VGND,li1,147.4300,11.1710,0.000032
TAP_TAPCELL_ROW_0_217,VGND,li1,134.5500,11.1710,0.000020
TAP_TAPCELL_ROW_0_216,VGND,li1,121.6700,11.1710,0.000022
TAP_TAPCELL_ROW_0_215,VGND,li1,108.7900,11.1710,0.000018
TAP_TAPCELL_ROW_0_214,VGND,li1,95.9100,11.1710,0.000025
TAP_TAPCELL_ROW_0_213,VGND,li1,83.0300,11.1710,0.000028
TAP_TAPCELL_ROW_0_212,VGND,li1,70.1500,11.1710,0.000028
TAP_TAPCELL_ROW_0_211,VGND,li1,57.2700,11.1710,0.000040
TAP_TAPCELL_ROW_0_210,VGND,li1,44.3900,11.1710,0.000028
TAP_TAPCELL_ROW_0_209,VGND,li1,31.5100,11.1710,0.000051
TAP_TAPCELL_ROW_0_208,VGND,li1,18.6300,11.1710,0.000039
PHY_EDGE_ROW_103_Left_207,VGND,li1,6.2100,293.7600,0.000019
PHY_EDGE_ROW_102_Left_206,VGND,li1,6.2100,288.3200,0.000054
PHY_EDGE_ROW_101_Left_205,VGND,li1,6.2100,288.3200,0.000054
PHY_EDGE_ROW_100_Left_204,VGND,li1,6.2100,282.8800,0.000050
PHY_EDGE_ROW_99_Left_203,VGND,li1,6.2100,282.8800,0.000050
PHY_EDGE_ROW_98_Left_202,VGND,li1,6.2100,277.4400,0.000051
PHY_EDGE_ROW_97_Left_201,VGND,li1,6.2100,277.4400,0.000051
PHY_EDGE_ROW_96_Left_200,VGND,li1,6.2100,272.0000,0.000060
PHY_EDGE_ROW_95_Left_199,VGND,li1,6.2100,272.0000,0.000060
PHY_EDGE_ROW_94_Left_198,VGND,li1,6.2100,266.5600,0.000064
PHY_EDGE_ROW_93_Left_197,VGND,li1,6.2100,266.5600,0.000064
PHY_EDGE_ROW_92_Left_196,VGND,li1,6.2100,261.1200,0.000082
PHY_EDGE_ROW_91_Left_195,VGND,li1,6.2100,261.1200,0.000082
PHY_EDGE_ROW_90_Left_194,VGND,li1,6.2100,255.6800,0.000058
PHY_EDGE_ROW_89_Left_193,VGND,li1,6.2100,255.6800,0.000058
PHY_EDGE_ROW_88_Left_192,VGND,li1,6.2100,250.2400,0.000082
PHY_EDGE_ROW_87_Left_191,VGND,li1,6.2100,250.2400,0.000082
PHY_EDGE_ROW_86_Left_190,VGND,li1,6.2100,244.8000,0.000046
PHY_EDGE_ROW_85_Left_189,VGND,li1,6.2100,244.8000,0.000046
PHY_EDGE_ROW_84_Left_188,VGND,li1,6.2100,239.3600,0.000057
PHY_EDGE_ROW_83_Left_187,VGND,li1,6.2100,239.3600,0.000057
PHY_EDGE_ROW_82_Left_186,VGND,li1,6.2100,233.9200,0.000036
PHY_EDGE_ROW_81_Left_185,VGND,li1,6.2100,233.9200,0.000036
PHY_EDGE_ROW_80_Left_184,VGND,li1,6.2100,228.4800,0.000036
PHY_EDGE_ROW_79_Left_183,VGND,li1,6.2100,228.4800,0.000036
PHY_EDGE_ROW_78_Left_182,VGND,li1,6.2100,223.0400,0.000051
PHY_EDGE_ROW_77_Left_181,VGND,li1,6.2100,223.0400,0.000051
PHY_EDGE_ROW_76_Left_180,VGND,li1,6.2100,217.6000,0.000021
PHY_EDGE_ROW_75_Left_179,VGND,li1,6.2100,217.6000,0.000021
PHY_EDGE_ROW_74_Left_178,VGND,li1,6.2100,212.1600,0.000065
PHY_EDGE_ROW_73_Left_177,VGND,li1,6.2100,212.1600,0.000065
PHY_EDGE_ROW_72_Left_176,VGND,li1,6.2100,206.7200,0.000050
PHY_EDGE_ROW_71_Left_175,VGND,li1,6.2100,206.7200,0.000050
PHY_EDGE_ROW_70_Left_174,VGND,li1,6.2100,201.2800,0.000036
PHY_EDGE_ROW_69_Left_173,VGND,li1,6.2100,201.2800,0.000036
PHY_EDGE_ROW_68_Left_172,VGND,li1,6.2100,195.8400,0.000084
PHY_EDGE_ROW_67_Left_171,VGND,li1,6.2100,195.8400,0.000084
PHY_EDGE_ROW_66_Left_170,VGND,li1,6.2100,190.4000,0.000025
PHY_EDGE_ROW_65_Left_169,VGND,li1,6.2100,190.4000,0.000025
PHY_EDGE_ROW_64_Left_168,VGND,li1,6.2100,184.9600,0.000035
PHY_EDGE_ROW_63_Left_167,VGND,li1,6.2100,184.9600,0.000035
PHY_EDGE_ROW_62_Left_166,VGND,li1,6.2100,179.5200,0.000028
PHY_EDGE_ROW_61_Left_165,VGND,li1,6.2100,179.5200,0.000028
PHY_EDGE_ROW_60_Left_164,VGND,li1,6.2100,174.0800,0.000026
PHY_EDGE_ROW_59_Left_163,VGND,li1,6.2100,174.0800,0.000026
PHY_EDGE_ROW_58_Left_162,VGND,li1,6.2100,168.6400,0.000034
PHY_EDGE_ROW_57_Left_161,VGND,li1,6.2100,168.6400,0.000034
PHY_EDGE_ROW_56_Left_160,VGND,li1,6.2100,163.2000,0.000014
PHY_EDGE_ROW_55_Left_159,VGND,li1,6.2100,163.2000,0.000014
PHY_EDGE_ROW_54_Left_158,VGND,li1,6.2100,157.7600,0.000017
PHY_EDGE_ROW_53_Left_157,VGND,li1,6.2100,157.7600,0.000017
PHY_EDGE_ROW_52_Left_156,VGND,li1,6.2100,152.3200,0.000021
PHY_EDGE_ROW_51_Left_155,VGND,li1,6.2100,152.3200,0.000021
PHY_EDGE_ROW_50_Left_154,VGND,li1,6.2100,146.8800,0.000033
PHY_EDGE_ROW_49_Left_153,VGND,li1,6.2100,146.8800,0.000033
PHY_EDGE_ROW_48_Left_152,VGND,li1,6.2100,141.4400,0.000036
PHY_EDGE_ROW_47_Left_151,VGND,li1,6.2100,141.4400,0.000036
PHY_EDGE_ROW_46_Left_150,VGND,li1,6.2100,136.0000,0.000051
PHY_EDGE_ROW_45_Left_149,VGND,li1,6.2100,136.0000,0.000051
PHY_EDGE_ROW_44_Left_148,VGND,li1,6.2100,130.5600,0.000034
PHY_EDGE_ROW_43_Left_147,VGND,li1,6.2100,130.5600,0.000034
PHY_EDGE_ROW_42_Left_146,VGND,li1,6.2100,125.1200,0.000025
PHY_EDGE_ROW_41_Left_145,VGND,li1,6.2100,125.1200,0.000025
PHY_EDGE_ROW_40_Left_144,VGND,li1,6.2100,119.6800,0.000027
PHY_EDGE_ROW_39_Left_143,VGND,li1,6.2100,119.6800,0.000027
PHY_EDGE_ROW_38_Left_142,VGND,li1,6.2100,114.2400,0.000031
PHY_EDGE_ROW_37_Left_141,VGND,li1,6.2100,114.2400,0.000031
PHY_EDGE_ROW_36_Left_140,VGND,li1,6.2100,108.8000,0.000029
PHY_EDGE_ROW_35_Left_139,VGND,li1,6.2100,108.8000,0.000029
PHY_EDGE_ROW_34_Left_138,VGND,li1,6.2100,103.3600,0.000061
PHY_EDGE_ROW_33_Left_137,VGND,li1,6.2100,103.3600,0.000061
PHY_EDGE_ROW_32_Left_136,VGND,li1,6.2100,97.9200,0.000033
PHY_EDGE_ROW_31_Left_135,VGND,li1,6.2100,97.9200,0.000033
PHY_EDGE_ROW_30_Left_134,VGND,li1,6.2100,92.4800,0.000036
PHY_EDGE_ROW_29_Left_133,VGND,li1,6.2100,92.4800,0.000036
PHY_EDGE_ROW_28_Left_132,VGND,li1,6.2100,87.0400,0.000026
PHY_EDGE_ROW_27_Left_131,VGND,li1,6.2100,87.0400,0.000026
PHY_EDGE_ROW_26_Left_130,VGND,li1,6.2100,81.6000,0.000030
PHY_EDGE_ROW_25_Left_129,VGND,li1,6.2100,81.6000,0.000030
PHY_EDGE_ROW_24_Left_128,VGND,li1,6.2100,76.1600,0.000033
PHY_EDGE_ROW_23_Left_127,VGND,li1,6.2100,76.1600,0.000033
PHY_EDGE_ROW_22_Left_126,VGND,li1,6.2100,70.7200,0.000041
PHY_EDGE_ROW_21_Left_125,VGND,li1,6.2100,70.7200,0.000041
PHY_EDGE_ROW_20_Left_124,VGND,li1,6.2100,65.2800,0.000041
PHY_EDGE_ROW_19_Left_123,VGND,li1,6.2100,65.2800,0.000041
PHY_EDGE_ROW_18_Left_122,VGND,li1,6.2100,59.8400,0.000044
PHY_EDGE_ROW_17_Left_121,VGND,li1,6.2100,59.8400,0.000044
PHY_EDGE_ROW_16_Left_120,VGND,li1,6.2100,54.4000,0.000062
PHY_EDGE_ROW_15_Left_119,VGND,li1,6.2100,54.4000,0.000062
PHY_EDGE_ROW_14_Left_118,VGND,li1,6.2100,48.9600,0.000062
PHY_EDGE_ROW_13_Left_117,VGND,li1,6.2100,48.9600,0.000062
PHY_EDGE_ROW_12_Left_116,VGND,li1,6.2100,43.5200,0.000045
PHY_EDGE_ROW_11_Left_115,VGND,li1,6.2100,43.5200,0.000045
PHY_EDGE_ROW_10_Left_114,VGND,li1,6.2100,38.0800,0.000049
PHY_EDGE_ROW_9_Left_113,VGND,li1,6.2100,38.0800,0.000049
PHY_EDGE_ROW_8_Left_112,VGND,li1,6.2100,32.6400,0.000037
PHY_EDGE_ROW_7_Left_111,VGND,li1,6.2100,32.6400,0.000037
PHY_EDGE_ROW_6_Left_110,VGND,li1,6.2100,27.2000,0.000061
PHY_EDGE_ROW_5_Left_109,VGND,li1,6.2100,27.2000,0.000061
PHY_EDGE_ROW_4_Left_108,VGND,li1,6.2100,21.7600,0.000042
PHY_EDGE_ROW_3_Left_107,VGND,li1,6.2100,21.7600,0.000042
PHY_EDGE_ROW_2_Left_106,VGND,li1,6.2100,16.3200,0.000042
PHY_EDGE_ROW_1_Left_105,VGND,li1,6.2100,16.3200,0.000042
PHY_EDGE_ROW_0_Left_104,VGND,li1,6.2100,10.8800,0.000028
PHY_EDGE_ROW_103_Right_103,VGND,li1,287.7300,293.7600,0.000016
PHY_EDGE_ROW_102_Right_102,VGND,li1,287.7300,288.3200,0.000036
PHY_EDGE_ROW_101_Right_101,VGND,li1,287.7300,288.3200,0.000036
PHY_EDGE_ROW_100_Right_100,VGND,li1,287.7300,282.8800,0.000033
PHY_EDGE_ROW_99_Right_99,VGND,li1,287.7300,282.8800,0.000033
PHY_EDGE_ROW_98_Right_98,VGND,li1,287.7300,277.4400,0.000074
PHY_EDGE_ROW_97_Right_97,VGND,li1,287.7300,277.4400,0.000074
PHY_EDGE_ROW_96_Right_96,VGND,li1,287.7300,272.0000,0.000034
PHY_EDGE_ROW_95_Right_95,VGND,li1,287.7300,272.0000,0.000034
PHY_EDGE_ROW_94_Right_94,VGND,li1,287.7300,266.5600,0.000021
PHY_EDGE_ROW_93_Right_93,VGND,li1,287.7300,266.5600,0.000021
PHY_EDGE_ROW_92_Right_92,VGND,li1,287.7300,261.1200,0.000036
PHY_EDGE_ROW_91_Right_91,VGND,li1,287.7300,261.1200,0.000036
PHY_EDGE_ROW_90_Right_90,VGND,li1,287.7300,255.6800,0.000041
PHY_EDGE_ROW_89_Right_89,VGND,li1,287.7300,255.6800,0.000041
PHY_EDGE_ROW_88_Right_88,VGND,li1,287.7300,250.2400,0.000081
PHY_EDGE_ROW_87_Right_87,VGND,li1,287.7300,250.2400,0.000081
PHY_EDGE_ROW_86_Right_86,VGND,li1,287.7300,244.8000,0.000054
PHY_EDGE_ROW_85_Right_85,VGND,li1,287.7300,244.8000,0.000054
PHY_EDGE_ROW_84_Right_84,VGND,li1,287.7300,239.3600,0.000059
PHY_EDGE_ROW_83_Right_83,VGND,li1,287.7300,239.3600,0.000059
PHY_EDGE_ROW_82_Right_82,VGND,li1,287.7300,233.9200,0.000046
PHY_EDGE_ROW_81_Right_81,VGND,li1,287.7300,233.9200,0.000046
PHY_EDGE_ROW_80_Right_80,VGND,li1,287.7300,228.4800,0.000043
PHY_EDGE_ROW_79_Right_79,VGND,li1,287.7300,228.4800,0.000043
PHY_EDGE_ROW_78_Right_78,VGND,li1,287.7300,223.0400,0.000055
PHY_EDGE_ROW_77_Right_77,VGND,li1,287.7300,223.0400,0.000055
PHY_EDGE_ROW_76_Right_76,VGND,li1,287.7300,217.6000,0.000041
PHY_EDGE_ROW_75_Right_75,VGND,li1,287.7300,217.6000,0.000041
PHY_EDGE_ROW_74_Right_74,VGND,li1,287.7300,212.1600,0.000035
PHY_EDGE_ROW_73_Right_73,VGND,li1,287.7300,212.1600,0.000035
PHY_EDGE_ROW_72_Right_72,VGND,li1,287.7300,206.7200,0.000036
PHY_EDGE_ROW_71_Right_71,VGND,li1,287.7300,206.7200,0.000036
PHY_EDGE_ROW_70_Right_70,VGND,li1,287.7300,201.2800,0.000037
PHY_EDGE_ROW_69_Right_69,VGND,li1,287.7300,201.2800,0.000037
PHY_EDGE_ROW_68_Right_68,VGND,li1,287.7300,195.8400,0.000024
PHY_EDGE_ROW_67_Right_67,VGND,li1,287.7300,195.8400,0.000024
PHY_EDGE_ROW_66_Right_66,VGND,li1,287.7300,190.4000,0.000069
PHY_EDGE_ROW_65_Right_65,VGND,li1,287.7300,190.4000,0.000069
PHY_EDGE_ROW_64_Right_64,VGND,li1,287.7300,184.9600,0.000030
PHY_EDGE_ROW_63_Right_63,VGND,li1,287.7300,184.9600,0.000030
PHY_EDGE_ROW_62_Right_62,VGND,li1,287.7300,179.5200,0.000040
PHY_EDGE_ROW_61_Right_61,VGND,li1,287.7300,179.5200,0.000040
PHY_EDGE_ROW_60_Right_60,VGND,li1,287.7300,174.0800,0.000022
PHY_EDGE_ROW_59_Right_59,VGND,li1,287.7300,174.0800,0.000022
PHY_EDGE_ROW_58_Right_58,VGND,li1,287.7300,168.6400,0.000049
PHY_EDGE_ROW_57_Right_57,VGND,li1,287.7300,168.6400,0.000049
PHY_EDGE_ROW_56_Right_56,VGND,li1,287.7300,163.2000,0.000072
PHY_EDGE_ROW_55_Right_55,VGND,li1,287.7300,163.2000,0.000072
PHY_EDGE_ROW_54_Right_54,VGND,li1,287.7300,157.7600,0.000035
PHY_EDGE_ROW_53_Right_53,VGND,li1,287.7300,157.7600,0.000035
PHY_EDGE_ROW_52_Right_52,VGND,li1,287.7300,152.3200,0.000028
PHY_EDGE_ROW_51_Right_51,VGND,li1,287.7300,152.3200,0.000028
PHY_EDGE_ROW_50_Right_50,VGND,li1,287.7300,146.8800,0.000035
PHY_EDGE_ROW_49_Right_49,VGND,li1,287.7300,146.8800,0.000035
PHY_EDGE_ROW_48_Right_48,VGND,li1,287.7300,141.4400,0.000028
PHY_EDGE_ROW_47_Right_47,VGND,li1,287.7300,141.4400,0.000028
PHY_EDGE_ROW_46_Right_46,VGND,li1,287.7300,136.0000,0.000025
PHY_EDGE_ROW_45_Right_45,VGND,li1,287.7300,136.0000,0.000025
PHY_EDGE_ROW_44_Right_44,VGND,li1,287.7300,130.5600,0.000023
PHY_EDGE_ROW_43_Right_43,VGND,li1,287.7300,130.5600,0.000023
PHY_EDGE_ROW_42_Right_42,VGND,li1,287.7300,125.1200,0.000011
PHY_EDGE_ROW_41_Right_41,VGND,li1,287.7300,125.1200,0.000011
PHY_EDGE_ROW_40_Right_40,VGND,li1,287.7300,119.6800,0.000030
PHY_EDGE_ROW_39_Right_39,VGND,li1,287.7300,119.6800,0.000030
PHY_EDGE_ROW_38_Right_38,VGND,li1,287.7300,114.2400,0.000018
PHY_EDGE_ROW_37_Right_37,VGND,li1,287.7300,114.2400,0.000018
PHY_EDGE_ROW_36_Right_36,VGND,li1,287.7300,108.8000,0.000020
PHY_EDGE_ROW_35_Right_35,VGND,li1,287.7300,108.8000,0.000020
PHY_EDGE_ROW_34_Right_34,VGND,li1,287.7300,103.3600,0.000030
PHY_EDGE_ROW_33_Right_33,VGND,li1,287.7300,103.3600,0.000030
PHY_EDGE_ROW_32_Right_32,VGND,li1,287.7300,97.9200,0.000031
PHY_EDGE_ROW_31_Right_31,VGND,li1,287.7300,97.9200,0.000031
PHY_EDGE_ROW_30_Right_30,VGND,li1,287.7300,92.4800,0.000033
PHY_EDGE_ROW_29_Right_29,VGND,li1,287.7300,92.4800,0.000033
PHY_EDGE_ROW_28_Right_28,VGND,li1,287.7300,87.0400,0.000079
PHY_EDGE_ROW_27_Right_27,VGND,li1,287.7300,87.0400,0.000079
PHY_EDGE_ROW_26_Right_26,VGND,li1,287.7300,81.6000,0.000015
PHY_EDGE_ROW_25_Right_25,VGND,li1,287.7300,81.6000,0.000015
PHY_EDGE_ROW_24_Right_24,VGND,li1,287.7300,76.1600,0.000006
PHY_EDGE_ROW_23_Right_23,VGND,li1,287.7300,76.1600,0.000006
PHY_EDGE_ROW_22_Right_22,VGND,li1,287.7300,70.7200,0.000008
PHY_EDGE_ROW_21_Right_21,VGND,li1,287.7300,70.7200,0.000008
PHY_EDGE_ROW_20_Right_20,VGND,li1,287.7300,65.2800,0.000037
PHY_EDGE_ROW_19_Right_19,VGND,li1,287.7300,65.2800,0.000037
PHY_EDGE_ROW_18_Right_18,VGND,li1,287.7300,59.8400,0.000051
PHY_EDGE_ROW_17_Right_17,VGND,li1,287.7300,59.8400,0.000051
PHY_EDGE_ROW_16_Right_16,VGND,li1,287.7300,54.4000,0.000053
PHY_EDGE_ROW_15_Right_15,VGND,li1,287.7300,54.4000,0.000053
PHY_EDGE_ROW_14_Right_14,VGND,li1,287.7300,48.9600,0.000046
PHY_EDGE_ROW_13_Right_13,VGND,li1,287.7300,48.9600,0.000046
PHY_EDGE_ROW_12_Right_12,VGND,li1,287.7300,43.5200,0.000027
PHY_EDGE_ROW_11_Right_11,VGND,li1,287.7300,43.5200,0.000027
PHY_EDGE_ROW_10_Right_10,VGND,li1,287.7300,38.0800,0.000028
PHY_EDGE_ROW_9_Right_9,VGND,li1,287.7300,38.0800,0.000028
PHY_EDGE_ROW_8_Right_8,VGND,li1,287.7300,32.6400,0.000022
PHY_EDGE_ROW_7_Right_7,VGND,li1,287.7300,32.6400,0.000022
PHY_EDGE_ROW_6_Right_6,VGND,li1,287.7300,27.2000,0.000017
PHY_EDGE_ROW_5_Right_5,VGND,li1,287.7300,27.2000,0.000017
PHY_EDGE_ROW_4_Right_4,VGND,li1,287.7300,21.7600,0.000012
PHY_EDGE_ROW_3_Right_3,VGND,li1,287.7300,21.7600,0.000012
PHY_EDGE_ROW_2_Right_2,VGND,li1,287.7300,16.3200,0.000017
PHY_EDGE_ROW_1_Right_1,VGND,li1,287.7300,16.3200,0.000017
PHY_EDGE_ROW_0_Right_0,VGND,li1,287.7300,10.8800,0.000008
_7611_,VGND,li1,162.6100,21.7600,0.000029
_7610_,VGND,li1,220.5700,38.0800,0.000057
_7609_,VGND,li1,219.1900,27.2000,0.000056
_7608_,VGND,li1,238.9700,43.5200,0.000067
_7607_,VGND,li1,230.2300,38.0800,0.000054
_7606_,VGND,li1,282.2100,43.5200,0.000033
_7605_,VGND,li1,282.2100,48.9600,0.000057
_7604_,VGND,li1,280.3700,48.9600,0.000066
_7603_,VGND,li1,268.4100,38.0800,0.000044
_7602_,VGND,li1,271.1700,32.6400,0.000043
_7601_,VGND,li1,262.8900,38.0800,0.000042
_7600_,VGND,li1,258.2900,27.2000,0.000029
_7599_,VGND,li1,258.2900,32.6400,0.000035
_7598_,VGND,li1,255.5300,32.6400,0.000031
_7597_,VGND,li1,229.7700,32.6400,0.000037
_7596_,VGND,li1,211.8300,32.6400,0.000041
_7595_,VGND,li1,172.2700,38.0800,0.000045
_7594_,VGND,li1,191.1300,16.3200,0.000044
_7593_,VGND,li1,165.8300,27.2000,0.000041
_7592_,VGND,li1,155.2500,27.2000,0.000059
_7591_,VGND,li1,142.8300,21.7600,0.000039
_7590_,VGND,li1,116.1500,32.6400,0.000083
_7589_,VGND,li1,85.7900,16.3200,0.000058
_7588_,VGND,li1,100.9700,21.7600,0.000039
_7587_,VGND,li1,39.3300,16.3200,0.000057
_7586_,VGND,li1,48.9900,16.3200,0.000060
_7585_,VGND,li1,27.8300,21.7600,0.000078
_7584_,VGND,li1,17.7100,87.0400,0.000030
_7583_,VGND,li1,25.9900,21.7600,0.000076
_7582_,VGND,li1,11.7300,81.6000,0.000030
_7581_,VGND,li1,25.9900,174.0800,0.000050
_7580_,VGND,li1,13.5700,97.9200,0.000033
_7579_,VGND,li1,177.7900,179.5200,0.000067
_7578_,VGND,li1,178.2500,157.7600,0.000050
_7577_,VGND,li1,229.7700,174.0800,0.000042
_7576_,VGND,li1,177.3300,157.7600,0.000050
_7575_,VGND,li1,221.0300,179.5200,0.000062
_7574_,VGND,li1,230.6900,179.5200,0.000070
_7573_,VGND,li1,226.5500,184.9600,0.000058
_7572_,VGND,li1,229.7700,179.5200,0.000070
_7571_,VGND,li1,199.8700,179.5200,0.000072
_7570_,VGND,li1,218.2700,168.6400,0.000046
_7569_,VGND,li1,173.1900,163.2000,0.000063
_7568_,VGND,li1,187.9100,179.5200,0.000058
_7567_,VGND,li1,210.9100,174.0800,0.000064
_7566_,VGND,li1,185.1500,174.0800,0.000065
_7565_,VGND,li1,165.3700,179.5200,0.000066
_7564_,VGND,li1,161.6900,157.7600,0.000046
_7563_,VGND,li1,153.8700,168.6400,0.000064
_7562_,VGND,li1,162.1500,163.2000,0.000033
_7561_,VGND,li1,123.9700,157.7600,0.000060
_7560_,VGND,li1,89.0100,97.9200,0.000076
_7559_,VGND,li1,141.9100,157.7600,0.000053
_7558_,VGND,li1,109.7100,152.3200,0.000055
_7557_,VGND,li1,142.3700,163.2000,0.000024
_7556_,VGND,li1,117.0700,168.6400,0.000082
_7555_,VGND,li1,102.8100,163.2000,0.000018
_7554_,VGND,li1,118.4500,163.2000,0.000022
_7553_,VGND,li1,16.3300,174.0800,0.000034
_7552_,VGND,li1,11.7300,157.7600,0.000017
_7551_,VGND,li1,12.6500,174.0800,0.000025
_7550_,VGND,li1,13.5700,168.6400,0.000034
_7549_,VGND,li1,11.7300,141.4400,0.000035
_7548_,VGND,li1,12.1900,152.3200,0.000021
_7547_,VGND,li1,159.8500,16.3200,0.000046
_7546_,VGND,li1,193.8900,54.4000,0.000050
_7545_,VGND,li1,218.7300,43.5200,0.000061
_7544_,VGND,li1,238.0500,38.0800,0.000053
_7543_,VGND,li1,228.3900,43.5200,0.000056
_7542_,VGND,li1,281.7500,65.2800,0.000048
_7541_,VGND,li1,281.2900,59.8400,0.000074
_7540_,VGND,li1,275.3100,59.8400,0.000097
_7539_,VGND,li1,267.4900,43.5200,0.000054
_7538_,VGND,li1,277.1500,54.4000,0.000090
_7537_,VGND,li1,182.3900,43.5200,0.000073
_7536_,VGND,li1,256.9100,43.5200,0.000049
_7535_,VGND,li1,251.8500,48.9600,0.000074
_7534_,VGND,li1,242.6500,48.9600,0.000095
_7533_,VGND,li1,180.5500,48.9600,0.000055
_7532_,VGND,li1,192.0500,43.5200,0.000053
_7531_,VGND,li1,165.3700,43.5200,0.000060
_7530_,VGND,li1,178.2500,38.0800,0.000051
_7529_,VGND,li1,129.4900,48.9600,0.000033
_7528_,VGND,li1,132.7100,43.5200,0.000056
_7527_,VGND,li1,135.0100,32.6400,0.000050
_7526_,VGND,li1,142.3700,43.5200,0.000086
_7525_,VGND,li1,88.5500,16.3200,0.000059
_7524_,VGND,li1,94.9900,32.6400,0.000070
_7523_,VGND,li1,12.6500,10.8800,0.000028
_7522_,VGND,li1,33.3500,16.3200,0.000063
_7521_,VGND,li1,11.7300,92.4800,0.000036
_7520_,VGND,li1,11.7300,114.2400,0.000030
_7519_,VGND,li1,26.4500,16.3200,0.000064
_7518_,VGND,li1,12.1900,103.3600,0.000061
_7517_,VGND,li1,25.5300,108.8000,0.000043
_7516_,VGND,li1,13.1100,108.8000,0.000028
_7515_,VGND,li1,115.2300,54.4000,0.000078
_7514_,VGND,li1,203.5500,125.1200,0.000080
_7513_,VGND,li1,245.4100,152.3200,0.000037
_7512_,VGND,li1,252.3100,163.2000,0.000081
_7511_,VGND,li1,261.9700,141.4400,0.000047
_7510_,VGND,li1,252.3100,114.2400,0.000031
_7509_,VGND,li1,261.0500,174.0800,0.000048
_7508_,VGND,li1,261.0500,157.7600,0.000065
_7507_,VGND,li1,232.5300,114.2400,0.000044
_7506_,VGND,li1,270.2500,103.3600,0.000073
_7505_,VGND,li1,187.9100,70.7200,0.000026
_7504_,VGND,li1,232.0700,54.4000,0.000106
_7503_,VGND,li1,216.8900,59.8400,0.000101
_7502_,VGND,li1,212.2900,43.5200,0.000069
_7501_,VGND,li1,180.5500,59.8400,0.000102
_7500_,VGND,li1,201.2500,54.4000,0.000068
_7499_,VGND,li1,171.8100,59.8400,0.000086
_7498_,VGND,li1,175.0300,43.5200,0.000076
_7497_,VGND,li1,160.3100,43.5200,0.000077
_7496_,VGND,li1,158.0100,32.6400,0.000061
_7495_,VGND,li1,146.9700,32.6400,0.000068
_7494_,VGND,li1,140.9900,59.8400,0.000081
_7493_,VGND,li1,148.8100,130.5600,0.000036
_7492_,VGND,li1,101.8900,54.4000,0.000056
_7491_,VGND,li1,46.2300,174.0800,0.000053
_7490_,VGND,li1,56.8100,179.5200,0.000060
_7489_,VGND,li1,20.0100,157.7600,0.000024
_7488_,VGND,li1,18.6300,163.2000,0.000021
_7487_,VGND,li1,25.9900,141.4400,0.000054
_7486_,VGND,li1,11.7300,130.5600,0.000034
_7485_,VGND,li1,26.4500,130.5600,0.000048
_7484_,VGND,li1,22.3100,136.0000,0.000081
_7483_,VGND,li1,129.4900,59.8400,0.000077
_7482_,VGND,li1,192.9700,108.8000,0.000037
_7481_,VGND,li1,239.4300,119.6800,0.000048
_7480_,VGND,li1,242.6500,59.8400,0.000078
_7479_,VGND,li1,217.8100,119.6800,0.000043
_7478_,VGND,li1,262.8900,114.2400,0.000032
_7477_,VGND,li1,261.5100,92.4800,0.000057
_7476_,VGND,li1,268.4100,114.2400,0.000032
_7475_,VGND,li1,209.0700,119.6800,0.000050
_7474_,VGND,li1,255.0700,59.8400,0.000077
_7473_,VGND,li1,190.2100,48.9600,0.000049
_7472_,VGND,li1,220.5700,48.9600,0.000064
_7471_,VGND,li1,204.4700,59.8400,0.000088
_7470_,VGND,li1,229.7700,48.9600,0.000091
_7469_,VGND,li1,196.1900,59.8400,0.000066
_7468_,VGND,li1,192.9700,65.2800,0.000037
_7467_,VGND,li1,162.1500,48.9600,0.000036
_7466_,VGND,li1,173.6500,48.9600,0.000049
_7465_,VGND,li1,144.2100,54.4000,0.000062
_7464_,VGND,li1,123.9700,38.0800,0.000029
_7463_,VGND,li1,122.1300,54.4000,0.000083
_7462_,VGND,li1,112.0100,103.3600,0.000021
_7461_,VGND,li1,113.8500,130.5600,0.000046
_7460_,VGND,li1,105.1100,43.5200,0.000035
_7459_,VGND,li1,55.4300,168.6400,0.000058
_7458_,VGND,li1,63.7100,184.9600,0.000081
_7457_,VGND,li1,16.7900,130.5600,0.000036
_7456_,VGND,li1,20.0100,114.2400,0.000041
_7455_,VGND,li1,30.1300,130.5600,0.000049
_7454_,VGND,li1,20.0100,119.6800,0.000035
_7453_,VGND,li1,33.3500,108.8000,0.000041
_7452_,VGND,li1,25.5300,114.2400,0.000046
_7451_,VGND,li1,155.2500,59.8400,0.000093
_7450_,VGND,li1,193.8900,125.1200,0.000047
_7449_,VGND,li1,245.8700,152.3200,0.000037
_7448_,VGND,li1,249.0900,174.0800,0.000046
_7447_,VGND,li1,236.6700,146.8800,0.000037
_7446_,VGND,li1,259.6700,125.1200,0.000027
_7445_,VGND,li1,260.5900,168.6400,0.000046
_7444_,VGND,li1,262.4300,146.8800,0.000050
_7443_,VGND,li1,206.7700,119.6800,0.000050
_7442_,VGND,li1,215.5100,114.2400,0.000046
_7441_,VGND,li1,183.3100,65.2800,0.000058
_7440_,VGND,li1,213.2100,48.9600,0.000068
_7439_,VGND,li1,205.8500,54.4000,0.000076
_7438_,VGND,li1,206.7700,43.5200,0.000071
_7437_,VGND,li1,183.7700,54.4000,0.000067
_7436_,VGND,li1,198.0300,48.9600,0.000048
_7435_,VGND,li1,167.2100,59.8400,0.000072
_7434_,VGND,li1,166.2900,54.4000,0.000053
_7433_,VGND,li1,137.7700,48.9600,0.000032
_7432_,VGND,li1,152.4900,48.9600,0.000042
_7431_,VGND,li1,159.3900,108.8000,0.000030
_7430_,VGND,li1,111.0900,108.8000,0.000036
_7429_,VGND,li1,142.8300,146.8800,0.000031
_7428_,VGND,li1,103.7300,125.1200,0.000036
_7427_,VGND,li1,47.6100,168.6400,0.000050
_7426_,VGND,li1,46.6900,163.2000,0.000021
_7425_,VGND,li1,22.7700,152.3200,0.000030
_7424_,VGND,li1,13.5700,146.8800,0.000033
_7423_,VGND,li1,42.0900,179.5200,0.000058
_7422_,VGND,li1,13.5700,141.4400,0.000034
_7421_,VGND,li1,23.6900,103.3600,0.000086
_7420_,VGND,li1,12.6500,136.0000,0.000051
_7419_,VGND,li1,178.2500,136.0000,0.000053
_7418_,VGND,li1,194.3500,119.6800,0.000034
_7417_,VGND,li1,234.8300,136.0000,0.000043
_7416_,VGND,li1,243.5700,141.4400,0.000044
_7415_,VGND,li1,229.7700,119.6800,0.000043
_7414_,VGND,li1,241.2700,130.5600,0.000073
_7413_,VGND,li1,253.6900,184.9600,0.000043
_7412_,VGND,li1,252.7700,179.5200,0.000068
_7411_,VGND,li1,232.5300,130.5600,0.000083
_7410_,VGND,li1,242.6500,114.2400,0.000045
_7409_,VGND,li1,193.4300,114.2400,0.000033
_7408_,VGND,li1,244.9500,119.6800,0.000045
_7407_,VGND,li1,249.5500,195.8400,0.000064
_7406_,VGND,li1,219.6500,108.8000,0.000026
_7405_,VGND,li1,181.0100,114.2400,0.000043
_7404_,VGND,li1,197.5700,65.2800,0.000036
_7403_,VGND,li1,178.2500,108.8000,0.000048
_7402_,VGND,li1,174.1100,119.6800,0.000052
_7401_,VGND,li1,161.6900,114.2400,0.000030
_7400_,VGND,li1,163.0700,125.1200,0.000051
_7399_,VGND,li1,155.2500,125.1200,0.000057
_7398_,VGND,li1,148.3500,141.4400,0.000027
_7397_,VGND,li1,139.6100,114.2400,0.000038
_7396_,VGND,li1,49.4500,125.1200,0.000045
_7395_,VGND,li1,49.4500,184.9600,0.000059
_7394_,VGND,li1,52.2100,184.9600,0.000066
_7393_,VGND,li1,26.4500,179.5200,0.000057
_7392_,VGND,li1,37.9500,174.0800,0.000051
_7391_,VGND,li1,27.3700,141.4400,0.000054
_7390_,VGND,li1,37.0300,136.0000,0.000061
_7389_,VGND,li1,31.9700,119.6800,0.000040
_7388_,VGND,li1,36.5700,114.2400,0.000044
_7387_,VGND,li1,184.2300,119.6800,0.000048
_7386_,VGND,li1,191.1300,136.0000,0.000052
_7385_,VGND,li1,239.8900,168.6400,0.000042
_7384_,VGND,li1,224.2500,141.4400,0.000026
_7383_,VGND,li1,222.8700,152.3200,0.000021
_7382_,VGND,li1,229.7700,141.4400,0.000036
_7381_,VGND,li1,229.7700,168.6400,0.000038
_7380_,VGND,li1,247.7100,168.6400,0.000039
_7379_,VGND,li1,202.1700,146.8800,0.000026
_7378_,VGND,li1,216.8900,146.8800,0.000028
_7377_,VGND,li1,181.0100,130.5600,0.000040
_7376_,VGND,li1,193.8900,130.5600,0.000029
_7375_,VGND,li1,209.0700,141.4400,0.000030
_7374_,VGND,li1,191.5900,141.4400,0.000026
_7373_,VGND,li1,174.1100,130.5600,0.000039
_7372_,VGND,li1,191.1300,141.4400,0.000026
_7371_,VGND,li1,143.2900,119.6800,0.000039
_7370_,VGND,li1,139.1500,114.2400,0.000038
_7369_,VGND,li1,128.5700,146.8800,0.000027
_7368_,VGND,li1,131.3300,141.4400,0.000020
_7367_,VGND,li1,131.7900,136.0000,0.000032
_7366_,VGND,li1,120.2900,141.4400,0.000025
_7365_,VGND,li1,129.4900,163.2000,0.000019
_7364_,VGND,li1,117.9900,125.1200,0.000066
_7363_,VGND,li1,65.0900,174.0800,0.000055
_7362_,VGND,li1,65.0900,168.6400,0.000055
_7361_,VGND,li1,31.0500,168.6400,0.000067
_7360_,VGND,li1,28.7500,163.2000,0.000025
_7359_,VGND,li1,46.2300,141.4400,0.000028
_7358_,VGND,li1,37.9500,146.8800,0.000038
_7357_,VGND,li1,39.7900,125.1200,0.000046
_7356_,VGND,li1,29.2100,152.3200,0.000033
_7355_,VGND,li1,166.2900,152.3200,0.000034
_7354_,VGND,li1,178.2500,152.3200,0.000035
_7353_,VGND,li1,239.8900,179.5200,0.000093
_7352_,VGND,li1,218.7300,152.3200,0.000025
_7351_,VGND,li1,229.7700,190.4000,0.000051
_7350_,VGND,li1,239.4300,190.4000,0.000053
_7349_,VGND,li1,236.6700,184.9600,0.000057
_7348_,VGND,li1,239.4300,174.0800,0.000052
_7347_,VGND,li1,204.0100,184.9600,0.000148
_7346_,VGND,li1,216.8900,184.9600,0.000103
_7345_,VGND,li1,178.2500,141.4400,0.000028
_7344_,VGND,li1,209.9900,190.4000,0.000125
_7343_,VGND,li1,212.7500,179.5200,0.000081
_7342_,VGND,li1,177.3300,146.8800,0.000024
_7341_,VGND,li1,167.6700,146.8800,0.000021
_7340_,VGND,li1,200.7900,152.3200,0.000026
_7339_,VGND,li1,152.4900,157.7600,0.000064
_7338_,VGND,li1,158.0100,146.8800,0.000026
_7337_,VGND,li1,126.7300,168.6400,0.000078
_7336_,VGND,li1,140.5300,168.6400,0.000059
_7335_,VGND,li1,153.4100,146.8800,0.000029
_7334_,VGND,li1,103.7300,141.4400,0.000019
_7333_,VGND,li1,142.3700,152.3200,0.000076
_7332_,VGND,li1,122.1300,146.8800,0.000029
_7331_,VGND,li1,13.5700,179.5200,0.000027
_7330_,VGND,li1,39.3300,184.9600,0.000045
_7329_,VGND,li1,23.6900,179.5200,0.000051
_7328_,VGND,li1,29.6700,184.9600,0.000048
_7327_,VGND,li1,14.9500,179.5200,0.000027
_7326_,VGND,li1,13.1100,152.3200,0.000021
_7325_,VGND,li1,13.1100,125.1200,0.000025
_7324_,VGND,li1,11.7300,119.6800,0.000027
_7323_,VGND,li1,18.1700,97.9200,0.000047
_7322_,VGND,li1,11.7300,92.4800,0.000036
_7321_,VGND,li1,200.7900,16.3200,0.000058
_7320_,VGND,li1,209.5300,27.2000,0.000070
_7319_,VGND,li1,227.4700,32.6400,0.000035
_7318_,VGND,li1,242.6500,16.3200,0.000050
_7317_,VGND,li1,232.5300,27.2000,0.000049
_7316_,VGND,li1,281.7500,38.0800,0.000036
_7315_,VGND,li1,282.2100,38.0800,0.000036
_7314_,VGND,li1,277.1500,43.5200,0.000046
_7313_,VGND,li1,260.5900,16.3200,0.000040
_7312_,VGND,li1,270.2500,32.6400,0.000043
_7311_,VGND,li1,202.6300,27.2000,0.000063
_7310_,VGND,li1,252.3100,16.3200,0.000037
_7309_,VGND,li1,255.0700,43.5200,0.000044
_7308_,VGND,li1,245.4100,43.5200,0.000062
_7307_,VGND,li1,204.9300,38.0800,0.000081
_7306_,VGND,li1,197.1100,32.6400,0.000043
_7305_,VGND,li1,165.3700,32.6400,0.000051
_7304_,VGND,li1,178.7100,10.8800,0.000044
_7303_,VGND,li1,175.9500,16.3200,0.000060
_7302_,VGND,li1,145.5900,16.3200,0.000055
_7301_,VGND,li1,140.9900,10.8800,0.000033
_7300_,VGND,li1,116.6100,27.2000,0.000086
_7299_,VGND,li1,98.2100,16.3200,0.000051
_7298_,VGND,li1,100.5100,27.2000,0.000065
_7297_,VGND,li1,16.7900,16.3200,0.000048
_7296_,VGND,li1,53.1300,16.3200,0.000066
_7295_,VGND,li1,11.7300,16.3200,0.000042
_7294_,VGND,li1,11.7300,65.2800,0.000041
_7293_,VGND,li1,11.7300,27.2000,0.000061
_7292_,VGND,li1,11.7300,59.8400,0.000044
_7291_,VGND,li1,220.5700,228.4800,0.000068
_7290_,VGND,li1,157.0900,228.4800,0.000094
_7289_,VGND,li1,174.5700,272.0000,0.000126
_7288_,VGND,li1,215.9700,272.0000,0.000092
_7287_,VGND,li1,190.2100,233.9200,0.000099
_7286_,VGND,li1,198.0300,277.4400,0.000110
_7285_,VGND,li1,164.4500,272.0000,0.000086
_7284_,VGND,li1,211.8300,195.8400,0.000067
_7283_,VGND,li1,232.0700,195.8400,0.000055
_7282_,VGND,li1,250.9300,228.4800,0.000058
_7281_,VGND,li1,270.7100,212.1600,0.000072
_7280_,VGND,li1,240.8100,250.2400,0.000092
_7279_,VGND,li1,267.4900,255.6800,0.000080
_7278_,VGND,li1,273.4700,206.7200,0.000079
_7277_,VGND,li1,232.5300,250.2400,0.000088
_7276_,VGND,li1,117.5300,244.8000,0.000128
_7275_,VGND,li1,61.4100,239.3600,0.000061
_7274_,VGND,li1,37.9500,288.3200,0.000084
_7273_,VGND,li1,104.6500,288.3200,0.000048
_7272_,VGND,li1,22.7700,255.6800,0.000077
_7271_,VGND,li1,99.5900,282.8800,0.000064
_7270_,VGND,li1,51.2900,288.3200,0.000092
_7269_,VGND,li1,115.6900,261.1200,0.000079
_7268_,VGND,li1,74.2900,217.6000,0.000049
_7267_,VGND,li1,23.2300,228.4800,0.000071
_7266_,VGND,li1,23.2300,217.6000,0.000040
_7265_,VGND,li1,22.7700,190.4000,0.000040
_7264_,VGND,li1,113.8500,212.1600,0.000127
_7263_,VGND,li1,215.9700,233.9200,0.000078
_7262_,VGND,li1,158.9300,233.9200,0.000154
_7261_,VGND,li1,182.3900,266.5600,0.000136
_7260_,VGND,li1,220.5700,261.1200,0.000085
_7259_,VGND,li1,190.2100,266.5600,0.000111
_7258_,VGND,li1,203.0900,261.1200,0.000121
_7257_,VGND,li1,159.3900,266.5600,0.000108
_7256_,VGND,li1,220.5700,201.2800,0.000126
_7255_,VGND,li1,229.7700,201.2800,0.000112
_7254_,VGND,li1,255.5300,228.4800,0.000051
_7253_,VGND,li1,283.1300,217.6000,0.000052
_7252_,VGND,li1,242.1900,233.9200,0.000106
_7251_,VGND,li1,264.7300,233.9200,0.000092
_7250_,VGND,li1,283.1300,201.2800,0.000047
_7249_,VGND,li1,228.8500,239.3600,0.000090
_7248_,VGND,li1,104.6500,233.9200,0.000156
_7247_,VGND,li1,14.0300,272.0000,0.000060
_7246_,VGND,li1,19.0900,288.3200,0.000068
_7245_,VGND,li1,88.0900,277.4400,0.000087
_7244_,VGND,li1,10.8100,250.2400,0.000082
_7243_,VGND,li1,78.4300,272.0000,0.000129
_7242_,VGND,li1,30.1300,282.8800,0.000102
_7241_,VGND,li1,92.6900,255.6800,0.000082
_7240_,VGND,li1,87.6300,223.0400,0.000101
_7239_,VGND,li1,18.1700,233.9200,0.000034
_7238_,VGND,li1,25.5300,206.7200,0.000093
_7237_,VGND,li1,25.0700,195.8400,0.000152
_7236_,VGND,li1,115.2300,228.4800,0.000144
_7235_,VGND,li1,164.4500,223.0400,0.000080
_7234_,VGND,li1,155.2500,277.4400,0.000135
_7233_,VGND,li1,163.9900,277.4400,0.000087
_7232_,VGND,li1,215.9700,277.4400,0.000121
_7231_,VGND,li1,191.5900,272.0000,0.000082
_7230_,VGND,li1,206.7700,277.4400,0.000141
_7229_,VGND,li1,155.2500,272.0000,0.000109
_7228_,VGND,li1,205.3900,201.2800,0.000167
_7227_,VGND,li1,185.6100,217.6000,0.000060
_7226_,VGND,li1,247.7100,212.1600,0.000063
_7225_,VGND,li1,264.7300,206.7200,0.000110
_7224_,VGND,li1,244.0300,228.4800,0.000069
_7223_,VGND,li1,263.3500,223.0400,0.000108
_7222_,VGND,li1,263.3500,195.8400,0.000054
_7221_,VGND,li1,229.7700,212.1600,0.000075
_7220_,VGND,li1,130.4100,233.9200,0.000155
_7219_,VGND,li1,14.4900,266.5600,0.000062
_7218_,VGND,li1,27.3700,277.4400,0.000089
_7217_,VGND,li1,138.6900,272.0000,0.000122
_7216_,VGND,li1,10.8100,255.6800,0.000054
_7215_,VGND,li1,127.1900,266.5600,0.000093
_7214_,VGND,li1,104.6500,266.5600,0.000054
_7213_,VGND,li1,106.0300,255.6800,0.000068
_7212_,VGND,li1,69.2300,201.2800,0.000118
_7211_,VGND,li1,10.8100,228.4800,0.000036
_7210_,VGND,li1,10.8100,201.2800,0.000036
_7209_,VGND,li1,10.8100,184.9600,0.000035
_7208_,VGND,li1,117.5300,217.6000,0.000115
_7207_,VGND,li1,164.4500,212.1600,0.000088
_7206_,VGND,li1,153.4100,282.8800,0.000074
_7205_,VGND,li1,166.2900,277.4400,0.000099
_7204_,VGND,li1,219.6500,288.3200,0.000095
_7203_,VGND,li1,191.1300,282.8800,0.000069
_7202_,VGND,li1,206.3100,288.3200,0.000085
_7201_,VGND,li1,143.2900,288.3200,0.000058
_7200_,VGND,li1,193.8900,201.2800,0.000107
_7199_,VGND,li1,190.2100,217.6000,0.000052
_7198_,VGND,li1,247.7100,201.2800,0.000105
_7197_,VGND,li1,256.4500,206.7200,0.000104
_7196_,VGND,li1,246.3300,217.6000,0.000078
_7195_,VGND,li1,254.6100,217.6000,0.000062
_7194_,VGND,li1,255.9900,201.2800,0.000086
_7193_,VGND,li1,236.2100,217.6000,0.000078
_7192_,VGND,li1,146.5100,233.9200,0.000162
_7191_,VGND,li1,10.8100,266.5600,0.000064
_7190_,VGND,li1,49.4500,272.0000,0.000088
_7189_,VGND,li1,135.4700,288.3200,0.000049
_7188_,VGND,li1,13.5700,261.1200,0.000081
_7187_,VGND,li1,127.6500,288.3200,0.000064
_7186_,VGND,li1,100.0500,261.1200,0.000071
_7185_,VGND,li1,94.9900,261.1200,0.000098
_7184_,VGND,li1,70.1500,206.7200,0.000125
_7183_,VGND,li1,12.1900,233.9200,0.000032
_7182_,VGND,li1,13.5700,206.7200,0.000050
_7181_,VGND,li1,14.4900,190.4000,0.000024
_7180_,VGND,li1,105.5700,212.1600,0.000148
_7179_,VGND,li1,153.4100,223.0400,0.000111
_7178_,VGND,li1,155.2500,288.3200,0.000061
_7177_,VGND,li1,163.9900,288.3200,0.000042
_7176_,VGND,li1,212.2900,288.3200,0.000091
_7175_,VGND,li1,192.5100,288.3200,0.000062
_7174_,VGND,li1,203.0900,288.3200,0.000079
_7173_,VGND,li1,143.2900,282.8800,0.000082
_7172_,VGND,li1,192.9700,195.8400,0.000057
_7171_,VGND,li1,174.5700,223.0400,0.000134
_7170_,VGND,li1,240.8100,206.7200,0.000124
_7169_,VGND,li1,272.0900,195.8400,0.000050
_7168_,VGND,li1,241.7300,217.6000,0.000085
_7167_,VGND,li1,262.8900,212.1600,0.000072
_7166_,VGND,li1,270.2500,195.8400,0.000052
_7165_,VGND,li1,228.3900,223.0400,0.000102
_7164_,VGND,li1,135.0100,239.3600,0.000099
_7163_,VGND,li1,14.4900,277.4400,0.000046
_7162_,VGND,li1,43.9300,277.4400,0.000078
_7161_,VGND,li1,134.5500,282.8800,0.000056
_7160_,VGND,li1,14.4900,244.8000,0.000045
_7159_,VGND,li1,125.3500,288.3200,0.000067
_7158_,VGND,li1,69.6900,277.4400,0.000058
_7157_,VGND,li1,116.6100,250.2400,0.000130
_7156_,VGND,li1,78.8900,212.1600,0.000198
_7155_,VGND,li1,14.4900,223.0400,0.000049
_7154_,VGND,li1,15.4100,217.6000,0.000025
_7153_,VGND,li1,14.4900,195.8400,0.000079
_7152_,VGND,li1,104.6500,217.6000,0.000077
_7151_,VGND,li1,152.0300,212.1600,0.000087
_7150_,VGND,li1,149.7300,288.3200,0.000061
_7149_,VGND,li1,164.4500,288.3200,0.000042
_7148_,VGND,li1,213.2100,282.8800,0.000098
_7147_,VGND,li1,191.1300,288.3200,0.000062
_7146_,VGND,li1,200.7900,282.8800,0.000091
_7145_,VGND,li1,143.2900,272.0000,0.000125
_7144_,VGND,li1,201.7100,195.8400,0.000073
_7143_,VGND,li1,172.7300,217.6000,0.000077
_7142_,VGND,li1,243.5700,201.2800,0.000124
_7141_,VGND,li1,267.4900,190.4000,0.000108
_7140_,VGND,li1,243.1100,228.4800,0.000069
_7139_,VGND,li1,256.9100,223.0400,0.000097
_7138_,VGND,li1,262.4300,190.4000,0.000086
_7137_,VGND,li1,228.8500,228.4800,0.000063
_7136_,VGND,li1,143.2900,228.4800,0.000092
_7135_,VGND,li1,10.8100,277.4400,0.000050
_7134_,VGND,li1,24.1500,277.4400,0.000082
_7133_,VGND,li1,136.3900,277.4400,0.000123
_7132_,VGND,li1,22.3100,244.8000,0.000069
_7131_,VGND,li1,112.9300,266.5600,0.000074
_7130_,VGND,li1,61.8700,277.4400,0.000077
_7129_,VGND,li1,109.2500,250.2400,0.000119
_7128_,VGND,li1,71.0700,212.1600,0.000142
_7127_,VGND,li1,10.8100,223.0400,0.000051
_7126_,VGND,li1,10.8100,212.1600,0.000065
_7125_,VGND,li1,10.8100,195.8400,0.000083
_7124_,VGND,li1,125.8100,217.6000,0.000107
_7123_,VGND,li1,219.1900,217.6000,0.000049
_7122_,VGND,li1,153.4100,261.1200,0.000071
_7121_,VGND,li1,172.2700,261.1200,0.000077
_7120_,VGND,li1,224.2500,277.4400,0.000095
_7119_,VGND,li1,178.7100,277.4400,0.000136
_7118_,VGND,li1,211.3700,250.2400,0.000135
_7117_,VGND,li1,134.5500,261.1200,0.000046
_7116_,VGND,li1,204.4700,212.1600,0.000102
_7115_,VGND,li1,218.7300,212.1600,0.000098
_7114_,VGND,li1,256.4500,272.0000,0.000059
_7113_,VGND,li1,267.4900,272.0000,0.000068
_7112_,VGND,li1,245.8700,250.2400,0.000091
_7111_,VGND,li1,274.8500,266.5600,0.000037
_7110_,VGND,li1,272.0900,244.8000,0.000116
_7109_,VGND,li1,232.0700,272.0000,0.000112
_7108_,VGND,li1,127.1900,250.2400,0.000120
_7107_,VGND,li1,53.1300,255.6800,0.000053
_7106_,VGND,li1,45.3100,266.5600,0.000117
_7105_,VGND,li1,122.5900,277.4400,0.000117
_7104_,VGND,li1,27.3700,266.5600,0.000114
_7103_,VGND,li1,116.6100,266.5600,0.000081
_7102_,VGND,li1,62.7900,266.5600,0.000132
_7101_,VGND,li1,74.2900,250.2400,0.000077
_7100_,VGND,li1,63.2500,206.7200,0.000131
_7099_,VGND,li1,32.8900,233.9200,0.000053
_7098_,VGND,li1,35.6500,212.1600,0.000117
_7097_,VGND,li1,37.4900,195.8400,0.000153
_7096_,VGND,li1,107.4100,223.0400,0.000064
_7095_,VGND,li1,210.9100,233.9200,0.000083
_7094_,VGND,li1,156.1700,255.6800,0.000116
_7093_,VGND,li1,181.0100,261.1200,0.000090
_7092_,VGND,li1,225.1700,282.8800,0.000074
_7091_,VGND,li1,180.5500,272.0000,0.000129
_7090_,VGND,li1,212.7500,261.1200,0.000111
_7089_,VGND,li1,134.0900,255.6800,0.000074
_7088_,VGND,li1,198.0300,217.6000,0.000048
_7087_,VGND,li1,213.6700,206.7200,0.000084
_7086_,VGND,li1,264.2700,272.0000,0.000068
_7085_,VGND,li1,268.8700,282.8800,0.000063
_7084_,VGND,li1,254.6100,250.2400,0.000079
_7083_,VGND,li1,283.1300,272.0000,0.000045
_7082_,VGND,li1,283.1300,244.8000,0.000054
_7081_,VGND,li1,239.8900,266.5600,0.000083
_7080_,VGND,li1,102.8100,244.8000,0.000121
_7079_,VGND,li1,58.1900,255.6800,0.000056
_7078_,VGND,li1,53.1300,266.5600,0.000136
_7077_,VGND,li1,128.1100,277.4400,0.000116
_7076_,VGND,li1,37.4900,266.5600,0.000115
_7075_,VGND,li1,115.2300,272.0000,0.000212
_7074_,VGND,li1,74.2900,261.1200,0.000103
_7073_,VGND,li1,79.3500,244.8000,0.000127
_7072_,VGND,li1,88.5500,212.1600,0.000272
_7071_,VGND,li1,35.6500,233.9200,0.000054
_7070_,VGND,li1,38.4100,217.6000,0.000058
_7069_,VGND,li1,53.1300,195.8400,0.000141
_7068_,VGND,li1,74.2900,195.8400,0.000112
_7067_,VGND,li1,210.4500,217.6000,0.000058
_7066_,VGND,li1,151.5700,250.2400,0.000177
_7065_,VGND,li1,173.6500,288.3200,0.000060
_7064_,VGND,li1,229.7700,288.3200,0.000085
_7063_,VGND,li1,180.0900,288.3200,0.000067
_7062_,VGND,li1,207.6900,272.0000,0.000090
_7061_,VGND,li1,143.7500,261.1200,0.000065
_7060_,VGND,li1,198.9500,223.0400,0.000138
_7059_,VGND,li1,226.0900,217.6000,0.000049
_7058_,VGND,li1,259.2100,288.3200,0.000063
_7057_,VGND,li1,272.5500,288.3200,0.000062
_7056_,VGND,li1,246.7900,288.3200,0.000068
_7055_,VGND,li1,283.1300,288.3200,0.000036
_7054_,VGND,li1,283.1300,261.1200,0.000044
_7053_,VGND,li1,241.7300,272.0000,0.000112
_7052_,VGND,li1,125.8100,239.3600,0.000139
_7051_,VGND,li1,58.1900,266.5600,0.000136
_7050_,VGND,li1,36.5700,277.4400,0.000092
_7049_,VGND,li1,117.5300,288.3200,0.000075
_7048_,VGND,li1,35.1900,255.6800,0.000070
_7047_,VGND,li1,115.2300,288.3200,0.000074
_7046_,VGND,li1,70.1500,272.0000,0.000094
_7045_,VGND,li1,85.3300,255.6800,0.000078
_7044_,VGND,li1,78.8900,217.6000,0.000073
_7043_,VGND,li1,45.3100,233.9200,0.000050
_7042_,VGND,li1,47.6100,217.6000,0.000057
_7041_,VGND,li1,48.5300,190.4000,0.000049
_7040_,VGND,li1,117.5300,201.2800,0.000154
_7039_,VGND,li1,165.8300,206.7200,0.000059
_7038_,VGND,li1,167.6700,239.3600,0.000096
_7037_,VGND,li1,181.0100,233.9200,0.000143
_7036_,VGND,li1,219.1900,250.2400,0.000104
_7035_,VGND,li1,193.8900,250.2400,0.000101
_7034_,VGND,li1,198.0300,239.3600,0.000090
_7033_,VGND,li1,164.4500,250.2400,0.000105
_7032_,VGND,li1,192.0500,206.7200,0.000061
_7031_,VGND,li1,172.7300,212.1600,0.000124
_7030_,VGND,li1,260.1300,261.1200,0.000061
_7029_,VGND,li1,283.1300,228.4800,0.000043
_7028_,VGND,li1,255.5300,266.5600,0.000047
_7027_,VGND,li1,282.6700,266.5600,0.000021
_7026_,VGND,li1,283.1300,239.3600,0.000059
_7025_,VGND,li1,240.3500,261.1200,0.000085
_7024_,VGND,li1,79.3500,239.3600,0.000074
_7023_,VGND,li1,39.7900,250.2400,0.000143
_7022_,VGND,li1,11.2700,288.3200,0.000054
_7021_,VGND,li1,87.1700,288.3200,0.000059
_7020_,VGND,li1,11.2700,244.8000,0.000046
_7019_,VGND,li1,79.3500,288.3200,0.000053
_7018_,VGND,li1,74.2900,293.7600,0.000022
_7017_,VGND,li1,74.2900,255.6800,0.000045
_7016_,VGND,li1,62.3300,223.0400,0.000075
_7015_,VGND,li1,50.8300,212.1600,0.000151
_7014_,VGND,li1,56.3500,223.0400,0.000076
_7013_,VGND,li1,53.1300,206.7200,0.000108
_7012_,VGND,li1,134.5500,212.1600,0.000056
_7011_,VGND,li1,166.2900,195.8400,0.000071
_7010_,VGND,li1,151.5700,244.8000,0.000106
_7009_,VGND,li1,177.3300,228.4800,0.000103
_7008_,VGND,li1,214.5900,239.3600,0.000104
_7007_,VGND,li1,188.8300,223.0400,0.000140
_7006_,VGND,li1,198.9500,228.4800,0.000073
_7005_,VGND,li1,169.0500,244.8000,0.000084
_7004_,VGND,li1,185.1500,190.4000,0.000116
_7003_,VGND,li1,179.1700,195.8400,0.000077
_7002_,VGND,li1,259.2100,282.8800,0.000061
_7001_,VGND,li1,283.1300,228.4800,0.000043
_7000_,VGND,li1,249.5500,282.8800,0.000086
_6999_,VGND,li1,283.1300,277.4400,0.000074
_6998_,VGND,li1,283.1300,255.6800,0.000038
_6997_,VGND,li1,241.7300,282.8800,0.000111
_6996_,VGND,li1,78.8900,233.9200,0.000146
_6995_,VGND,li1,44.3900,255.6800,0.000041
_6994_,VGND,li1,89.4700,233.9200,0.000219
_6993_,VGND,li1,94.5300,239.3600,0.000090
_6992_,VGND,li1,33.8100,244.8000,0.000086
_6991_,VGND,li1,100.0500,228.4800,0.000143
_6990_,VGND,li1,61.4100,282.8800,0.000122
_6989_,VGND,li1,66.0100,250.2400,0.000108
_6988_,VGND,li1,65.5500,217.6000,0.000058
_6987_,VGND,li1,55.8900,217.6000,0.000064
_6986_,VGND,li1,53.1300,233.9200,0.000095
_6985_,VGND,li1,61.4100,201.2800,0.000117
_6984_,VGND,li1,143.2900,201.2800,0.000109
_6983_,VGND,li1,154.7900,195.8400,0.000118
_6982_,VGND,li1,150.6500,244.8000,0.000106
_6981_,VGND,li1,175.4900,239.3600,0.000113
_6980_,VGND,li1,221.9500,244.8000,0.000151
_6979_,VGND,li1,181.9300,228.4800,0.000102
_6978_,VGND,li1,203.0900,233.9200,0.000083
_6977_,VGND,li1,141.4500,244.8000,0.000095
_6976_,VGND,li1,182.8500,195.8400,0.000074
_6975_,VGND,li1,171.3500,195.8400,0.000076
_6974_,VGND,li1,254.6100,277.4400,0.000138
_6973_,VGND,li1,271.6300,233.9200,0.000083
_6972_,VGND,li1,247.7100,277.4400,0.000181
_6971_,VGND,li1,280.3700,277.4400,0.000097
_6970_,VGND,li1,272.0900,255.6800,0.000068
_6969_,VGND,li1,237.5900,282.8800,0.000106
_6968_,VGND,li1,71.0700,233.9200,0.000101
_6967_,VGND,li1,46.2300,244.8000,0.000075
_6966_,VGND,li1,40.2500,282.8800,0.000102
_6965_,VGND,li1,91.7700,266.5600,0.000098
_6964_,VGND,li1,31.9700,239.3600,0.000089
_6963_,VGND,li1,95.4500,288.3200,0.000056
_6962_,VGND,li1,62.7900,288.3200,0.000087
_6961_,VGND,li1,66.0100,244.8000,0.000101
_6960_,VGND,li1,64.6300,228.4800,0.000156
_6959_,VGND,li1,37.9500,223.0400,0.000094
_6958_,VGND,li1,52.2100,239.3600,0.000060
_6957_,VGND,li1,61.8700,195.8400,0.000149
_6956_,VGND,li1,140.9900,206.7200,0.000079
_6955_,VGND,li1,152.4900,206.7200,0.000081
_6954_,VGND,li1,166.7500,233.9200,0.000127
_6953_,VGND,li1,178.2500,244.8000,0.000088
_6952_,VGND,li1,207.2300,244.8000,0.000139
_6951_,VGND,li1,190.2100,244.8000,0.000085
_6950_,VGND,li1,203.5500,244.8000,0.000123
_6949_,VGND,li1,135.9300,250.2400,0.000125
_6948_,VGND,li1,184.2300,206.7200,0.000077
_6947_,VGND,li1,172.7300,201.2800,0.000104
_6946_,VGND,li1,257.8300,255.6800,0.000091
_6945_,VGND,li1,279.4500,233.9200,0.000063
_6944_,VGND,li1,247.7100,266.5600,0.000065
_6943_,VGND,li1,269.3300,266.5600,0.000042
_6942_,VGND,li1,277.6100,239.3600,0.000088
_6941_,VGND,li1,232.0700,261.1200,0.000086
_6940_,VGND,li1,74.2900,239.3600,0.000050
_6939_,VGND,li1,42.0900,250.2400,0.000125
_6938_,VGND,li1,10.8100,288.3200,0.000054
_6937_,VGND,li1,87.6300,288.3200,0.000059
_6936_,VGND,li1,10.8100,239.3600,0.000057
_6935_,VGND,li1,79.3500,282.8800,0.000070
_6934_,VGND,li1,70.1500,288.3200,0.000065
_6933_,VGND,li1,66.0100,255.6800,0.000054
_6932_,VGND,li1,64.6300,233.9200,0.000106
_6931_,VGND,li1,40.2500,201.2800,0.000074
_6930_,VGND,li1,48.5300,223.0400,0.000073
_6929_,VGND,li1,48.9900,201.2800,0.000094
_6928_,VGND,li1,135.4700,206.7200,0.000076
_6927_,VGND,li1,220.1100,223.0400,0.000100
_6926_,VGND,li1,152.0300,228.4800,0.000095
_6925_,VGND,li1,177.3300,250.2400,0.000144
_6924_,VGND,li1,225.1700,255.6800,0.000162
_6923_,VGND,li1,190.2100,255.6800,0.000131
_6922_,VGND,li1,205.3900,255.6800,0.000195
_6921_,VGND,li1,164.4500,250.2400,0.000105
_6920_,VGND,li1,225.1700,201.2800,0.000096
_6919_,VGND,li1,233.4500,201.2800,0.000122
_6918_,VGND,li1,259.2100,233.9200,0.000087
_6917_,VGND,li1,283.1300,212.1600,0.000041
_6916_,VGND,li1,241.7300,244.8000,0.000233
_6915_,VGND,li1,267.4900,244.8000,0.000133
_6914_,VGND,li1,282.6700,206.7200,0.000049
_6913_,VGND,li1,234.3700,233.9200,0.000103
_6912_,VGND,li1,104.6500,239.3600,0.000078
_6911_,VGND,li1,21.8500,272.0000,0.000109
_6910_,VGND,li1,22.7700,293.7600,0.000033
_6909_,VGND,li1,91.3100,277.4400,0.000092
_6908_,VGND,li1,18.6300,250.2400,0.000131
_6907_,VGND,li1,78.8900,277.4400,0.000066
_6906_,VGND,li1,30.1300,288.3200,0.000088
_6905_,VGND,li1,91.7700,244.8000,0.000181
_6904_,VGND,li1,76.1300,223.0400,0.000069
_6903_,VGND,li1,24.6100,233.9200,0.000045
_6902_,VGND,li1,24.6100,206.7200,0.000093
_6901_,VGND,li1,25.5300,201.2800,0.000072
_6900_,VGND,li1,114.3100,239.3600,0.000125
_6899_,VGND,li1,220.5700,233.9200,0.000071
_6898_,VGND,li1,166.7500,228.4800,0.000084
_6897_,VGND,li1,181.9300,255.6800,0.000153
_6896_,VGND,li1,224.2500,272.0000,0.000074
_6895_,VGND,li1,190.2100,239.3600,0.000099
_6894_,VGND,li1,199.4100,266.5600,0.000084
_6893_,VGND,li1,166.7500,261.1200,0.000064
_6892_,VGND,li1,215.9700,195.8400,0.000060
_6891_,VGND,li1,232.0700,206.7200,0.000100
_6890_,VGND,li1,257.8300,250.2400,0.000102
_6889_,VGND,li1,276.2300,212.1600,0.000059
_6888_,VGND,li1,246.3300,255.6800,0.000165
_6887_,VGND,li1,267.9500,261.1200,0.000061
_6886_,VGND,li1,280.3700,195.8400,0.000039
_6885_,VGND,li1,232.9900,255.6800,0.000203
_6884_,VGND,li1,117.5300,239.3600,0.000134
_6883_,VGND,li1,54.0500,244.8000,0.000093
_6882_,VGND,li1,43.4700,288.3200,0.000066
_6881_,VGND,li1,106.9500,288.3200,0.000060
_6880_,VGND,li1,26.4500,261.1200,0.000168
_6879_,VGND,li1,100.9700,293.7600,0.000012
_6878_,VGND,li1,54.9700,288.3200,0.000100
_6877_,VGND,li1,121.2100,255.6800,0.000090
_6876_,VGND,li1,87.1700,223.0400,0.000101
_6875_,VGND,li1,26.9100,223.0400,0.000099
_6874_,VGND,li1,30.5900,217.6000,0.000049
_6873_,VGND,li1,26.4500,190.4000,0.000044
_6872_,VGND,li1,116.1500,212.1600,0.000121
_6871_,VGND,li1,208.1500,228.4800,0.000088
_6870_,VGND,li1,148.8100,266.5600,0.000119
_6869_,VGND,li1,172.7300,282.8800,0.000061
_6868_,VGND,li1,232.0700,288.3200,0.000085
_6867_,VGND,li1,185.1500,282.8800,0.000074
_6866_,VGND,li1,204.9300,272.0000,0.000087
_6865_,VGND,li1,140.9900,266.5600,0.000120
_6864_,VGND,li1,196.6500,212.1600,0.000085
_6863_,VGND,li1,211.3700,212.1600,0.000111
_6862_,VGND,li1,255.9900,288.3200,0.000055
_6861_,VGND,li1,267.9500,288.3200,0.000066
_6860_,VGND,li1,242.6500,288.3200,0.000076
_6859_,VGND,li1,280.3700,288.3200,0.000045
_6858_,VGND,li1,277.1500,261.1200,0.000055
_6857_,VGND,li1,232.0700,277.4400,0.000151
_6856_,VGND,li1,108.3300,244.8000,0.000112
_6855_,VGND,li1,57.2700,272.0000,0.000102
_6854_,VGND,li1,36.1100,277.4400,0.000092
_6853_,VGND,li1,112.9300,277.4400,0.000111
_6852_,VGND,li1,31.9700,266.5600,0.000117
_6851_,VGND,li1,112.9300,282.8800,0.000075
_6850_,VGND,li1,83.9500,266.5600,0.000109
_6849_,VGND,li1,82.1100,250.2400,0.000101
_6848_,VGND,li1,61.4100,212.1600,0.000165
_6847_,VGND,li1,42.0900,239.3600,0.000059
_6846_,VGND,li1,35.6500,206.7200,0.000099
_6845_,VGND,li1,37.4900,190.4000,0.000044
_6844_,VGND,li1,119.8300,233.9200,0.000197
_6842_,VGND,li1,175.2600,174.0800,0.000063
_6840_,VGND,li1,171.1200,157.7600,0.000046
_6838_,VGND,li1,226.3200,163.2000,0.000041
_6836_,VGND,li1,167.9000,157.7600,0.000044
_6834_,VGND,li1,215.7400,174.0800,0.000056
_6832_,VGND,li1,223.1000,163.2000,0.000036
_6830_,VGND,li1,235.9800,190.4000,0.000052
_6828_,VGND,li1,226.3200,184.9600,0.000058
_6826_,VGND,li1,200.5600,174.0800,0.000066
_6824_,VGND,li1,214.8200,168.6400,0.000049
_6822_,VGND,li1,170.2000,163.2000,0.000055
_6820_,VGND,li1,191.3600,174.0800,0.000061
_6818_,VGND,li1,204.7000,174.0800,0.000069
_6816_,VGND,li1,184.0000,179.5200,0.000063
_6814_,VGND,li1,161.4600,174.0800,0.000080
_6811_,VGND,li1,158.7000,157.7600,0.000051
_6809_,VGND,li1,149.0400,163.2000,0.000028
_6807_,VGND,li1,158.7000,163.2000,0.000032
_6805_,VGND,li1,119.6000,152.3200,0.000074
_6804_,VGND,li1,77.9700,92.4800,0.000057
_6802_,VGND,li1,137.0800,157.7600,0.000046
_6800_,VGND,li1,107.1800,152.3200,0.000049
_6798_,VGND,li1,141.2200,163.2000,0.000024
_6796_,VGND,li1,120.0600,163.2000,0.000021
_6793_,VGND,li1,101.6600,168.6400,0.000074
_6791_,VGND,li1,112.2400,163.2000,0.000021
_6789_,VGND,li1,12.4200,168.6400,0.000034
_6787_,VGND,li1,8.7400,163.2000,0.000014
_6785_,VGND,li1,18.8600,168.6400,0.000049
_6783_,VGND,li1,9.6600,168.6400,0.000034
_6781_,VGND,li1,8.7400,146.8800,0.000033
_6779_,VGND,li1,9.6600,163.2000,0.000014
_6775_,VGND,li1,157.5500,16.3200,0.000048
_6773_,VGND,li1,189.2900,59.8400,0.000076
_6771_,VGND,li1,219.1900,43.5200,0.000061
_6769_,VGND,li1,235.2900,43.5200,0.000066
_6767_,VGND,li1,227.0100,38.0800,0.000051
_6765_,VGND,li1,278.5300,65.2800,0.000056
_6763_,VGND,li1,274.8500,65.2800,0.000066
_6761_,VGND,li1,273.4700,59.8400,0.000104
_6759_,VGND,li1,267.9500,43.5200,0.000054
_6756_,VGND,li1,273.2400,48.9600,0.000097
_6754_,VGND,li1,181.2400,48.9600,0.000055
_6752_,VGND,li1,255.5300,48.9600,0.000080
_6750_,VGND,li1,250.7000,54.4000,0.000086
_6748_,VGND,li1,241.2700,48.9600,0.000095
_6746_,VGND,li1,179.1700,54.4000,0.000066
_6744_,VGND,li1,192.5100,38.0800,0.000047
_6742_,VGND,li1,161.6900,38.0800,0.000028
_6739_,VGND,li1,181.9300,43.5200,0.000073
_6737_,VGND,li1,130.8700,48.9600,0.000033
_6735_,VGND,li1,136.8500,43.5200,0.000070
_6733_,VGND,li1,132.2500,38.0800,0.000021
_6731_,VGND,li1,141.9100,43.5200,0.000086
_6729_,VGND,li1,92.6900,16.3200,0.000056
_6727_,VGND,li1,93.6100,27.2000,0.000070
_6725_,VGND,li1,20.9300,10.8800,0.000045
_6722_,VGND,li1,35.6500,21.7600,0.000080
_6720_,VGND,li1,11.2700,97.9200,0.000033
_6718_,VGND,li1,11.2700,119.6800,0.000027
_6716_,VGND,li1,33.8100,10.8800,0.000046
_6714_,VGND,li1,10.3500,103.3600,0.000061
_6712_,VGND,li1,25.9900,108.8000,0.000043
_6710_,VGND,li1,13.1100,114.2400,0.000028
_6709_,VGND,li1,113.3900,54.4000,0.000074
_6708_,VGND,li1,81.4200,54.4000,0.000082
_6706_,VGND,li1,201.2500,119.6800,0.000044
_6704_,VGND,li1,244.9500,146.8800,0.000036
_6702_,VGND,li1,248.1700,163.2000,0.000074
_6700_,VGND,li1,259.6700,146.8800,0.000044
_6698_,VGND,li1,252.7700,114.2400,0.000031
_6696_,VGND,li1,259.6700,174.0800,0.000048
_6694_,VGND,li1,260.1300,157.7600,0.000065
_6692_,VGND,li1,232.5300,114.2400,0.000044
_6689_,VGND,li1,266.8000,108.8000,0.000032
_6687_,VGND,li1,189.5200,65.2800,0.000043
_6685_,VGND,li1,227.4700,54.4000,0.000082
_6683_,VGND,li1,212.0600,59.8400,0.000098
_6681_,VGND,li1,206.3100,48.9600,0.000062
_6679_,VGND,li1,188.3700,59.8400,0.000076
_6677_,VGND,li1,199.8700,43.5200,0.000060
_6675_,VGND,li1,170.8900,54.4000,0.000062
_6672_,VGND,li1,169.5100,38.0800,0.000039
_6670_,VGND,li1,157.5500,43.5200,0.000084
_6668_,VGND,li1,155.7100,38.0800,0.000031
_6666_,VGND,li1,143.7500,38.0800,0.000029
_6664_,VGND,li1,139.6100,54.4000,0.000058
_6662_,VGND,li1,145.1300,125.1200,0.000052
_6660_,VGND,li1,100.5100,48.9600,0.000034
_6658_,VGND,li1,49.9100,174.0800,0.000057
_6655_,VGND,li1,54.9700,179.5200,0.000059
_6653_,VGND,li1,20.9300,163.2000,0.000022
_6651_,VGND,li1,16.3300,163.2000,0.000018
_6649_,VGND,li1,25.9900,146.8800,0.000049
_6647_,VGND,li1,13.5700,125.1200,0.000025
_6645_,VGND,li1,27.3700,125.1200,0.000048
_6643_,VGND,li1,21.8500,130.5600,0.000043
_6641_,VGND,li1,128.5700,54.4000,0.000082
_6640_,VGND,li1,131.3300,59.8400,0.000069
_6638_,VGND,li1,195.2700,108.8000,0.000029
_6636_,VGND,li1,239.8900,125.1200,0.000041
_6634_,VGND,li1,241.7300,59.8400,0.000078
_6632_,VGND,li1,217.8100,119.6800,0.000043
_6630_,VGND,li1,261.0500,119.6800,0.000034
_6628_,VGND,li1,260.1300,97.9200,0.000035
_6626_,VGND,li1,264.2700,108.8000,0.000030
_6624_,VGND,li1,208.1500,114.2400,0.000048
_6622_,VGND,li1,247.4800,54.4000,0.000098
_6619_,VGND,li1,189.0600,48.9600,0.000049
_6617_,VGND,li1,220.5700,48.9600,0.000064
_6615_,VGND,li1,205.6200,65.2800,0.000038
_6613_,VGND,li1,227.0100,43.5200,0.000056
_6611_,VGND,li1,195.2700,59.8400,0.000066
_6609_,VGND,li1,191.1300,70.7200,0.000021
_6607_,VGND,li1,158.0100,54.4000,0.000053
_6605_,VGND,li1,175.4900,43.5200,0.000076
_6602_,VGND,li1,143.7500,54.4000,0.000062
_6600_,VGND,li1,126.7300,43.5200,0.000070
_6598_,VGND,li1,124.4300,48.9600,0.000034
_6596_,VGND,li1,113.8500,108.8000,0.000035
_6594_,VGND,li1,116.1500,130.5600,0.000046
_6592_,VGND,li1,106.0300,43.5200,0.000042
_6590_,VGND,li1,54.9700,174.0800,0.000059
_6588_,VGND,li1,63.2500,184.9600,0.000081
_6585_,VGND,li1,20.9300,125.1200,0.000039
_6583_,VGND,li1,20.9300,108.8000,0.000039
_6581_,VGND,li1,30.1300,136.0000,0.000073
_6579_,VGND,li1,20.9300,119.6800,0.000035
_6577_,VGND,li1,29.2100,114.2400,0.000046
_6575_,VGND,li1,26.9100,119.6800,0.000039
_6573_,VGND,li1,83.4900,43.5200,0.000039
_6572_,VGND,li1,155.7100,54.4000,0.000056
_6571_,VGND,li1,159.8500,54.4000,0.000050
_6569_,VGND,li1,192.5100,119.6800,0.000037
_6567_,VGND,li1,243.5700,146.8800,0.000037
_6566_,VGND,li1,238.5100,103.3600,0.000062
_6565_,VGND,li1,224.2500,103.3600,0.000057
_6564_,VGND,li1,281.9800,163.2000,0.000092
_6562_,VGND,li1,246.7900,168.6400,0.000039
_6561_,VGND,li1,243.5700,103.3600,0.000059
_6560_,VGND,li1,244.4900,48.9600,0.000089
_6559_,VGND,li1,283.8200,157.7600,0.000035
_6557_,VGND,li1,236.6700,141.4400,0.000041
_6555_,VGND,li1,258.7500,125.1200,0.000027
_6553_,VGND,li1,259.6700,168.6400,0.000046
_6551_,VGND,li1,260.5900,152.3200,0.000044
_6549_,VGND,li1,204.0100,114.2400,0.000047
_6548_,VGND,li1,269.3300,97.9200,0.000054
_6547_,VGND,li1,210.4500,184.9600,0.000145
_6546_,VGND,li1,278.7600,81.6000,0.000021
_6544_,VGND,li1,219.8800,114.2400,0.000037
_6541_,VGND,li1,181.7000,65.2800,0.000058
_6539_,VGND,li1,209.5300,54.4000,0.000078
_6537_,VGND,li1,206.5400,59.8400,0.000092
_6535_,VGND,li1,208.1500,48.9600,0.000064
_6533_,VGND,li1,183.3100,54.4000,0.000067
_6531_,VGND,li1,201.2500,48.9600,0.000055
_6529_,VGND,li1,164.4500,59.8400,0.000061
_6527_,VGND,li1,169.0500,48.9600,0.000044
_6524_,VGND,li1,132.2500,54.4000,0.000064
_6522_,VGND,li1,151.1100,54.4000,0.000060
_6520_,VGND,li1,156.1700,108.8000,0.000029
_6518_,VGND,li1,112.4700,114.2400,0.000076
_6516_,VGND,li1,141.4500,136.0000,0.000030
_6515_,VGND,li1,99.1300,136.0000,0.000069
_6514_,VGND,li1,103.5000,59.8400,0.000054
_6513_,VGND,li1,77.5100,266.5600,0.000106
_6512_,VGND,li1,34.0400,293.7600,0.000040
_6511_,VGND,li1,34.5000,282.8800,0.000106
_6510_,VGND,li1,97.9800,233.9200,0.000213
_6509_,VGND,li1,55.2000,282.8800,0.000134
_6508_,VGND,li1,37.7200,288.3200,0.000084
_6507_,VGND,li1,49.6800,282.8800,0.000133
_6506_,VGND,li1,80.9600,266.5600,0.000110
_6505_,VGND,li1,84.6400,261.1200,0.000115
_6504_,VGND,li1,100.7400,272.0000,0.000170
_6503_,VGND,li1,57.0400,282.8800,0.000133
_6502_,VGND,li1,75.2100,261.1200,0.000103
_6501_,VGND,li1,63.9400,266.5600,0.000132
_6499_,VGND,li1,104.6500,119.6800,0.000043
_6497_,VGND,li1,47.6100,168.6400,0.000050
_6496_,VGND,li1,97.2900,168.6400,0.000089
_6495_,VGND,li1,102.5800,146.8800,0.000023
_6494_,VGND,li1,89.9300,206.7200,0.000198
_6492_,VGND,li1,46.6900,157.7600,0.000024
_6490_,VGND,li1,46.6900,136.0000,0.000042
_6489_,VGND,li1,109.7100,179.5200,0.000122
_6488_,VGND,li1,111.5500,184.9600,0.000246
_6487_,VGND,li1,110.6300,195.8400,0.000165
_6486_,VGND,li1,42.3200,217.6000,0.000059
_6485_,VGND,li1,32.4300,223.0400,0.000106
_6484_,VGND,li1,32.6600,228.4800,0.000093
_6483_,VGND,li1,46.4600,228.4800,0.000105
_6482_,VGND,li1,44.8500,223.0400,0.000071
_6481_,VGND,li1,29.6700,212.1600,0.000113
_6480_,VGND,li1,28.9800,228.4800,0.000090
_6479_,VGND,li1,28.9800,244.8000,0.000086
_6478_,VGND,li1,16.7900,244.8000,0.000055
_6477_,VGND,li1,16.5600,250.2400,0.000115
_6476_,VGND,li1,16.5600,239.3600,0.000071
_6475_,VGND,li1,43.0100,223.0400,0.000067
_6474_,VGND,li1,37.2600,223.0400,0.000094
_6473_,VGND,li1,46.4600,206.7200,0.000091
_6472_,VGND,li1,114.5400,195.8400,0.000165
_6471_,VGND,li1,50.3700,261.1200,0.000159
_6470_,VGND,li1,50.3700,250.2400,0.000138
_6469_,VGND,li1,47.3800,255.6800,0.000047
_6468_,VGND,li1,42.3200,261.1200,0.000134
_6467_,VGND,li1,46.9200,244.8000,0.000075
_6466_,VGND,li1,52.9000,250.2400,0.000143
_6465_,VGND,li1,100.0500,212.1600,0.000233
_6464_,VGND,li1,40.4800,179.5200,0.000058
_6463_,VGND,li1,17.7100,266.5600,0.000084
_6462_,VGND,li1,78.6600,201.2800,0.000153
_6461_,VGND,li1,59.5700,261.1200,0.000170
_6460_,VGND,li1,53.3600,277.4400,0.000088
_6459_,VGND,li1,162.1500,239.3600,0.000106
_6458_,VGND,li1,157.0900,244.8000,0.000106
_6457_,VGND,li1,159.1600,239.3600,0.000123
_6456_,VGND,li1,157.3200,244.8000,0.000106
_6455_,VGND,li1,163.3000,244.8000,0.000080
_6454_,VGND,li1,157.7800,228.4800,0.000094
_6453_,VGND,li1,163.0700,228.4800,0.000080
_6452_,VGND,li1,166.7500,223.0400,0.000102
_6451_,VGND,li1,155.2500,261.1200,0.000071
_6450_,VGND,li1,149.0400,255.6800,0.000122
_6449_,VGND,li1,151.1100,277.4400,0.000163
_6448_,VGND,li1,155.4800,288.3200,0.000061
_6446_,VGND,li1,24.1500,146.8800,0.000049
_6444_,VGND,li1,16.3300,146.8800,0.000037
_6442_,VGND,li1,39.3300,174.0800,0.000051
_6441_,VGND,li1,105.3400,184.9600,0.000163
_6440_,VGND,li1,109.7100,184.9600,0.000218
_6439_,VGND,li1,111.7800,195.8400,0.000165
_6438_,VGND,li1,110.1700,190.4000,0.000167
_6437_,VGND,li1,113.8500,190.4000,0.000180
_6436_,VGND,li1,159.6200,190.4000,0.000237
_6435_,VGND,li1,34.2700,195.8400,0.000168
_6434_,VGND,li1,31.0500,206.7200,0.000101
_6433_,VGND,li1,30.8200,201.2800,0.000083
_6432_,VGND,li1,30.8200,195.8400,0.000165
_6431_,VGND,li1,19.0900,206.7200,0.000078
_6430_,VGND,li1,19.7800,184.9600,0.000044
_6429_,VGND,li1,16.5600,212.1600,0.000084
_6428_,VGND,li1,46.2300,174.0800,0.000053
_6427_,VGND,li1,47.3800,195.8400,0.000131
_6426_,VGND,li1,42.3200,195.8400,0.000130
_6425_,VGND,li1,46.2300,179.5200,0.000051
_6424_,VGND,li1,49.6800,201.2800,0.000094
_6422_,VGND,li1,54.7400,201.2800,0.000109
_6420_,VGND,li1,15.4100,136.0000,0.000047
_6418_,VGND,li1,18.6300,108.8000,0.000036
_6416_,VGND,li1,11.2700,136.0000,0.000051
_6414_,VGND,li1,83.9500,48.9600,0.000053
_6412_,VGND,li1,169.5100,130.5600,0.000034
_6411_,VGND,li1,191.1300,114.2400,0.000036
_6410_,VGND,li1,246.3300,136.0000,0.000036
_6409_,VGND,li1,248.6300,141.4400,0.000038
_6407_,VGND,li1,224.7100,119.6800,0.000032
_6406_,VGND,li1,265.8800,141.4400,0.000052
_6405_,VGND,li1,267.9500,92.4800,0.000066
_6404_,VGND,li1,149.5000,190.4000,0.000286
_6403_,VGND,li1,219.1900,255.6800,0.000198
_6402_,VGND,li1,205.8500,261.1200,0.000122
_6401_,VGND,li1,228.6200,266.5600,0.000079
_6399_,VGND,li1,224.0200,261.1200,0.000069
_6398_,VGND,li1,226.5500,261.1200,0.000075
_6397_,VGND,li1,225.8600,250.2400,0.000073
_6396_,VGND,li1,215.2800,255.6800,0.000207
_6395_,VGND,li1,226.5500,277.4400,0.000114
_6394_,VGND,li1,268.1800,157.7600,0.000087
_6393_,VGND,li1,265.4200,293.7600,0.000046
_6392_,VGND,li1,233.9100,255.6800,0.000203
_6391_,VGND,li1,227.0100,272.0000,0.000093
_6390_,VGND,li1,163.3000,244.8000,0.000080
_6389_,VGND,li1,281.0600,141.4400,0.000036
_6388_,VGND,li1,245.4100,130.5600,0.000062
_6387_,VGND,li1,248.1700,179.5200,0.000083
_6386_,VGND,li1,248.1700,174.0800,0.000046
_6385_,VGND,li1,232.9900,125.1200,0.000044
_6384_,VGND,li1,242.1900,108.8000,0.000020
_6383_,VGND,li1,186.5300,114.2400,0.000040
_6382_,VGND,li1,239.8900,108.8000,0.000020
_6381_,VGND,li1,246.7900,184.9600,0.000048
_6380_,VGND,li1,215.9700,108.8000,0.000028
_6376_,VGND,li1,182.3900,114.2400,0.000042
_6374_,VGND,li1,196.6500,70.7200,0.000020
_6373_,VGND,li1,172.2700,114.2400,0.000036
_6372_,VGND,li1,170.8900,119.6800,0.000050
_6371_,VGND,li1,163.0700,114.2400,0.000026
_6370_,VGND,li1,162.6100,119.6800,0.000048
_6369_,VGND,li1,152.9500,119.6800,0.000049
_6368_,VGND,li1,149.7300,136.0000,0.000030
_6367_,VGND,li1,149.7300,114.2400,0.000035
_6363_,VGND,li1,53.5900,119.6800,0.000042
_6362_,VGND,li1,48.9900,179.5200,0.000055
_6361_,VGND,li1,49.9100,179.5200,0.000055
_6360_,VGND,li1,33.8100,179.5200,0.000060
_6359_,VGND,li1,35.1900,174.0800,0.000052
_6358_,VGND,li1,34.2700,141.4400,0.000044
_6357_,VGND,li1,36.1100,136.0000,0.000061
_6356_,VGND,li1,33.8100,125.1200,0.000050
_6348_,VGND,li1,37.0300,114.2400,0.000044
_6347_,VGND,li1,88.0900,48.9600,0.000057
_6346_,VGND,li1,181.9300,125.1200,0.000057
_6345_,VGND,li1,188.3700,130.5600,0.000034
_6344_,VGND,li1,235.2900,168.6400,0.000040
_6343_,VGND,li1,222.4100,136.0000,0.000042
_6342_,VGND,li1,221.4900,146.8800,0.000024
_6341_,VGND,li1,227.9300,146.8800,0.000026
_6340_,VGND,li1,227.9300,168.6400,0.000037
_6339_,VGND,li1,239.8900,168.6400,0.000041
_6335_,VGND,li1,214.5900,146.8800,0.000029
_6334_,VGND,li1,214.1300,141.4400,0.000031
_6333_,VGND,li1,183.7700,136.0000,0.000054
_6332_,VGND,li1,202.1700,130.5600,0.000034
_6331_,VGND,li1,207.6900,136.0000,0.000068
_6330_,VGND,li1,201.2500,136.0000,0.000070
_6329_,VGND,li1,181.0100,130.5600,0.000040
_6328_,VGND,li1,196.6500,136.0000,0.000060
_6324_,VGND,li1,139.1500,119.6800,0.000033
_6323_,VGND,li1,139.6100,130.5600,0.000032
_6322_,VGND,li1,126.2700,130.5600,0.000037
_6321_,VGND,li1,130.4100,130.5600,0.000033
_6320_,VGND,li1,129.9500,125.1200,0.000056
_6319_,VGND,li1,123.9700,130.5600,0.000040
_6318_,VGND,li1,129.4900,119.6800,0.000031
_6317_,VGND,li1,124.8900,125.1200,0.000076
_6313_,VGND,li1,60.9500,174.0800,0.000057
_6312_,VGND,li1,62.7900,168.6400,0.000056
_6311_,VGND,li1,38.4100,168.6400,0.000055
_6310_,VGND,li1,39.3300,163.2000,0.000020
_6309_,VGND,li1,42.0900,136.0000,0.000044
_6308_,VGND,li1,39.3300,141.4400,0.000035
_6307_,VGND,li1,40.2500,119.6800,0.000032
_6306_,VGND,li1,39.3300,152.3200,0.000028
_6304_,VGND,li1,88.0900,43.5200,0.000042
_6302_,VGND,li1,85.1000,48.9600,0.000055
_6298_,VGND,li1,164.2200,152.3200,0.000033
_6296_,VGND,li1,172.9600,152.3200,0.000034
_6294_,VGND,li1,244.7200,195.8400,0.000067
_6292_,VGND,li1,214.8200,152.3200,0.000026
_6290_,VGND,li1,242.8800,184.9600,0.000052
_6288_,VGND,li1,248.8600,201.2800,0.000105
_6286_,VGND,li1,252.0800,201.2800,0.000094
_6284_,VGND,li1,235.9800,174.0800,0.000048
_6281_,VGND,li1,194.1200,174.0800,0.000051
_6279_,VGND,li1,226.3200,195.8400,0.000044
_6277_,VGND,li1,171.5800,146.8800,0.000022
_6275_,VGND,li1,223.1000,184.9600,0.000057
_6273_,VGND,li1,209.7600,179.5200,0.000084
_6271_,VGND,li1,170.6600,141.4400,0.000019
_6269_,VGND,li1,162.3800,141.4400,0.000016
_6267_,VGND,li1,196.8800,152.3200,0.000022
_6264_,VGND,li1,149.0400,152.3200,0.000075
_6262_,VGND,li1,157.3200,152.3200,0.000053
_6260_,VGND,li1,125.5800,163.2000,0.000020
_6258_,VGND,li1,136.1600,163.2000,0.000018
_6256_,VGND,li1,149.5000,141.4400,0.000026
_6254_,VGND,li1,102.5800,136.0000,0.000056
_6252_,VGND,li1,151.8000,152.3200,0.000067
_6250_,VGND,li1,119.1400,146.8800,0.000029
_6247_,VGND,li1,29.4400,184.9600,0.000048
_6245_,VGND,li1,38.6400,184.9600,0.000045
_6243_,VGND,li1,23.0000,184.9600,0.000046
_6241_,VGND,li1,33.5800,179.5200,0.000060
_6239_,VGND,li1,8.5100,179.5200,0.000028
_6237_,VGND,li1,12.4200,163.2000,0.000014
_6235_,VGND,li1,19.5500,125.1200,0.000039
_6233_,VGND,li1,37.7200,130.5600,0.000043
_6231_,VGND,li1,75.6700,54.4000,0.000071
_6230_,VGND,li1,76.1300,43.5200,0.000032
_6229_,VGND,li1,128.8000,16.3200,0.000052
_6228_,VGND,li1,158.0100,190.4000,0.000237
_6227_,VGND,li1,153.4100,184.9600,0.000410
_6226_,VGND,li1,156.1700,190.4000,0.000261
_6225_,VGND,li1,283.3600,184.9600,0.000037
_6223_,VGND,li1,225.1700,59.8400,0.000066
_6222_,VGND,li1,230.6900,59.8400,0.000075
_6221_,VGND,li1,283.3600,179.5200,0.000039
_6220_,VGND,li1,217.5800,54.4000,0.000079
_6219_,VGND,li1,245.6400,43.5200,0.000062
_6218_,VGND,li1,236.4400,32.6400,0.000038
_6217_,VGND,li1,276.4600,97.9200,0.000052
_6216_,VGND,li1,103.5000,114.2400,0.000097
_6215_,VGND,li1,188.3700,250.2400,0.000137
_6214_,VGND,li1,193.6600,244.8000,0.000075
_6213_,VGND,li1,194.5800,239.3600,0.000081
_6212_,VGND,li1,194.5800,255.6800,0.000115
_6211_,VGND,li1,188.1400,261.1200,0.000097
_6210_,VGND,li1,197.3400,250.2400,0.000120
_6209_,VGND,li1,195.5000,266.5600,0.000078
_6208_,VGND,li1,201.0200,277.4400,0.000126
_6207_,VGND,li1,214.3600,272.0000,0.000092
_6206_,VGND,li1,218.0400,272.0000,0.000088
_6205_,VGND,li1,231.8400,282.8800,0.000098
_6204_,VGND,li1,186.5300,272.0000,0.000113
_6203_,VGND,li1,196.8800,288.3200,0.000065
_6202_,VGND,li1,280.6000,146.8800,0.000042
_6201_,VGND,li1,275.5400,92.4800,0.000060
_6200_,VGND,li1,278.7600,92.4800,0.000049
_6199_,VGND,li1,201.9400,184.9600,0.000147
_6198_,VGND,li1,198.7200,261.1200,0.000116
_6197_,VGND,li1,222.6400,266.5600,0.000075
_6196_,VGND,li1,225.4000,288.3200,0.000079
_6195_,VGND,li1,261.2800,163.2000,0.000139
_6194_,VGND,li1,205.1600,255.6800,0.000195
_6193_,VGND,li1,196.8800,282.8800,0.000072
_6192_,VGND,li1,205.1600,266.5600,0.000091
_6191_,VGND,li1,201.4800,255.6800,0.000175
_6190_,VGND,li1,209.5300,261.1200,0.000121
_6189_,VGND,li1,224.9400,266.5600,0.000068
_6188_,VGND,li1,199.6400,255.6800,0.000156
_6187_,VGND,li1,201.0200,250.2400,0.000127
_6186_,VGND,li1,201.2500,223.0400,0.000143
_6185_,VGND,li1,272.3200,54.4000,0.000104
_6184_,VGND,li1,269.3300,65.2800,0.000079
_6183_,VGND,li1,256.4500,184.9600,0.000054
_6182_,VGND,li1,270.0200,54.4000,0.000106
_6181_,VGND,li1,275.0800,87.0400,0.000113
_6180_,VGND,li1,269.3300,92.4800,0.000066
_6179_,VGND,li1,272.0900,87.0400,0.000113
_6178_,VGND,li1,149.7300,184.9600,0.000456
_6177_,VGND,li1,180.3200,212.1600,0.000148
_6176_,VGND,li1,180.3200,223.0400,0.000165
_6175_,VGND,li1,239.6600,223.0400,0.000133
_6174_,VGND,li1,235.7500,212.1600,0.000076
_6173_,VGND,li1,241.5000,195.8400,0.000070
_6172_,VGND,li1,175.2600,206.7200,0.000081
_6171_,VGND,li1,175.4900,201.2800,0.000112
_6170_,VGND,li1,176.4100,206.7200,0.000081
_6169_,VGND,li1,184.0000,223.0400,0.000169
_6168_,VGND,li1,193.2000,223.0400,0.000116
_6167_,VGND,li1,171.1200,217.6000,0.000077
_6166_,VGND,li1,219.1900,212.1600,0.000098
_6165_,VGND,li1,218.9600,206.7200,0.000082
_6163_,VGND,li1,274.1600,81.6000,0.000022
_6162_,VGND,li1,264.9600,48.9600,0.000112
_6161_,VGND,li1,264.2700,59.8400,0.000118
_6160_,VGND,li1,260.5900,184.9600,0.000063
_6159_,VGND,li1,261.9700,54.4000,0.000106
_6158_,VGND,li1,268.8700,65.2800,0.000079
_6157_,VGND,li1,281.2900,223.0400,0.000071
_6156_,VGND,li1,272.7800,228.4800,0.000086
_6155_,VGND,li1,277.8400,223.0400,0.000097
_6154_,VGND,li1,270.0200,239.3600,0.000124
_6153_,VGND,li1,273.7000,239.3600,0.000114
_6152_,VGND,li1,278.3000,250.2400,0.000121
_6151_,VGND,li1,283.3600,239.3600,0.000059
_6150_,VGND,li1,269.5600,239.3600,0.000124
_6149_,VGND,li1,265.4200,217.6000,0.000093
_6148_,VGND,li1,272.3200,217.6000,0.000088
_6147_,VGND,li1,255.5300,212.1600,0.000067
_6146_,VGND,li1,278.0700,282.8800,0.000052
_6145_,VGND,li1,164.2200,212.1600,0.000088
_6144_,VGND,li1,259.4400,54.4000,0.000100
_6143_,VGND,li1,260.1300,59.8400,0.000104
_6142_,VGND,li1,261.0500,184.9600,0.000063
_6141_,VGND,li1,248.6300,244.8000,0.000205
_6140_,VGND,li1,252.5400,244.8000,0.000151
_6139_,VGND,li1,260.3600,250.2400,0.000115
_6138_,VGND,li1,241.5000,244.8000,0.000233
_6137_,VGND,li1,247.4800,261.1200,0.000073
_6136_,VGND,li1,254.8400,277.4400,0.000138
_6135_,VGND,li1,253.9200,266.5600,0.000047
_6134_,VGND,li1,259.9000,244.8000,0.000155
_6133_,VGND,li1,256.2200,239.3600,0.000117
_6132_,VGND,li1,243.1100,239.3600,0.000097
_6131_,VGND,li1,252.5400,239.3600,0.000089
_6130_,VGND,li1,251.8500,250.2400,0.000086
_6129_,VGND,li1,145.3600,239.3600,0.000149
_6128_,VGND,li1,259.2100,48.9600,0.000097
_6127_,VGND,li1,267.9500,59.8400,0.000122
_6126_,VGND,li1,278.9900,255.6800,0.000049
_6125_,VGND,li1,256.6800,163.2000,0.000108
_6124_,VGND,li1,202.4000,179.5200,0.000085
_6123_,VGND,li1,206.0800,179.5200,0.000090
_6122_,VGND,li1,267.0300,250.2400,0.000136
_6121_,VGND,li1,265.4200,184.9600,0.000071
_6120_,VGND,li1,270.0200,163.2000,0.000174
_6119_,VGND,li1,270.0200,184.9600,0.000068
_6118_,VGND,li1,276.6900,272.0000,0.000062
_6117_,VGND,li1,149.9600,223.0400,0.000120
_6116_,VGND,li1,265.4200,228.4800,0.000088
_6115_,VGND,li1,269.1000,223.0400,0.000114
_6114_,VGND,li1,254.6100,217.6000,0.000062
_6113_,VGND,li1,233.6800,54.4000,0.000106
_6112_,VGND,li1,268.4100,59.8400,0.000122
_6111_,VGND,li1,285.4300,217.6000,0.000041
_6110_,VGND,li1,274.1600,174.0800,0.000045
_6109_,VGND,li1,278.7600,168.6400,0.000057
_6107_,VGND,li1,283.3600,168.6400,0.000046
_6106_,VGND,li1,276.4600,228.4800,0.000073
_6104_,VGND,li1,274.1600,223.0400,0.000104
_6102_,VGND,li1,281.0600,190.4000,0.000090
_6100_,VGND,li1,269.5600,228.4800,0.000091
_6099_,VGND,li1,273.9300,250.2400,0.000140
_6098_,VGND,li1,271.4000,163.2000,0.000174
_6095_,VGND,li1,269.1000,223.0400,0.000114
_6094_,VGND,li1,269.1000,212.1600,0.000072
_6093_,VGND,li1,255.5300,201.2800,0.000078
_6091_,VGND,li1,217.1200,54.4000,0.000079
_6090_,VGND,li1,220.1100,59.8400,0.000088
_6089_,VGND,li1,138.9200,184.9600,0.000433
_6088_,VGND,li1,219.1900,179.5200,0.000067
_6086_,VGND,li1,169.2800,43.5200,0.000073
_6085_,VGND,li1,172.5000,65.2800,0.000064
_6084_,VGND,li1,146.9700,184.9600,0.000488
_6083_,VGND,li1,142.8300,179.5200,0.000172
_6082_,VGND,li1,137.7700,190.4000,0.000205
_6081_,VGND,li1,138.4600,195.8400,0.000141
_6080_,VGND,li1,190.6700,32.6400,0.000047
_6079_,VGND,li1,194.1200,27.2000,0.000038
_6078_,VGND,li1,153.4100,43.5200,0.000097
_6077_,VGND,li1,152.9500,65.2800,0.000055
_6076_,VGND,li1,149.2700,190.4000,0.000286
_6074_,VGND,li1,152.4900,43.5200,0.000097
_6073_,VGND,li1,148.5800,59.8400,0.000096
_6072_,VGND,li1,129.2600,179.5200,0.000153
_6071_,VGND,li1,128.5700,272.0000,0.000189
_6070_,VGND,li1,101.6600,272.0000,0.000170
_6069_,VGND,li1,105.3400,272.0000,0.000162
_6068_,VGND,li1,93.8400,282.8800,0.000072
_6067_,VGND,li1,93.8400,266.5600,0.000093
_6066_,VGND,li1,86.4800,272.0000,0.000183
_6065_,VGND,li1,93.3800,261.1200,0.000098
_6064_,VGND,li1,92.6900,228.4800,0.000221
_6063_,VGND,li1,128.8000,272.0000,0.000189
_6062_,VGND,li1,136.6200,282.8800,0.000066
_6061_,VGND,li1,124.6600,272.0000,0.000214
_6060_,VGND,li1,128.5700,277.4400,0.000116
_6059_,VGND,li1,111.3200,272.0000,0.000199
_6058_,VGND,li1,146.9700,43.5200,0.000096
_6057_,VGND,li1,127.1900,59.8400,0.000084
_6056_,VGND,li1,114.7700,184.9600,0.000273
_6055_,VGND,li1,31.9700,250.2400,0.000204
_6054_,VGND,li1,24.6100,282.8800,0.000091
_6053_,VGND,li1,63.0200,244.8000,0.000105
_6052_,VGND,li1,25.3000,255.6800,0.000084
_6051_,VGND,li1,30.1300,261.1200,0.000169
_6050_,VGND,li1,28.5200,255.6800,0.000083
_6049_,VGND,li1,16.5600,282.8800,0.000066
_6048_,VGND,li1,33.3500,250.2400,0.000192
_6047_,VGND,li1,33.8100,261.1200,0.000168
_6046_,VGND,li1,40.0200,272.0000,0.000104
_6045_,VGND,li1,24.6100,244.8000,0.000078
_6044_,VGND,li1,25.7600,250.2400,0.000180
_6043_,VGND,li1,8.7400,255.6800,0.000059
_6040_,VGND,li1,120.9800,43.5200,0.000074
_6039_,VGND,li1,118.2200,59.8400,0.000088
_6038_,VGND,li1,119.1400,184.9600,0.000301
_6037_,VGND,li1,121.2100,272.0000,0.000226
_6036_,VGND,li1,97.9800,272.0000,0.000191
_6035_,VGND,li1,99.3600,277.4400,0.000086
_6034_,VGND,li1,93.8400,277.4400,0.000094
_6033_,VGND,li1,78.2000,266.5600,0.000106
_6032_,VGND,li1,75.9000,282.8800,0.000066
_6031_,VGND,li1,68.0800,282.8800,0.000097
_6030_,VGND,li1,96.8300,233.9200,0.000219
_6029_,VGND,li1,125.1200,261.1200,0.000075
_6027_,VGND,li1,131.1000,288.3200,0.000056
_6025_,VGND,li1,125.1200,272.0000,0.000214
_6023_,VGND,li1,119.3700,272.0000,0.000223
_6022_,VGND,li1,106.7200,282.8800,0.000061
_6018_,VGND,li1,89.7000,21.7600,0.000048
_6017_,VGND,li1,101.8900,32.6400,0.000063
_6016_,VGND,li1,98.2100,59.8400,0.000065
_6014_,VGND,li1,98.6700,168.6400,0.000089
_6012_,VGND,li1,138.9200,184.9600,0.000433
_6011_,VGND,li1,140.9900,195.8400,0.000153
_6010_,VGND,li1,154.3300,195.8400,0.000118
_6009_,VGND,li1,209.0700,239.3600,0.000122
_6008_,VGND,li1,222.8700,212.1600,0.000071
_6007_,VGND,li1,226.7800,223.0400,0.000102
_6006_,VGND,li1,233.2200,233.9200,0.000103
_6005_,VGND,li1,216.8900,228.4800,0.000082
_6004_,VGND,li1,213.9000,228.4800,0.000087
_6003_,VGND,li1,213.9000,223.0400,0.000121
_6002_,VGND,li1,160.7700,195.8400,0.000080
_6001_,VGND,li1,158.4700,201.2800,0.000085
_6000_,VGND,li1,155.9400,206.7200,0.000079
_5999_,VGND,li1,159.6200,206.7200,0.000075
_5998_,VGND,li1,159.3900,195.8400,0.000092
_5997_,VGND,li1,161.6900,201.2800,0.000077
_5996_,VGND,li1,158.2400,212.1600,0.000093
_5995_,VGND,li1,158.2400,217.6000,0.000092
_5994_,VGND,li1,137.5400,190.4000,0.000205
_5993_,VGND,li1,131.3300,233.9200,0.000155
_5992_,VGND,li1,119.8300,250.2400,0.000132
_5991_,VGND,li1,110.8600,250.2400,0.000125
_5990_,VGND,li1,127.4200,244.8000,0.000131
_5989_,VGND,li1,124.8900,233.9200,0.000184
_5988_,VGND,li1,109.0200,233.9200,0.000195
_5987_,VGND,li1,120.0600,239.3600,0.000138
_5986_,VGND,li1,137.0800,233.9200,0.000140
_5985_,VGND,li1,140.7600,233.9200,0.000152
_5984_,VGND,li1,138.4600,233.9200,0.000140
_5983_,VGND,li1,134.5500,195.8400,0.000108
_5982_,VGND,li1,84.8700,239.3600,0.000083
_5981_,VGND,li1,80.0400,239.3600,0.000074
_5980_,VGND,li1,79.5800,233.9200,0.000146
_5979_,VGND,li1,178.7100,190.4000,0.000131
_5978_,VGND,li1,201.0200,201.2800,0.000157
_5977_,VGND,li1,209.9900,212.1600,0.000111
_5976_,VGND,li1,223.1000,206.7200,0.000077
_5975_,VGND,li1,214.3600,201.2800,0.000161
_5974_,VGND,li1,180.0900,206.7200,0.000079
_5973_,VGND,li1,189.0600,206.7200,0.000070
_5972_,VGND,li1,187.2200,201.2800,0.000125
_5971_,VGND,li1,204.4700,228.4800,0.000086
_5970_,VGND,li1,202.8600,206.7200,0.000077
_5969_,VGND,li1,202.8600,217.6000,0.000059
_5968_,VGND,li1,188.3700,184.9600,0.000121
_5967_,VGND,li1,205.1600,201.2800,0.000167
_5965_,VGND,li1,195.0400,195.8400,0.000065
_5962_,VGND,li1,87.6300,206.7200,0.000198
_5961_,VGND,li1,68.0800,228.4800,0.000159
_5960_,VGND,li1,68.0800,223.0400,0.000071
_5959_,VGND,li1,60.2600,228.4800,0.000151
_5958_,VGND,li1,77.2800,206.7200,0.000137
_5957_,VGND,li1,68.0800,201.2800,0.000118
_5956_,VGND,li1,82.8000,206.7200,0.000177
_5955_,VGND,li1,92.0000,217.6000,0.000119
_5954_,VGND,li1,85.1000,212.1600,0.000253
_5953_,VGND,li1,57.9600,212.1600,0.000172
_5951_,VGND,li1,91.7700,212.1600,0.000285
_5950_,VGND,li1,97.9800,217.6000,0.000108
_5949_,VGND,li1,74.0600,228.4800,0.000145
_5948_,VGND,li1,93.1500,223.0400,0.000105
_5945_,VGND,li1,42.3200,10.8800,0.000032
_5944_,VGND,li1,46.4600,16.3200,0.000053
_5943_,VGND,li1,27.6000,103.3600,0.000087
_5942_,VGND,li1,91.7700,190.4000,0.000197
_5941_,VGND,li1,96.6000,190.4000,0.000182
_5940_,VGND,li1,145.1300,195.8400,0.000160
_5939_,VGND,li1,54.7400,212.1600,0.000171
_5938_,VGND,li1,38.4100,233.9200,0.000053
_5937_,VGND,li1,50.1400,217.6000,0.000065
_5935_,VGND,li1,51.0600,228.4800,0.000126
_5934_,VGND,li1,42.5500,212.1600,0.000104
_5933_,VGND,li1,8.5100,233.9200,0.000036
_5932_,VGND,li1,20.7000,212.1600,0.000099
_5931_,VGND,li1,20.7000,223.0400,0.000076
_5930_,VGND,li1,41.1700,206.7200,0.000091
_5929_,VGND,li1,34.5000,201.2800,0.000084
_5928_,VGND,li1,42.3200,206.7200,0.000091
_5927_,VGND,li1,29.6700,206.7200,0.000101
_5926_,VGND,li1,16.5600,212.1600,0.000084
_5925_,VGND,li1,33.5800,223.0400,0.000104
_5923_,VGND,li1,146.9700,195.8400,0.000153
_5922_,VGND,li1,42.5500,266.5600,0.000110
_5921_,VGND,li1,48.5300,277.4400,0.000085
_5920_,VGND,li1,51.5200,261.1200,0.000163
_5919_,VGND,li1,30.8200,277.4400,0.000095
_5918_,VGND,li1,101.6600,250.2400,0.000107
_5917_,VGND,li1,83.2600,233.9200,0.000180
_5916_,VGND,li1,101.6600,239.3600,0.000087
_5915_,VGND,li1,101.6600,223.0400,0.000080
_5914_,VGND,li1,54.2800,250.2400,0.000143
_5913_,VGND,li1,95.6800,217.6000,0.000118
_5912_,VGND,li1,88.5500,228.4800,0.000238
_5911_,VGND,li1,50.8300,266.5600,0.000135
_5910_,VGND,li1,26.2200,266.5600,0.000114
_5908_,VGND,li1,256.4500,239.3600,0.000117
_5907_,VGND,li1,264.9600,244.8000,0.000142
_5906_,VGND,li1,256.2200,244.8000,0.000155
_5905_,VGND,li1,265.4200,233.9200,0.000093
_5904_,VGND,li1,258.5200,261.1200,0.000061
_5900_,VGND,li1,261.7400,277.4400,0.000180
_5899_,VGND,li1,260.8200,179.5200,0.000099
_5898_,VGND,li1,252.5400,244.8000,0.000151
_5897_,VGND,li1,260.3600,217.6000,0.000086
_5896_,VGND,li1,235.7500,217.6000,0.000078
_5895_,VGND,li1,247.9400,195.8400,0.000064
_5894_,VGND,li1,260.1300,277.4400,0.000180
_5893_,VGND,li1,197.3400,190.4000,0.000108
_5892_,VGND,li1,171.3500,255.6800,0.000151
_5891_,VGND,li1,175.9500,255.6800,0.000161
_5890_,VGND,li1,175.2600,255.6800,0.000161
_5888_,VGND,li1,188.1400,250.2400,0.000137
_5887_,VGND,li1,191.8200,261.1200,0.000096
_5885_,VGND,li1,176.8700,266.5600,0.000140
_5884_,VGND,li1,182.6200,282.8800,0.000075
_5882_,VGND,li1,189.9800,244.8000,0.000085
_5881_,VGND,li1,184.0000,250.2400,0.000156
_5878_,VGND,li1,180.0900,223.0400,0.000165
_5877_,VGND,li1,168.5900,272.0000,0.000119
_5876_,VGND,li1,196.8800,293.7600,0.000027
_5863_,VGND,li1,20.4700,146.8800,0.000047
_5862_,VGND,li1,99.1300,174.0800,0.000058
_5860_,VGND,li1,42.3200,16.3200,0.000050
_5857_,VGND,li1,20.4700,141.4400,0.000048
_5856_,VGND,li1,98.6700,184.9600,0.000175
_5855_,VGND,li1,27.8300,174.0800,0.000054
_5854_,VGND,li1,100.0500,179.5200,0.000104
_5850_,VGND,li1,88.5500,54.4000,0.000088
_5849_,VGND,li1,75.6700,43.5200,0.000030
_5848_,VGND,li1,72.6800,32.6400,0.000049
_5847_,VGND,li1,40.7100,54.4000,0.000066
_5846_,VGND,li1,33.5800,119.6800,0.000040
_5845_,VGND,li1,124.8900,184.9600,0.000307
_5844_,VGND,li1,125.3500,184.9600,0.000306
_5843_,VGND,li1,42.5500,59.8400,0.000044
_5841_,VGND,li1,89.0100,54.4000,0.000088
_5840_,VGND,li1,124.4300,212.1600,0.000097
_5839_,VGND,li1,106.4900,168.6400,0.000073
_5838_,VGND,li1,128.1100,212.1600,0.000086
_5837_,VGND,li1,123.7400,228.4800,0.000132
_5836_,VGND,li1,123.7400,212.1600,0.000097
_5835_,VGND,li1,144.2100,212.1600,0.000074
_5834_,VGND,li1,140.7600,212.1600,0.000067
_5833_,VGND,li1,146.7400,212.1600,0.000078
_5832_,VGND,li1,127.1900,212.1600,0.000086
_5831_,VGND,li1,100.7400,217.6000,0.000097
_5830_,VGND,li1,125.1200,223.0400,0.000062
_5829_,VGND,li1,125.8100,206.7200,0.000129
_5828_,VGND,li1,127.4200,228.4800,0.000126
_5827_,VGND,li1,122.8200,206.7200,0.000147
_5826_,VGND,li1,129.9500,190.4000,0.000177
_5824_,VGND,li1,266.1100,92.4800,0.000065
_5823_,VGND,li1,90.8500,48.9600,0.000059
_5822_,VGND,li1,128.8000,184.9600,0.000304
_5821_,VGND,li1,120.0600,190.4000,0.000202
_5820_,VGND,li1,229.3100,244.8000,0.000225
_5819_,VGND,li1,235.7500,266.5600,0.000093
_5818_,VGND,li1,237.3600,244.8000,0.000241
_5817_,VGND,li1,235.0600,244.8000,0.000240
_5816_,VGND,li1,252.3100,255.6800,0.000114
_5815_,VGND,li1,208.3800,190.4000,0.000125
_5814_,VGND,li1,252.5400,261.1200,0.000052
_5813_,VGND,li1,229.7700,250.2400,0.000085
_5812_,VGND,li1,232.9900,272.0000,0.000112
_5811_,VGND,li1,265.4200,277.4400,0.000189
_5810_,VGND,li1,226.5500,206.7200,0.000078
_5809_,VGND,li1,234.6000,228.4800,0.000071
_5808_,VGND,li1,231.3800,244.8000,0.000235
_5807_,VGND,li1,95.9100,244.8000,0.000176
_5806_,VGND,li1,79.8100,255.6800,0.000071
_5805_,VGND,li1,71.7600,250.2400,0.000089
_5804_,VGND,li1,66.2400,261.1200,0.000159
_5803_,VGND,li1,90.3900,255.6800,0.000083
_5802_,VGND,li1,79.8100,255.6800,0.000071
_5801_,VGND,li1,85.1000,244.8000,0.000171
_5800_,VGND,li1,101.4300,233.9200,0.000199
_5799_,VGND,li1,100.2800,255.6800,0.000075
_5797_,VGND,li1,111.7800,255.6800,0.000086
_5796_,VGND,li1,101.8900,255.6800,0.000075
_5795_,VGND,li1,115.4600,255.6800,0.000092
_5792_,VGND,li1,97.9800,250.2400,0.000115
_5789_,VGND,li1,144.6700,250.2400,0.000196
_5788_,VGND,li1,141.4500,250.2400,0.000173
_5787_,VGND,li1,140.0700,255.6800,0.000107
_5786_,VGND,li1,143.5200,255.6800,0.000117
_5781_,VGND,li1,94.0700,206.7200,0.000196
_5780_,VGND,li1,148.3500,250.2400,0.000190
_5778_,VGND,li1,85.1000,201.2800,0.000179
_5777_,VGND,li1,170.2000,250.2400,0.000130
_5775_,VGND,li1,141.2200,250.2400,0.000173
_5774_,VGND,li1,140.0700,261.1200,0.000058
_5772_,VGND,li1,99.1300,206.7200,0.000184
_5771_,VGND,li1,84.8700,195.8400,0.000192
_5770_,VGND,li1,145.3600,277.4400,0.000169
_5769_,VGND,li1,147.2000,277.4400,0.000168
_5767_,VGND,li1,158.4700,266.5600,0.000108
_5765_,VGND,li1,82.3400,195.8400,0.000183
_5764_,VGND,li1,88.0900,195.8400,0.000199
_5763_,VGND,li1,166.5200,261.1200,0.000064
_5759_,VGND,li1,94.9900,201.2800,0.000180
_5755_,VGND,li1,105.5700,201.2800,0.000145
_5754_,VGND,li1,168.8200,266.5600,0.000123
_5750_,VGND,li1,92.0000,195.8400,0.000194
_5746_,VGND,li1,104.8800,206.7200,0.000166
_5745_,VGND,li1,20.4700,92.4800,0.000045
_5740_,VGND,li1,25.5300,97.9200,0.000057
_5739_,VGND,li1,26.9100,92.4800,0.000054
_5738_,VGND,li1,24.8400,92.4800,0.000049
_5737_,VGND,li1,24.1500,87.0400,0.000036
_5734_,VGND,li1,99.5900,108.8000,0.000045
_5732_,VGND,li1,11.7300,87.0400,0.000026
_5730_,VGND,li1,221.9500,233.9200,0.000071
_5728_,VGND,li1,158.0100,233.9200,0.000154
_5726_,VGND,li1,175.4900,266.5600,0.000140
_5724_,VGND,li1,215.0500,266.5600,0.000084
_5722_,VGND,li1,191.1300,228.4800,0.000080
_5720_,VGND,li1,198.9500,272.0000,0.000076
_5718_,VGND,li1,163.9900,272.0000,0.000086
_5715_,VGND,li1,209.5300,195.8400,0.000069
_5713_,VGND,li1,231.6100,195.8400,0.000055
_5711_,VGND,li1,252.7700,233.9200,0.000076
_5709_,VGND,li1,271.1700,217.6000,0.000088
_5707_,VGND,li1,242.1900,255.6800,0.000191
_5705_,VGND,li1,266.1100,250.2400,0.000136
_5703_,VGND,li1,273.0100,201.2800,0.000072
_5701_,VGND,li1,233.4500,244.8000,0.000240
_5698_,VGND,li1,119.3700,244.8000,0.000130
_5696_,VGND,li1,60.4900,239.3600,0.000061
_5694_,VGND,li1,37.9500,293.7600,0.000035
_5692_,VGND,li1,105.1100,282.8800,0.000051
_5690_,VGND,li1,20.4700,261.1200,0.000140
_5688_,VGND,li1,100.0500,277.4400,0.000086
_5686_,VGND,li1,48.9900,288.3200,0.000085
_5684_,VGND,li1,116.1500,261.1200,0.000079
_5681_,VGND,li1,74.2900,223.0400,0.000059
_5679_,VGND,li1,23.6900,228.4800,0.000071
_5677_,VGND,li1,22.7700,217.6000,0.000040
_5675_,VGND,li1,20.4700,190.4000,0.000036
_5673_,VGND,li1,114.3100,223.0400,0.000064
_5671_,VGND,li1,132.4800,223.0400,0.000060
_5669_,VGND,li1,215.0500,239.3600,0.000104
_5667_,VGND,li1,158.0100,239.3600,0.000123
_5665_,VGND,li1,181.0100,266.5600,0.000136
_5663_,VGND,li1,220.1100,261.1200,0.000085
_5661_,VGND,li1,190.6700,261.1200,0.000096
_5659_,VGND,li1,202.1700,261.1200,0.000121
_5657_,VGND,li1,159.3900,261.1200,0.000066
_5654_,VGND,li1,221.4900,206.7200,0.000077
_5652_,VGND,li1,229.7700,206.7200,0.000092
_5650_,VGND,li1,256.9100,228.4800,0.000061
_5648_,VGND,li1,281.7500,217.6000,0.000052
_5646_,VGND,li1,241.2700,233.9200,0.000106
_5644_,VGND,li1,265.6500,239.3600,0.000123
_5642_,VGND,li1,281.7500,201.2800,0.000047
_5640_,VGND,li1,229.7700,239.3600,0.000090
_5637_,VGND,li1,105.1100,233.9200,0.000156
_5635_,VGND,li1,16.7900,277.4400,0.000055
_5633_,VGND,li1,20.9300,282.8800,0.000081
_5631_,VGND,li1,88.5500,282.8800,0.000072
_5629_,VGND,li1,12.6500,255.6800,0.000049
_5627_,VGND,li1,79.3500,272.0000,0.000129
_5625_,VGND,li1,29.2100,288.3200,0.000088
_5623_,VGND,li1,93.6100,250.2400,0.000121
_5620_,VGND,li1,87.1700,228.4800,0.000238
_5618_,VGND,li1,18.1700,239.3600,0.000083
_5616_,VGND,li1,25.9900,212.1600,0.000108
_5614_,VGND,li1,17.2500,195.8400,0.000102
_5612_,VGND,li1,116.1500,223.0400,0.000064
_5610_,VGND,li1,126.9600,223.0400,0.000062
_5608_,VGND,li1,163.0700,217.6000,0.000076
_5606_,VGND,li1,155.2500,277.4400,0.000135
_5604_,VGND,li1,166.2900,282.8800,0.000047
_5602_,VGND,li1,215.5100,277.4400,0.000121
_5600_,VGND,li1,191.5900,266.5600,0.000095
_5598_,VGND,li1,206.7700,282.8800,0.000109
_5596_,VGND,li1,155.2500,272.0000,0.000109
_5593_,VGND,li1,204.9300,206.7200,0.000078
_5591_,VGND,li1,183.7700,217.6000,0.000062
_5589_,VGND,li1,248.1700,206.7200,0.000104
_5587_,VGND,li1,265.6500,206.7200,0.000103
_5585_,VGND,li1,248.1700,223.0400,0.000111
_5583_,VGND,li1,261.0500,228.4800,0.000074
_5581_,VGND,li1,263.8100,201.2800,0.000094
_5579_,VGND,li1,232.0700,217.6000,0.000066
_5576_,VGND,li1,132.2500,228.4800,0.000099
_5574_,VGND,li1,14.4900,272.0000,0.000060
_5572_,VGND,li1,30.1300,272.0000,0.000118
_5570_,VGND,li1,136.8500,272.0000,0.000119
_5568_,VGND,li1,9.4300,261.1200,0.000082
_5566_,VGND,li1,127.1900,261.1200,0.000067
_5564_,VGND,li1,104.1900,266.5600,0.000054
_5562_,VGND,li1,105.5700,255.6800,0.000061
_5559_,VGND,li1,67.8500,195.8400,0.000139
_5557_,VGND,li1,10.8100,228.4800,0.000036
_5555_,VGND,li1,9.4300,206.7200,0.000050
_5553_,VGND,li1,10.8100,190.4000,0.000025
_5551_,VGND,li1,120.2900,223.0400,0.000063
_5549_,VGND,li1,130.6400,228.4800,0.000099
_5547_,VGND,li1,163.9900,206.7200,0.000053
_5545_,VGND,li1,153.4100,282.8800,0.000074
_5543_,VGND,li1,169.9700,277.4400,0.000115
_5541_,VGND,li1,219.1900,288.3200,0.000095
_5539_,VGND,li1,191.5900,277.4400,0.000107
_5537_,VGND,li1,206.3100,293.7600,0.000030
_5535_,VGND,li1,143.7500,288.3200,0.000058
_5532_,VGND,li1,195.7300,201.2800,0.000120
_5530_,VGND,li1,190.6700,212.1600,0.000101
_5528_,VGND,li1,249.5500,206.7200,0.000104
_5526_,VGND,li1,259.6700,201.2800,0.000099
_5524_,VGND,li1,246.3300,223.0400,0.000120
_5522_,VGND,li1,250.4700,217.6000,0.000070
_5520_,VGND,li1,256.4500,195.8400,0.000046
_5518_,VGND,li1,234.8300,223.0400,0.000122
_5515_,VGND,li1,145.1300,233.9200,0.000162
_5513_,VGND,li1,10.3500,272.0000,0.000060
_5511_,VGND,li1,49.9100,272.0000,0.000088
_5509_,VGND,li1,136.8500,293.7600,0.000004
_5507_,VGND,li1,13.5700,261.1200,0.000081
_5505_,VGND,li1,128.5700,293.7600,0.000005
_5503_,VGND,li1,97.7500,266.5600,0.000079
_5501_,VGND,li1,93.6100,255.6800,0.000082
_5498_,VGND,li1,72.4500,201.2800,0.000109
_5496_,VGND,li1,12.6500,239.3600,0.000055
_5494_,VGND,li1,13.5700,206.7200,0.000050
_5492_,VGND,li1,14.9500,190.4000,0.000024
_5490_,VGND,li1,105.5700,212.1600,0.000148
_5488_,VGND,li1,128.8000,223.0400,0.000061
_5486_,VGND,li1,152.9500,217.6000,0.000101
_5484_,VGND,li1,154.7900,293.7600,0.000006
_5482_,VGND,li1,164.9100,293.7600,0.000005
_5480_,VGND,li1,214.1300,293.7600,0.000033
_5478_,VGND,li1,192.5100,282.8800,0.000065
_5476_,VGND,li1,201.7100,293.7600,0.000029
_5474_,VGND,li1,144.2100,282.8800,0.000082
_5471_,VGND,li1,193.4300,190.4000,0.000088
_5469_,VGND,li1,175.4900,217.6000,0.000072
_5467_,VGND,li1,241.7300,212.1600,0.000070
_5465_,VGND,li1,267.0300,201.2800,0.000084
_5463_,VGND,li1,240.3500,212.1600,0.000073
_5461_,VGND,li1,261.0500,217.6000,0.000086
_5459_,VGND,li1,271.1700,201.2800,0.000078
_5457_,VGND,li1,228.8500,217.6000,0.000058
_5454_,VGND,li1,132.2500,244.8000,0.000100
_5452_,VGND,li1,16.7900,282.8800,0.000066
_5450_,VGND,li1,42.0900,272.0000,0.000087
_5448_,VGND,li1,136.8500,288.3200,0.000049
_5446_,VGND,li1,20.9300,244.8000,0.000069
_5444_,VGND,li1,125.8100,282.8800,0.000073
_5442_,VGND,li1,67.8500,277.4400,0.000062
_5440_,VGND,li1,116.1500,250.2400,0.000130
_5437_,VGND,li1,78.8900,206.7200,0.000137
_5435_,VGND,li1,16.3300,228.4800,0.000045
_5433_,VGND,li1,16.3300,217.6000,0.000025
_5431_,VGND,li1,16.7900,201.2800,0.000046
_5429_,VGND,li1,104.6500,217.6000,0.000077
_5427_,VGND,li1,144.4400,223.0400,0.000095
_5425_,VGND,li1,152.4900,212.1600,0.000087
_5423_,VGND,li1,150.6500,293.7600,0.000006
_5421_,VGND,li1,163.5300,282.8800,0.000048
_5419_,VGND,li1,214.1300,282.8800,0.000091
_5417_,VGND,li1,191.5900,293.7600,0.000019
_5415_,VGND,li1,200.3300,288.3200,0.000070
_5413_,VGND,li1,145.5900,272.0000,0.000125
_5410_,VGND,li1,201.2500,190.4000,0.000120
_5408_,VGND,li1,175.4900,212.1600,0.000135
_5406_,VGND,li1,245.4100,206.7200,0.000112
_5404_,VGND,li1,266.1100,184.9600,0.000071
_5402_,VGND,li1,243.1100,223.0400,0.000130
_5400_,VGND,li1,257.3700,223.0400,0.000097
_5398_,VGND,li1,261.0500,195.8400,0.000052
_5396_,VGND,li1,229.7700,228.4800,0.000063
_5393_,VGND,li1,144.2100,228.4800,0.000092
_5391_,VGND,li1,10.8100,282.8800,0.000050
_5389_,VGND,li1,24.1500,282.8800,0.000091
_5387_,VGND,li1,132.7100,272.0000,0.000139
_5385_,VGND,li1,22.7700,239.3600,0.000103
_5383_,VGND,li1,112.0100,261.1200,0.000079
_5381_,VGND,li1,65.0900,272.0000,0.000104
_5379_,VGND,li1,111.0900,255.6800,0.000086
_5376_,VGND,li1,72.4500,206.7200,0.000117
_5374_,VGND,li1,10.8100,217.6000,0.000021
_5372_,VGND,li1,10.8100,212.1600,0.000065
_5370_,VGND,li1,10.3500,201.2800,0.000036
_5368_,VGND,li1,123.5100,217.6000,0.000109
_5366_,VGND,li1,138.4600,223.0400,0.000077
_5365_,VGND,li1,130.8700,201.2800,0.000121
_5363_,VGND,li1,218.7300,223.0400,0.000100
_5361_,VGND,li1,154.7900,266.5600,0.000113
_5359_,VGND,li1,172.7300,266.5600,0.000137
_5357_,VGND,li1,222.4100,277.4400,0.000101
_5355_,VGND,li1,178.7100,282.8800,0.000069
_5353_,VGND,li1,211.3700,255.6800,0.000207
_5351_,VGND,li1,136.8500,261.1200,0.000052
_5348_,VGND,li1,203.5500,212.1600,0.000102
_5346_,VGND,li1,219.1900,217.6000,0.000049
_5344_,VGND,li1,255.9900,272.0000,0.000059
_5342_,VGND,li1,270.2500,272.0000,0.000067
_5340_,VGND,li1,245.8700,244.8000,0.000216
_5338_,VGND,li1,273.9300,277.4400,0.000148
_5336_,VGND,li1,273.9300,244.8000,0.000105
_5334_,VGND,li1,231.6100,266.5600,0.000087
_5331_,VGND,li1,127.1900,250.2400,0.000120
_5329_,VGND,li1,52.2100,255.6800,0.000053
_5327_,VGND,li1,46.6900,261.1200,0.000139
_5325_,VGND,li1,122.5900,282.8800,0.000080
_5323_,VGND,li1,28.7500,272.0000,0.000118
_5321_,VGND,li1,118.9100,266.5600,0.000084
_5319_,VGND,li1,66.0100,261.1200,0.000159
_5317_,VGND,li1,76.5900,250.2400,0.000086
_5314_,VGND,li1,63.2500,206.7200,0.000131
_5312_,VGND,li1,34.7300,239.3600,0.000080
_5310_,VGND,li1,32.8900,212.1600,0.000115
_5308_,VGND,li1,37.9500,195.8400,0.000153
_5306_,VGND,li1,106.4900,223.0400,0.000064
_5304_,VGND,li1,129.7200,223.0400,0.000061
_5302_,VGND,li1,209.5300,233.9200,0.000083
_5299_,VGND,li1,157.0900,255.6800,0.000116
_5296_,VGND,li1,179.6300,261.1200,0.000090
_5293_,VGND,li1,227.0100,282.8800,0.000082
_5290_,VGND,li1,181.4700,277.4400,0.000134
_5287_,VGND,li1,214.1300,261.1200,0.000104
_5284_,VGND,li1,132.2500,255.6800,0.000077
_5280_,VGND,li1,196.6500,217.6000,0.000048
_5277_,VGND,li1,214.1300,206.7200,0.000084
_5274_,VGND,li1,261.0500,272.0000,0.000065
_5271_,VGND,li1,269.3300,282.8800,0.000063
_5268_,VGND,li1,252.3100,255.6800,0.000114
_5265_,VGND,li1,283.1300,282.8800,0.000033
_5262_,VGND,li1,283.1300,250.2400,0.000081
_5259_,VGND,li1,239.8900,266.5600,0.000083
_5255_,VGND,li1,102.3500,244.8000,0.000121
_5252_,VGND,li1,59.5700,255.6800,0.000056
_5249_,VGND,li1,54.0500,261.1200,0.000165
_5246_,VGND,li1,128.1100,282.8800,0.000069
_5243_,VGND,li1,37.9500,261.1200,0.000153
_5240_,VGND,li1,115.2300,272.0000,0.000212
_5237_,VGND,li1,72.9100,266.5600,0.000090
_5234_,VGND,li1,80.7300,250.2400,0.000101
_5230_,VGND,li1,88.0900,217.6000,0.000105
_5227_,VGND,li1,36.5700,228.4800,0.000092
_5224_,VGND,li1,38.8700,217.6000,0.000058
_5221_,VGND,li1,55.8900,190.4000,0.000064
_5218_,VGND,li1,74.7500,190.4000,0.000075
_5216_,VGND,li1,141.6800,223.0400,0.000085
_5213_,VGND,li1,209.5300,217.6000,0.000058
_5211_,VGND,li1,152.9500,255.6800,0.000119
_5209_,VGND,li1,170.8900,288.3200,0.000056
_5207_,VGND,li1,229.7700,293.7600,0.000035
_5205_,VGND,li1,179.6300,288.3200,0.000067
_5203_,VGND,li1,209.0700,266.5600,0.000088
_5201_,VGND,li1,144.2100,255.6800,0.000117
_5198_,VGND,li1,192.5100,217.6000,0.000046
_5196_,VGND,li1,225.6300,212.1600,0.000073
_5194_,VGND,li1,261.9700,288.3200,0.000064
_5192_,VGND,li1,273.9300,288.3200,0.000062
_5190_,VGND,li1,252.7700,282.8800,0.000057
_5188_,VGND,li1,283.1300,293.7600,0.000016
_5186_,VGND,li1,284.9700,266.5600,0.000021
_5184_,VGND,li1,239.8900,277.4400,0.000195
_5181_,VGND,li1,127.6500,233.9200,0.000173
_5179_,VGND,li1,59.5700,272.0000,0.000104
_5177_,VGND,li1,37.0300,282.8800,0.000104
_5175_,VGND,li1,118.4500,293.7600,0.000008
_5173_,VGND,li1,36.1100,261.1200,0.000158
_5171_,VGND,li1,114.3100,293.7600,0.000008
_5169_,VGND,li1,67.8500,266.5600,0.000118
_5167_,VGND,li1,85.7900,255.6800,0.000078
_5164_,VGND,li1,81.1900,212.1600,0.000219
_5162_,VGND,li1,42.0900,233.9200,0.000052
_5160_,VGND,li1,47.6100,212.1600,0.000133
_5158_,VGND,li1,48.9900,190.4000,0.000049
_5156_,VGND,li1,120.2900,201.2800,0.000152
_5154_,VGND,li1,139.3800,228.4800,0.000086
_5152_,VGND,li1,165.3700,201.2800,0.000075
_5150_,VGND,li1,167.2100,239.3600,0.000096
_5148_,VGND,li1,181.4700,239.3600,0.000119
_5146_,VGND,li1,218.2700,250.2400,0.000104
_5144_,VGND,li1,193.4300,250.2400,0.000101
_5142_,VGND,li1,196.1900,233.9200,0.000080
_5140_,VGND,li1,170.4300,250.2400,0.000130
_5137_,VGND,li1,190.2100,212.1600,0.000101
_5135_,VGND,li1,170.8900,206.7200,0.000071
_5133_,VGND,li1,260.1300,266.5600,0.000045
_5131_,VGND,li1,282.2100,223.0400,0.000071
_5129_,VGND,li1,252.7700,261.1200,0.000052
_5127_,VGND,li1,281.7500,272.0000,0.000045
_5125_,VGND,li1,283.1300,244.8000,0.000054
_5123_,VGND,li1,239.8900,261.1200,0.000085
_5120_,VGND,li1,79.8100,244.8000,0.000127
_5118_,VGND,li1,38.4100,255.6800,0.000058
_5116_,VGND,li1,12.6500,293.7600,0.000017
_5114_,VGND,li1,87.1700,293.7600,0.000019
_5112_,VGND,li1,12.6500,250.2400,0.000080
_5110_,VGND,li1,80.2700,288.3200,0.000053
_5108_,VGND,li1,72.4500,288.3200,0.000055
_5106_,VGND,li1,73.3700,255.6800,0.000045
_5103_,VGND,li1,62.3300,223.0400,0.000075
_5101_,VGND,li1,51.7500,206.7200,0.000108
_5099_,VGND,li1,54.9700,228.4800,0.000137
_5097_,VGND,li1,53.5900,201.2800,0.000109
_5095_,VGND,li1,136.8500,217.6000,0.000088
_5093_,VGND,li1,140.3000,217.6000,0.000096
_5091_,VGND,li1,165.3700,195.8400,0.000071
_5089_,VGND,li1,152.0300,250.2400,0.000177
_5087_,VGND,li1,175.9500,228.4800,0.000103
_5085_,VGND,li1,214.5900,244.8000,0.000163
_5083_,VGND,li1,189.2900,223.0400,0.000140
_5081_,VGND,li1,201.2500,228.4800,0.000081
_5079_,VGND,li1,168.5900,244.8000,0.000084
_5076_,VGND,li1,183.7700,190.4000,0.000116
_5074_,VGND,li1,177.3300,190.4000,0.000131
_5072_,VGND,li1,261.9700,282.8800,0.000062
_5070_,VGND,li1,279.4500,233.9200,0.000063
_5068_,VGND,li1,248.1700,282.8800,0.000086
_5066_,VGND,li1,283.1300,282.8800,0.000033
_5064_,VGND,li1,282.6700,255.6800,0.000038
_5062_,VGND,li1,240.8100,288.3200,0.000077
_5059_,VGND,li1,78.8900,228.4800,0.000206
_5057_,VGND,li1,42.0900,255.6800,0.000048
_5055_,VGND,li1,88.5500,239.3600,0.000085
_5053_,VGND,li1,93.6100,239.3600,0.000090
_5051_,VGND,li1,37.9500,244.8000,0.000083
_5049_,VGND,li1,98.2100,228.4800,0.000161
_5047_,VGND,li1,60.9500,277.4400,0.000077
_5045_,VGND,li1,66.9300,250.2400,0.000108
_5042_,VGND,li1,65.5500,217.6000,0.000058
_5040_,VGND,li1,54.9700,217.6000,0.000064
_5038_,VGND,li1,54.9700,228.4800,0.000137
_5036_,VGND,li1,58.6500,195.8400,0.000146
_5034_,VGND,li1,143.2900,201.2800,0.000109
_5032_,VGND,li1,143.0600,217.6000,0.000103
_5030_,VGND,li1,154.7900,201.2800,0.000096
_5028_,VGND,li1,151.5700,239.3600,0.000141
_5026_,VGND,li1,175.4900,239.3600,0.000113
_5024_,VGND,li1,221.9500,239.3600,0.000083
_5022_,VGND,li1,178.7100,233.9200,0.000150
_5020_,VGND,li1,200.3300,233.9200,0.000082
_5018_,VGND,li1,141.4500,244.8000,0.000095
_5015_,VGND,li1,183.3100,201.2800,0.000123
_5013_,VGND,li1,170.8900,190.4000,0.000134
_5011_,VGND,li1,257.8300,282.8800,0.000061
_5009_,VGND,li1,272.0900,233.9200,0.000083
_5007_,VGND,li1,247.7100,272.0000,0.000086
_5005_,VGND,li1,273.9300,282.8800,0.000058
_5003_,VGND,li1,275.3100,255.6800,0.000059
_5001_,VGND,li1,235.2900,282.8800,0.000103
_4998_,VGND,li1,73.3700,228.4800,0.000152
_4996_,VGND,li1,46.6900,239.3600,0.000057
_4994_,VGND,li1,42.0900,282.8800,0.000098
_4992_,VGND,li1,94.0700,272.0000,0.000201
_4990_,VGND,li1,33.8100,244.8000,0.000086
_4988_,VGND,li1,93.6100,288.3200,0.000057
_4986_,VGND,li1,62.7900,288.3200,0.000087
_4984_,VGND,li1,67.3900,244.8000,0.000097
_4981_,VGND,li1,64.1700,228.4800,0.000156
_4979_,VGND,li1,37.9500,228.4800,0.000092
_4977_,VGND,li1,48.9900,233.9200,0.000074
_4975_,VGND,li1,61.4100,190.4000,0.000071
_4973_,VGND,li1,142.3700,206.7200,0.000079
_4971_,VGND,li1,145.8200,217.6000,0.000107
_4970_,VGND,li1,164.2200,217.6000,0.000068
_4964_,VGND,li1,152.4900,201.2800,0.000104
_4962_,VGND,li1,165.8300,233.9200,0.000127
_4960_,VGND,li1,178.7100,244.8000,0.000088
_4958_,VGND,li1,209.5300,244.8000,0.000147
_4956_,VGND,li1,190.6700,239.3600,0.000099
_4954_,VGND,li1,201.7100,239.3600,0.000105
_4952_,VGND,li1,136.8500,250.2400,0.000125
_4949_,VGND,li1,183.7700,206.7200,0.000077
_4947_,VGND,li1,170.8900,201.2800,0.000097
_4945_,VGND,li1,258.2900,255.6800,0.000091
_4943_,VGND,li1,273.9300,228.4800,0.000079
_4941_,VGND,li1,247.7100,266.5600,0.000065
_4939_,VGND,li1,268.8700,266.5600,0.000042
_4937_,VGND,li1,278.0700,244.8000,0.000083
_4935_,VGND,li1,232.5300,261.1200,0.000086
_4932_,VGND,li1,73.3700,239.3600,0.000050
_4930_,VGND,li1,42.0900,244.8000,0.000074
_4928_,VGND,li1,12.1900,282.8800,0.000050
_4926_,VGND,li1,89.4700,282.8800,0.000072
_4924_,VGND,li1,12.1900,233.9200,0.000032
_4922_,VGND,li1,79.8100,282.8800,0.000070
_4920_,VGND,li1,72.4500,282.8800,0.000076
_4918_,VGND,li1,66.4700,255.6800,0.000054
_4915_,VGND,li1,64.1700,233.9200,0.000106
_4913_,VGND,li1,42.0900,201.2800,0.000070
_4911_,VGND,li1,50.3700,223.0400,0.000074
_4909_,VGND,li1,49.4500,195.8400,0.000137
_4907_,VGND,li1,136.8500,212.1600,0.000061
_4905_,VGND,li1,137.5400,217.6000,0.000088
_4904_,VGND,li1,131.1000,201.2800,0.000121
_4902_,VGND,li1,220.1100,228.4800,0.000068
_4900_,VGND,li1,151.1100,228.4800,0.000095
_4898_,VGND,li1,176.4100,250.2400,0.000144
_4896_,VGND,li1,227.0100,255.6800,0.000173
_4894_,VGND,li1,190.6700,255.6800,0.000131
_4892_,VGND,li1,205.3900,250.2400,0.000137
_4890_,VGND,li1,163.9900,255.6800,0.000103
_4887_,VGND,li1,222.4100,195.8400,0.000044
_4885_,VGND,li1,235.7500,201.2800,0.000126
_4883_,VGND,li1,258.7500,233.9200,0.000087
_4881_,VGND,li1,282.2100,212.1600,0.000041
_4879_,VGND,li1,241.2700,239.3600,0.000095
_4877_,VGND,li1,266.1100,239.3600,0.000123
_4875_,VGND,li1,281.2900,206.7200,0.000049
_4873_,VGND,li1,234.8300,239.3600,0.000092
_4870_,VGND,li1,105.5700,239.3600,0.000078
_4868_,VGND,li1,22.3100,266.5600,0.000099
_4866_,VGND,li1,22.3100,288.3200,0.000078
_4864_,VGND,li1,91.7700,272.0000,0.000195
_4862_,VGND,li1,20.9300,250.2400,0.000147
_4860_,VGND,li1,80.7300,277.4400,0.000070
_4858_,VGND,li1,29.2100,293.7600,0.000037
_4856_,VGND,li1,91.7700,244.8000,0.000181
_4853_,VGND,li1,78.4300,223.0400,0.000080
_4851_,VGND,li1,25.0700,233.9200,0.000045
_4849_,VGND,li1,24.6100,212.1600,0.000104
_4847_,VGND,li1,25.0700,201.2800,0.000072
_4845_,VGND,li1,114.7700,233.9200,0.000208
_4843_,VGND,li1,138.0000,223.0400,0.000077
_4842_,VGND,li1,102.1200,212.1600,0.000190
_4840_,VGND,li1,221.0300,239.3600,0.000083
_4838_,VGND,li1,167.2100,228.4800,0.000084
_4836_,VGND,li1,182.8500,255.6800,0.000153
_4834_,VGND,li1,227.0100,266.5600,0.000079
_4832_,VGND,li1,192.0500,233.9200,0.000088
_4830_,VGND,li1,202.1700,266.5600,0.000088
_4828_,VGND,li1,167.2100,266.5600,0.000123
_4825_,VGND,li1,217.8100,195.8400,0.000055
_4823_,VGND,li1,232.0700,212.1600,0.000076
_4821_,VGND,li1,257.3700,244.8000,0.000155
_4819_,VGND,li1,275.7700,217.6000,0.000074
_4817_,VGND,li1,246.3300,255.6800,0.000165
_4815_,VGND,li1,266.1100,261.1200,0.000061
_4813_,VGND,li1,277.1500,201.2800,0.000065
_4811_,VGND,li1,232.9900,250.2400,0.000088
_4808_,VGND,li1,119.3700,233.9200,0.000197
_4806_,VGND,li1,54.0500,244.8000,0.000093
_4804_,VGND,li1,42.0900,293.7600,0.000028
_4802_,VGND,li1,100.9700,288.3200,0.000052
_4800_,VGND,li1,26.4500,261.1200,0.000168
_4798_,VGND,li1,100.9700,282.8800,0.000058
_4796_,VGND,li1,54.9700,293.7600,0.000036
_4794_,VGND,li1,119.3700,255.6800,0.000091
_4791_,VGND,li1,85.3300,217.6000,0.000091
_4789_,VGND,li1,26.9100,223.0400,0.000099
_4787_,VGND,li1,29.2100,217.6000,0.000049
_4785_,VGND,li1,28.7500,190.4000,0.000045
_4783_,VGND,li1,116.6100,206.7200,0.000170
_4781_,VGND,li1,136.6200,228.4800,0.000082
_4780_,VGND,li1,110.4000,206.7200,0.000190
_4778_,VGND,li1,130.1800,206.7200,0.000109
_4776_,VGND,li1,208.1500,228.4800,0.000088
_4774_,VGND,li1,171.3500,184.9600,0.000167
_4773_,VGND,li1,167.6700,184.9600,0.000174
_4771_,VGND,li1,149.7300,266.5600,0.000117
_4769_,VGND,li1,163.5300,184.9600,0.000183
_4768_,VGND,li1,157.7800,184.9600,0.000311
_4767_,VGND,li1,163.9900,179.5200,0.000066
_4765_,VGND,li1,170.8900,282.8800,0.000057
_4763_,VGND,li1,175.4900,184.9600,0.000158
_4762_,VGND,li1,175.4900,184.9600,0.000158
_4761_,VGND,li1,172.7300,184.9600,0.000167
_4759_,VGND,li1,235.7500,288.3200,0.000082
_4757_,VGND,li1,197.1100,174.0800,0.000061
_4756_,VGND,li1,192.0500,184.9600,0.000105
_4755_,VGND,li1,192.0500,184.9600,0.000105
_4753_,VGND,li1,183.7700,288.3200,0.000068
_4751_,VGND,li1,171.3500,179.5200,0.000067
_4750_,VGND,li1,156.8600,179.5200,0.000117
_4749_,VGND,li1,168.5900,174.0800,0.000060
_4747_,VGND,li1,204.0100,282.8800,0.000101
_4745_,VGND,li1,184.2300,184.9600,0.000134
_4744_,VGND,li1,189.2900,184.9600,0.000121
_4743_,VGND,li1,175.9500,179.5200,0.000067
_4741_,VGND,li1,143.7500,261.1200,0.000065
_4738_,VGND,li1,180.0900,184.9600,0.000146
_4737_,VGND,li1,180.0900,184.9600,0.000146
_4735_,VGND,li1,162.6100,190.4000,0.000170
_4734_,VGND,li1,111.5500,168.6400,0.000081
_4733_,VGND,li1,137.3100,174.0800,0.000083
_4730_,VGND,li1,196.6500,212.1600,0.000085
_4728_,VGND,li1,206.3100,163.2000,0.000066
_4727_,VGND,li1,163.9900,168.6400,0.000052
_4726_,VGND,li1,209.9900,163.2000,0.000065
_4725_,VGND,li1,208.8400,146.8800,0.000031
_4723_,VGND,li1,207.6900,206.7200,0.000080
_4721_,VGND,li1,208.6100,168.6400,0.000056
_4720_,VGND,li1,163.0700,168.6400,0.000052
_4719_,VGND,li1,206.3100,174.0800,0.000069
_4718_,VGND,li1,212.5200,163.2000,0.000062
_4716_,VGND,li1,255.9900,293.7600,0.000037
_4714_,VGND,li1,170.8900,168.6400,0.000072
_4713_,VGND,li1,171.8100,174.0800,0.000062
_4712_,VGND,li1,176.8700,168.6400,0.000078
_4711_,VGND,li1,158.4700,174.0800,0.000091
_4709_,VGND,li1,265.6500,288.3200,0.000065
_4707_,VGND,li1,190.2100,174.0800,0.000061
_4706_,VGND,li1,192.5100,168.6400,0.000052
_4705_,VGND,li1,202.6300,168.6400,0.000055
_4704_,VGND,li1,208.1500,136.0000,0.000068
_4702_,VGND,li1,244.4900,293.7600,0.000046
_4700_,VGND,li1,203.0900,174.0800,0.000070
_4699_,VGND,li1,193.8900,174.0800,0.000051
_4698_,VGND,li1,197.1100,168.6400,0.000049
_4697_,VGND,li1,209.3000,168.6400,0.000055
_4695_,VGND,li1,278.5300,293.7600,0.000025
_4693_,VGND,li1,199.8700,174.0800,0.000066
_4692_,VGND,li1,152.9500,174.0800,0.000122
_4691_,VGND,li1,156.6300,174.0800,0.000102
_4690_,VGND,li1,155.7100,168.6400,0.000062
_4688_,VGND,li1,280.8300,266.5600,0.000025
_4686_,VGND,li1,185.1500,168.6400,0.000076
_4685_,VGND,li1,181.4700,168.6400,0.000077
_4684_,VGND,li1,183.7700,168.6400,0.000076
_4683_,VGND,li1,182.1600,141.4400,0.000030
_4680_,VGND,li1,232.5300,277.4400,0.000151
_4677_,VGND,li1,192.9700,163.2000,0.000051
_4676_,VGND,li1,192.9700,163.2000,0.000051
_4675_,VGND,li1,152.4900,179.5200,0.000156
_4674_,VGND,li1,193.4300,168.6400,0.000052
_4672_,VGND,li1,106.4900,250.2400,0.000112
_4670_,VGND,li1,146.0500,179.5200,0.000171
_4669_,VGND,li1,145.1300,174.0800,0.000112
_4668_,VGND,li1,144.2100,174.0800,0.000112
_4667_,VGND,li1,149.7300,168.6400,0.000064
_4665_,VGND,li1,54.9700,277.4400,0.000088
_4663_,VGND,li1,120.2900,195.8400,0.000158
_4662_,VGND,li1,129.9500,195.8400,0.000131
_4661_,VGND,li1,116.6100,195.8400,0.000163
_4658_,VGND,li1,36.5700,272.0000,0.000117
_4656_,VGND,li1,131.3300,184.9600,0.000295
_4655_,VGND,li1,131.7900,179.5200,0.000139
_4654_,VGND,li1,132.7100,179.5200,0.000139
_4652_,VGND,li1,114.7700,277.4400,0.000112
_4650_,VGND,li1,131.7900,174.0800,0.000078
_4649_,VGND,li1,136.8500,174.0800,0.000083
_4648_,VGND,li1,140.5300,174.0800,0.000094
_4646_,VGND,li1,33.8100,272.0000,0.000122
_4644_,VGND,li1,129.0300,168.6400,0.000076
_4643_,VGND,li1,129.9500,174.0800,0.000084
_4642_,VGND,li1,116.6100,179.5200,0.000145
_4641_,VGND,li1,126.2700,174.0800,0.000091
_4639_,VGND,li1,136.8500,179.5200,0.000144
_4638_,VGND,li1,126.2700,190.4000,0.000191
_4637_,VGND,li1,119.8300,190.4000,0.000202
_4635_,VGND,li1,111.0900,174.0800,0.000070
_4633_,VGND,li1,112.9300,282.8800,0.000075
_4631_,VGND,li1,105.5700,179.5200,0.000087
_4629_,VGND,li1,112.4700,174.0800,0.000070
_4627_,VGND,li1,85.3300,266.5600,0.000106
_4625_,VGND,li1,114.3100,174.0800,0.000077
_4624_,VGND,li1,117.9900,174.0800,0.000081
_4622_,VGND,li1,118.9100,168.6400,0.000081
_4617_,VGND,li1,85.3300,250.2400,0.000116
_4614_,VGND,li1,106.4900,174.0800,0.000054
_4613_,VGND,li1,106.9500,59.8400,0.000064
_4612_,VGND,li1,108.3300,174.0800,0.000061
_4610_,VGND,li1,117.9900,184.9600,0.000286
_4609_,VGND,li1,121.9000,179.5200,0.000150
_4608_,VGND,li1,92.2300,130.5600,0.000078
_4607_,VGND,li1,96.8300,179.5200,0.000108
_4603_,VGND,li1,61.8700,212.1600,0.000165
_4600_,VGND,li1,42.0900,228.4800,0.000091
_4597_,VGND,li1,34.7300,206.7200,0.000099
_4595_,VGND,li1,62.7900,130.5600,0.000055
_4593_,VGND,li1,37.4900,190.4000,0.000044
_4590_,VGND,li1,118.9100,228.4800,0.000139
_4588_,VGND,li1,131.5600,223.0400,0.000060
_4587_,VGND,li1,127.6500,201.2800,0.000144
_4586_,VGND,li1,100.9700,190.4000,0.000152
_4585_,VGND,li1,82.1100,190.4000,0.000135
_4584_,VGND,li1,73.3700,184.9600,0.000077
_4583_,VGND,li1,109.2500,206.7200,0.000186
_4582_,VGND,li1,145.1300,217.6000,0.000107
_4579_,VGND,li1,91.7700,184.9600,0.000176
_4576_,VGND,li1,58.1900,152.3200,0.000038
_4575_,VGND,li1,195.2700,10.8800,0.000020
_4574_,VGND,li1,204.9300,16.3200,0.000059
_4573_,VGND,li1,207.6900,16.3200,0.000059
_4572_,VGND,li1,206.3100,10.8800,0.000022
_4571_,VGND,li1,194.5800,21.7600,0.000031
_4570_,VGND,li1,214.1300,27.2000,0.000064
_4569_,VGND,li1,265.6500,152.3200,0.000052
_4568_,VGND,li1,264.0400,130.5600,0.000053
_4567_,VGND,li1,261.0500,103.3600,0.000058
_4566_,VGND,li1,189.9800,87.0400,0.000024
_4565_,VGND,li1,166.0600,87.0400,0.000020
_4564_,VGND,li1,165.8300,70.7200,0.000025
_4563_,VGND,li1,192.0500,87.0400,0.000024
_4562_,VGND,li1,226.7800,87.0400,0.000040
_4561_,VGND,li1,192.5100,76.1600,0.000033
_4560_,VGND,li1,209.9900,27.2000,0.000068
_4559_,VGND,li1,213.4400,16.3200,0.000052
_4558_,VGND,li1,209.7600,21.7600,0.000050
_4557_,VGND,li1,210.6800,16.3200,0.000056
_4556_,VGND,li1,219.8800,27.2000,0.000056
_4555_,VGND,li1,214.8200,21.7600,0.000044
_4554_,VGND,li1,223.7900,21.7600,0.000029
_4553_,VGND,li1,222.6400,16.3200,0.000036
_4552_,VGND,li1,229.3100,16.3200,0.000040
_4550_,VGND,li1,238.5100,16.3200,0.000047
_4549_,VGND,li1,235.2900,10.8800,0.000021
_4548_,VGND,li1,232.9900,16.3200,0.000042
_4546_,VGND,li1,229.3100,21.7600,0.000034
_4545_,VGND,li1,230.0000,21.7600,0.000034
_4544_,VGND,li1,234.6000,21.7600,0.000034
_4542_,VGND,li1,233.6800,16.3200,0.000044
_4541_,VGND,li1,233.9100,21.7600,0.000034
_4539_,VGND,li1,279.9100,32.6400,0.000030
_4538_,VGND,li1,284.0500,32.6400,0.000022
_4537_,VGND,li1,281.2900,27.2000,0.000020
_4535_,VGND,li1,280.3700,32.6400,0.000030
_4534_,VGND,li1,280.6000,16.3200,0.000025
_4533_,VGND,li1,278.9900,16.3200,0.000025
_4532_,VGND,li1,273.7000,16.3200,0.000031
_4531_,VGND,li1,278.5300,21.7600,0.000018
_4529_,VGND,li1,273.9300,38.0800,0.000042
_4528_,VGND,li1,274.3900,27.2000,0.000027
_4527_,VGND,li1,274.1600,10.8800,0.000016
_4526_,VGND,li1,274.3900,16.3200,0.000031
_4525_,VGND,li1,276.9200,16.3200,0.000028
_4523_,VGND,li1,259.2100,16.3200,0.000040
_4522_,VGND,li1,261.2800,21.7600,0.000026
_4521_,VGND,li1,267.4900,16.3200,0.000037
_4520_,VGND,li1,267.9500,16.3200,0.000037
_4519_,VGND,li1,266.5700,21.7600,0.000026
_4517_,VGND,li1,264.2700,32.6400,0.000040
_4516_,VGND,li1,267.2600,27.2000,0.000031
_4515_,VGND,li1,263.5800,21.7600,0.000026
_4514_,VGND,li1,260.5900,27.2000,0.000030
_4513_,VGND,li1,244.9500,21.7600,0.000030
_4512_,VGND,li1,247.0200,27.2000,0.000036
_4511_,VGND,li1,195.7300,27.2000,0.000046
_4510_,VGND,li1,188.1400,38.0800,0.000049
_4509_,VGND,li1,195.9600,21.7600,0.000035
_4508_,VGND,li1,202.6300,21.7600,0.000048
_4507_,VGND,li1,192.5100,21.7600,0.000034
_4506_,VGND,li1,192.7400,27.2000,0.000038
_4505_,VGND,li1,187.9100,27.2000,0.000045
_4504_,VGND,li1,243.5700,27.2000,0.000041
_4503_,VGND,li1,188.6000,21.7600,0.000038
_4501_,VGND,li1,249.0900,21.7600,0.000027
_4500_,VGND,li1,247.0200,16.3200,0.000044
_4499_,VGND,li1,253.6900,21.7600,0.000020
_4498_,VGND,li1,242.8800,21.7600,0.000031
_4497_,VGND,li1,242.1900,16.3200,0.000050
_4496_,VGND,li1,241.2700,21.7600,0.000032
_4495_,VGND,li1,245.1800,27.2000,0.000041
_4494_,VGND,li1,185.1500,21.7600,0.000039
_4493_,VGND,li1,189.0600,16.3200,0.000048
_4491_,VGND,li1,252.7700,38.0800,0.000035
_4490_,VGND,li1,256.4500,38.0800,0.000034
_4489_,VGND,li1,251.3900,38.0800,0.000035
_4488_,VGND,li1,235.0600,32.6400,0.000038
_4486_,VGND,li1,244.9500,38.0800,0.000044
_4485_,VGND,li1,248.1700,32.6400,0.000031
_4484_,VGND,li1,239.8900,32.6400,0.000036
_4483_,VGND,li1,240.5800,32.6400,0.000036
_4482_,VGND,li1,236.4400,27.2000,0.000048
_4481_,VGND,li1,204.0100,32.6400,0.000042
_4480_,VGND,li1,200.5600,38.0800,0.000067
_4479_,VGND,li1,216.4300,38.0800,0.000069
_4478_,VGND,li1,215.0500,32.6400,0.000038
_4477_,VGND,li1,204.7000,32.6400,0.000042
_4476_,VGND,li1,195.9600,38.0800,0.000052
_4475_,VGND,li1,196.6500,32.6400,0.000043
_4474_,VGND,li1,201.7100,32.6400,0.000043
_4473_,VGND,li1,46.6900,48.9600,0.000046
_4472_,VGND,li1,183.0800,32.6400,0.000071
_4471_,VGND,li1,132.0200,27.2000,0.000065
_4470_,VGND,li1,128.1100,21.7600,0.000034
_4469_,VGND,li1,161.2300,27.2000,0.000046
_4468_,VGND,li1,157.7800,27.2000,0.000052
_4467_,VGND,li1,136.8500,27.2000,0.000071
_4466_,VGND,li1,179.6300,27.2000,0.000050
_4465_,VGND,li1,181.2400,27.2000,0.000050
_4464_,VGND,li1,176.8700,32.6400,0.000084
_4463_,VGND,li1,176.8700,16.3200,0.000060
_4462_,VGND,li1,163.7600,38.0800,0.000026
_4461_,VGND,li1,166.7500,65.2800,0.000045
_4460_,VGND,li1,167.9000,32.6400,0.000060
_4459_,VGND,li1,163.5300,65.2800,0.000040
_4458_,VGND,li1,184.2300,16.3200,0.000055
_4457_,VGND,li1,176.8700,21.7600,0.000038
_4456_,VGND,li1,178.4800,21.7600,0.000038
_4455_,VGND,li1,180.0900,21.7600,0.000039
_4454_,VGND,li1,176.4100,27.2000,0.000050
_4452_,VGND,li1,168.1300,16.3200,0.000047
_4450_,VGND,li1,153.8700,38.0800,0.000031
_4449_,VGND,li1,150.1900,38.0800,0.000031
_4448_,VGND,li1,88.7800,32.6400,0.000071
_4447_,VGND,li1,168.5900,16.3200,0.000047
_4446_,VGND,li1,167.6700,21.7600,0.000034
_4445_,VGND,li1,170.4300,21.7600,0.000036
_4444_,VGND,li1,140.9900,21.7600,0.000037
_4443_,VGND,li1,171.1200,21.7600,0.000036
_4442_,VGND,li1,172.2700,27.2000,0.000048
_4441_,VGND,li1,145.1300,27.2000,0.000068
_4440_,VGND,li1,147.4300,38.0800,0.000031
_4439_,VGND,li1,117.3000,38.0800,0.000029
_4438_,VGND,li1,117.0700,38.0800,0.000029
_4437_,VGND,li1,106.4900,38.0800,0.000027
_4436_,VGND,li1,92.4600,38.0800,0.000047
_4435_,VGND,li1,140.0700,38.0800,0.000027
_4434_,VGND,li1,149.9600,21.7600,0.000039
_4433_,VGND,li1,143.9800,21.7600,0.000039
_4432_,VGND,li1,128.8000,27.2000,0.000070
_4431_,VGND,li1,127.8800,27.2000,0.000074
_4430_,VGND,li1,124.2000,21.7600,0.000038
_4429_,VGND,li1,123.7400,27.2000,0.000077
_4428_,VGND,li1,106.7200,32.6400,0.000064
_4427_,VGND,li1,105.5700,27.2000,0.000058
_4425_,VGND,li1,137.3100,16.3200,0.000044
_4424_,VGND,li1,132.9400,16.3200,0.000043
_4423_,VGND,li1,140.9900,16.3200,0.000049
_4422_,VGND,li1,130.1800,16.3200,0.000052
_4421_,VGND,li1,128.5700,21.7600,0.000034
_4420_,VGND,li1,125.8100,16.3200,0.000054
_4419_,VGND,li1,114.0800,21.7600,0.000040
_4418_,VGND,li1,117.5300,21.7600,0.000041
_4417_,VGND,li1,116.3800,21.7600,0.000041
_4416_,VGND,li1,115.4600,16.3200,0.000052
_4415_,VGND,li1,117.0700,16.3200,0.000052
_4414_,VGND,li1,121.6700,16.3200,0.000055
_4413_,VGND,li1,123.5100,21.7600,0.000038
_4412_,VGND,li1,125.1200,16.3200,0.000054
_4411_,VGND,li1,106.2600,16.3200,0.000040
_4410_,VGND,li1,107.1800,32.6400,0.000064
_4409_,VGND,li1,107.4100,38.0800,0.000027
_4408_,VGND,li1,99.1300,38.0800,0.000034
_4407_,VGND,li1,99.1300,38.0800,0.000034
_4406_,VGND,li1,86.2500,38.0800,0.000057
_4405_,VGND,li1,87.6300,38.0800,0.000053
_4404_,VGND,li1,95.4500,38.0800,0.000041
_4403_,VGND,li1,113.3900,59.8400,0.000081
_4402_,VGND,li1,93.1500,43.5200,0.000042
_4401_,VGND,li1,46.2300,108.8000,0.000035
_4400_,VGND,li1,45.0800,114.2400,0.000033
_4399_,VGND,li1,46.9200,114.2400,0.000041
_4398_,VGND,li1,71.7600,184.9600,0.000077
_4397_,VGND,li1,41.6300,114.2400,0.000036
_4396_,VGND,li1,42.5500,130.5600,0.000038
_4395_,VGND,li1,41.4000,103.3600,0.000048
_4394_,VGND,li1,58.1900,103.3600,0.000050
_4393_,VGND,li1,67.8500,119.6800,0.000050
_4392_,VGND,li1,48.0700,38.0800,0.000056
_4389_,VGND,li1,98.2100,16.3200,0.000051
_4388_,VGND,li1,98.6700,10.8800,0.000023
_4387_,VGND,li1,105.1100,10.8800,0.000016
_4386_,VGND,li1,105.1100,16.3200,0.000040
_4385_,VGND,li1,103.9600,21.7600,0.000031
_4384_,VGND,li1,106.9500,21.7600,0.000035
_4383_,VGND,li1,119.6000,16.3200,0.000054
_4382_,VGND,li1,102.8100,16.3200,0.000037
_4379_,VGND,li1,120.0600,21.7600,0.000040
_4378_,VGND,li1,93.8400,27.2000,0.000070
_4377_,VGND,li1,90.6200,21.7600,0.000048
_4376_,VGND,li1,86.7100,21.7600,0.000047
_4375_,VGND,li1,86.4800,21.7600,0.000046
_4374_,VGND,li1,86.7100,27.2000,0.000069
_4373_,VGND,li1,77.7400,21.7600,0.000035
_4372_,VGND,li1,109.7100,21.7600,0.000037
_4370_,VGND,li1,61.6400,21.7600,0.000043
_4369_,VGND,li1,54.5100,27.2000,0.000056
_4368_,VGND,li1,93.3800,21.7600,0.000047
_4366_,VGND,li1,15.4100,21.7600,0.000049
_4365_,VGND,li1,60.4900,16.3200,0.000064
_4364_,VGND,li1,72.4500,16.3200,0.000046
_4363_,VGND,li1,61.6400,16.3200,0.000064
_4362_,VGND,li1,59.3400,10.8800,0.000039
_4361_,VGND,li1,62.3300,10.8800,0.000036
_4360_,VGND,li1,61.8700,27.2000,0.000060
_4359_,VGND,li1,50.3700,21.7600,0.000046
_4358_,VGND,li1,71.0700,21.7600,0.000036
_4357_,VGND,li1,53.8200,21.7600,0.000046
_4356_,VGND,li1,80.7300,32.6400,0.000060
_4353_,VGND,li1,64.1700,16.3200,0.000061
_4352_,VGND,li1,64.8600,27.2000,0.000058
_4350_,VGND,li1,10.8100,21.7600,0.000042
_4349_,VGND,li1,22.5400,16.3200,0.000060
_4348_,VGND,li1,22.0800,27.2000,0.000075
_4346_,VGND,li1,41.6300,27.2000,0.000052
_4345_,VGND,li1,42.7800,21.7600,0.000053
_4344_,VGND,li1,34.7300,27.2000,0.000067
_4343_,VGND,li1,46.6900,27.2000,0.000051
_4342_,VGND,li1,49.9100,27.2000,0.000052
_4341_,VGND,li1,72.4500,32.6400,0.000049
_4340_,VGND,li1,68.7700,38.0800,0.000051
_4339_,VGND,li1,38.1800,27.2000,0.000061
_4338_,VGND,li1,41.1700,32.6400,0.000057
_4337_,VGND,li1,53.3600,38.0800,0.000059
_4334_,VGND,li1,11.0400,87.0400,0.000026
_4332_,VGND,li1,16.5600,81.6000,0.000032
_4329_,VGND,li1,11.2700,21.7600,0.000042
_4328_,VGND,li1,15.4100,21.7600,0.000049
_4325_,VGND,li1,196.1900,16.3200,0.000048
_4324_,VGND,li1,12.6500,32.6400,0.000037
_4323_,VGND,li1,27.8300,48.9600,0.000077
_4321_,VGND,li1,27.3700,43.5200,0.000057
_4319_,VGND,li1,12.6500,32.6400,0.000037
_4318_,VGND,li1,10.8100,65.2800,0.000041
_4317_,VGND,li1,10.3500,70.7200,0.000041
_4316_,VGND,li1,15.1800,70.7200,0.000039
_4315_,VGND,li1,29.4400,48.9600,0.000074
_4314_,VGND,li1,13.3400,76.1600,0.000033
_4313_,VGND,li1,30.3600,92.4800,0.000057
_4312_,VGND,li1,25.5300,157.7600,0.000027
_4309_,VGND,li1,78.4300,38.0800,0.000056
_4308_,VGND,li1,79.3500,32.6400,0.000060
_4306_,VGND,li1,81.4200,21.7600,0.000042
_4305_,VGND,li1,130.6400,65.2800,0.000038
_4300_,VGND,li1,278.0700,190.4000,0.000102
_4299_,VGND,li1,279.4500,184.9600,0.000046
_4298_,VGND,li1,281.0600,174.0800,0.000030
_4297_,VGND,li1,278.0700,163.2000,0.000120
_4296_,VGND,li1,273.4700,184.9600,0.000064
_4295_,VGND,li1,276.9200,184.9600,0.000055
_4294_,VGND,li1,277.1500,163.2000,0.000139
_4293_,VGND,li1,280.3700,179.5200,0.000050
_4292_,VGND,li1,276.4600,174.0800,0.000040
_4291_,VGND,li1,270.0200,174.0800,0.000052
_4290_,VGND,li1,268.6400,179.5200,0.000082
_4289_,VGND,li1,281.5200,174.0800,0.000030
_4288_,VGND,li1,270.0200,168.6400,0.000055
_4287_,VGND,li1,253.0000,157.7600,0.000036
_4285_,VGND,li1,282.6700,168.6400,0.000053
_4284_,VGND,li1,275.0800,168.6400,0.000057
_4283_,VGND,li1,271.1700,152.3200,0.000055
_4282_,VGND,li1,279.4500,157.7600,0.000054
_4281_,VGND,li1,273.2400,146.8800,0.000058
_4280_,VGND,li1,273.0100,157.7600,0.000073
_4279_,VGND,li1,252.7700,130.5600,0.000041
_4278_,VGND,li1,282.6700,163.2000,0.000092
_4277_,VGND,li1,278.9900,152.3200,0.000038
_4276_,VGND,li1,284.0500,152.3200,0.000028
_4275_,VGND,li1,281.7500,130.5600,0.000028
_4274_,VGND,li1,284.0500,125.1200,0.000011
_4273_,VGND,li1,275.7700,146.8800,0.000053
_4272_,VGND,li1,273.2400,141.4400,0.000046
_4271_,VGND,li1,274.8500,152.3200,0.000051
_4269_,VGND,li1,284.9700,136.0000,0.000026
_4268_,VGND,li1,279.9100,136.0000,0.000037
_4267_,VGND,li1,282.2100,136.0000,0.000030
_4266_,VGND,li1,279.6800,125.1200,0.000017
_4265_,VGND,li1,259.9000,136.0000,0.000040
_4263_,VGND,li1,273.0100,136.0000,0.000046
_4261_,VGND,li1,273.4700,130.5600,0.000044
_4260_,VGND,li1,278.5300,136.0000,0.000037
_4259_,VGND,li1,283.3600,146.8800,0.000033
_4257_,VGND,li1,281.2900,141.4400,0.000036
_4256_,VGND,li1,279.4500,130.5600,0.000032
_4255_,VGND,li1,275.7700,70.7200,0.000011
_4254_,VGND,li1,275.3100,87.0400,0.000113
_4253_,VGND,li1,281.7500,108.8000,0.000024
_4252_,VGND,li1,278.5300,119.6800,0.000039
_4251_,VGND,li1,281.2900,97.9200,0.000038
_4250_,VGND,li1,281.2900,92.4800,0.000040
_4249_,VGND,li1,284.7400,103.3600,0.000030
_4248_,VGND,li1,283.3600,92.4800,0.000033
_4247_,VGND,li1,281.9800,103.3600,0.000038
_4245_,VGND,li1,278.0700,108.8000,0.000031
_4244_,VGND,li1,279.6800,114.2400,0.000023
_4243_,VGND,li1,282.4400,70.7200,0.000009
_4242_,VGND,li1,278.5300,70.7200,0.000010
_4241_,VGND,li1,244.0300,76.1600,0.000023
_4240_,VGND,li1,281.2900,76.1600,0.000007
_4239_,VGND,li1,274.3900,76.1600,0.000009
_4238_,VGND,li1,268.4100,76.1600,0.000010
_4237_,VGND,li1,244.9500,87.0400,0.000058
_4236_,VGND,li1,243.5700,81.6000,0.000027
_4235_,VGND,li1,282.9000,81.6000,0.000017
_4234_,VGND,li1,280.3700,81.6000,0.000019
_4233_,VGND,li1,280.6000,76.1600,0.000007
_4232_,VGND,li1,257.3700,87.0400,0.000068
_4231_,VGND,li1,248.8600,92.4800,0.000035
_4230_,VGND,li1,270.2500,81.6000,0.000022
_4229_,VGND,li1,265.8800,81.6000,0.000022
_4228_,VGND,li1,265.8800,81.6000,0.000022
_4227_,VGND,li1,260.1300,87.0400,0.000084
_4226_,VGND,li1,262.4300,87.0400,0.000094
_4225_,VGND,li1,258.2900,76.1600,0.000013
_4224_,VGND,li1,203.5500,76.1600,0.000028
_4223_,VGND,li1,253.9200,70.7200,0.000015
_4222_,VGND,li1,255.7600,70.7200,0.000013
_4221_,VGND,li1,239.4300,76.1600,0.000023
_4220_,VGND,li1,250.9300,76.1600,0.000020
_4219_,VGND,li1,212.7500,76.1600,0.000024
_4218_,VGND,li1,263.3500,70.7200,0.000015
_4217_,VGND,li1,261.9700,70.7200,0.000015
_4216_,VGND,li1,229.3100,76.1600,0.000017
_4215_,VGND,li1,234.8300,76.1600,0.000021
_4214_,VGND,li1,220.1100,76.1600,0.000018
_4213_,VGND,li1,219.8800,70.7200,0.000014
_4212_,VGND,li1,221.0300,65.2800,0.000026
_4211_,VGND,li1,219.8800,81.6000,0.000018
_4209_,VGND,li1,207.2300,76.1600,0.000026
_4208_,VGND,li1,237.3600,65.2800,0.000038
_4207_,VGND,li1,234.8300,65.2800,0.000037
_4206_,VGND,li1,231.1500,65.2800,0.000032
_4204_,VGND,li1,248.4000,65.2800,0.000040
_4203_,VGND,li1,243.5700,65.2800,0.000040
_4202_,VGND,li1,245.8700,65.2800,0.000041
_4201_,VGND,li1,235.9800,70.7200,0.000017
_4200_,VGND,li1,254.6100,65.2800,0.000045
_4199_,VGND,li1,227.7000,65.2800,0.000029
_4198_,VGND,li1,224.0200,70.7200,0.000012
_4197_,VGND,li1,203.0900,81.6000,0.000025
_4196_,VGND,li1,229.3100,59.8400,0.000073
_4195_,VGND,li1,230.2300,65.2800,0.000032
_4194_,VGND,li1,213.2100,76.1600,0.000024
_4193_,VGND,li1,141.4500,81.6000,0.000044
_4192_,VGND,li1,143.7500,76.1600,0.000033
_4191_,VGND,li1,171.1200,76.1600,0.000045
_4190_,VGND,li1,172.7300,76.1600,0.000047
_4189_,VGND,li1,158.0100,76.1600,0.000038
_4188_,VGND,li1,145.3600,87.0400,0.000023
_4187_,VGND,li1,179.6300,76.1600,0.000053
_4186_,VGND,li1,179.6300,70.7200,0.000029
_4185_,VGND,li1,179.8600,76.1600,0.000053
_4184_,VGND,li1,175.7200,76.1600,0.000049
_4183_,VGND,li1,175.9500,70.7200,0.000030
_4182_,VGND,li1,175.0300,65.2800,0.000062
_4180_,VGND,li1,141.9100,70.7200,0.000038
_4178_,VGND,li1,155.0200,70.7200,0.000038
_4177_,VGND,li1,150.8800,70.7200,0.000041
_4176_,VGND,li1,142.1400,70.7200,0.000038
_4174_,VGND,li1,149.0400,59.8400,0.000096
_4173_,VGND,li1,142.3700,65.2800,0.000047
_4172_,VGND,li1,144.9000,65.2800,0.000050
_4170_,VGND,li1,126.9600,81.6000,0.000067
_4169_,VGND,li1,123.9700,81.6000,0.000074
_4168_,VGND,li1,112.7000,81.6000,0.000084
_4167_,VGND,li1,114.0800,87.0400,0.000032
_4166_,VGND,li1,122.5900,65.2800,0.000052
_4165_,VGND,li1,123.5100,65.2800,0.000052
_4164_,VGND,li1,118.4500,65.2800,0.000059
_4163_,VGND,li1,114.7700,65.2800,0.000063
_4162_,VGND,li1,114.7700,65.2800,0.000063
_4158_,VGND,li1,120.7500,81.6000,0.000085
_4157_,VGND,li1,113.8500,70.7200,0.000068
_4155_,VGND,li1,109.9400,65.2800,0.000066
_4154_,VGND,li1,114.7700,81.6000,0.000091
_4153_,VGND,li1,107.8700,76.1600,0.000042
_4152_,VGND,li1,104.4200,76.1600,0.000043
_4151_,VGND,li1,105.3400,97.9200,0.000050
_4150_,VGND,li1,106.7200,146.8800,0.000025
_4149_,VGND,li1,104.8800,70.7200,0.000054
_4148_,VGND,li1,115.2300,87.0400,0.000032
_4147_,VGND,li1,100.0500,70.7200,0.000077
_4146_,VGND,li1,100.0500,76.1600,0.000063
_4145_,VGND,li1,91.7700,87.0400,0.000051
_4144_,VGND,li1,90.1600,119.6800,0.000089
_4143_,VGND,li1,93.1500,119.6800,0.000084
_4142_,VGND,li1,88.0900,87.0400,0.000053
_4141_,VGND,li1,93.1500,65.2800,0.000080
_4140_,VGND,li1,99.1300,81.6000,0.000080
_4138_,VGND,li1,101.8900,152.3200,0.000044
_4137_,VGND,li1,100.9700,152.3200,0.000048
_4136_,VGND,li1,86.0200,163.2000,0.000031
_4135_,VGND,li1,241.7300,174.0800,0.000052
_4134_,VGND,li1,86.2500,174.0800,0.000061
_4133_,VGND,li1,85.5600,174.0800,0.000061
_4132_,VGND,li1,80.7300,179.5200,0.000080
_4131_,VGND,li1,82.8000,157.7600,0.000063
_4125_,VGND,li1,129.4900,212.1600,0.000078
_4123_,VGND,li1,101.8900,190.4000,0.000152
_4122_,VGND,li1,101.4300,184.9600,0.000168
_4121_,VGND,li1,90.8500,184.9600,0.000176
_4120_,VGND,li1,93.6100,184.9600,0.000177
_4119_,VGND,li1,98.2100,195.8400,0.000161
_4118_,VGND,li1,95.4500,195.8400,0.000178
_4117_,VGND,li1,91.7700,179.5200,0.000105
_4114_,VGND,li1,80.2700,228.4800,0.000206
_4113_,VGND,li1,84.8700,184.9600,0.000147
_4112_,VGND,li1,87.1700,190.4000,0.000182
_4111_,VGND,li1,80.7300,190.4000,0.000135
_4110_,VGND,li1,84.4100,184.9600,0.000147
_4109_,VGND,li1,81.6500,184.9600,0.000128
_4108_,VGND,li1,78.8900,179.5200,0.000073
_4105_,VGND,li1,111.0900,201.2800,0.000156
_4104_,VGND,li1,101.6600,195.8400,0.000146
_4103_,VGND,li1,77.7400,157.7600,0.000054
_4102_,VGND,li1,80.0400,146.8800,0.000041
_4101_,VGND,li1,83.9500,141.4400,0.000034
_4100_,VGND,li1,85.5600,146.8800,0.000044
_4099_,VGND,li1,83.4900,152.3200,0.000054
_4098_,VGND,li1,91.0800,163.2000,0.000032
_4097_,VGND,li1,90.6200,179.5200,0.000105
_4096_,VGND,li1,76.3600,136.0000,0.000046
_4095_,VGND,li1,74.7500,108.8000,0.000044
_4094_,VGND,li1,69.6900,136.0000,0.000048
_4093_,VGND,li1,71.9900,130.5600,0.000050
_4091_,VGND,li1,204.0100,21.7600,0.000048
_4089_,VGND,li1,216.2000,21.7600,0.000044
_4088_,VGND,li1,215.5100,16.3200,0.000049
_4087_,VGND,li1,218.7300,16.3200,0.000043
_4086_,VGND,li1,215.9700,16.3200,0.000049
_4085_,VGND,li1,218.9600,16.3200,0.000043
_4084_,VGND,li1,217.8100,10.8800,0.000017
_4083_,VGND,li1,227.9300,10.8800,0.000015
_4082_,VGND,li1,222.1800,16.3200,0.000036
_4081_,VGND,li1,227.0100,16.3200,0.000036
_4080_,VGND,li1,224.7100,27.2000,0.000039
_4079_,VGND,li1,283.1300,27.2000,0.000017
_4077_,VGND,li1,282.4400,16.3200,0.000020
_4076_,VGND,li1,284.9700,21.7600,0.000012
_4075_,VGND,li1,279.9100,21.7600,0.000018
_4074_,VGND,li1,282.4400,21.7600,0.000014
_4073_,VGND,li1,282.2100,21.7600,0.000014
_4071_,VGND,li1,276.4600,27.2000,0.000025
_4070_,VGND,li1,278.9900,27.2000,0.000023
_4069_,VGND,li1,273.0100,27.2000,0.000028
_4068_,VGND,li1,272.0900,21.7600,0.000023
_4067_,VGND,li1,273.2400,21.7600,0.000023
_4066_,VGND,li1,269.7900,21.7600,0.000025
_4065_,VGND,li1,269.7900,27.2000,0.000030
_4064_,VGND,li1,268.1800,21.7600,0.000025
_4063_,VGND,li1,267.0300,27.2000,0.000031
_4062_,VGND,li1,258.2900,21.7600,0.000025
_4061_,VGND,li1,256.4500,21.7600,0.000022
_4059_,VGND,li1,252.0800,27.2000,0.000029
_4058_,VGND,li1,252.7700,21.7600,0.000020
_4057_,VGND,li1,255.0700,27.2000,0.000024
_4056_,VGND,li1,247.2500,38.0800,0.000041
_4055_,VGND,li1,245.1800,32.6400,0.000033
_4054_,VGND,li1,244.9500,32.6400,0.000033
_4053_,VGND,li1,221.4900,32.6400,0.000032
_4052_,VGND,li1,189.2900,38.0800,0.000049
_4051_,VGND,li1,188.8300,32.6400,0.000053
_4050_,VGND,li1,185.8400,32.6400,0.000060
_4049_,VGND,li1,182.3900,38.0800,0.000052
_4048_,VGND,li1,181.9300,32.6400,0.000071
_4047_,VGND,li1,184.4600,27.2000,0.000049
_4046_,VGND,li1,184.2300,16.3200,0.000055
_4045_,VGND,li1,163.9900,16.3200,0.000038
_4044_,VGND,li1,161.6900,16.3200,0.000043
_4043_,VGND,li1,152.2600,16.3200,0.000051
_4042_,VGND,li1,153.4100,21.7600,0.000037
_4041_,VGND,li1,150.1900,10.8800,0.000032
_4040_,VGND,li1,149.9600,16.3200,0.000052
_4039_,VGND,li1,137.7700,16.3200,0.000044
_4038_,VGND,li1,116.1500,10.8800,0.000021
_4037_,VGND,li1,113.1600,16.3200,0.000048
_4036_,VGND,li1,113.1600,10.8800,0.000020
_4035_,VGND,li1,79.8100,16.3200,0.000049
_4033_,VGND,li1,80.5000,21.7600,0.000042
_4032_,VGND,li1,76.1300,21.7600,0.000035
_4031_,VGND,li1,79.3500,10.8800,0.000026
_4030_,VGND,li1,72.4500,10.8800,0.000025
_4029_,VGND,li1,71.5300,16.3200,0.000046
_4028_,VGND,li1,74.5200,16.3200,0.000040
_4027_,VGND,li1,68.3100,16.3200,0.000054
_4026_,VGND,li1,77.2800,16.3200,0.000044
_4025_,VGND,li1,27.8300,27.2000,0.000074
_4023_,VGND,li1,15.8700,70.7200,0.000046
_4022_,VGND,li1,22.7700,27.2000,0.000075
_4020_,VGND,li1,122.5900,190.4000,0.000200
_4019_,VGND,li1,125.1200,179.5200,0.000153
_4018_,VGND,li1,132.7100,65.2800,0.000034
_4017_,VGND,li1,93.1500,152.3200,0.000054
_4016_,VGND,li1,90.6200,168.6400,0.000083
_4015_,VGND,li1,85.7900,168.6400,0.000077
_4014_,VGND,li1,73.8300,65.2800,0.000039
_4012_,VGND,li1,67.1600,157.7600,0.000048
_4011_,VGND,li1,60.2600,163.2000,0.000031
_4010_,VGND,li1,62.5600,163.2000,0.000032
_4009_,VGND,li1,59.8000,146.8800,0.000040
_4008_,VGND,li1,51.0600,163.2000,0.000025
_4007_,VGND,li1,80.5000,130.5600,0.000069
_4006_,VGND,li1,66.4700,163.2000,0.000031
_4005_,VGND,li1,61.4100,130.5600,0.000055
_4004_,VGND,li1,31.9700,146.8800,0.000046
_4003_,VGND,li1,33.8100,163.2000,0.000023
_4002_,VGND,li1,83.9500,174.0800,0.000058
_4001_,VGND,li1,79.5800,174.0800,0.000051
_4000_,VGND,li1,80.7300,174.0800,0.000051
_3999_,VGND,li1,80.2700,168.6400,0.000067
_3998_,VGND,li1,61.8700,157.7600,0.000043
_3997_,VGND,li1,59.1100,157.7600,0.000041
_3996_,VGND,li1,51.0600,157.7600,0.000032
_3995_,VGND,li1,112.4700,157.7600,0.000063
_3994_,VGND,li1,77.9700,174.0800,0.000045
_3993_,VGND,li1,65.7800,146.8800,0.000043
_3992_,VGND,li1,42.3200,21.7600,0.000053
_3991_,VGND,li1,76.5900,174.0800,0.000045
_3990_,VGND,li1,82.1100,136.0000,0.000059
_3989_,VGND,li1,72.4500,146.8800,0.000040
_3988_,VGND,li1,71.5300,141.4400,0.000028
_3987_,VGND,li1,69.9200,125.1200,0.000036
_3986_,VGND,li1,80.9600,125.1200,0.000038
_3985_,VGND,li1,65.0900,125.1200,0.000041
_3984_,VGND,li1,61.8700,103.3600,0.000050
_3983_,VGND,li1,66.9300,130.5600,0.000056
_3982_,VGND,li1,72.9100,141.4400,0.000026
_3981_,VGND,li1,67.8500,152.3200,0.000042
_3980_,VGND,li1,51.5200,152.3200,0.000032
_3979_,VGND,li1,41.4000,152.3200,0.000026
_3978_,VGND,li1,52.2100,146.8800,0.000035
_3977_,VGND,li1,47.3800,152.3200,0.000030
_3976_,VGND,li1,86.7100,125.1200,0.000049
_3975_,VGND,li1,87.4000,119.6800,0.000087
_3974_,VGND,li1,94.3000,157.7600,0.000069
_3973_,VGND,li1,78.8900,157.7600,0.000054
_3972_,VGND,li1,74.2900,163.2000,0.000020
_3971_,VGND,li1,71.3000,163.2000,0.000026
_3970_,VGND,li1,74.0600,157.7600,0.000043
_3969_,VGND,li1,67.6200,179.5200,0.000058
_3968_,VGND,li1,67.8500,174.0800,0.000051
_3967_,VGND,li1,66.4700,141.4400,0.000030
_3966_,VGND,li1,50.3700,141.4400,0.000030
_3965_,VGND,li1,57.0400,114.2400,0.000059
_3964_,VGND,li1,58.1900,157.7600,0.000039
_3963_,VGND,li1,34.2700,152.3200,0.000031
_3962_,VGND,li1,32.4300,157.7600,0.000026
_3961_,VGND,li1,63.2500,32.6400,0.000059
_3959_,VGND,li1,86.4800,157.7600,0.000071
_3958_,VGND,li1,84.8700,152.3200,0.000056
_3957_,VGND,li1,89.4700,146.8800,0.000043
_3956_,VGND,li1,81.1900,152.3200,0.000051
_3955_,VGND,li1,49.9100,152.3200,0.000032
_3954_,VGND,li1,49.9100,146.8800,0.000032
_3953_,VGND,li1,44.1600,152.3200,0.000024
_3952_,VGND,li1,40.2500,157.7600,0.000025
_3951_,VGND,li1,56.5800,130.5600,0.000052
_3950_,VGND,li1,58.4200,136.0000,0.000050
_3949_,VGND,li1,52.2100,136.0000,0.000046
_3948_,VGND,li1,52.9000,141.4400,0.000030
_3947_,VGND,li1,56.1200,125.1200,0.000046
_3946_,VGND,li1,101.2000,92.4800,0.000045
_3945_,VGND,li1,98.9000,119.6800,0.000069
_3944_,VGND,li1,91.7700,76.1600,0.000076
_3943_,VGND,li1,92.0000,70.7200,0.000089
_3942_,VGND,li1,92.6900,70.7200,0.000088
_3941_,VGND,li1,97.9800,92.4800,0.000056
_3940_,VGND,li1,85.3300,81.6000,0.000077
_3939_,VGND,li1,82.5700,32.6400,0.000066
_3938_,VGND,li1,97.5200,163.2000,0.000025
_3937_,VGND,li1,51.5200,157.7600,0.000032
_3936_,VGND,li1,106.4900,163.2000,0.000019
_3935_,VGND,li1,97.2900,141.4400,0.000028
_3934_,VGND,li1,98.4400,146.8800,0.000030
_3933_,VGND,li1,92.9200,141.4400,0.000031
_3932_,VGND,li1,62.1000,141.4400,0.000031
_3931_,VGND,li1,88.7800,70.7200,0.000088
_3930_,VGND,li1,97.7500,97.9200,0.000072
_3929_,VGND,li1,102.3500,87.0400,0.000032
_3928_,VGND,li1,99.5900,103.3600,0.000021
_3927_,VGND,li1,98.9000,108.8000,0.000050
_3926_,VGND,li1,106.4900,114.2400,0.000078
_3925_,VGND,li1,99.8200,130.5600,0.000052
_3924_,VGND,li1,111.7800,146.8800,0.000027
_3923_,VGND,li1,112.2400,141.4400,0.000023
_3922_,VGND,li1,112.0100,163.2000,0.000021
_3921_,VGND,li1,118.9100,97.9200,0.000050
_3920_,VGND,li1,121.2100,70.7200,0.000066
_3919_,VGND,li1,95.4500,136.0000,0.000073
_3918_,VGND,li1,128.1100,70.7200,0.000051
_3917_,VGND,li1,124.2000,70.7200,0.000063
_3916_,VGND,li1,129.4900,81.6000,0.000056
_3915_,VGND,li1,126.7300,87.0400,0.000026
_3914_,VGND,li1,137.0800,141.4400,0.000021
_3913_,VGND,li1,152.7200,141.4400,0.000024
_3912_,VGND,li1,132.2500,157.7600,0.000047
_3911_,VGND,li1,130.4100,87.0400,0.000023
_3910_,VGND,li1,131.7900,103.3600,0.000015
_3909_,VGND,li1,132.4800,108.8000,0.000019
_3908_,VGND,li1,126.2700,108.8000,0.000025
_3907_,VGND,li1,161.4600,103.3600,0.000019
_3906_,VGND,li1,120.7500,92.4800,0.000026
_3905_,VGND,li1,117.7600,92.4800,0.000029
_3904_,VGND,li1,122.8200,114.2400,0.000061
_3903_,VGND,li1,149.7300,108.8000,0.000026
_3902_,VGND,li1,118.6800,108.8000,0.000033
_3901_,VGND,li1,120.0600,114.2400,0.000066
_3900_,VGND,li1,145.5900,119.6800,0.000043
_3899_,VGND,li1,145.1300,146.8800,0.000031
_3898_,VGND,li1,146.0500,163.2000,0.000027
_3896_,VGND,li1,110.6300,92.4800,0.000033
_3895_,VGND,li1,113.1600,92.4800,0.000032
_3894_,VGND,li1,111.3200,119.6800,0.000043
_3893_,VGND,li1,143.9800,108.8000,0.000022
_3892_,VGND,li1,115.4600,119.6800,0.000042
_3891_,VGND,li1,106.7200,130.5600,0.000039
_3890_,VGND,li1,111.0900,141.4400,0.000022
_3889_,VGND,li1,110.1700,136.0000,0.000045
_3888_,VGND,li1,112.4700,152.3200,0.000061
_3887_,VGND,li1,152.7200,70.7200,0.000041
_3886_,VGND,li1,142.8300,76.1600,0.000033
_3885_,VGND,li1,141.4500,87.0400,0.000023
_3884_,VGND,li1,143.2900,81.6000,0.000045
_3883_,VGND,li1,140.5300,81.6000,0.000044
_3882_,VGND,li1,142.6000,92.4800,0.000012
_3881_,VGND,li1,165.3700,97.9200,0.000018
_3880_,VGND,li1,157.7800,97.9200,0.000022
_3879_,VGND,li1,139.1500,92.4800,0.000012
_3878_,VGND,li1,126.2700,119.6800,0.000036
_3877_,VGND,li1,139.1500,87.0400,0.000021
_3876_,VGND,li1,137.7700,141.4400,0.000021
_3875_,VGND,li1,137.7700,146.8800,0.000025
_3874_,VGND,li1,133.1700,152.3200,0.000054
_3873_,VGND,li1,132.0200,76.1600,0.000025
_3872_,VGND,li1,132.2500,76.1600,0.000025
_3871_,VGND,li1,130.8700,70.7200,0.000045
_3870_,VGND,li1,129.4900,130.5600,0.000033
_3869_,VGND,li1,130.8700,152.3200,0.000062
_3868_,VGND,li1,126.7300,152.3200,0.000078
_3867_,VGND,li1,130.4100,103.3600,0.000016
_3866_,VGND,li1,124.6600,103.3600,0.000018
_3865_,VGND,li1,134.0900,103.3600,0.000013
_3864_,VGND,li1,129.9500,97.9200,0.000030
_3863_,VGND,li1,131.1000,92.4800,0.000014
_3862_,VGND,li1,165.3700,76.1600,0.000038
_3861_,VGND,li1,164.9100,76.1600,0.000038
_3860_,VGND,li1,162.1500,70.7200,0.000027
_3859_,VGND,li1,162.6100,87.0400,0.000019
_3858_,VGND,li1,166.9800,92.4800,0.000012
_3857_,VGND,li1,166.0600,87.0400,0.000020
_3856_,VGND,li1,153.4100,103.3600,0.000022
_3855_,VGND,li1,167.6700,103.3600,0.000021
_3854_,VGND,li1,158.0100,141.4400,0.000019
_3853_,VGND,li1,152.7200,125.1200,0.000056
_3850_,VGND,li1,153.4100,81.6000,0.000043
_3849_,VGND,li1,149.2700,97.9200,0.000026
_3848_,VGND,li1,141.4500,97.9200,0.000024
_3847_,VGND,li1,83.9500,92.4800,0.000067
_3846_,VGND,li1,63.2500,43.5200,0.000048
_3845_,VGND,li1,63.0200,32.6400,0.000059
_3844_,VGND,li1,60.4900,32.6400,0.000060
_3843_,VGND,li1,68.5400,27.2000,0.000055
_3842_,VGND,li1,136.1600,152.3200,0.000062
_3839_,VGND,li1,156.4000,87.0400,0.000023
_3838_,VGND,li1,156.1700,87.0400,0.000023
_3837_,VGND,li1,152.4900,92.4800,0.000012
_3836_,VGND,li1,172.7300,92.4800,0.000015
_3835_,VGND,li1,215.9700,59.8400,0.000101
_3834_,VGND,li1,214.8200,65.2800,0.000035
_3833_,VGND,li1,188.3700,76.1600,0.000045
_3832_,VGND,li1,184.0000,81.6000,0.000026
_3831_,VGND,li1,183.5400,81.6000,0.000026
_3830_,VGND,li1,188.3700,81.6000,0.000023
_3829_,VGND,li1,179.6300,87.0400,0.000025
_3828_,VGND,li1,183.5400,92.4800,0.000018
_3827_,VGND,li1,181.4700,87.0400,0.000025
_3826_,VGND,li1,79.8100,76.1600,0.000070
_3825_,VGND,li1,175.4900,87.0400,0.000024
_3824_,VGND,li1,179.1700,125.1200,0.000058
_3823_,VGND,li1,163.5300,136.0000,0.000022
_3822_,VGND,li1,158.0100,136.0000,0.000025
_3821_,VGND,li1,213.2100,70.7200,0.000019
_3820_,VGND,li1,208.1500,65.2800,0.000037
_3819_,VGND,li1,210.4500,70.7200,0.000020
_3818_,VGND,li1,206.7700,70.7200,0.000021
_3817_,VGND,li1,204.4700,125.1200,0.000080
_3816_,VGND,li1,195.2700,146.8800,0.000019
_3815_,VGND,li1,192.9700,152.3200,0.000023
_3813_,VGND,li1,208.3800,92.4800,0.000017
_3812_,VGND,li1,231.8400,92.4800,0.000023
_3811_,VGND,li1,209.3000,108.8000,0.000032
_3810_,VGND,li1,212.5200,92.4800,0.000019
_3809_,VGND,li1,200.3300,81.6000,0.000024
_3808_,VGND,li1,195.7300,81.6000,0.000020
_3807_,VGND,li1,198.4900,87.0400,0.000030
_3806_,VGND,li1,194.8100,87.0400,0.000023
_3805_,VGND,li1,196.8800,92.4800,0.000013
_3804_,VGND,li1,192.7400,92.4800,0.000014
_3803_,VGND,li1,196.1900,92.4800,0.000013
_3802_,VGND,li1,189.7500,43.5200,0.000058
_3801_,VGND,li1,201.4800,92.4800,0.000015
_3800_,VGND,li1,200.7900,130.5600,0.000031
_3799_,VGND,li1,196.6500,146.8800,0.000019
_3798_,VGND,li1,185.1500,157.7600,0.000047
_3797_,VGND,li1,212.2900,81.6000,0.000025
_3796_,VGND,li1,209.5300,87.0400,0.000044
_3795_,VGND,li1,208.6100,87.0400,0.000044
_3794_,VGND,li1,213.2100,130.5600,0.000040
_3793_,VGND,li1,209.9900,157.7600,0.000042
_3792_,VGND,li1,209.5300,157.7600,0.000042
_3790_,VGND,li1,209.5300,103.3600,0.000115
_3789_,VGND,li1,227.7000,103.3600,0.000060
_3788_,VGND,li1,216.6600,103.3600,0.000095
_3787_,VGND,li1,205.1600,97.9200,0.000025
_3786_,VGND,li1,246.5600,70.7200,0.000020
_3785_,VGND,li1,238.9700,76.1600,0.000023
_3784_,VGND,li1,231.8400,81.6000,0.000023
_3783_,VGND,li1,226.7800,81.6000,0.000018
_3782_,VGND,li1,213.6700,130.5600,0.000040
_3781_,VGND,li1,211.8300,152.3200,0.000027
_3780_,VGND,li1,192.5100,157.7600,0.000044
_3779_,VGND,li1,227.0100,76.1600,0.000016
_3778_,VGND,li1,224.4800,92.4800,0.000016
_3777_,VGND,li1,220.1100,97.9200,0.000015
_3776_,VGND,li1,195.2700,103.3600,0.000042
_3775_,VGND,li1,235.9800,87.0400,0.000055
_3774_,VGND,li1,235.2900,87.0400,0.000055
_3773_,VGND,li1,239.4300,87.0400,0.000057
_3772_,VGND,li1,236.6700,76.1600,0.000022
_3771_,VGND,li1,234.6000,103.3600,0.000062
_3770_,VGND,li1,237.3600,97.9200,0.000018
_3769_,VGND,li1,209.3000,130.5600,0.000039
_3768_,VGND,li1,233.2200,103.3600,0.000062
_3767_,VGND,li1,206.7700,130.5600,0.000038
_3766_,VGND,li1,207.6900,152.3200,0.000028
_3765_,VGND,li1,203.5500,157.7600,0.000046
_3763_,VGND,li1,247.4800,81.6000,0.000024
_3762_,VGND,li1,256.2200,87.0400,0.000068
_3761_,VGND,li1,254.8400,81.6000,0.000016
_3760_,VGND,li1,246.3300,92.4800,0.000034
_3759_,VGND,li1,247.4800,97.9200,0.000021
_3758_,VGND,li1,244.2600,97.9200,0.000021
_3757_,VGND,li1,222.1800,108.8000,0.000020
_3756_,VGND,li1,222.4100,163.2000,0.000042
_3755_,VGND,li1,218.7300,163.2000,0.000047
_3754_,VGND,li1,218.7300,157.7600,0.000031
_3753_,VGND,li1,198.0300,76.1600,0.000029
_3752_,VGND,li1,196.6500,70.7200,0.000020
_3751_,VGND,li1,179.6300,97.9200,0.000036
_3750_,VGND,li1,196.8800,81.6000,0.000020
_3749_,VGND,li1,193.4300,125.1200,0.000047
_3748_,VGND,li1,179.1700,146.8800,0.000023
_3747_,VGND,li1,180.0900,168.6400,0.000077
_3746_,VGND,li1,188.3700,92.4800,0.000018
_3745_,VGND,li1,68.3100,97.9200,0.000049
_3744_,VGND,li1,176.8700,92.4800,0.000017
_3743_,VGND,li1,188.6000,87.0400,0.000025
_3742_,VGND,li1,282.2100,119.6800,0.000038
_3741_,VGND,li1,272.0900,152.3200,0.000055
_3740_,VGND,li1,269.3300,174.0800,0.000052
_3739_,VGND,li1,268.4100,168.6400,0.000055
_3738_,VGND,li1,265.6500,168.6400,0.000052
_3737_,VGND,li1,269.5600,119.6800,0.000041
_3736_,VGND,li1,202.6300,114.2400,0.000047
_3735_,VGND,li1,198.0300,114.2400,0.000041
_3734_,VGND,li1,194.8100,103.3600,0.000042
_3733_,VGND,li1,187.9100,152.3200,0.000029
_3732_,VGND,li1,188.8300,146.8800,0.000020
_3731_,VGND,li1,188.3700,157.7600,0.000045
_3730_,VGND,li1,265.8800,157.7600,0.000082
_3729_,VGND,li1,265.8800,163.2000,0.000160
_3728_,VGND,li1,261.7400,92.4800,0.000057
_3727_,VGND,li1,253.0000,157.7600,0.000036
_3726_,VGND,li1,249.0900,157.7600,0.000035
_3725_,VGND,li1,253.0000,152.3200,0.000028
_3724_,VGND,li1,239.4300,130.5600,0.000075
_3723_,VGND,li1,218.2700,130.5600,0.000041
_3719_,VGND,li1,243.5700,157.7600,0.000034
_3718_,VGND,li1,244.4900,157.7600,0.000034
_3717_,VGND,li1,232.5300,157.7600,0.000028
_3715_,VGND,li1,270.2500,146.8800,0.000058
_3714_,VGND,li1,266.8000,119.6800,0.000040
_3713_,VGND,li1,268.8700,125.1200,0.000023
_3712_,VGND,li1,267.0300,125.1200,0.000024
_3711_,VGND,li1,229.3100,125.1200,0.000042
_3710_,VGND,li1,227.0100,152.3200,0.000025
_3709_,VGND,li1,192.0500,152.3200,0.000023
_3707_,VGND,li1,252.7700,125.1200,0.000026
_3706_,VGND,li1,222.1800,119.6800,0.000036
_3705_,VGND,li1,253.4600,141.4400,0.000031
_3704_,VGND,li1,242.8800,92.4800,0.000031
_3701_,VGND,li1,202.6300,103.3600,0.000087
_3700_,VGND,li1,204.4700,103.3600,0.000095
_3699_,VGND,li1,200.3300,103.3600,0.000072
_3698_,VGND,li1,203.5500,70.7200,0.000021
_3696_,VGND,li1,184.2300,103.3600,0.000037
_3695_,VGND,li1,183.7700,103.3600,0.000037
_3694_,VGND,li1,174.8000,103.3600,0.000029
_3692_,VGND,li1,181.2400,97.9200,0.000039
_3691_,VGND,li1,187.4500,103.3600,0.000039
_3688_,VGND,li1,184.6900,141.4400,0.000029
_3687_,VGND,li1,183.3100,146.8800,0.000022
_3686_,VGND,li1,185.1500,152.3200,0.000032
_3685_,VGND,li1,283.8200,119.6800,0.000038
_3684_,VGND,li1,273.7000,125.1200,0.000020
_3683_,VGND,li1,269.7900,125.1200,0.000023
_3682_,VGND,li1,272.5500,119.6800,0.000041
_3680_,VGND,li1,254.6100,119.6800,0.000027
_3679_,VGND,li1,227.2400,125.1200,0.000041
_3678_,VGND,li1,255.3000,119.6800,0.000027
_3676_,VGND,li1,254.8400,108.8000,0.000017
_3675_,VGND,li1,242.1900,136.0000,0.000039
_3674_,VGND,li1,238.5100,152.3200,0.000034
_3673_,VGND,li1,230.6900,157.7600,0.000028
_3670_,VGND,li1,270.2500,108.8000,0.000033
_3669_,VGND,li1,268.8700,136.0000,0.000050
_3668_,VGND,li1,272.0900,141.4400,0.000050
_3667_,VGND,li1,258.7500,136.0000,0.000040
_3665_,VGND,li1,235.7500,152.3200,0.000032
_3664_,VGND,li1,231.1500,152.3200,0.000028
_3663_,VGND,li1,227.0100,157.7600,0.000025
_3660_,VGND,li1,253.2300,136.0000,0.000028
_3659_,VGND,li1,222.8700,125.1200,0.000050
_3658_,VGND,li1,218.7300,130.5600,0.000041
_3655_,VGND,li1,254.3800,141.4400,0.000031
_3653_,VGND,li1,85.5600,76.1600,0.000080
_3652_,VGND,li1,77.2800,76.1600,0.000061
_3651_,VGND,li1,281.2900,97.9200,0.000038
_3650_,VGND,li1,281.7500,103.3600,0.000038
_3649_,VGND,li1,278.7600,103.3600,0.000048
_3648_,VGND,li1,276.6900,103.3600,0.000058
_3647_,VGND,li1,258.5200,103.3600,0.000051
_3646_,VGND,li1,253.0000,103.3600,0.000044
_3643_,VGND,li1,258.5200,108.8000,0.000025
_3641_,VGND,li1,257.6000,152.3200,0.000038
_3638_,VGND,li1,240.3500,157.7600,0.000032
_3637_,VGND,li1,240.3500,157.7600,0.000032
_3636_,VGND,li1,232.9900,163.2000,0.000052
_3632_,VGND,li1,278.7600,114.2400,0.000023
_3631_,VGND,li1,251.1600,108.8000,0.000018
_3630_,VGND,li1,253.0000,97.9200,0.000022
_3628_,VGND,li1,58.1900,81.6000,0.000054
_3625_,VGND,li1,230.0000,108.8000,0.000018
_3621_,VGND,li1,247.9400,108.8000,0.000019
_3617_,VGND,li1,48.9900,87.0400,0.000047
_3614_,VGND,li1,62.1000,92.4800,0.000062
_3613_,VGND,li1,274.6200,114.2400,0.000027
_3608_,VGND,li1,246.3300,119.6800,0.000042
_3607_,VGND,li1,239.8900,163.2000,0.000064
_3606_,VGND,li1,228.8500,163.2000,0.000045
_3598_,VGND,li1,35.1900,97.9200,0.000060
_3592_,VGND,li1,88.7800,103.3600,0.000031
_3587_,VGND,li1,87.4000,103.3600,0.000031
_3585_,VGND,li1,94.9900,190.4000,0.000193
_3584_,VGND,li1,91.3100,136.0000,0.000075
_3583_,VGND,li1,75.2100,119.6800,0.000057
_3582_,VGND,li1,106.0300,136.0000,0.000044
_3581_,VGND,li1,64.1700,65.2800,0.000062
_3580_,VGND,li1,76.1300,103.3600,0.000032
_3579_,VGND,li1,54.7400,103.3600,0.000049
_3578_,VGND,li1,56.1200,97.9200,0.000052
_3577_,VGND,li1,66.2400,76.1600,0.000068
_3576_,VGND,li1,61.1800,97.9200,0.000055
_3575_,VGND,li1,52.2100,92.4800,0.000063
_3574_,VGND,li1,33.5800,87.0400,0.000041
_3573_,VGND,li1,29.6700,87.0400,0.000040
_3572_,VGND,li1,48.0700,97.9200,0.000044
_3571_,VGND,li1,43.2400,70.7200,0.000054
_3568_,VGND,li1,71.9900,103.3600,0.000034
_3567_,VGND,li1,75.9000,103.3600,0.000029
_3566_,VGND,li1,75.4400,87.0400,0.000039
_3565_,VGND,li1,86.9400,59.8400,0.000061
_3564_,VGND,li1,77.0500,114.2400,0.000072
_3563_,VGND,li1,66.0100,108.8000,0.000054
_3562_,VGND,li1,70.3800,108.8000,0.000050
_3561_,VGND,li1,47.6100,103.3600,0.000042
_3560_,VGND,li1,32.8900,103.3600,0.000075
_3559_,VGND,li1,75.2100,92.4800,0.000044
_3558_,VGND,li1,54.0500,108.8000,0.000049
_3557_,VGND,li1,49.2200,108.8000,0.000040
_3556_,VGND,li1,40.7100,97.9200,0.000046
_3555_,VGND,li1,51.2900,97.9200,0.000048
_3554_,VGND,li1,22.5400,81.6000,0.000040
_3553_,VGND,li1,63.0200,108.8000,0.000055
_3552_,VGND,li1,81.1900,114.2400,0.000095
_3549_,VGND,li1,75.9000,97.9200,0.000048
_3548_,VGND,li1,75.6700,125.1200,0.000028
_3547_,VGND,li1,39.5600,97.9200,0.000050
_3545_,VGND,li1,35.8800,103.3600,0.000067
_3544_,VGND,li1,80.0400,103.3600,0.000032
_3543_,VGND,li1,75.2100,54.4000,0.000071
_3542_,VGND,li1,48.0700,32.6400,0.000058
_3541_,VGND,li1,82.8000,108.8000,0.000069
_3539_,VGND,li1,69.4600,119.6800,0.000050
_3538_,VGND,li1,59.8000,119.6800,0.000047
_3537_,VGND,li1,61.6400,114.2400,0.000063
_3536_,VGND,li1,65.0900,81.6000,0.000057
_3535_,VGND,li1,61.1800,81.6000,0.000056
_3534_,VGND,li1,62.1000,114.2400,0.000063
_3533_,VGND,li1,57.2700,76.1600,0.000065
_3532_,VGND,li1,57.9600,119.6800,0.000045
_3531_,VGND,li1,52.2100,119.6800,0.000042
_3530_,VGND,li1,54.0500,114.2400,0.000056
_3529_,VGND,li1,42.7800,87.0400,0.000032
_3528_,VGND,li1,25.5300,125.1200,0.000047
_3527_,VGND,li1,67.3900,87.0400,0.000052
_3526_,VGND,li1,48.9900,81.6000,0.000043
_3525_,VGND,li1,37.9500,81.6000,0.000044
_3524_,VGND,li1,37.4900,81.6000,0.000044
_3523_,VGND,li1,21.8500,38.0800,0.000069
_3522_,VGND,li1,11.7300,38.0800,0.000049
_3521_,VGND,li1,22.7700,32.6400,0.000065
_3520_,VGND,li1,12.6500,43.5200,0.000043
_3519_,VGND,li1,53.1300,76.1600,0.000057
_3518_,VGND,li1,48.9900,65.2800,0.000066
_3517_,VGND,li1,58.4200,54.4000,0.000091
_3516_,VGND,li1,53.8200,81.6000,0.000051
_3515_,VGND,li1,62.7900,87.0400,0.000056
_3514_,VGND,li1,42.0900,81.6000,0.000037
_3513_,VGND,li1,41.8600,76.1600,0.000045
_3512_,VGND,li1,33.3500,87.0400,0.000041
_3511_,VGND,li1,34.0400,81.6000,0.000047
_3510_,VGND,li1,30.1300,81.6000,0.000047
_3509_,VGND,li1,59.1100,65.2800,0.000068
_3508_,VGND,li1,57.9600,70.7200,0.000092
_3507_,VGND,li1,59.8000,59.8400,0.000063
_3505_,VGND,li1,75.9000,70.7200,0.000068
_3504_,VGND,li1,70.1500,152.3200,0.000040
_3503_,VGND,li1,62.3300,152.3200,0.000039
_3502_,VGND,li1,30.1300,152.3200,0.000032
_3501_,VGND,li1,34.7300,157.7600,0.000025
_3500_,VGND,li1,32.2000,54.4000,0.000078
_3499_,VGND,li1,34.7300,54.4000,0.000076
_3498_,VGND,li1,75.6700,59.8400,0.000042
_3497_,VGND,li1,23.6900,65.2800,0.000063
_3496_,VGND,li1,34.5000,103.3600,0.000075
_3495_,VGND,li1,37.0300,92.4800,0.000064
_3494_,VGND,li1,59.3400,48.9600,0.000055
_3493_,VGND,li1,60.4900,48.9600,0.000055
_3491_,VGND,li1,58.6500,43.5200,0.000050
_3490_,VGND,li1,42.0900,92.4800,0.000058
_3489_,VGND,li1,11.0400,48.9600,0.000059
_3488_,VGND,li1,11.7300,38.0800,0.000049
_3487_,VGND,li1,12.1900,48.9600,0.000059
_3486_,VGND,li1,14.9500,48.9600,0.000052
_3485_,VGND,li1,53.8200,43.5200,0.000048
_3484_,VGND,li1,41.6300,76.1600,0.000045
_3483_,VGND,li1,41.6300,38.0800,0.000061
_3482_,VGND,li1,45.3100,38.0800,0.000050
_3481_,VGND,li1,12.1900,70.7200,0.000040
_3480_,VGND,li1,27.8300,70.7200,0.000069
_3478_,VGND,li1,66.4700,54.4000,0.000080
_3477_,VGND,li1,47.8400,32.6400,0.000058
_3476_,VGND,li1,34.5000,32.6400,0.000070
_3475_,VGND,li1,28.7500,32.6400,0.000071
_3474_,VGND,li1,26.9100,27.2000,0.000074
_3473_,VGND,li1,21.3900,32.6400,0.000065
_3472_,VGND,li1,16.7900,32.6400,0.000052
_3471_,VGND,li1,65.7800,54.4000,0.000080
_3470_,VGND,li1,24.8400,54.4000,0.000081
_3469_,VGND,li1,40.2500,54.4000,0.000071
_3468_,VGND,li1,38.1800,32.6400,0.000062
_3467_,VGND,li1,30.1300,76.1600,0.000062
_3466_,VGND,li1,89.0100,114.2400,0.000117
_3465_,VGND,li1,82.8000,59.8400,0.000055
_3463_,VGND,li1,25.3000,48.9600,0.000078
_3462_,VGND,li1,11.2700,43.5200,0.000043
_3461_,VGND,li1,20.9300,54.4000,0.000080
_3460_,VGND,li1,66.0100,59.8400,0.000059
_3459_,VGND,li1,64.8600,48.9600,0.000051
_3458_,VGND,li1,69.4600,43.5200,0.000041
_3457_,VGND,li1,73.6000,70.7200,0.000062
_3455_,VGND,li1,77.5100,81.6000,0.000059
_3454_,VGND,li1,75.6700,59.8400,0.000042
_3453_,VGND,li1,54.5100,48.9600,0.000054
_3452_,VGND,li1,74.5200,81.6000,0.000047
_3450_,VGND,li1,48.0700,59.8400,0.000058
_3448_,VGND,li1,22.5400,70.7200,0.000065
_3446_,VGND,li1,52.4400,70.7200,0.000083
_3445_,VGND,li1,36.3400,70.7200,0.000067
_3444_,VGND,li1,31.2800,65.2800,0.000064
_3443_,VGND,li1,28.9800,59.8400,0.000060
_3442_,VGND,li1,47.1500,48.9600,0.000046
_3441_,VGND,li1,36.3400,97.9200,0.000055
_3440_,VGND,li1,51.5200,54.4000,0.000078
_3438_,VGND,li1,47.8400,59.8400,0.000058
_3437_,VGND,li1,34.0400,59.8400,0.000058
_3436_,VGND,li1,38.6400,27.2000,0.000061
_3435_,VGND,li1,21.3900,59.8400,0.000059
_3434_,VGND,li1,15.8700,54.4000,0.000067
_3433_,VGND,li1,20.0100,43.5200,0.000054
_3431_,VGND,li1,34.7300,59.8400,0.000058
_3430_,VGND,li1,49.4500,43.5200,0.000046
_3429_,VGND,li1,37.9500,43.5200,0.000048
_3428_,VGND,li1,37.0300,32.6400,0.000068
_3425_,VGND,li1,31.5100,38.0800,0.000074
_3424_,VGND,li1,35.8800,43.5200,0.000050
_3423_,VGND,li1,53.1300,32.6400,0.000061
_3422_,VGND,li1,40.7100,43.5200,0.000046
_3421_,VGND,li1,17.0200,43.5200,0.000045
_3418_,VGND,li1,18.1700,48.9600,0.000063
_3417_,VGND,li1,21.8500,38.0800,0.000069
_3416_,VGND,li1,15.8700,38.0800,0.000046
_3415_,VGND,li1,34.0400,38.0800,0.000073
_3414_,VGND,li1,22.7700,43.5200,0.000055
_3413_,VGND,li1,42.5500,43.5200,0.000041
_3412_,VGND,li1,25.0700,76.1600,0.000059
_3411_,VGND,li1,19.0900,76.1600,0.000048
_3410_,VGND,li1,9.4300,54.4000,0.000062
_3409_,VGND,li1,21.8500,70.7200,0.000065
_3406_,VGND,li1,71.0700,38.0800,0.000048
